assessment_id,session_token,application_token,criterion_id,evaluator_token,human_level,rubric_points,justification,evidence_sufficiency,recorded_at,rubric_version,criteria_version,source_type,synthetic_record_id
ASM-00001,SES-00002,APP-00001,CRI-0004,EV-S1-01,2,10,[SINTÉTICO] Nivel 2: la evidencia registrada corresponde al descriptor; para el nivel 3 faltaría un ejemplo más completo.,suficiente,2026-08-19T17:00:00,RV-VAC-0001-1,CV-VAC-0001-1,synthetic,SYN-006187
ASM-00002,SES-00002,APP-00001,CRI-0005,EV-S1-01,2,10,[SINTÉTICO] Nivel 2: la evidencia registrada corresponde al descriptor; para el nivel 3 faltaría un ejemplo más completo.,suficiente,2026-08-19T17:00:00,RV-VAC-0001-1,CV-VAC-0001-1,synthetic,SYN-006189
ASM-00003,SES-00002,APP-00001,CRI-0006,EV-S1-01,2,10,[SINTÉTICO] Nivel 2: la evidencia registrada corresponde al descriptor; para el nivel 3 faltaría un ejemplo más completo.,suficiente,2026-08-19T17:00:00,RV-VAC-0001-1,CV-VAC-0001-1,synthetic,SYN-006192
ASM-00004,SES-00003,APP-00002,CRI-0001,EV-S1-01,1,5,[SINTÉTICO] Nivel 1: la evidencia registrada corresponde al descriptor; para el nivel 2 faltaría un ejemplo más completo.,suficiente,2026-08-06T08:40:00,RV-VAC-0001-1,CV-VAC-0001-1,synthetic,SYN-006197
ASM-00005,SES-00003,APP-00002,CRI-0002,EV-S1-01,1,5,[SINTÉTICO] Nivel 1: la evidencia registrada corresponde al descriptor; para el nivel 2 faltaría un ejemplo más completo.,parcial,2026-08-06T08:40:00,RV-VAC-0001-1,CV-VAC-0001-1,synthetic,SYN-006200
ASM-00006,SES-00003,APP-00002,CRI-0003,EV-S1-01,2,10,[SINTÉTICO] Nivel 2: la evidencia registrada corresponde al descriptor; para el nivel 3 faltaría un ejemplo más completo.,suficiente,2026-08-06T08:40:00,RV-VAC-0001-1,CV-VAC-0001-1,synthetic,SYN-006202
ASM-00007,SES-00004,APP-00002,CRI-0004,EV-S1-03,1,5,[SINTÉTICO] Nivel 1: la evidencia registrada corresponde al descriptor; para el nivel 2 faltaría un ejemplo más completo.,suficiente,2026-08-05T22:00:00,RV-VAC-0001-1,CV-VAC-0001-1,synthetic,SYN-006207
ASM-00008,SES-00004,APP-00002,CRI-0005,EV-S1-03,1,5,[SINTÉTICO] Nivel 1: la evidencia registrada corresponde al descriptor; para el nivel 2 faltaría un ejemplo más completo.,suficiente,2026-08-05T22:00:00,RV-VAC-0001-1,CV-VAC-0001-1,synthetic,SYN-006210
ASM-00009,SES-00004,APP-00002,CRI-0006,EV-S1-03,1,5,[SINTÉTICO] Nivel 1: la evidencia registrada corresponde al descriptor; para el nivel 2 faltaría un ejemplo más completo.,suficiente,2026-08-05T22:00:00,RV-VAC-0001-1,CV-VAC-0001-1,synthetic,SYN-006213
ASM-00010,SES-00005,APP-00003,CRI-0007,EV-S2-03,4,20,[SINTÉTICO] Nivel 4: la evidencia registrada corresponde al descriptor; para el nivel 4 faltaría un ejemplo más completo.,suficiente,2026-09-06T15:05:00,RV-VAC-0002-1,CV-VAC-0002-1,synthetic,SYN-006217
ASM-00011,SES-00005,APP-00003,CRI-0008,EV-S2-03,3,15,[SINTÉTICO] Nivel 3: la evidencia registrada corresponde al descriptor; para el nivel 4 faltaría un ejemplo más completo.,parcial,2026-09-06T15:05:00,RV-VAC-0002-1,CV-VAC-0002-1,synthetic,SYN-006220
ASM-00012,SES-00006,APP-00003,CRI-0009,EV-S2-01,3,15,[SINTÉTICO] Nivel 3: la evidencia registrada corresponde al descriptor; para el nivel 4 faltaría un ejemplo más completo.,suficiente,2026-09-07T01:00:00,RV-VAC-0002-1,CV-VAC-0002-1,synthetic,SYN-006224
ASM-00013,SES-00006,APP-00003,CRI-0010,EV-S2-01,4,20,[SINTÉTICO] Nivel 4: la evidencia registrada corresponde al descriptor; para el nivel 4 faltaría un ejemplo más completo.,parcial,2026-09-07T01:00:00,RV-VAC-0002-1,CV-VAC-0002-1,synthetic,SYN-006226
ASM-00014,SES-00007,APP-00004,CRI-0007,EV-S2-04,4,20,[SINTÉTICO] Nivel 4: la evidencia registrada corresponde al descriptor; para el nivel 4 faltaría un ejemplo más completo.,parcial,2026-08-25T06:16:00,RV-VAC-0002-1,CV-VAC-0002-1,synthetic,SYN-006230
ASM-00015,SES-00007,APP-00004,CRI-0008,EV-S2-04,3,15,[SINTÉTICO] Nivel 3: la evidencia registrada corresponde al descriptor; para el nivel 4 faltaría un ejemplo más completo.,parcial,2026-08-25T06:16:00,RV-VAC-0002-1,CV-VAC-0002-1,synthetic,SYN-006233
ASM-00016,SES-00008,APP-00004,CRI-0009,EV-S2-04,4,20,[SINTÉTICO] Nivel 4: la evidencia registrada corresponde al descriptor; para el nivel 4 faltaría un ejemplo más completo.,suficiente,2026-09-01T00:00:00,RV-VAC-0002-1,CV-VAC-0002-1,synthetic,SYN-006238
ASM-00017,SES-00008,APP-00004,CRI-0010,EV-S2-04,4,20,[SINTÉTICO] Nivel 4: la evidencia registrada corresponde al descriptor; para el nivel 4 faltaría un ejemplo más completo.,suficiente,2026-09-01T00:00:00,RV-VAC-0002-1,CV-VAC-0002-1,synthetic,SYN-006241
ASM-00018,SES-00009,APP-00005,CRI-0007,EV-S2-01,4,20,[SINTÉTICO] Nivel 4: la evidencia registrada corresponde al descriptor; para el nivel 4 faltaría un ejemplo más completo.,suficiente,2026-09-02T14:21:00,RV-VAC-0002-1,CV-VAC-0002-1,synthetic,SYN-006246
ASM-00019,SES-00009,APP-00005,CRI-0008,EV-S2-01,4,20,[SINTÉTICO] Nivel 4: la evidencia registrada corresponde al descriptor; para el nivel 4 faltaría un ejemplo más completo.,suficiente,2026-09-02T14:21:00,RV-VAC-0002-1,CV-VAC-0002-1,synthetic,SYN-006250
ASM-00020,SES-00010,APP-00005,CRI-0009,EV-S2-02,4,20,[SINTÉTICO] Nivel 4: la evidencia registrada corresponde al descriptor; para el nivel 4 faltaría un ejemplo más completo.,parcial,2026-09-05T16:00:00,RV-VAC-0002-1,CV-VAC-0002-1,synthetic,SYN-006253
ASM-00021,SES-00010,APP-00005,CRI-0010,EV-S2-02,3,15,[SINTÉTICO] Nivel 3: la evidencia registrada corresponde al descriptor; para el nivel 4 faltaría un ejemplo más completo.,parcial,2026-09-05T16:00:00,RV-VAC-0002-1,CV-VAC-0002-1,synthetic,SYN-006255
ASM-00022,SES-00011,APP-00006,CRI-0007,EV-S2-02,3,15,[SINTÉTICO] Nivel 3: la evidencia registrada corresponde al descriptor; para el nivel 4 faltaría un ejemplo más completo.,suficiente,2026-08-20T05:43:00,RV-VAC-0002-1,CV-VAC-0002-1,synthetic,SYN-006258
ASM-00023,SES-00011,APP-00006,CRI-0008,EV-S2-02,2,10,[SINTÉTICO] Nivel 2: la evidencia registrada corresponde al descriptor; para el nivel 3 faltaría un ejemplo más completo.,suficiente,2026-08-20T05:43:00,RV-VAC-0002-1,CV-VAC-0002-1,synthetic,SYN-006262
ASM-00024,SES-00012,APP-00007,CRI-0007,EV-S2-02,4,20,[SINTÉTICO] Nivel 4: la evidencia registrada corresponde al descriptor; para el nivel 4 faltaría un ejemplo más completo.,parcial,2026-09-05T11:47:00,RV-VAC-0002-1,CV-VAC-0002-1,synthetic,SYN-006266
ASM-00025,SES-00012,APP-00007,CRI-0008,EV-S2-02,3,15,[SINTÉTICO] Nivel 3: la evidencia registrada corresponde al descriptor; para el nivel 4 faltaría un ejemplo más completo.,suficiente,2026-09-05T11:47:00,RV-VAC-0002-1,CV-VAC-0002-1,synthetic,SYN-006270
ASM-00026,SES-00014,APP-00008,CRI-0007,EV-S2-01,3,15,[SINTÉTICO] Nivel 3: la evidencia registrada corresponde al descriptor; para el nivel 4 faltaría un ejemplo más completo.,suficiente,2026-08-22T13:10:00,RV-VAC-0002-1,CV-VAC-0002-1,synthetic,SYN-006276
ASM-00027,SES-00014,APP-00008,CRI-0008,EV-S2-01,3,15,[SINTÉTICO] Nivel 3: la evidencia registrada corresponde al descriptor; para el nivel 4 faltaría un ejemplo más completo.,parcial,2026-08-22T13:10:00,RV-VAC-0002-1,CV-VAC-0002-1,synthetic,SYN-006280
ASM-00028,SES-00015,APP-00008,CRI-0009,EV-S2-01,3,15,[SINTÉTICO] Nivel 3: la evidencia registrada corresponde al descriptor; para el nivel 4 faltaría un ejemplo más completo.,suficiente,2026-08-29T23:00:00,RV-VAC-0002-1,CV-VAC-0002-1,synthetic,SYN-006286
ASM-00029,SES-00015,APP-00008,CRI-0010,EV-S2-01,3,15,[SINTÉTICO] Nivel 3: la evidencia registrada corresponde al descriptor; para el nivel 4 faltaría un ejemplo más completo.,suficiente,2026-08-29T23:00:00,RV-VAC-0002-1,CV-VAC-0002-1,synthetic,SYN-006289
ASM-00030,SES-00016,APP-00009,CRI-0007,EV-S2-02,3,15,[SINTÉTICO] Nivel 3: la evidencia registrada corresponde al descriptor; para el nivel 4 faltaría un ejemplo más completo.,parcial,2026-08-26T02:29:00,RV-VAC-0002-1,CV-VAC-0002-1,synthetic,SYN-006293
ASM-00031,SES-00016,APP-00009,CRI-0008,EV-S2-02,3,15,[SINTÉTICO] Nivel 3: la evidencia registrada corresponde al descriptor; para el nivel 4 faltaría un ejemplo más completo.,suficiente,2026-08-26T02:29:00,RV-VAC-0002-1,CV-VAC-0002-1,synthetic,SYN-006295
ASM-00032,SES-00018,APP-00010,CRI-0007,EV-S2-03,1,5,[SINTÉTICO] Nivel 1: la evidencia registrada corresponde al descriptor; para el nivel 2 faltaría un ejemplo más completo.,parcial,2026-08-23T20:25:00,RV-VAC-0002-1,CV-VAC-0002-1,synthetic,SYN-006300
ASM-00033,SES-00018,APP-00010,CRI-0008,EV-S2-03,1,5,[SINTÉTICO] Nivel 1: la evidencia registrada corresponde al descriptor; para el nivel 2 faltaría un ejemplo más completo.,insuficiente,2026-08-23T20:25:00,RV-VAC-0002-1,CV-VAC-0002-1,synthetic,SYN-006304
ASM-00034,SES-00019,APP-00010,CRI-0009,EV-S2-04,1,5,[SINTÉTICO] Nivel 1: la evidencia registrada corresponde al descriptor; para el nivel 2 faltaría un ejemplo más completo.,parcial,2026-09-05T17:00:00,RV-VAC-0002-1,CV-VAC-0002-1,synthetic,SYN-006306
ASM-00035,SES-00019,APP-00010,CRI-0010,EV-S2-04,1,5,[SINTÉTICO] Nivel 1: la evidencia registrada corresponde al descriptor; para el nivel 2 faltaría un ejemplo más completo.,parcial,2026-09-05T17:00:00,RV-VAC-0002-1,CV-VAC-0002-1,synthetic,SYN-006308
ASM-00036,SES-00020,APP-00011,CRI-0011,EV-S3-03,1,5,[SINTÉTICO] Nivel 1: la evidencia registrada corresponde al descriptor; para el nivel 2 faltaría un ejemplo más completo.,suficiente,2026-06-19T11:31:00,RV-VAC-0003-1,CV-VAC-0003-1,synthetic,SYN-006311
ASM-00037,SES-00020,APP-00011,CRI-0012,EV-S3-03,1,5,[SINTÉTICO] Nivel 1: la evidencia registrada corresponde al descriptor; para el nivel 2 faltaría un ejemplo más completo.,suficiente,2026-06-19T11:31:00,RV-VAC-0003-1,CV-VAC-0003-1,synthetic,SYN-006314
ASM-00038,SES-00020,APP-00011,CRI-0013,EV-S3-03,2,10,[SINTÉTICO] Nivel 2: la evidencia registrada corresponde al descriptor; para el nivel 3 faltaría un ejemplo más completo.,suficiente,2026-06-19T11:31:00,RV-VAC-0003-1,CV-VAC-0003-1,synthetic,SYN-006317
ASM-00039,SES-00021,APP-00012,CRI-0011,EV-S3-01,1,5,[SINTÉTICO] Nivel 1: la evidencia registrada corresponde al descriptor; para el nivel 2 faltaría un ejemplo más completo.,parcial,2026-06-26T10:01:00,RV-VAC-0003-1,CV-VAC-0003-1,synthetic,SYN-006320
ASM-00040,SES-00021,APP-00012,CRI-0012,EV-S3-01,1,5,[SINTÉTICO] Nivel 1: la evidencia registrada corresponde al descriptor; para el nivel 2 faltaría un ejemplo más completo.,suficiente,2026-06-26T10:01:00,RV-VAC-0003-1,CV-VAC-0003-1,synthetic,SYN-006322
ASM-00041,SES-00021,APP-00012,CRI-0013,EV-S3-01,2,10,[SINTÉTICO] Nivel 2: la evidencia registrada corresponde al descriptor; para el nivel 3 faltaría un ejemplo más completo.,suficiente,2026-06-26T10:01:00,RV-VAC-0003-1,CV-VAC-0003-1,synthetic,SYN-006325
ASM-00042,SES-00022,APP-00012,CRI-0011,EV-S3-02,1,5,[SINTÉTICO] Nivel 1: la evidencia registrada corresponde al descriptor; para el nivel 2 faltaría un ejemplo más completo.,suficiente,2026-07-02T16:01:00,RV-VAC-0003-1,CV-VAC-0003-1,synthetic,SYN-006329
ASM-00043,SES-00022,APP-00012,CRI-0012,EV-S3-02,1,5,[SINTÉTICO] Nivel 1: la evidencia registrada corresponde al descriptor; para el nivel 2 faltaría un ejemplo más completo.,parcial,2026-07-02T16:01:00,RV-VAC-0003-1,CV-VAC-0003-1,synthetic,SYN-006332
ASM-00044,SES-00022,APP-00012,CRI-0013,EV-S3-02,2,10,[SINTÉTICO] Nivel 2: la evidencia registrada corresponde al descriptor; para el nivel 3 faltaría un ejemplo más completo.,suficiente,2026-07-02T16:01:00,RV-VAC-0003-1,CV-VAC-0003-1,synthetic,SYN-006334
ASM-00045,SES-00023,APP-00012,CRI-0014,EV-S3-04,1,5,[SINTÉTICO] Nivel 1: la evidencia registrada corresponde al descriptor; para el nivel 2 faltaría un ejemplo más completo.,suficiente,2026-06-30T19:00:00,RV-VAC-0003-1,CV-VAC-0003-1,synthetic,SYN-006339
ASM-00046,SES-00023,APP-00012,CRI-0015,EV-S3-04,1,5,[SINTÉTICO] Nivel 1: la evidencia registrada corresponde al descriptor; para el nivel 2 faltaría un ejemplo más completo.,suficiente,2026-06-30T19:00:00,RV-VAC-0003-1,CV-VAC-0003-1,synthetic,SYN-006342
ASM-00047,SES-00025,APP-00014,CRI-0016,EV-S1-02,2,10,[SINTÉTICO] Nivel 2: la evidencia registrada corresponde al descriptor; para el nivel 3 faltaría un ejemplo más completo.,suficiente,2026-07-17T02:00:00,RV-VAC-0004-1,CV-VAC-0004-1,synthetic,SYN-006347
ASM-00048,SES-00025,APP-00014,CRI-0017,EV-S1-02,1,5,[SINTÉTICO] Nivel 1: la evidencia registrada corresponde al descriptor; para el nivel 2 faltaría un ejemplo más completo.,suficiente,2026-07-17T02:00:00,RV-VAC-0004-1,CV-VAC-0004-1,synthetic,SYN-006350
ASM-00049,SES-00026,APP-00014,CRI-0016,EV-S1-04,4,20,[SINTÉTICO] Nivel 4: la evidencia registrada corresponde al descriptor; para el nivel 4 faltaría un ejemplo más completo.,parcial,2026-07-19T05:42:00,RV-VAC-0004-1,CV-VAC-0004-1,synthetic,SYN-006355
ASM-00050,SES-00026,APP-00014,CRI-0017,EV-S1-04,1,5,[SINTÉTICO] Nivel 1: la evidencia registrada corresponde al descriptor; para el nivel 2 faltaría un ejemplo más completo.,suficiente,2026-07-19T05:42:00,RV-VAC-0004-1,CV-VAC-0004-1,synthetic,SYN-006359
ASM-00051,SES-00027,APP-00015,CRI-0016,EV-S1-02,2,10,[SINTÉTICO] Nivel 2: la evidencia registrada corresponde al descriptor; para el nivel 3 faltaría un ejemplo más completo.,parcial,2026-07-31T10:07:00,RV-VAC-0004-1,CV-VAC-0004-1,synthetic,SYN-006364
ASM-00052,SES-00027,APP-00015,CRI-0017,EV-S1-02,1,5,[SINTÉTICO] Nivel 1: la evidencia registrada corresponde al descriptor; para el nivel 2 faltaría un ejemplo más completo.,suficiente,2026-07-31T10:07:00,RV-VAC-0004-1,CV-VAC-0004-1,synthetic,SYN-006368
ASM-00053,SES-00028,APP-00015,CRI-0018,EV-S1-02,1,5,[SINTÉTICO] Nivel 1: la evidencia registrada corresponde al descriptor; para el nivel 2 faltaría un ejemplo más completo.,parcial,2026-07-30T19:00:00,RV-VAC-0004-1,CV-VAC-0004-1,synthetic,SYN-006371
ASM-00054,SES-00028,APP-00015,CRI-0019,EV-S1-02,2,10,[SINTÉTICO] Nivel 2: la evidencia registrada corresponde al descriptor; para el nivel 3 faltaría un ejemplo más completo.,insuficiente,2026-07-30T19:00:00,RV-VAC-0004-1,CV-VAC-0004-1,synthetic,SYN-006374
ASM-00055,SES-00029,APP-00016,CRI-0016,EV-S1-03,4,20,[SINTÉTICO] Nivel 4: la evidencia registrada corresponde al descriptor; para el nivel 4 faltaría un ejemplo más completo.,parcial,2026-07-17T06:29:00,RV-VAC-0004-1,CV-VAC-0004-1,synthetic,SYN-006376
ASM-00056,SES-00029,APP-00016,CRI-0017,EV-S1-03,3,15,[SINTÉTICO] Nivel 3: la evidencia registrada corresponde al descriptor; para el nivel 4 faltaría un ejemplo más completo.,parcial,2026-07-17T06:29:00,RV-VAC-0004-1,CV-VAC-0004-1,synthetic,SYN-006378
ASM-00057,SES-00030,APP-00017,CRI-0016,EV-S1-02,4,20,[SINTÉTICO] Nivel 4: la evidencia registrada corresponde al descriptor; para el nivel 4 faltaría un ejemplo más completo.,parcial,2026-07-24T18:00:00,RV-VAC-0004-1,CV-VAC-0004-1,synthetic,SYN-006382
ASM-00058,SES-00030,APP-00017,CRI-0017,EV-S1-02,4,20,[SINTÉTICO] Nivel 4: la evidencia registrada corresponde al descriptor; para el nivel 4 faltaría un ejemplo más completo.,parcial,2026-07-24T18:00:00,RV-VAC-0004-1,CV-VAC-0004-1,synthetic,SYN-006384
ASM-00059,SES-00031,APP-00017,CRI-0018,EV-S1-04,4,20,[SINTÉTICO] Nivel 4: la evidencia registrada corresponde al descriptor; para el nivel 4 faltaría un ejemplo más completo.,suficiente,2026-07-29T02:00:00,RV-VAC-0004-1,CV-VAC-0004-1,synthetic,SYN-006389
ASM-00060,SES-00031,APP-00017,CRI-0019,EV-S1-04,4,20,[SINTÉTICO] Nivel 4: la evidencia registrada corresponde al descriptor; para el nivel 4 faltaría un ejemplo más completo.,suficiente,2026-07-29T02:00:00,RV-VAC-0004-1,CV-VAC-0004-1,synthetic,SYN-006393
ASM-00061,SES-00032,APP-00018,CRI-0016,EV-S1-01,3,15,[SINTÉTICO] Nivel 3: la evidencia registrada corresponde al descriptor; para el nivel 4 faltaría un ejemplo más completo.,parcial,2026-07-22T04:52:00,RV-VAC-0004-1,CV-VAC-0004-1,synthetic,SYN-006398
ASM-00062,SES-00032,APP-00018,CRI-0017,EV-S1-01,3,15,[SINTÉTICO] Nivel 3: la evidencia registrada corresponde al descriptor; para el nivel 4 faltaría un ejemplo más completo.,parcial,2026-07-22T04:52:00,RV-VAC-0004-1,CV-VAC-0004-1,synthetic,SYN-006400
ASM-00063,SES-00033,APP-00018,CRI-0018,EV-S1-02,3,15,[SINTÉTICO] Nivel 3: la evidencia registrada corresponde al descriptor; para el nivel 4 faltaría un ejemplo más completo.,suficiente,2026-08-02T00:00:00,RV-VAC-0004-1,CV-VAC-0004-1,synthetic,SYN-006404
ASM-00064,SES-00033,APP-00018,CRI-0019,EV-S1-02,3,15,[SINTÉTICO] Nivel 3: la evidencia registrada corresponde al descriptor; para el nivel 4 faltaría un ejemplo más completo.,parcial,2026-08-02T00:00:00,RV-VAC-0004-1,CV-VAC-0004-1,synthetic,SYN-006408
ASM-00065,SES-00034,APP-00019,CRI-0016,EV-S1-04,4,20,[SINTÉTICO] Nivel 4: la evidencia registrada corresponde al descriptor; para el nivel 4 faltaría un ejemplo más completo.,suficiente,2026-07-17T08:06:00,RV-VAC-0004-1,CV-VAC-0004-1,synthetic,SYN-006412
ASM-00066,SES-00034,APP-00019,CRI-0017,EV-S1-04,3,15,[SINTÉTICO] Nivel 3: la evidencia registrada corresponde al descriptor; para el nivel 4 faltaría un ejemplo más completo.,suficiente,2026-07-17T08:06:00,RV-VAC-0004-1,CV-VAC-0004-1,synthetic,SYN-006417
ASM-00067,SES-00035,APP-00019,CRI-0018,EV-S1-02,3,15,[SINTÉTICO] Nivel 3: la evidencia registrada corresponde al descriptor; para el nivel 4 faltaría un ejemplo más completo.,parcial,2026-07-27T21:00:00,RV-VAC-0004-1,CV-VAC-0004-1,synthetic,SYN-006421
ASM-00068,SES-00035,APP-00019,CRI-0019,EV-S1-02,3,15,[SINTÉTICO] Nivel 3: la evidencia registrada corresponde al descriptor; para el nivel 4 faltaría un ejemplo más completo.,suficiente,2026-07-27T21:00:00,RV-VAC-0004-1,CV-VAC-0004-1,synthetic,SYN-006423
ASM-00069,SES-00036,APP-00020,CRI-0016,EV-S1-03,1,5,[SINTÉTICO] Nivel 1: la evidencia registrada corresponde al descriptor; para el nivel 2 faltaría un ejemplo más completo.,suficiente,2026-07-26T06:10:00,RV-VAC-0004-1,CV-VAC-0004-1,synthetic,SYN-006428
ASM-00070,SES-00036,APP-00020,CRI-0017,EV-S1-03,2,10,[SINTÉTICO] Nivel 2: la evidencia registrada corresponde al descriptor; para el nivel 3 faltaría un ejemplo más completo.,parcial,2026-07-26T06:10:00,RV-VAC-0004-1,CV-VAC-0004-1,synthetic,SYN-006431
ASM-00071,SES-00037,APP-00020,CRI-0018,EV-S1-03,2,10,[SINTÉTICO] Nivel 2: la evidencia registrada corresponde al descriptor; para el nivel 3 faltaría un ejemplo más completo.,parcial,2026-07-24T19:00:00,RV-VAC-0004-1,CV-VAC-0004-1,synthetic,SYN-006435
ASM-00072,SES-00037,APP-00020,CRI-0019,EV-S1-03,1,5,[SINTÉTICO] Nivel 1: la evidencia registrada corresponde al descriptor; para el nivel 2 faltaría un ejemplo más completo.,suficiente,2026-07-24T19:00:00,RV-VAC-0004-1,CV-VAC-0004-1,synthetic,SYN-006438
ASM-00073,SES-00038,APP-00021,CRI-0016,EV-S1-02,1,5,[SINTÉTICO] Nivel 1: la evidencia registrada corresponde al descriptor; para el nivel 2 faltaría un ejemplo más completo.,parcial,2026-07-24T20:18:00,RV-VAC-0004-1,CV-VAC-0004-1,synthetic,SYN-006442
ASM-00074,SES-00038,APP-00021,CRI-0017,EV-S1-02,2,10,[SINTÉTICO] Nivel 2: la evidencia registrada corresponde al descriptor; para el nivel 3 faltaría un ejemplo más completo.,parcial,2026-07-24T20:18:00,RV-VAC-0004-1,CV-VAC-0004-1,synthetic,SYN-006445
ASM-00075,SES-00040,APP-00022,CRI-0020,EV-S2-04,2,10,[SINTÉTICO] Nivel 2: la evidencia registrada corresponde al descriptor; para el nivel 3 faltaría un ejemplo más completo.,suficiente,2026-07-18T15:14:00,RV-VAC-0005-1,CV-VAC-0005-1,synthetic,SYN-006449
ASM-00076,SES-00040,APP-00022,CRI-0021,EV-S2-04,1,5,[SINTÉTICO] Nivel 1: la evidencia registrada corresponde al descriptor; para el nivel 2 faltaría un ejemplo más completo.,insuficiente,2026-07-18T15:14:00,RV-VAC-0005-1,CV-VAC-0005-1,synthetic,SYN-006451
ASM-00077,SES-00040,APP-00022,CRI-0022,EV-S2-04,3,15,[SINTÉTICO] Nivel 3: la evidencia registrada corresponde al descriptor; para el nivel 4 faltaría un ejemplo más completo.,suficiente,2026-07-18T15:14:00,RV-VAC-0005-1,CV-VAC-0005-1,synthetic,SYN-006452
ASM-00078,SES-00041,APP-00022,CRI-0020,EV-S2-02,4,20,[SINTÉTICO] Nivel 4: la evidencia registrada corresponde al descriptor; para el nivel 4 faltaría un ejemplo más completo.,insuficiente,2026-07-13T10:14:00,RV-VAC-0005-1,CV-VAC-0005-1,synthetic,SYN-006456
ASM-00079,SES-00041,APP-00022,CRI-0021,EV-S2-02,1,5,[SINTÉTICO] Nivel 1: la evidencia registrada corresponde al descriptor; para el nivel 2 faltaría un ejemplo más completo.,parcial,2026-07-13T10:14:00,RV-VAC-0005-1,CV-VAC-0005-1,synthetic,SYN-006457
ASM-00080,SES-00041,APP-00022,CRI-0022,EV-S2-02,4,20,[SINTÉTICO] Nivel 4: la evidencia registrada corresponde al descriptor; para el nivel 4 faltaría un ejemplo más completo.,parcial,2026-07-13T10:14:00,RV-VAC-0005-1,CV-VAC-0005-1,synthetic,SYN-006460
ASM-00081,SES-00042,APP-00023,CRI-0020,EV-S2-01,4,20,[SINTÉTICO] Nivel 4: la evidencia registrada corresponde al descriptor; para el nivel 4 faltaría un ejemplo más completo.,parcial,2026-07-18T21:55:00,RV-VAC-0005-1,CV-VAC-0005-1,synthetic,SYN-006464
ASM-00082,SES-00042,APP-00023,CRI-0021,EV-S2-01,4,20,[SINTÉTICO] Nivel 4: la evidencia registrada corresponde al descriptor; para el nivel 4 faltaría un ejemplo más completo.,suficiente,2026-07-18T21:55:00,RV-VAC-0005-1,CV-VAC-0005-1,synthetic,SYN-006468
ASM-00083,SES-00042,APP-00023,CRI-0022,EV-S2-01,3,15,[SINTÉTICO] Nivel 3: la evidencia registrada corresponde al descriptor; para el nivel 4 faltaría un ejemplo más completo.,parcial,2026-07-18T21:55:00,RV-VAC-0005-1,CV-VAC-0005-1,synthetic,SYN-006470
ASM-00084,SES-00043,APP-00023,CRI-0023,EV-S2-02,4,20,[SINTÉTICO] Nivel 4: la evidencia registrada corresponde al descriptor; para el nivel 4 faltaría un ejemplo más completo.,parcial,2026-07-18T19:00:00,RV-VAC-0005-1,CV-VAC-0005-1,synthetic,SYN-006474
ASM-00085,SES-00043,APP-00023,CRI-0024,EV-S2-02,4,20,[SINTÉTICO] Nivel 4: la evidencia registrada corresponde al descriptor; para el nivel 4 faltaría un ejemplo más completo.,suficiente,2026-07-18T19:00:00,RV-VAC-0005-1,CV-VAC-0005-1,synthetic,SYN-006476
ASM-00086,SES-00043,APP-00023,CRI-0025,EV-S2-02,4,20,[SINTÉTICO] Nivel 4: la evidencia registrada corresponde al descriptor; para el nivel 4 faltaría un ejemplo más completo.,parcial,2026-07-18T19:00:00,RV-VAC-0005-1,CV-VAC-0005-1,synthetic,SYN-006478
ASM-00087,SES-00044,APP-00024,CRI-0020,EV-S2-01,2,10,[SINTÉTICO] Nivel 2: la evidencia registrada corresponde al descriptor; para el nivel 3 faltaría un ejemplo más completo.,suficiente,2026-07-12T06:55:00,RV-VAC-0005-1,CV-VAC-0005-1,synthetic,SYN-006482
ASM-00088,SES-00044,APP-00024,CRI-0021,EV-S2-01,2,10,[SINTÉTICO] Nivel 2: la evidencia registrada corresponde al descriptor; para el nivel 3 faltaría un ejemplo más completo.,suficiente,2026-07-12T06:55:00,RV-VAC-0005-1,CV-VAC-0005-1,synthetic,SYN-006486
ASM-00089,SES-00044,APP-00024,CRI-0022,EV-S2-01,3,15,[SINTÉTICO] Nivel 3: la evidencia registrada corresponde al descriptor; para el nivel 4 faltaría un ejemplo más completo.,suficiente,2026-07-12T06:55:00,RV-VAC-0005-1,CV-VAC-0005-1,synthetic,SYN-006490
ASM-00090,SES-00045,APP-00024,CRI-0023,EV-S2-03,2,10,[SINTÉTICO] Nivel 2: la evidencia registrada corresponde al descriptor; para el nivel 3 faltaría un ejemplo más completo.,parcial,2026-07-16T18:00:00,RV-VAC-0005-1,CV-VAC-0005-1,synthetic,SYN-006493
ASM-00091,SES-00045,APP-00024,CRI-0024,EV-S2-03,2,10,[SINTÉTICO] Nivel 2: la evidencia registrada corresponde al descriptor; para el nivel 3 faltaría un ejemplo más completo.,parcial,2026-07-16T18:00:00,RV-VAC-0005-1,CV-VAC-0005-1,synthetic,SYN-006495
ASM-00092,SES-00045,APP-00024,CRI-0025,EV-S2-03,2,10,[SINTÉTICO] Nivel 2: la evidencia registrada corresponde al descriptor; para el nivel 3 faltaría un ejemplo más completo.,suficiente,2026-07-16T18:00:00,RV-VAC-0005-1,CV-VAC-0005-1,synthetic,SYN-006497
ASM-00093,SES-00046,APP-00025,CRI-0020,EV-S2-04,4,20,[SINTÉTICO] Nivel 4: la evidencia registrada corresponde al descriptor; para el nivel 4 faltaría un ejemplo más completo.,parcial,2026-07-10T12:33:00,RV-VAC-0005-1,CV-VAC-0005-1,synthetic,SYN-006501
ASM-00094,SES-00046,APP-00025,CRI-0021,EV-S2-04,4,20,[SINTÉTICO] Nivel 4: la evidencia registrada corresponde al descriptor; para el nivel 4 faltaría un ejemplo más completo.,suficiente,2026-07-10T12:33:00,RV-VAC-0005-1,CV-VAC-0005-1,synthetic,SYN-006503
ASM-00095,SES-00046,APP-00025,CRI-0022,EV-S2-04,4,20,[SINTÉTICO] Nivel 4: la evidencia registrada corresponde al descriptor; para el nivel 4 faltaría un ejemplo más completo.,parcial,2026-07-10T12:33:00,RV-VAC-0005-1,CV-VAC-0005-1,synthetic,SYN-006507
ASM-00096,SES-00047,APP-00025,CRI-0020,EV-S2-03,4,20,[SINTÉTICO] Nivel 4: la evidencia registrada corresponde al descriptor; para el nivel 4 faltaría un ejemplo más completo.,suficiente,2026-07-15T06:33:00,RV-VAC-0005-1,CV-VAC-0005-1,synthetic,SYN-006511
ASM-00097,SES-00047,APP-00025,CRI-0021,EV-S2-03,3,15,[SINTÉTICO] Nivel 3: la evidencia registrada corresponde al descriptor; para el nivel 4 faltaría un ejemplo más completo.,suficiente,2026-07-15T06:33:00,RV-VAC-0005-1,CV-VAC-0005-1,synthetic,SYN-006514
ASM-00098,SES-00047,APP-00025,CRI-0022,EV-S2-03,4,20,[SINTÉTICO] Nivel 4: la evidencia registrada corresponde al descriptor; para el nivel 4 faltaría un ejemplo más completo.,suficiente,2026-07-15T06:33:00,RV-VAC-0005-1,CV-VAC-0005-1,synthetic,SYN-006517
ASM-00099,SES-00048,APP-00025,CRI-0023,EV-S2-01,4,20,[SINTÉTICO] Nivel 4: la evidencia registrada corresponde al descriptor; para el nivel 4 faltaría un ejemplo más completo.,suficiente,2026-07-17T14:00:00,RV-VAC-0005-1,CV-VAC-0005-1,synthetic,SYN-006521
ASM-00100,SES-00048,APP-00025,CRI-0024,EV-S2-01,3,15,[SINTÉTICO] Nivel 3: la evidencia registrada corresponde al descriptor; para el nivel 4 faltaría un ejemplo más completo.,suficiente,2026-07-17T14:00:00,RV-VAC-0005-1,CV-VAC-0005-1,synthetic,SYN-006524
ASM-00101,SES-00048,APP-00025,CRI-0025,EV-S2-01,4,20,[SINTÉTICO] Nivel 4: la evidencia registrada corresponde al descriptor; para el nivel 4 faltaría un ejemplo más completo.,suficiente,2026-07-17T14:00:00,RV-VAC-0005-1,CV-VAC-0005-1,synthetic,SYN-006528
ASM-00102,SES-00050,APP-00027,CRI-0023,EV-S2-02,1,5,[SINTÉTICO] Nivel 1: la evidencia registrada corresponde al descriptor; para el nivel 2 faltaría un ejemplo más completo.,parcial,2026-07-26T02:00:00,RV-VAC-0005-1,CV-VAC-0005-1,synthetic,SYN-006535
ASM-00103,SES-00050,APP-00027,CRI-0024,EV-S2-02,2,10,[SINTÉTICO] Nivel 2: la evidencia registrada corresponde al descriptor; para el nivel 3 faltaría un ejemplo más completo.,suficiente,2026-07-26T02:00:00,RV-VAC-0005-1,CV-VAC-0005-1,synthetic,SYN-006537
ASM-00104,SES-00050,APP-00027,CRI-0025,EV-S2-02,1,5,[SINTÉTICO] Nivel 1: la evidencia registrada corresponde al descriptor; para el nivel 2 faltaría un ejemplo más completo.,suficiente,2026-07-26T02:00:00,RV-VAC-0005-1,CV-VAC-0005-1,synthetic,SYN-006539
ASM-00105,SES-00051,APP-00028,CRI-0020,EV-S2-04,4,20,[SINTÉTICO] Nivel 4: la evidencia registrada corresponde al descriptor; para el nivel 4 faltaría un ejemplo más completo.,parcial,2026-07-18T00:42:00,RV-VAC-0005-1,CV-VAC-0005-1,synthetic,SYN-006542
ASM-00106,SES-00051,APP-00028,CRI-0021,EV-S2-04,4,20,[SINTÉTICO] Nivel 4: la evidencia registrada corresponde al descriptor; para el nivel 4 faltaría un ejemplo más completo.,parcial,2026-07-18T00:42:00,RV-VAC-0005-1,CV-VAC-0005-1,synthetic,SYN-006545
ASM-00107,SES-00051,APP-00028,CRI-0022,EV-S2-04,4,20,[SINTÉTICO] Nivel 4: la evidencia registrada corresponde al descriptor; para el nivel 4 faltaría un ejemplo más completo.,parcial,2026-07-18T00:42:00,RV-VAC-0005-1,CV-VAC-0005-1,synthetic,SYN-006548
ASM-00108,SES-00052,APP-00028,CRI-0023,EV-S2-04,4,20,[SINTÉTICO] Nivel 4: la evidencia registrada corresponde al descriptor; para el nivel 4 faltaría un ejemplo más completo.,insuficiente,2026-07-16T17:00:00,RV-VAC-0005-1,CV-VAC-0005-1,synthetic,SYN-006551
ASM-00109,SES-00052,APP-00028,CRI-0024,EV-S2-04,4,20,[SINTÉTICO] Nivel 4: la evidencia registrada corresponde al descriptor; para el nivel 4 faltaría un ejemplo más completo.,parcial,2026-07-16T17:00:00,RV-VAC-0005-1,CV-VAC-0005-1,synthetic,SYN-006552
ASM-00110,SES-00052,APP-00028,CRI-0025,EV-S2-04,4,20,[SINTÉTICO] Nivel 4: la evidencia registrada corresponde al descriptor; para el nivel 4 faltaría un ejemplo más completo.,suficiente,2026-07-16T17:00:00,RV-VAC-0005-1,CV-VAC-0005-1,synthetic,SYN-006554
ASM-00111,SES-00053,APP-00029,CRI-0020,EV-S2-02,3,15,[SINTÉTICO] Nivel 3: la evidencia registrada corresponde al descriptor; para el nivel 4 faltaría un ejemplo más completo.,parcial,2026-07-15T19:17:00,RV-VAC-0005-1,CV-VAC-0005-1,synthetic,SYN-006559
ASM-00112,SES-00053,APP-00029,CRI-0021,EV-S2-02,3,15,[SINTÉTICO] Nivel 3: la evidencia registrada corresponde al descriptor; para el nivel 4 faltaría un ejemplo más completo.,suficiente,2026-07-15T19:17:00,RV-VAC-0005-1,CV-VAC-0005-1,synthetic,SYN-006563
ASM-00113,SES-00053,APP-00029,CRI-0022,EV-S2-02,3,15,[SINTÉTICO] Nivel 3: la evidencia registrada corresponde al descriptor; para el nivel 4 faltaría un ejemplo más completo.,suficiente,2026-07-15T19:17:00,RV-VAC-0005-1,CV-VAC-0005-1,synthetic,SYN-006565
ASM-00114,SES-00054,APP-00029,CRI-0023,EV-S2-01,4,20,[SINTÉTICO] Nivel 4: la evidencia registrada corresponde al descriptor; para el nivel 4 faltaría un ejemplo más completo.,insuficiente,2026-07-25T14:00:00,RV-VAC-0005-1,CV-VAC-0005-1,synthetic,SYN-006568
ASM-00115,SES-00054,APP-00029,CRI-0024,EV-S2-01,4,20,[SINTÉTICO] Nivel 4: la evidencia registrada corresponde al descriptor; para el nivel 4 faltaría un ejemplo más completo.,suficiente,2026-07-25T14:00:00,RV-VAC-0005-1,CV-VAC-0005-1,synthetic,SYN-006569
ASM-00116,SES-00054,APP-00029,CRI-0025,EV-S2-01,3,15,[SINTÉTICO] Nivel 3: la evidencia registrada corresponde al descriptor; para el nivel 4 faltaría un ejemplo más completo.,insuficiente,2026-07-25T14:00:00,RV-VAC-0005-1,CV-VAC-0005-1,synthetic,SYN-006571
ASM-00117,SES-00055,APP-00030,CRI-0020,EV-S2-01,2,10,[SINTÉTICO] Nivel 2: la evidencia registrada corresponde al descriptor; para el nivel 3 faltaría un ejemplo más completo.,insuficiente,2026-07-13T04:00:00,RV-VAC-0005-1,CV-VAC-0005-1,synthetic,SYN-006573
ASM-00118,SES-00055,APP-00030,CRI-0021,EV-S2-01,1,5,[SINTÉTICO] Nivel 1: la evidencia registrada corresponde al descriptor; para el nivel 2 faltaría un ejemplo más completo.,suficiente,2026-07-13T04:00:00,RV-VAC-0005-1,CV-VAC-0005-1,synthetic,SYN-006574
ASM-00119,SES-00055,APP-00030,CRI-0022,EV-S2-01,1,5,[SINTÉTICO] Nivel 1: la evidencia registrada corresponde al descriptor; para el nivel 2 faltaría un ejemplo más completo.,parcial,2026-07-13T04:00:00,RV-VAC-0005-1,CV-VAC-0005-1,synthetic,SYN-006577
ASM-00120,SES-00056,APP-00030,CRI-0023,EV-S2-03,1,5,[SINTÉTICO] Nivel 1: la evidencia registrada corresponde al descriptor; para el nivel 2 faltaría un ejemplo más completo.,suficiente,2026-07-14T18:00:00,RV-VAC-0005-1,CV-VAC-0005-1,synthetic,SYN-006582
ASM-00121,SES-00056,APP-00030,CRI-0024,EV-S2-03,1,5,[SINTÉTICO] Nivel 1: la evidencia registrada corresponde al descriptor; para el nivel 2 faltaría un ejemplo más completo.,parcial,2026-07-14T18:00:00,RV-VAC-0005-1,CV-VAC-0005-1,synthetic,SYN-006585
ASM-00122,SES-00056,APP-00030,CRI-0025,EV-S2-03,1,5,[SINTÉTICO] Nivel 1: la evidencia registrada corresponde al descriptor; para el nivel 2 faltaría un ejemplo más completo.,suficiente,2026-07-14T18:00:00,RV-VAC-0005-1,CV-VAC-0005-1,synthetic,SYN-006587
ASM-00123,SES-00057,APP-00031,CRI-0020,EV-S2-03,2,10,[SINTÉTICO] Nivel 2: la evidencia registrada corresponde al descriptor; para el nivel 3 faltaría un ejemplo más completo.,parcial,2026-07-06T14:45:00,RV-VAC-0005-1,CV-VAC-0005-1,synthetic,SYN-006590
ASM-00124,SES-00057,APP-00031,CRI-0021,EV-S2-03,2,10,[SINTÉTICO] Nivel 2: la evidencia registrada corresponde al descriptor; para el nivel 3 faltaría un ejemplo más completo.,suficiente,2026-07-06T14:45:00,RV-VAC-0005-1,CV-VAC-0005-1,synthetic,SYN-006592
ASM-00125,SES-00057,APP-00031,CRI-0022,EV-S2-03,2,10,[SINTÉTICO] Nivel 2: la evidencia registrada corresponde al descriptor; para el nivel 3 faltaría un ejemplo más completo.,parcial,2026-07-06T14:45:00,RV-VAC-0005-1,CV-VAC-0005-1,synthetic,SYN-006596
ASM-00126,SES-00058,APP-00031,CRI-0023,EV-S2-03,2,10,[SINTÉTICO] Nivel 2: la evidencia registrada corresponde al descriptor; para el nivel 3 faltaría un ejemplo más completo.,suficiente,2026-07-18T20:00:00,RV-VAC-0005-1,CV-VAC-0005-1,synthetic,SYN-006599
ASM-00127,SES-00058,APP-00031,CRI-0024,EV-S2-03,2,10,[SINTÉTICO] Nivel 2: la evidencia registrada corresponde al descriptor; para el nivel 3 faltaría un ejemplo más completo.,parcial,2026-07-18T20:00:00,RV-VAC-0005-1,CV-VAC-0005-1,synthetic,SYN-006602
ASM-00128,SES-00058,APP-00031,CRI-0025,EV-S2-03,2,10,[SINTÉTICO] Nivel 2: la evidencia registrada corresponde al descriptor; para el nivel 3 faltaría un ejemplo más completo.,insuficiente,2026-07-18T20:00:00,RV-VAC-0005-1,CV-VAC-0005-1,synthetic,SYN-006605
ASM-00129,SES-00059,APP-00032,CRI-0020,EV-S2-01,4,20,[SINTÉTICO] Nivel 4: la evidencia registrada corresponde al descriptor; para el nivel 4 faltaría un ejemplo más completo.,suficiente,2026-07-18T11:00:00,RV-VAC-0005-1,CV-VAC-0005-1,synthetic,SYN-006607
ASM-00130,SES-00059,APP-00032,CRI-0021,EV-S2-01,4,20,[SINTÉTICO] Nivel 4: la evidencia registrada corresponde al descriptor; para el nivel 4 faltaría un ejemplo más completo.,parcial,2026-07-18T11:00:00,RV-VAC-0005-1,CV-VAC-0005-1,synthetic,SYN-006610
ASM-00131,SES-00059,APP-00032,CRI-0022,EV-S2-01,4,20,[SINTÉTICO] Nivel 4: la evidencia registrada corresponde al descriptor; para el nivel 4 faltaría un ejemplo más completo.,parcial,2026-07-18T11:00:00,RV-VAC-0005-1,CV-VAC-0005-1,synthetic,SYN-006612
ASM-00132,SES-00060,APP-00032,CRI-0023,EV-S2-03,4,20,[SINTÉTICO] Nivel 4: la evidencia registrada corresponde al descriptor; para el nivel 4 faltaría un ejemplo más completo.,suficiente,2026-07-17T15:00:00,RV-VAC-0005-1,CV-VAC-0005-1,synthetic,SYN-006615
ASM-00133,SES-00060,APP-00032,CRI-0024,EV-S2-03,3,15,[SINTÉTICO] Nivel 3: la evidencia registrada corresponde al descriptor; para el nivel 4 faltaría un ejemplo más completo.,suficiente,2026-07-17T15:00:00,RV-VAC-0005-1,CV-VAC-0005-1,synthetic,SYN-006617
ASM-00134,SES-00060,APP-00032,CRI-0025,EV-S2-03,4,20,[SINTÉTICO] Nivel 4: la evidencia registrada corresponde al descriptor; para el nivel 4 faltaría un ejemplo más completo.,suficiente,2026-07-17T15:00:00,RV-VAC-0005-1,CV-VAC-0005-1,synthetic,SYN-006621
ASM-00135,SES-00061,APP-00033,CRI-0026,EV-S3-01,4,20,[SINTÉTICO] Nivel 4: la evidencia registrada corresponde al descriptor; para el nivel 4 faltaría un ejemplo más completo.,suficiente,2026-03-09T08:30:00,RV-VAC-0006-1,CV-VAC-0006-1,synthetic,SYN-006625
ASM-00136,SES-00061,APP-00033,CRI-0027,EV-S3-01,4,20,[SINTÉTICO] Nivel 4: la evidencia registrada corresponde al descriptor; para el nivel 4 faltaría un ejemplo más completo.,suficiente,2026-03-09T08:30:00,RV-VAC-0006-1,CV-VAC-0006-1,synthetic,SYN-006628
ASM-00137,SES-00062,APP-00033,CRI-0028,EV-S3-04,4,20,[SINTÉTICO] Nivel 4: la evidencia registrada corresponde al descriptor; para el nivel 4 faltaría un ejemplo más completo.,parcial,2026-03-15T15:00:00,RV-VAC-0006-1,CV-VAC-0006-1,synthetic,SYN-006632
ASM-00138,SES-00062,APP-00033,CRI-0029,EV-S3-04,3,15,[SINTÉTICO] Nivel 3: la evidencia registrada corresponde al descriptor; para el nivel 4 faltaría un ejemplo más completo.,parcial,2026-03-15T15:00:00,RV-VAC-0006-1,CV-VAC-0006-1,synthetic,SYN-006635
ASM-00139,SES-00063,APP-00034,CRI-0026,EV-S3-04,4,20,[SINTÉTICO] Nivel 4: la evidencia registrada corresponde al descriptor; para el nivel 4 faltaría un ejemplo más completo.,parcial,2026-03-10T22:14:00,RV-VAC-0006-1,CV-VAC-0006-1,synthetic,SYN-006639
ASM-00140,SES-00063,APP-00034,CRI-0027,EV-S3-04,4,20,[SINTÉTICO] Nivel 4: la evidencia registrada corresponde al descriptor; para el nivel 4 faltaría un ejemplo más completo.,parcial,2026-03-10T22:14:00,RV-VAC-0006-1,CV-VAC-0006-1,synthetic,SYN-006643
ASM-00141,SES-00064,APP-00036,CRI-0026,EV-S3-01,1,5,[SINTÉTICO] Nivel 1: la evidencia registrada corresponde al descriptor; para el nivel 2 faltaría un ejemplo más completo.,suficiente,2026-02-28T22:25:00,RV-VAC-0006-1,CV-VAC-0006-1,synthetic,SYN-006646
ASM-00142,SES-00064,APP-00036,CRI-0027,EV-S3-01,1,5,[SINTÉTICO] Nivel 1: la evidencia registrada corresponde al descriptor; para el nivel 2 faltaría un ejemplo más completo.,suficiente,2026-02-28T22:25:00,RV-VAC-0006-1,CV-VAC-0006-1,synthetic,SYN-006648
ASM-00143,SES-00067,APP-00038,CRI-0035,EV-S2-04,3,15,[SINTÉTICO] Nivel 3: la evidencia registrada corresponde al descriptor; para el nivel 4 faltaría un ejemplo más completo.,parcial,2026-09-08T12:22:00,RV-VAC-0008-1,CV-VAC-0008-1,synthetic,SYN-006656
ASM-00144,SES-00067,APP-00038,CRI-0036,EV-S2-04,3,15,[SINTÉTICO] Nivel 3: la evidencia registrada corresponde al descriptor; para el nivel 4 faltaría un ejemplo más completo.,parcial,2026-09-08T12:22:00,RV-VAC-0008-1,CV-VAC-0008-1,synthetic,SYN-006659
ASM-00145,SES-00067,APP-00038,CRI-0037,EV-S2-04,3,15,[SINTÉTICO] Nivel 3: la evidencia registrada corresponde al descriptor; para el nivel 4 faltaría un ejemplo más completo.,suficiente,2026-09-08T12:22:00,RV-VAC-0008-1,CV-VAC-0008-1,synthetic,SYN-006662
ASM-00146,SES-00068,APP-00038,CRI-0038,EV-S2-01,3,15,[SINTÉTICO] Nivel 3: la evidencia registrada corresponde al descriptor; para el nivel 4 faltaría un ejemplo más completo.,parcial,2026-09-20T15:00:00,RV-VAC-0008-1,CV-VAC-0008-1,synthetic,SYN-006665
ASM-00147,SES-00068,APP-00038,CRI-0039,EV-S2-01,3,15,[SINTÉTICO] Nivel 3: la evidencia registrada corresponde al descriptor; para el nivel 4 faltaría un ejemplo más completo.,parcial,2026-09-20T15:00:00,RV-VAC-0008-1,CV-VAC-0008-1,synthetic,SYN-006668
ASM-00148,SES-00068,APP-00038,CRI-0040,EV-S2-01,2,10,[SINTÉTICO] Nivel 2: la evidencia registrada corresponde al descriptor; para el nivel 3 faltaría un ejemplo más completo.,insuficiente,2026-09-20T15:00:00,RV-VAC-0008-1,CV-VAC-0008-1,synthetic,SYN-006671
ASM-00149,SES-00069,APP-00039,CRI-0035,EV-S2-03,2,10,[SINTÉTICO] Nivel 2: la evidencia registrada corresponde al descriptor; para el nivel 3 faltaría un ejemplo más completo.,suficiente,2026-09-06T11:17:00,RV-VAC-0008-1,CV-VAC-0008-1,synthetic,SYN-006673
ASM-00150,SES-00069,APP-00039,CRI-0036,EV-S2-03,1,5,[SINTÉTICO] Nivel 1: la evidencia registrada corresponde al descriptor; para el nivel 2 faltaría un ejemplo más completo.,suficiente,2026-09-06T11:17:00,RV-VAC-0008-1,CV-VAC-0008-1,synthetic,SYN-006676
ASM-00151,SES-00069,APP-00039,CRI-0037,EV-S2-03,1,5,[SINTÉTICO] Nivel 1: la evidencia registrada corresponde al descriptor; para el nivel 2 faltaría un ejemplo más completo.,insuficiente,2026-09-06T11:17:00,RV-VAC-0008-1,CV-VAC-0008-1,synthetic,SYN-006679
ASM-00152,SES-00071,APP-00040,CRI-0035,EV-S2-04,1,5,[SINTÉTICO] Nivel 1: la evidencia registrada corresponde al descriptor; para el nivel 2 faltaría un ejemplo más completo.,suficiente,2026-09-18T23:16:00,RV-VAC-0008-1,CV-VAC-0008-1,synthetic,SYN-006683
ASM-00153,SES-00071,APP-00040,CRI-0036,EV-S2-04,1,5,[SINTÉTICO] Nivel 1: la evidencia registrada corresponde al descriptor; para el nivel 2 faltaría un ejemplo más completo.,parcial,2026-09-18T23:16:00,RV-VAC-0008-1,CV-VAC-0008-1,synthetic,SYN-006685
ASM-00154,SES-00071,APP-00040,CRI-0037,EV-S2-04,1,5,[SINTÉTICO] Nivel 1: la evidencia registrada corresponde al descriptor; para el nivel 2 faltaría un ejemplo más completo.,suficiente,2026-09-18T23:16:00,RV-VAC-0008-1,CV-VAC-0008-1,synthetic,SYN-006689
ASM-00155,SES-00072,APP-00040,CRI-0035,EV-S2-02,1,5,[SINTÉTICO] Nivel 1: la evidencia registrada corresponde al descriptor; para el nivel 2 faltaría un ejemplo más completo.,parcial,2026-09-19T23:16:00,RV-VAC-0008-1,CV-VAC-0008-1,synthetic,SYN-006693
ASM-00156,SES-00072,APP-00040,CRI-0036,EV-S2-02,1,5,[SINTÉTICO] Nivel 1: la evidencia registrada corresponde al descriptor; para el nivel 2 faltaría un ejemplo más completo.,suficiente,2026-09-19T23:16:00,RV-VAC-0008-1,CV-VAC-0008-1,synthetic,SYN-006695
ASM-00157,SES-00072,APP-00040,CRI-0037,EV-S2-02,2,10,[SINTÉTICO] Nivel 2: la evidencia registrada corresponde al descriptor; para el nivel 3 faltaría un ejemplo más completo.,suficiente,2026-09-19T23:16:00,RV-VAC-0008-1,CV-VAC-0008-1,synthetic,SYN-006697
ASM-00158,SES-00073,APP-00041,CRI-0035,EV-S2-04,2,10,[SINTÉTICO] Nivel 2: la evidencia registrada corresponde al descriptor; para el nivel 3 faltaría un ejemplo más completo.,suficiente,2026-09-10T02:45:00,RV-VAC-0008-1,CV-VAC-0008-1,synthetic,SYN-006701
ASM-00159,SES-00073,APP-00041,CRI-0036,EV-S2-04,2,10,[SINTÉTICO] Nivel 2: la evidencia registrada corresponde al descriptor; para el nivel 3 faltaría un ejemplo más completo.,suficiente,2026-09-10T02:45:00,RV-VAC-0008-1,CV-VAC-0008-1,synthetic,SYN-006704
ASM-00160,SES-00073,APP-00041,CRI-0037,EV-S2-04,2,10,[SINTÉTICO] Nivel 2: la evidencia registrada corresponde al descriptor; para el nivel 3 faltaría un ejemplo más completo.,parcial,2026-09-10T02:45:00,RV-VAC-0008-1,CV-VAC-0008-1,synthetic,SYN-006708
ASM-00161,SES-00074,APP-00041,CRI-0038,EV-S2-01,3,15,[SINTÉTICO] Nivel 3: la evidencia registrada corresponde al descriptor; para el nivel 4 faltaría un ejemplo más completo.,suficiente,2026-09-14T14:00:00,RV-VAC-0008-1,CV-VAC-0008-1,synthetic,SYN-006712
ASM-00162,SES-00074,APP-00041,CRI-0039,EV-S2-01,1,5,[SINTÉTICO] Nivel 1: la evidencia registrada corresponde al descriptor; para el nivel 2 faltaría un ejemplo más completo.,suficiente,2026-09-14T14:00:00,RV-VAC-0008-1,CV-VAC-0008-1,synthetic,SYN-006715
ASM-00163,SES-00074,APP-00041,CRI-0040,EV-S2-01,1,5,[SINTÉTICO] Nivel 1: la evidencia registrada corresponde al descriptor; para el nivel 2 faltaría un ejemplo más completo.,suficiente,2026-09-14T14:00:00,RV-VAC-0008-1,CV-VAC-0008-1,synthetic,SYN-006718
ASM-00164,SES-00075,APP-00042,CRI-0041,EV-S3-02,4,20,[SINTÉTICO] Nivel 4: la evidencia registrada corresponde al descriptor; para el nivel 4 faltaría un ejemplo más completo.,suficiente,2026-02-02T19:02:00,RV-VAC-0009-1,CV-VAC-0009-1,synthetic,SYN-006723
ASM-00165,SES-00075,APP-00042,CRI-0042,EV-S3-02,4,20,[SINTÉTICO] Nivel 4: la evidencia registrada corresponde al descriptor; para el nivel 4 faltaría un ejemplo más completo.,suficiente,2026-02-02T19:02:00,RV-VAC-0009-1,CV-VAC-0009-1,synthetic,SYN-006725
ASM-00166,SES-00076,APP-00043,CRI-0041,EV-S3-04,4,20,[SINTÉTICO] Nivel 4: la evidencia registrada corresponde al descriptor; para el nivel 4 faltaría un ejemplo más completo.,parcial,2026-02-04T09:21:00,RV-VAC-0009-1,CV-VAC-0009-1,synthetic,SYN-006730
ASM-00167,SES-00076,APP-00043,CRI-0042,EV-S3-04,4,20,[SINTÉTICO] Nivel 4: la evidencia registrada corresponde al descriptor; para el nivel 4 faltaría un ejemplo más completo.,parcial,2026-02-04T09:21:00,RV-VAC-0009-1,CV-VAC-0009-1,synthetic,SYN-006734
ASM-00168,SES-00077,APP-00043,CRI-0043,EV-S3-02,4,20,[SINTÉTICO] Nivel 4: la evidencia registrada corresponde al descriptor; para el nivel 4 faltaría un ejemplo más completo.,parcial,2026-02-17T14:00:00,RV-VAC-0009-1,CV-VAC-0009-1,synthetic,SYN-006738
ASM-00169,SES-00077,APP-00043,CRI-0044,EV-S3-02,4,20,[SINTÉTICO] Nivel 4: la evidencia registrada corresponde al descriptor; para el nivel 4 faltaría un ejemplo más completo.,suficiente,2026-02-17T14:00:00,RV-VAC-0009-1,CV-VAC-0009-1,synthetic,SYN-006742
ASM-00170,SES-00078,APP-00044,CRI-0041,EV-S3-02,2,10,[SINTÉTICO] Nivel 2: la evidencia registrada corresponde al descriptor; para el nivel 3 faltaría un ejemplo más completo.,suficiente,2026-02-02T09:00:00,RV-VAC-0009-1,CV-VAC-0009-1,synthetic,SYN-006746
ASM-00171,SES-00078,APP-00044,CRI-0042,EV-S3-02,1,5,[SINTÉTICO] Nivel 1: la evidencia registrada corresponde al descriptor; para el nivel 2 faltaría un ejemplo más completo.,suficiente,2026-02-02T09:00:00,RV-VAC-0009-1,CV-VAC-0009-1,synthetic,SYN-006748
ASM-00172,SES-00079,APP-00044,CRI-0041,EV-S3-01,2,10,[SINTÉTICO] Nivel 2: la evidencia registrada corresponde al descriptor; para el nivel 3 faltaría un ejemplo más completo.,parcial,2026-02-10T17:00:00,RV-VAC-0009-1,CV-VAC-0009-1,synthetic,SYN-006751
ASM-00173,SES-00079,APP-00044,CRI-0042,EV-S3-01,1,5,[SINTÉTICO] Nivel 1: la evidencia registrada corresponde al descriptor; para el nivel 2 faltaría un ejemplo más completo.,suficiente,2026-02-10T17:00:00,RV-VAC-0009-1,CV-VAC-0009-1,synthetic,SYN-006754
ASM-00174,SES-00080,APP-00044,CRI-0043,EV-S3-01,1,5,[SINTÉTICO] Nivel 1: la evidencia registrada corresponde al descriptor; para el nivel 2 faltaría un ejemplo más completo.,suficiente,2026-02-07T19:00:00,RV-VAC-0009-1,CV-VAC-0009-1,synthetic,SYN-006757
ASM-00175,SES-00080,APP-00044,CRI-0044,EV-S3-01,1,5,[SINTÉTICO] Nivel 1: la evidencia registrada corresponde al descriptor; para el nivel 2 faltaría un ejemplo más completo.,suficiente,2026-02-07T19:00:00,RV-VAC-0009-1,CV-VAC-0009-1,synthetic,SYN-006759
ASM-00176,SES-00081,APP-00045,CRI-0041,EV-S3-03,3,15,[SINTÉTICO] Nivel 3: la evidencia registrada corresponde al descriptor; para el nivel 4 faltaría un ejemplo más completo.,parcial,2026-02-10T07:09:00,RV-VAC-0009-1,CV-VAC-0009-1,synthetic,SYN-006763
ASM-00177,SES-00081,APP-00045,CRI-0042,EV-S3-03,3,15,[SINTÉTICO] Nivel 3: la evidencia registrada corresponde al descriptor; para el nivel 4 faltaría un ejemplo más completo.,suficiente,2026-02-10T07:09:00,RV-VAC-0009-1,CV-VAC-0009-1,synthetic,SYN-006766
ASM-00178,SES-00082,APP-00045,CRI-0041,EV-S3-01,3,15,[SINTÉTICO] Nivel 3: la evidencia registrada corresponde al descriptor; para el nivel 4 faltaría un ejemplo más completo.,suficiente,2026-02-02T23:09:00,RV-VAC-0009-1,CV-VAC-0009-1,synthetic,SYN-006770
ASM-00179,SES-00082,APP-00045,CRI-0042,EV-S3-01,1,5,[SINTÉTICO] Nivel 1: la evidencia registrada corresponde al descriptor; para el nivel 2 faltaría un ejemplo más completo.,parcial,2026-02-02T23:09:00,RV-VAC-0009-1,CV-VAC-0009-1,synthetic,SYN-006772
ASM-00180,SES-00083,APP-00046,CRI-0041,EV-S3-04,2,10,[SINTÉTICO] Nivel 2: la evidencia registrada corresponde al descriptor; para el nivel 3 faltaría un ejemplo más completo.,suficiente,2026-01-29T12:54:00,RV-VAC-0009-1,CV-VAC-0009-1,synthetic,SYN-006775
ASM-00181,SES-00083,APP-00046,CRI-0042,EV-S3-04,1,5,[SINTÉTICO] Nivel 1: la evidencia registrada corresponde al descriptor; para el nivel 2 faltaría un ejemplo más completo.,parcial,2026-01-29T12:54:00,RV-VAC-0009-1,CV-VAC-0009-1,synthetic,SYN-006779
ASM-00182,SES-00084,APP-00046,CRI-0043,EV-S3-04,2,10,[SINTÉTICO] Nivel 2: la evidencia registrada corresponde al descriptor; para el nivel 3 faltaría un ejemplo más completo.,suficiente,2026-02-18T18:00:00,RV-VAC-0009-1,CV-VAC-0009-1,synthetic,SYN-006783
ASM-00183,SES-00084,APP-00046,CRI-0044,EV-S3-04,2,10,[SINTÉTICO] Nivel 2: la evidencia registrada corresponde al descriptor; para el nivel 3 faltaría un ejemplo más completo.,suficiente,2026-02-18T18:00:00,RV-VAC-0009-1,CV-VAC-0009-1,synthetic,SYN-006786
ASM-00184,SES-00085,APP-00047,CRI-0041,EV-S3-04,1,5,[SINTÉTICO] Nivel 1: la evidencia registrada corresponde al descriptor; para el nivel 2 faltaría un ejemplo más completo.,suficiente,2026-02-11T06:00:00,RV-VAC-0009-1,CV-VAC-0009-1,synthetic,SYN-006791
ASM-00185,SES-00085,APP-00047,CRI-0042,EV-S3-04,1,5,[SINTÉTICO] Nivel 1: la evidencia registrada corresponde al descriptor; para el nivel 2 faltaría un ejemplo más completo.,suficiente,2026-02-11T06:00:00,RV-VAC-0009-1,CV-VAC-0009-1,synthetic,SYN-006794
ASM-00186,SES-00087,APP-00048,CRI-0041,EV-S3-03,3,15,[SINTÉTICO] Nivel 3: la evidencia registrada corresponde al descriptor; para el nivel 4 faltaría un ejemplo más completo.,suficiente,2026-02-06T09:54:00,RV-VAC-0009-1,CV-VAC-0009-1,synthetic,SYN-006800
ASM-00187,SES-00087,APP-00048,CRI-0042,EV-S3-03,4,20,[SINTÉTICO] Nivel 4: la evidencia registrada corresponde al descriptor; para el nivel 4 faltaría un ejemplo más completo.,parcial,2026-02-06T09:54:00,RV-VAC-0009-1,CV-VAC-0009-1,synthetic,SYN-006802
ASM-00188,SES-00088,APP-00048,CRI-0043,EV-S3-04,3,15,[SINTÉTICO] Nivel 3: la evidencia registrada corresponde al descriptor; para el nivel 4 faltaría un ejemplo más completo.,parcial,2026-02-04T15:00:00,RV-VAC-0009-1,CV-VAC-0009-1,synthetic,SYN-006805
ASM-00189,SES-00088,APP-00048,CRI-0044,EV-S3-04,3,15,[SINTÉTICO] Nivel 3: la evidencia registrada corresponde al descriptor; para el nivel 4 faltaría un ejemplo más completo.,parcial,2026-02-04T15:00:00,RV-VAC-0009-1,CV-VAC-0009-1,synthetic,SYN-006809
ASM-00190,SES-00089,APP-00049,CRI-0041,EV-S3-03,2,10,[SINTÉTICO] Nivel 2: la evidencia registrada corresponde al descriptor; para el nivel 3 faltaría un ejemplo más completo.,suficiente,2026-02-08T08:00:00,RV-VAC-0009-1,CV-VAC-0009-1,synthetic,SYN-006812
ASM-00191,SES-00089,APP-00049,CRI-0042,EV-S3-03,2,10,[SINTÉTICO] Nivel 2: la evidencia registrada corresponde al descriptor; para el nivel 3 faltaría un ejemplo más completo.,suficiente,2026-02-08T08:00:00,RV-VAC-0009-1,CV-VAC-0009-1,synthetic,SYN-006815
ASM-00192,SES-00090,APP-00049,CRI-0043,EV-S3-03,2,10,[SINTÉTICO] Nivel 2: la evidencia registrada corresponde al descriptor; para el nivel 3 faltaría un ejemplo más completo.,suficiente,2026-02-15T17:00:00,RV-VAC-0009-1,CV-VAC-0009-1,synthetic,SYN-006820
ASM-00193,SES-00090,APP-00049,CRI-0044,EV-S3-03,2,10,[SINTÉTICO] Nivel 2: la evidencia registrada corresponde al descriptor; para el nivel 3 faltaría un ejemplo más completo.,suficiente,2026-02-15T17:00:00,RV-VAC-0009-1,CV-VAC-0009-1,synthetic,SYN-006824
ASM-00194,SES-00091,APP-00050,CRI-0041,EV-S3-01,3,15,[SINTÉTICO] Nivel 3: la evidencia registrada corresponde al descriptor; para el nivel 4 faltaría un ejemplo más completo.,parcial,2026-02-08T00:52:00,RV-VAC-0009-1,CV-VAC-0009-1,synthetic,SYN-006828
ASM-00195,SES-00091,APP-00050,CRI-0042,EV-S3-01,2,10,[SINTÉTICO] Nivel 2: la evidencia registrada corresponde al descriptor; para el nivel 3 faltaría un ejemplo más completo.,suficiente,2026-02-08T00:52:00,RV-VAC-0009-1,CV-VAC-0009-1,synthetic,SYN-006831
ASM-00196,SES-00092,APP-00050,CRI-0043,EV-S3-02,2,10,[SINTÉTICO] Nivel 2: la evidencia registrada corresponde al descriptor; para el nivel 3 faltaría un ejemplo más completo.,suficiente,2026-02-09T15:00:00,RV-VAC-0009-1,CV-VAC-0009-1,synthetic,SYN-006836
ASM-00197,SES-00092,APP-00050,CRI-0044,EV-S3-02,2,10,[SINTÉTICO] Nivel 2: la evidencia registrada corresponde al descriptor; para el nivel 3 faltaría un ejemplo más completo.,parcial,2026-02-09T15:00:00,RV-VAC-0009-1,CV-VAC-0009-1,synthetic,SYN-006839
ASM-00198,SES-00094,APP-00051,CRI-0043,EV-S3-01,2,10,[SINTÉTICO] Nivel 2: la evidencia registrada corresponde al descriptor; para el nivel 3 faltaría un ejemplo más completo.,suficiente,2026-02-09T18:00:00,RV-VAC-0009-1,CV-VAC-0009-1,synthetic,SYN-006844
ASM-00199,SES-00094,APP-00051,CRI-0044,EV-S3-01,2,10,[SINTÉTICO] Nivel 2: la evidencia registrada corresponde al descriptor; para el nivel 3 faltaría un ejemplo más completo.,suficiente,2026-02-09T18:00:00,RV-VAC-0009-1,CV-VAC-0009-1,synthetic,SYN-006848
ASM-00200,SES-00095,APP-00052,CRI-0041,EV-S3-01,3,15,[SINTÉTICO] Nivel 3: la evidencia registrada corresponde al descriptor; para el nivel 4 faltaría un ejemplo más completo.,suficiente,2026-01-29T12:41:00,RV-VAC-0009-1,CV-VAC-0009-1,synthetic,SYN-006852
ASM-00201,SES-00095,APP-00052,CRI-0042,EV-S3-01,3,15,[SINTÉTICO] Nivel 3: la evidencia registrada corresponde al descriptor; para el nivel 4 faltaría un ejemplo más completo.,parcial,2026-01-29T12:41:00,RV-VAC-0009-1,CV-VAC-0009-1,synthetic,SYN-006856
ASM-00202,SES-00096,APP-00052,CRI-0043,EV-S3-01,3,15,[SINTÉTICO] Nivel 3: la evidencia registrada corresponde al descriptor; para el nivel 4 faltaría un ejemplo más completo.,suficiente,2026-02-09T22:00:00,RV-VAC-0009-1,CV-VAC-0009-1,synthetic,SYN-006861
ASM-00203,SES-00096,APP-00052,CRI-0044,EV-S3-01,3,15,[SINTÉTICO] Nivel 3: la evidencia registrada corresponde al descriptor; para el nivel 4 faltaría un ejemplo más completo.,suficiente,2026-02-09T22:00:00,RV-VAC-0009-1,CV-VAC-0009-1,synthetic,SYN-006865
ASM-00204,SES-00097,APP-00053,CRI-0045,EV-S1-01,4,20,[SINTÉTICO] Nivel 4: la evidencia registrada corresponde al descriptor; para el nivel 4 faltaría un ejemplo más completo.,suficiente,2026-09-06T20:07:00,RV-VAC-0010-1,CV-VAC-0010-1,synthetic,SYN-006868
ASM-00205,SES-00097,APP-00053,CRI-0046,EV-S1-01,4,20,[SINTÉTICO] Nivel 4: la evidencia registrada corresponde al descriptor; para el nivel 4 faltaría un ejemplo más completo.,suficiente,2026-09-06T20:07:00,RV-VAC-0010-1,CV-VAC-0010-1,synthetic,SYN-006871
ASM-00206,SES-00098,APP-00053,CRI-0047,EV-S1-02,4,20,[SINTÉTICO] Nivel 4: la evidencia registrada corresponde al descriptor; para el nivel 4 faltaría un ejemplo más completo.,parcial,2026-09-23T14:00:00,RV-VAC-0010-1,CV-VAC-0010-1,synthetic,SYN-006876
ASM-00207,SES-00098,APP-00053,CRI-0048,EV-S1-02,4,20,[SINTÉTICO] Nivel 4: la evidencia registrada corresponde al descriptor; para el nivel 4 faltaría un ejemplo más completo.,suficiente,2026-09-23T14:00:00,RV-VAC-0010-1,CV-VAC-0010-1,synthetic,SYN-006879
ASM-00208,SES-00099,APP-00054,CRI-0045,EV-S1-02,1,5,[SINTÉTICO] Nivel 1: la evidencia registrada corresponde al descriptor; para el nivel 2 faltaría un ejemplo más completo.,suficiente,2026-09-10T01:00:00,RV-VAC-0010-1,CV-VAC-0010-1,synthetic,SYN-006882
ASM-00209,SES-00099,APP-00054,CRI-0046,EV-S1-02,1,5,[SINTÉTICO] Nivel 1: la evidencia registrada corresponde al descriptor; para el nivel 2 faltaría un ejemplo más completo.,suficiente,2026-09-10T01:00:00,RV-VAC-0010-1,CV-VAC-0010-1,synthetic,SYN-006886
ASM-00210,SES-00100,APP-00055,CRI-0045,EV-S1-01,1,5,[SINTÉTICO] Nivel 1: la evidencia registrada corresponde al descriptor; para el nivel 2 faltaría un ejemplo más completo.,parcial,2026-09-19T20:33:00,RV-VAC-0010-1,CV-VAC-0010-1,synthetic,SYN-006889
ASM-00211,SES-00100,APP-00055,CRI-0046,EV-S1-01,1,5,[SINTÉTICO] Nivel 1: la evidencia registrada corresponde al descriptor; para el nivel 2 faltaría un ejemplo más completo.,parcial,2026-09-19T20:33:00,RV-VAC-0010-1,CV-VAC-0010-1,synthetic,SYN-006893
ASM-00212,SES-00101,APP-00055,CRI-0045,EV-S1-02,2,10,[SINTÉTICO] Nivel 2: la evidencia registrada corresponde al descriptor; para el nivel 3 faltaría un ejemplo más completo.,suficiente,2026-09-23T23:33:00,RV-VAC-0010-1,CV-VAC-0010-1,synthetic,SYN-006896
ASM-00213,SES-00101,APP-00055,CRI-0046,EV-S1-02,1,5,[SINTÉTICO] Nivel 1: la evidencia registrada corresponde al descriptor; para el nivel 2 faltaría un ejemplo más completo.,suficiente,2026-09-23T23:33:00,RV-VAC-0010-1,CV-VAC-0010-1,synthetic,SYN-006900
ASM-00214,SES-00102,APP-00055,CRI-0047,EV-S1-02,2,10,[SINTÉTICO] Nivel 2: la evidencia registrada corresponde al descriptor; para el nivel 3 faltaría un ejemplo más completo.,suficiente,2026-09-29T14:00:00,RV-VAC-0010-1,CV-VAC-0010-1,synthetic,SYN-006904
ASM-00215,SES-00102,APP-00055,CRI-0048,EV-S1-02,1,5,[SINTÉTICO] Nivel 1: la evidencia registrada corresponde al descriptor; para el nivel 2 faltaría un ejemplo más completo.,parcial,2026-09-29T14:00:00,RV-VAC-0010-1,CV-VAC-0010-1,synthetic,SYN-006908
ASM-00216,SES-00103,APP-00056,CRI-0045,EV-S1-04,1,5,[SINTÉTICO] Nivel 1: la evidencia registrada corresponde al descriptor; para el nivel 2 faltaría un ejemplo más completo.,parcial,2026-09-07T07:58:00,RV-VAC-0010-1,CV-VAC-0010-1,synthetic,SYN-006911
ASM-00217,SES-00103,APP-00056,CRI-0046,EV-S1-04,2,10,[SINTÉTICO] Nivel 2: la evidencia registrada corresponde al descriptor; para el nivel 3 faltaría un ejemplo más completo.,suficiente,2026-09-07T07:58:00,RV-VAC-0010-1,CV-VAC-0010-1,synthetic,SYN-006915
ASM-00218,SES-00104,APP-00056,CRI-0047,EV-S1-01,1,5,[SINTÉTICO] Nivel 1: la evidencia registrada corresponde al descriptor; para el nivel 2 faltaría un ejemplo más completo.,suficiente,2026-09-27T17:00:00,RV-VAC-0010-1,CV-VAC-0010-1,synthetic,SYN-006918
ASM-00219,SES-00104,APP-00056,CRI-0048,EV-S1-01,2,10,[SINTÉTICO] Nivel 2: la evidencia registrada corresponde al descriptor; para el nivel 3 faltaría un ejemplo más completo.,suficiente,2026-09-27T17:00:00,RV-VAC-0010-1,CV-VAC-0010-1,synthetic,SYN-006921
ASM-00220,SES-00105,APP-00057,CRI-0045,EV-S1-02,1,5,[SINTÉTICO] Nivel 1: la evidencia registrada corresponde al descriptor; para el nivel 2 faltaría un ejemplo más completo.,parcial,2026-09-29T20:40:00,RV-VAC-0010-1,CV-VAC-0010-1,synthetic,SYN-006924
ASM-00221,SES-00105,APP-00057,CRI-0046,EV-S1-02,1,5,[SINTÉTICO] Nivel 1: la evidencia registrada corresponde al descriptor; para el nivel 2 faltaría un ejemplo más completo.,suficiente,2026-09-29T20:40:00,RV-VAC-0010-1,CV-VAC-0010-1,synthetic,SYN-006927
ASM-00222,SES-00106,APP-00057,CRI-0047,EV-S1-01,1,5,[SINTÉTICO] Nivel 1: la evidencia registrada corresponde al descriptor; para el nivel 2 faltaría un ejemplo más completo.,suficiente,2026-09-22T18:00:00,RV-VAC-0010-1,CV-VAC-0010-1,synthetic,SYN-006931
ASM-00223,SES-00106,APP-00057,CRI-0048,EV-S1-01,1,5,[SINTÉTICO] Nivel 1: la evidencia registrada corresponde al descriptor; para el nivel 2 faltaría un ejemplo más completo.,suficiente,2026-09-22T18:00:00,RV-VAC-0010-1,CV-VAC-0010-1,synthetic,SYN-006933
ASM-00224,SES-00107,APP-00058,CRI-0049,EV-S2-04,4,20,[SINTÉTICO] Nivel 4: la evidencia registrada corresponde al descriptor; para el nivel 4 faltaría un ejemplo más completo.,parcial,2026-09-18T02:56:00,RV-VAC-0011-1,CV-VAC-0011-1,synthetic,SYN-006937
ASM-00225,SES-00107,APP-00058,CRI-0050,EV-S2-04,4,20,[SINTÉTICO] Nivel 4: la evidencia registrada corresponde al descriptor; para el nivel 4 faltaría un ejemplo más completo.,parcial,2026-09-18T02:56:00,RV-VAC-0011-1,CV-VAC-0011-1,synthetic,SYN-006940
ASM-00226,SES-00107,APP-00058,CRI-0051,EV-S2-04,4,20,[SINTÉTICO] Nivel 4: la evidencia registrada corresponde al descriptor; para el nivel 4 faltaría un ejemplo más completo.,parcial,2026-09-18T02:56:00,RV-VAC-0011-1,CV-VAC-0011-1,synthetic,SYN-006944
ASM-00227,SES-00108,APP-00058,CRI-0052,EV-S2-01,4,20,[SINTÉTICO] Nivel 4: la evidencia registrada corresponde al descriptor; para el nivel 4 faltaría un ejemplo más completo.,parcial,2026-09-22T20:00:00,RV-VAC-0011-1,CV-VAC-0011-1,synthetic,SYN-006948
ASM-00228,SES-00108,APP-00058,CRI-0053,EV-S2-01,4,20,[SINTÉTICO] Nivel 4: la evidencia registrada corresponde al descriptor; para el nivel 4 faltaría un ejemplo más completo.,parcial,2026-09-22T20:00:00,RV-VAC-0011-1,CV-VAC-0011-1,synthetic,SYN-006951
ASM-00229,SES-00109,APP-00059,CRI-0049,EV-S2-02,1,5,[SINTÉTICO] Nivel 1: la evidencia registrada corresponde al descriptor; para el nivel 2 faltaría un ejemplo más completo.,suficiente,2026-09-24T04:55:00,RV-VAC-0011-1,CV-VAC-0011-1,synthetic,SYN-006956
ASM-00230,SES-00109,APP-00059,CRI-0050,EV-S2-02,1,5,[SINTÉTICO] Nivel 1: la evidencia registrada corresponde al descriptor; para el nivel 2 faltaría un ejemplo más completo.,suficiente,2026-09-24T04:55:00,RV-VAC-0011-1,CV-VAC-0011-1,synthetic,SYN-006960
ASM-00231,SES-00109,APP-00059,CRI-0051,EV-S2-02,2,10,[SINTÉTICO] Nivel 2: la evidencia registrada corresponde al descriptor; para el nivel 3 faltaría un ejemplo más completo.,parcial,2026-09-24T04:55:00,RV-VAC-0011-1,CV-VAC-0011-1,synthetic,SYN-006962
ASM-00232,SES-00111,APP-00060,CRI-0049,EV-S2-02,3,15,[SINTÉTICO] Nivel 3: la evidencia registrada corresponde al descriptor; para el nivel 4 faltaría un ejemplo más completo.,parcial,2026-09-15T03:24:00,RV-VAC-0011-1,CV-VAC-0011-1,synthetic,SYN-006968
ASM-00233,SES-00111,APP-00060,CRI-0050,EV-S2-02,3,15,[SINTÉTICO] Nivel 3: la evidencia registrada corresponde al descriptor; para el nivel 4 faltaría un ejemplo más completo.,parcial,2026-09-15T03:24:00,RV-VAC-0011-1,CV-VAC-0011-1,synthetic,SYN-006972
ASM-00234,SES-00111,APP-00060,CRI-0051,EV-S2-02,3,15,[SINTÉTICO] Nivel 3: la evidencia registrada corresponde al descriptor; para el nivel 4 faltaría un ejemplo más completo.,parcial,2026-09-15T03:24:00,RV-VAC-0011-1,CV-VAC-0011-1,synthetic,SYN-006975
ASM-00235,SES-00113,APP-00061,CRI-0049,EV-S2-01,3,15,[SINTÉTICO] Nivel 3: la evidencia registrada corresponde al descriptor; para el nivel 4 faltaría un ejemplo más completo.,suficiente,2026-09-13T07:48:00,RV-VAC-0011-1,CV-VAC-0011-1,synthetic,SYN-006983
ASM-00236,SES-00113,APP-00061,CRI-0050,EV-S2-01,2,10,[SINTÉTICO] Nivel 2: la evidencia registrada corresponde al descriptor; para el nivel 3 faltaría un ejemplo más completo.,suficiente,2026-09-13T07:48:00,RV-VAC-0011-1,CV-VAC-0011-1,synthetic,SYN-006986
ASM-00237,SES-00113,APP-00061,CRI-0051,EV-S2-01,3,15,[SINTÉTICO] Nivel 3: la evidencia registrada corresponde al descriptor; para el nivel 4 faltaría un ejemplo más completo.,suficiente,2026-09-13T07:48:00,RV-VAC-0011-1,CV-VAC-0011-1,synthetic,SYN-006990
ASM-00238,SES-00115,APP-00062,CRI-0049,EV-S2-03,2,10,[SINTÉTICO] Nivel 2: la evidencia registrada corresponde al descriptor; para el nivel 3 faltaría un ejemplo más completo.,parcial,2026-09-16T17:14:00,RV-VAC-0011-1,CV-VAC-0011-1,synthetic,SYN-006997
ASM-00239,SES-00115,APP-00062,CRI-0050,EV-S2-03,2,10,[SINTÉTICO] Nivel 2: la evidencia registrada corresponde al descriptor; para el nivel 3 faltaría un ejemplo más completo.,suficiente,2026-09-16T17:14:00,RV-VAC-0011-1,CV-VAC-0011-1,synthetic,SYN-007000
ASM-00240,SES-00115,APP-00062,CRI-0051,EV-S2-03,2,10,[SINTÉTICO] Nivel 2: la evidencia registrada corresponde al descriptor; para el nivel 3 faltaría un ejemplo más completo.,suficiente,2026-09-16T17:14:00,RV-VAC-0011-1,CV-VAC-0011-1,synthetic,SYN-007003
ASM-00241,SES-00116,APP-00062,CRI-0049,EV-S2-01,4,20,[SINTÉTICO] Nivel 4: la evidencia registrada corresponde al descriptor; para el nivel 4 faltaría un ejemplo más completo.,suficiente,2026-09-16T01:00:00,RV-VAC-0011-1,CV-VAC-0011-1,synthetic,SYN-007006
ASM-00242,SES-00116,APP-00062,CRI-0050,EV-S2-01,4,20,[SINTÉTICO] Nivel 4: la evidencia registrada corresponde al descriptor; para el nivel 4 faltaría un ejemplo más completo.,suficiente,2026-09-16T01:00:00,RV-VAC-0011-1,CV-VAC-0011-1,synthetic,SYN-007009
ASM-00243,SES-00116,APP-00062,CRI-0051,EV-S2-01,2,10,[SINTÉTICO] Nivel 2: la evidencia registrada corresponde al descriptor; para el nivel 3 faltaría un ejemplo más completo.,parcial,2026-09-16T01:00:00,RV-VAC-0011-1,CV-VAC-0011-1,synthetic,SYN-007013
ASM-00244,SES-00117,APP-00062,CRI-0052,EV-S2-04,3,15,[SINTÉTICO] Nivel 3: la evidencia registrada corresponde al descriptor; para el nivel 4 faltaría un ejemplo más completo.,parcial,2026-09-30T17:00:00,RV-VAC-0011-1,CV-VAC-0011-1,synthetic,SYN-007018
ASM-00245,SES-00117,APP-00062,CRI-0053,EV-S2-04,3,15,[SINTÉTICO] Nivel 3: la evidencia registrada corresponde al descriptor; para el nivel 4 faltaría un ejemplo más completo.,parcial,2026-09-30T17:00:00,RV-VAC-0011-1,CV-VAC-0011-1,synthetic,SYN-007021
ASM-00246,SES-00118,APP-00063,CRI-0054,EV-S3-02,3,15,[SINTÉTICO] Nivel 3: la evidencia registrada corresponde al descriptor; para el nivel 4 faltaría un ejemplo más completo.,suficiente,2026-04-02T14:49:00,RV-VAC-0012-1,CV-VAC-0012-1,synthetic,SYN-007025
ASM-00247,SES-00118,APP-00063,CRI-0055,EV-S3-02,4,20,[SINTÉTICO] Nivel 4: la evidencia registrada corresponde al descriptor; para el nivel 4 faltaría un ejemplo más completo.,parcial,2026-04-02T14:49:00,RV-VAC-0012-1,CV-VAC-0012-1,synthetic,SYN-007028
ASM-00248,SES-00118,APP-00063,CRI-0056,EV-S3-02,3,15,[SINTÉTICO] Nivel 3: la evidencia registrada corresponde al descriptor; para el nivel 4 faltaría un ejemplo más completo.,suficiente,2026-04-02T14:49:00,RV-VAC-0012-1,CV-VAC-0012-1,synthetic,SYN-007030
ASM-00249,SES-00119,APP-00063,CRI-0057,EV-S3-04,3,15,[SINTÉTICO] Nivel 3: la evidencia registrada corresponde al descriptor; para el nivel 4 faltaría un ejemplo más completo.,suficiente,2026-04-12T19:00:00,RV-VAC-0012-1,CV-VAC-0012-1,synthetic,SYN-007034
ASM-00250,SES-00119,APP-00063,CRI-0058,EV-S3-04,3,15,[SINTÉTICO] Nivel 3: la evidencia registrada corresponde al descriptor; para el nivel 4 faltaría un ejemplo más completo.,suficiente,2026-04-12T19:00:00,RV-VAC-0012-1,CV-VAC-0012-1,synthetic,SYN-007037
ASM-00251,SES-00119,APP-00063,CRI-0059,EV-S3-04,2,10,[SINTÉTICO] Nivel 2: la evidencia registrada corresponde al descriptor; para el nivel 3 faltaría un ejemplo más completo.,suficiente,2026-04-12T19:00:00,RV-VAC-0012-1,CV-VAC-0012-1,synthetic,SYN-007041
ASM-00252,SES-00120,APP-00064,CRI-0054,EV-S3-04,2,10,[SINTÉTICO] Nivel 2: la evidencia registrada corresponde al descriptor; para el nivel 3 faltaría un ejemplo más completo.,parcial,2026-04-17T02:50:00,RV-VAC-0012-1,CV-VAC-0012-1,synthetic,SYN-007045
ASM-00253,SES-00120,APP-00064,CRI-0055,EV-S3-04,2,10,[SINTÉTICO] Nivel 2: la evidencia registrada corresponde al descriptor; para el nivel 3 faltaría un ejemplo más completo.,suficiente,2026-04-17T02:50:00,RV-VAC-0012-1,CV-VAC-0012-1,synthetic,SYN-007048
ASM-00254,SES-00120,APP-00064,CRI-0056,EV-S3-04,2,10,[SINTÉTICO] Nivel 2: la evidencia registrada corresponde al descriptor; para el nivel 3 faltaría un ejemplo más completo.,suficiente,2026-04-17T02:50:00,RV-VAC-0012-1,CV-VAC-0012-1,synthetic,SYN-007050
ASM-00255,SES-00121,APP-00064,CRI-0057,EV-S3-02,2,10,[SINTÉTICO] Nivel 2: la evidencia registrada corresponde al descriptor; para el nivel 3 faltaría un ejemplo más completo.,suficiente,2026-04-17T19:00:00,RV-VAC-0012-1,CV-VAC-0012-1,synthetic,SYN-007055
ASM-00256,SES-00121,APP-00064,CRI-0058,EV-S3-02,1,5,[SINTÉTICO] Nivel 1: la evidencia registrada corresponde al descriptor; para el nivel 2 faltaría un ejemplo más completo.,insuficiente,2026-04-17T19:00:00,RV-VAC-0012-1,CV-VAC-0012-1,synthetic,SYN-007057
ASM-00257,SES-00121,APP-00064,CRI-0059,EV-S3-02,2,10,[SINTÉTICO] Nivel 2: la evidencia registrada corresponde al descriptor; para el nivel 3 faltaría un ejemplo más completo.,parcial,2026-04-17T19:00:00,RV-VAC-0012-1,CV-VAC-0012-1,synthetic,SYN-007058
ASM-00258,SES-00122,APP-00065,CRI-0054,EV-S3-01,4,20,[SINTÉTICO] Nivel 4: la evidencia registrada corresponde al descriptor; para el nivel 4 faltaría un ejemplo más completo.,suficiente,2026-04-07T11:20:00,RV-VAC-0012-1,CV-VAC-0012-1,synthetic,SYN-007061
ASM-00259,SES-00122,APP-00065,CRI-0055,EV-S3-01,3,15,[SINTÉTICO] Nivel 3: la evidencia registrada corresponde al descriptor; para el nivel 4 faltaría un ejemplo más completo.,parcial,2026-04-07T11:20:00,RV-VAC-0012-1,CV-VAC-0012-1,synthetic,SYN-007064
ASM-00260,SES-00122,APP-00065,CRI-0056,EV-S3-01,4,20,[SINTÉTICO] Nivel 4: la evidencia registrada corresponde al descriptor; para el nivel 4 faltaría un ejemplo más completo.,suficiente,2026-04-07T11:20:00,RV-VAC-0012-1,CV-VAC-0012-1,synthetic,SYN-007066
ASM-00261,SES-00123,APP-00065,CRI-0057,EV-S3-03,4,20,[SINTÉTICO] Nivel 4: la evidencia registrada corresponde al descriptor; para el nivel 4 faltaría un ejemplo más completo.,insuficiente,2026-04-10T18:00:00,RV-VAC-0012-1,CV-VAC-0012-1,synthetic,SYN-007070
ASM-00262,SES-00123,APP-00065,CRI-0058,EV-S3-03,4,20,[SINTÉTICO] Nivel 4: la evidencia registrada corresponde al descriptor; para el nivel 4 faltaría un ejemplo más completo.,insuficiente,2026-04-10T18:00:00,RV-VAC-0012-1,CV-VAC-0012-1,synthetic,SYN-007071
ASM-00263,SES-00123,APP-00065,CRI-0059,EV-S3-03,4,20,[SINTÉTICO] Nivel 4: la evidencia registrada corresponde al descriptor; para el nivel 4 faltaría un ejemplo más completo.,parcial,2026-04-10T18:00:00,RV-VAC-0012-1,CV-VAC-0012-1,synthetic,SYN-007073
ASM-00264,SES-00125,APP-00067,CRI-0054,EV-S3-02,1,5,[SINTÉTICO] Nivel 1: la evidencia registrada corresponde al descriptor; para el nivel 2 faltaría un ejemplo más completo.,suficiente,2026-04-09T01:32:00,RV-VAC-0012-1,CV-VAC-0012-1,synthetic,SYN-007078
ASM-00265,SES-00125,APP-00067,CRI-0055,EV-S3-02,2,10,[SINTÉTICO] Nivel 2: la evidencia registrada corresponde al descriptor; para el nivel 3 faltaría un ejemplo más completo.,suficiente,2026-04-09T01:32:00,RV-VAC-0012-1,CV-VAC-0012-1,synthetic,SYN-007080
ASM-00266,SES-00125,APP-00067,CRI-0056,EV-S3-02,2,10,[SINTÉTICO] Nivel 2: la evidencia registrada corresponde al descriptor; para el nivel 3 faltaría un ejemplo más completo.,suficiente,2026-04-09T01:32:00,RV-VAC-0012-1,CV-VAC-0012-1,synthetic,SYN-007082
ASM-00267,SES-00126,APP-00067,CRI-0054,EV-S3-03,2,10,[SINTÉTICO] Nivel 2: la evidencia registrada corresponde al descriptor; para el nivel 3 faltaría un ejemplo más completo.,parcial,2026-04-08T02:32:00,RV-VAC-0012-1,CV-VAC-0012-1,synthetic,SYN-007086
ASM-00268,SES-00126,APP-00067,CRI-0055,EV-S3-03,3,15,[SINTÉTICO] Nivel 3: la evidencia registrada corresponde al descriptor; para el nivel 4 faltaría un ejemplo más completo.,suficiente,2026-04-08T02:32:00,RV-VAC-0012-1,CV-VAC-0012-1,synthetic,SYN-007089
ASM-00269,SES-00126,APP-00067,CRI-0056,EV-S3-03,1,5,[SINTÉTICO] Nivel 1: la evidencia registrada corresponde al descriptor; para el nivel 2 faltaría un ejemplo más completo.,suficiente,2026-04-08T02:32:00,RV-VAC-0012-1,CV-VAC-0012-1,synthetic,SYN-007092
ASM-00270,SES-00127,APP-00067,CRI-0057,EV-S3-04,2,10,[SINTÉTICO] Nivel 2: la evidencia registrada corresponde al descriptor; para el nivel 3 faltaría un ejemplo más completo.,suficiente,2026-04-18T17:00:00,RV-VAC-0012-1,CV-VAC-0012-1,synthetic,SYN-007097
ASM-00271,SES-00127,APP-00067,CRI-0058,EV-S3-04,2,10,[SINTÉTICO] Nivel 2: la evidencia registrada corresponde al descriptor; para el nivel 3 faltaría un ejemplo más completo.,suficiente,2026-04-18T17:00:00,RV-VAC-0012-1,CV-VAC-0012-1,synthetic,SYN-007099
ASM-00272,SES-00127,APP-00067,CRI-0059,EV-S3-04,2,10,[SINTÉTICO] Nivel 2: la evidencia registrada corresponde al descriptor; para el nivel 3 faltaría un ejemplo más completo.,suficiente,2026-04-18T17:00:00,RV-VAC-0012-1,CV-VAC-0012-1,synthetic,SYN-007101
ASM-00273,SES-00128,APP-00068,CRI-0054,EV-S3-02,2,10,[SINTÉTICO] Nivel 2: la evidencia registrada corresponde al descriptor; para el nivel 3 faltaría un ejemplo más completo.,suficiente,2026-04-11T09:39:00,RV-VAC-0012-1,CV-VAC-0012-1,synthetic,SYN-007105
ASM-00274,SES-00128,APP-00068,CRI-0055,EV-S3-02,1,5,[SINTÉTICO] Nivel 1: la evidencia registrada corresponde al descriptor; para el nivel 2 faltaría un ejemplo más completo.,suficiente,2026-04-11T09:39:00,RV-VAC-0012-1,CV-VAC-0012-1,synthetic,SYN-007107
ASM-00275,SES-00128,APP-00068,CRI-0056,EV-S3-02,1,5,[SINTÉTICO] Nivel 1: la evidencia registrada corresponde al descriptor; para el nivel 2 faltaría un ejemplo más completo.,insuficiente,2026-04-11T09:39:00,RV-VAC-0012-1,CV-VAC-0012-1,synthetic,SYN-007110
ASM-00276,SES-00129,APP-00068,CRI-0057,EV-S3-01,2,10,[SINTÉTICO] Nivel 2: la evidencia registrada corresponde al descriptor; para el nivel 3 faltaría un ejemplo más completo.,suficiente,2026-04-09T15:00:00,RV-VAC-0012-1,CV-VAC-0012-1,synthetic,SYN-007112
ASM-00277,SES-00129,APP-00068,CRI-0058,EV-S3-01,1,5,[SINTÉTICO] Nivel 1: la evidencia registrada corresponde al descriptor; para el nivel 2 faltaría un ejemplo más completo.,suficiente,2026-04-09T15:00:00,RV-VAC-0012-1,CV-VAC-0012-1,synthetic,SYN-007115
ASM-00278,SES-00129,APP-00068,CRI-0059,EV-S3-01,1,5,[SINTÉTICO] Nivel 1: la evidencia registrada corresponde al descriptor; para el nivel 2 faltaría un ejemplo más completo.,suficiente,2026-04-09T15:00:00,RV-VAC-0012-1,CV-VAC-0012-1,synthetic,SYN-007119
ASM-00279,SES-00130,APP-00070,CRI-0060,EV-S1-03,4,20,[SINTÉTICO] Nivel 4: la evidencia registrada corresponde al descriptor; para el nivel 4 faltaría un ejemplo más completo.,suficiente,2026-09-30T04:41:00,RV-VAC-0013-1,CV-VAC-0013-1,synthetic,SYN-007122
ASM-00280,SES-00130,APP-00070,CRI-0061,EV-S1-03,4,20,[SINTÉTICO] Nivel 4: la evidencia registrada corresponde al descriptor; para el nivel 4 faltaría un ejemplo más completo.,parcial,2026-09-30T04:41:00,RV-VAC-0013-1,CV-VAC-0013-1,synthetic,SYN-007126
ASM-00281,SES-00130,APP-00070,CRI-0062,EV-S1-03,4,20,[SINTÉTICO] Nivel 4: la evidencia registrada corresponde al descriptor; para el nivel 4 faltaría un ejemplo más completo.,suficiente,2026-09-30T04:41:00,RV-VAC-0013-1,CV-VAC-0013-1,synthetic,SYN-007129
ASM-00282,SES-00134,APP-00072,CRI-0060,EV-S1-02,1,5,[SINTÉTICO] Nivel 1: la evidencia registrada corresponde al descriptor; para el nivel 2 faltaría un ejemplo más completo.,parcial,2026-09-22T11:57:00,RV-VAC-0013-1,CV-VAC-0013-1,synthetic,SYN-007138
ASM-00283,SES-00134,APP-00072,CRI-0061,EV-S1-02,1,5,[SINTÉTICO] Nivel 1: la evidencia registrada corresponde al descriptor; para el nivel 2 faltaría un ejemplo más completo.,suficiente,2026-09-22T11:57:00,RV-VAC-0013-1,CV-VAC-0013-1,synthetic,SYN-007140
ASM-00284,SES-00134,APP-00072,CRI-0062,EV-S1-02,1,5,[SINTÉTICO] Nivel 1: la evidencia registrada corresponde al descriptor; para el nivel 2 faltaría un ejemplo más completo.,parcial,2026-09-22T11:57:00,RV-VAC-0013-1,CV-VAC-0013-1,synthetic,SYN-007143
ASM-00285,SES-00142,APP-00076,CRI-0060,EV-S1-01,1,5,[SINTÉTICO] Nivel 1: la evidencia registrada corresponde al descriptor; para el nivel 2 faltaría un ejemplo más completo.,suficiente,2026-09-29T09:11:00,RV-VAC-0013-1,CV-VAC-0013-1,synthetic,SYN-007159
ASM-00286,SES-00142,APP-00076,CRI-0061,EV-S1-01,1,5,[SINTÉTICO] Nivel 1: la evidencia registrada corresponde al descriptor; para el nivel 2 faltaría un ejemplo más completo.,suficiente,2026-09-29T09:11:00,RV-VAC-0013-1,CV-VAC-0013-1,synthetic,SYN-007161
ASM-00287,SES-00142,APP-00076,CRI-0062,EV-S1-01,1,5,[SINTÉTICO] Nivel 1: la evidencia registrada corresponde al descriptor; para el nivel 2 faltaría un ejemplo más completo.,suficiente,2026-09-29T09:11:00,RV-VAC-0013-1,CV-VAC-0013-1,synthetic,SYN-007163
ASM-00288,SES-00144,APP-00078,CRI-0060,EV-S1-03,4,20,[SINTÉTICO] Nivel 4: la evidencia registrada corresponde al descriptor; para el nivel 4 faltaría un ejemplo más completo.,parcial,2026-09-28T07:14:00,RV-VAC-0013-1,CV-VAC-0013-1,synthetic,SYN-007168
ASM-00289,SES-00144,APP-00078,CRI-0061,EV-S1-03,4,20,[SINTÉTICO] Nivel 4: la evidencia registrada corresponde al descriptor; para el nivel 4 faltaría un ejemplo más completo.,suficiente,2026-09-28T07:14:00,RV-VAC-0013-1,CV-VAC-0013-1,synthetic,SYN-007171
ASM-00290,SES-00144,APP-00078,CRI-0062,EV-S1-03,4,20,[SINTÉTICO] Nivel 4: la evidencia registrada corresponde al descriptor; para el nivel 4 faltaría un ejemplo más completo.,suficiente,2026-09-28T07:14:00,RV-VAC-0013-1,CV-VAC-0013-1,synthetic,SYN-007174
ASM-00291,SES-00145,APP-00078,CRI-0060,EV-S1-02,4,20,[SINTÉTICO] Nivel 4: la evidencia registrada corresponde al descriptor; para el nivel 4 faltaría un ejemplo más completo.,parcial,2026-09-28T03:14:00,RV-VAC-0013-1,CV-VAC-0013-1,synthetic,SYN-007178
ASM-00292,SES-00145,APP-00078,CRI-0061,EV-S1-02,2,10,[SINTÉTICO] Nivel 2: la evidencia registrada corresponde al descriptor; para el nivel 3 faltaría un ejemplo más completo.,suficiente,2026-09-28T03:14:00,RV-VAC-0013-1,CV-VAC-0013-1,synthetic,SYN-007182
ASM-00293,SES-00145,APP-00078,CRI-0062,EV-S1-02,4,20,[SINTÉTICO] Nivel 4: la evidencia registrada corresponde al descriptor; para el nivel 4 faltaría un ejemplo más completo.,insuficiente,2026-09-28T03:14:00,RV-VAC-0013-1,CV-VAC-0013-1,synthetic,SYN-007186
ASM-00294,SES-00148,APP-00079,CRI-0063,EV-S1-04,2,10,[SINTÉTICO] Nivel 2: la evidencia registrada corresponde al descriptor; para el nivel 3 faltaría un ejemplo más completo.,suficiente,2026-09-30T21:00:00,RV-VAC-0013-1,CV-VAC-0013-1,synthetic,SYN-007191
ASM-00295,SES-00148,APP-00079,CRI-0064,EV-S1-04,2,10,[SINTÉTICO] Nivel 2: la evidencia registrada corresponde al descriptor; para el nivel 3 faltaría un ejemplo más completo.,suficiente,2026-09-30T21:00:00,RV-VAC-0013-1,CV-VAC-0013-1,synthetic,SYN-007194
ASM-00296,SES-00149,APP-00080,CRI-0060,EV-S1-03,3,15,[SINTÉTICO] Nivel 3: la evidencia registrada corresponde al descriptor; para el nivel 4 faltaría un ejemplo más completo.,suficiente,2026-09-21T16:26:00,RV-VAC-0013-1,CV-VAC-0013-1,synthetic,SYN-007198
ASM-00297,SES-00149,APP-00080,CRI-0061,EV-S1-03,3,15,[SINTÉTICO] Nivel 3: la evidencia registrada corresponde al descriptor; para el nivel 4 faltaría un ejemplo más completo.,suficiente,2026-09-21T16:26:00,RV-VAC-0013-1,CV-VAC-0013-1,synthetic,SYN-007202
ASM-00298,SES-00149,APP-00080,CRI-0062,EV-S1-03,3,15,[SINTÉTICO] Nivel 3: la evidencia registrada corresponde al descriptor; para el nivel 4 faltaría un ejemplo más completo.,suficiente,2026-09-21T16:26:00,RV-VAC-0013-1,CV-VAC-0013-1,synthetic,SYN-007205
ASM-00299,SES-00155,APP-00083,CRI-0060,EV-S1-02,4,20,[SINTÉTICO] Nivel 4: la evidencia registrada corresponde al descriptor; para el nivel 4 faltaría un ejemplo más completo.,parcial,2026-09-26T01:59:00,RV-VAC-0013-1,CV-VAC-0013-1,synthetic,SYN-007217
ASM-00300,SES-00155,APP-00083,CRI-0061,EV-S1-02,4,20,[SINTÉTICO] Nivel 4: la evidencia registrada corresponde al descriptor; para el nivel 4 faltaría un ejemplo más completo.,insuficiente,2026-09-26T01:59:00,RV-VAC-0013-1,CV-VAC-0013-1,synthetic,SYN-007220
ASM-00301,SES-00155,APP-00083,CRI-0062,EV-S1-02,3,15,[SINTÉTICO] Nivel 3: la evidencia registrada corresponde al descriptor; para el nivel 4 faltaría un ejemplo más completo.,suficiente,2026-09-26T01:59:00,RV-VAC-0013-1,CV-VAC-0013-1,synthetic,SYN-007221
ASM-00302,SES-00156,APP-00083,CRI-0063,EV-S1-03,4,20,[SINTÉTICO] Nivel 4: la evidencia registrada corresponde al descriptor; para el nivel 4 faltaría un ejemplo más completo.,suficiente,2026-09-27T16:00:00,RV-VAC-0013-1,CV-VAC-0013-1,synthetic,SYN-007226
ASM-00303,SES-00156,APP-00083,CRI-0064,EV-S1-03,4,20,[SINTÉTICO] Nivel 4: la evidencia registrada corresponde al descriptor; para el nivel 4 faltaría un ejemplo más completo.,suficiente,2026-09-27T16:00:00,RV-VAC-0013-1,CV-VAC-0013-1,synthetic,SYN-007229
ASM-00304,SES-00157,APP-00084,CRI-0065,EV-S2-04,3,15,[SINTÉTICO] Nivel 3: la evidencia registrada corresponde al descriptor; para el nivel 4 faltaría un ejemplo más completo.,parcial,2026-02-19T07:32:00,RV-VAC-0014-1,CV-VAC-0014-1,synthetic,SYN-007232
ASM-00305,SES-00157,APP-00084,CRI-0066,EV-S2-04,2,10,[SINTÉTICO] Nivel 2: la evidencia registrada corresponde al descriptor; para el nivel 3 faltaría un ejemplo más completo.,insuficiente,2026-02-19T07:32:00,RV-VAC-0014-1,CV-VAC-0014-1,synthetic,SYN-007236
ASM-00306,SES-00158,APP-00084,CRI-0065,EV-S2-01,3,15,[SINTÉTICO] Nivel 3: la evidencia registrada corresponde al descriptor; para el nivel 4 faltaría un ejemplo más completo.,insuficiente,2026-02-16T22:32:00,RV-VAC-0014-1,CV-VAC-0014-1,synthetic,SYN-007238
ASM-00307,SES-00158,APP-00084,CRI-0066,EV-S2-01,1,5,[SINTÉTICO] Nivel 1: la evidencia registrada corresponde al descriptor; para el nivel 2 faltaría un ejemplo más completo.,suficiente,2026-02-16T22:32:00,RV-VAC-0014-1,CV-VAC-0014-1,synthetic,SYN-007239
ASM-00308,SES-00159,APP-00084,CRI-0067,EV-S2-01,3,15,[SINTÉTICO] Nivel 3: la evidencia registrada corresponde al descriptor; para el nivel 4 faltaría un ejemplo más completo.,suficiente,2026-02-23T21:00:00,RV-VAC-0014-1,CV-VAC-0014-1,synthetic,SYN-007243
ASM-00309,SES-00159,APP-00084,CRI-0068,EV-S2-01,4,20,[SINTÉTICO] Nivel 4: la evidencia registrada corresponde al descriptor; para el nivel 4 faltaría un ejemplo más completo.,parcial,2026-02-23T21:00:00,RV-VAC-0014-1,CV-VAC-0014-1,synthetic,SYN-007246
ASM-00310,SES-00160,APP-00085,CRI-0065,EV-S2-03,4,20,[SINTÉTICO] Nivel 4: la evidencia registrada corresponde al descriptor; para el nivel 4 faltaría un ejemplo más completo.,parcial,2026-02-21T09:52:00,RV-VAC-0014-1,CV-VAC-0014-1,synthetic,SYN-007250
ASM-00311,SES-00160,APP-00085,CRI-0066,EV-S2-03,3,15,[SINTÉTICO] Nivel 3: la evidencia registrada corresponde al descriptor; para el nivel 4 faltaría un ejemplo más completo.,parcial,2026-02-21T09:52:00,RV-VAC-0014-1,CV-VAC-0014-1,synthetic,SYN-007253
ASM-00312,SES-00161,APP-00085,CRI-0067,EV-S2-01,4,20,[SINTÉTICO] Nivel 4: la evidencia registrada corresponde al descriptor; para el nivel 4 faltaría un ejemplo más completo.,suficiente,2026-02-18T21:00:00,RV-VAC-0014-1,CV-VAC-0014-1,synthetic,SYN-007256
ASM-00313,SES-00161,APP-00085,CRI-0068,EV-S2-01,4,20,[SINTÉTICO] Nivel 4: la evidencia registrada corresponde al descriptor; para el nivel 4 faltaría un ejemplo más completo.,insuficiente,2026-02-18T21:00:00,RV-VAC-0014-1,CV-VAC-0014-1,synthetic,SYN-007258
ASM-00314,SES-00162,APP-00086,CRI-0065,EV-S2-03,4,20,[SINTÉTICO] Nivel 4: la evidencia registrada corresponde al descriptor; para el nivel 4 faltaría un ejemplo más completo.,suficiente,2026-02-22T09:18:00,RV-VAC-0014-1,CV-VAC-0014-1,synthetic,SYN-007260
ASM-00315,SES-00162,APP-00086,CRI-0066,EV-S2-03,4,20,[SINTÉTICO] Nivel 4: la evidencia registrada corresponde al descriptor; para el nivel 4 faltaría un ejemplo más completo.,suficiente,2026-02-22T09:18:00,RV-VAC-0014-1,CV-VAC-0014-1,synthetic,SYN-007262
ASM-00316,SES-00163,APP-00086,CRI-0067,EV-S2-03,3,15,[SINTÉTICO] Nivel 3: la evidencia registrada corresponde al descriptor; para el nivel 4 faltaría un ejemplo más completo.,suficiente,2026-02-26T01:00:00,RV-VAC-0014-1,CV-VAC-0014-1,synthetic,SYN-007267
ASM-00317,SES-00163,APP-00086,CRI-0068,EV-S2-03,4,20,[SINTÉTICO] Nivel 4: la evidencia registrada corresponde al descriptor; para el nivel 4 faltaría un ejemplo más completo.,suficiente,2026-02-26T01:00:00,RV-VAC-0014-1,CV-VAC-0014-1,synthetic,SYN-007269
ASM-00318,SES-00164,APP-00087,CRI-0065,EV-S2-03,3,15,[SINTÉTICO] Nivel 3: la evidencia registrada corresponde al descriptor; para el nivel 4 faltaría un ejemplo más completo.,suficiente,2026-02-26T04:42:00,RV-VAC-0014-1,CV-VAC-0014-1,synthetic,SYN-007272
ASM-00319,SES-00164,APP-00087,CRI-0066,EV-S2-03,4,20,[SINTÉTICO] Nivel 4: la evidencia registrada corresponde al descriptor; para el nivel 4 faltaría un ejemplo más completo.,suficiente,2026-02-26T04:42:00,RV-VAC-0014-1,CV-VAC-0014-1,synthetic,SYN-007276
ASM-00320,SES-00165,APP-00087,CRI-0065,EV-S2-02,1,5,[SINTÉTICO] Nivel 1: la evidencia registrada corresponde al descriptor; para el nivel 2 faltaría un ejemplo más completo.,suficiente,2026-02-23T03:42:00,RV-VAC-0014-1,CV-VAC-0014-1,synthetic,SYN-007280
ASM-00321,SES-00165,APP-00087,CRI-0066,EV-S2-02,4,20,[SINTÉTICO] Nivel 4: la evidencia registrada corresponde al descriptor; para el nivel 4 faltaría un ejemplo más completo.,suficiente,2026-02-23T03:42:00,RV-VAC-0014-1,CV-VAC-0014-1,synthetic,SYN-007283
ASM-00322,SES-00166,APP-00087,CRI-0067,EV-S2-04,2,10,[SINTÉTICO] Nivel 2: la evidencia registrada corresponde al descriptor; para el nivel 3 faltaría un ejemplo más completo.,suficiente,2026-03-05T03:00:00,RV-VAC-0014-1,CV-VAC-0014-1,synthetic,SYN-007286
ASM-00323,SES-00166,APP-00087,CRI-0068,EV-S2-04,2,10,[SINTÉTICO] Nivel 2: la evidencia registrada corresponde al descriptor; para el nivel 3 faltaría un ejemplo más completo.,suficiente,2026-03-05T03:00:00,RV-VAC-0014-1,CV-VAC-0014-1,synthetic,SYN-007288
ASM-00324,SES-00167,APP-00088,CRI-0065,EV-S2-01,4,20,[SINTÉTICO] Nivel 4: la evidencia registrada corresponde al descriptor; para el nivel 4 faltaría un ejemplo más completo.,parcial,2026-02-16T04:19:00,RV-VAC-0014-1,CV-VAC-0014-1,synthetic,SYN-007293
ASM-00325,SES-00167,APP-00088,CRI-0066,EV-S2-01,3,15,[SINTÉTICO] Nivel 3: la evidencia registrada corresponde al descriptor; para el nivel 4 faltaría un ejemplo más completo.,parcial,2026-02-16T04:19:00,RV-VAC-0014-1,CV-VAC-0014-1,synthetic,SYN-007296
ASM-00326,SES-00168,APP-00088,CRI-0067,EV-S2-02,4,20,[SINTÉTICO] Nivel 4: la evidencia registrada corresponde al descriptor; para el nivel 4 faltaría un ejemplo más completo.,parcial,2026-03-02T17:00:00,RV-VAC-0014-1,CV-VAC-0014-1,synthetic,SYN-007299
ASM-00327,SES-00168,APP-00088,CRI-0068,EV-S2-02,3,15,[SINTÉTICO] Nivel 3: la evidencia registrada corresponde al descriptor; para el nivel 4 faltaría un ejemplo más completo.,suficiente,2026-03-02T17:00:00,RV-VAC-0014-1,CV-VAC-0014-1,synthetic,SYN-007301
ASM-00328,SES-00169,APP-00090,CRI-0065,EV-S2-03,3,15,[SINTÉTICO] Nivel 3: la evidencia registrada corresponde al descriptor; para el nivel 4 faltaría un ejemplo más completo.,suficiente,2026-02-15T11:03:00,RV-VAC-0014-1,CV-VAC-0014-1,synthetic,SYN-007304
ASM-00329,SES-00169,APP-00090,CRI-0066,EV-S2-03,4,20,[SINTÉTICO] Nivel 4: la evidencia registrada corresponde al descriptor; para el nivel 4 faltaría un ejemplo más completo.,suficiente,2026-02-15T11:03:00,RV-VAC-0014-1,CV-VAC-0014-1,synthetic,SYN-007306
ASM-00330,SES-00170,APP-00090,CRI-0067,EV-S2-01,3,15,[SINTÉTICO] Nivel 3: la evidencia registrada corresponde al descriptor; para el nivel 4 faltaría un ejemplo más completo.,suficiente,2026-03-04T22:00:00,RV-VAC-0014-1,CV-VAC-0014-1,synthetic,SYN-007310
ASM-00331,SES-00170,APP-00090,CRI-0068,EV-S2-01,4,20,[SINTÉTICO] Nivel 4: la evidencia registrada corresponde al descriptor; para el nivel 4 faltaría un ejemplo más completo.,insuficiente,2026-03-04T22:00:00,RV-VAC-0014-1,CV-VAC-0014-1,synthetic,SYN-007313
ASM-00332,SES-00171,APP-00091,CRI-0065,EV-S2-04,2,10,[SINTÉTICO] Nivel 2: la evidencia registrada corresponde al descriptor; para el nivel 3 faltaría un ejemplo más completo.,parcial,2026-02-26T01:24:00,RV-VAC-0014-1,CV-VAC-0014-1,synthetic,SYN-007315
ASM-00333,SES-00171,APP-00091,CRI-0066,EV-S2-04,2,10,[SINTÉTICO] Nivel 2: la evidencia registrada corresponde al descriptor; para el nivel 3 faltaría un ejemplo más completo.,parcial,2026-02-26T01:24:00,RV-VAC-0014-1,CV-VAC-0014-1,synthetic,SYN-007317
ASM-00334,SES-00172,APP-00092,CRI-0065,EV-S2-03,2,10,[SINTÉTICO] Nivel 2: la evidencia registrada corresponde al descriptor; para el nivel 3 faltaría un ejemplo más completo.,parcial,2026-02-23T20:58:00,RV-VAC-0014-1,CV-VAC-0014-1,synthetic,SYN-007320
ASM-00335,SES-00172,APP-00092,CRI-0066,EV-S2-03,2,10,[SINTÉTICO] Nivel 2: la evidencia registrada corresponde al descriptor; para el nivel 3 faltaría un ejemplo más completo.,suficiente,2026-02-23T20:58:00,RV-VAC-0014-1,CV-VAC-0014-1,synthetic,SYN-007322
ASM-00336,SES-00173,APP-00092,CRI-0067,EV-S2-01,2,10,[SINTÉTICO] Nivel 2: la evidencia registrada corresponde al descriptor; para el nivel 3 faltaría un ejemplo más completo.,suficiente,2026-02-22T19:00:00,RV-VAC-0014-1,CV-VAC-0014-1,synthetic,SYN-007326
ASM-00337,SES-00173,APP-00092,CRI-0068,EV-S2-01,3,15,[SINTÉTICO] Nivel 3: la evidencia registrada corresponde al descriptor; para el nivel 4 faltaría un ejemplo más completo.,suficiente,2026-02-22T19:00:00,RV-VAC-0014-1,CV-VAC-0014-1,synthetic,SYN-007330
ASM-00338,SES-00175,APP-00093,CRI-0067,EV-S2-04,2,10,[SINTÉTICO] Nivel 2: la evidencia registrada corresponde al descriptor; para el nivel 3 faltaría un ejemplo más completo.,parcial,2026-02-26T14:00:00,RV-VAC-0014-1,CV-VAC-0014-1,synthetic,SYN-007337
ASM-00339,SES-00175,APP-00093,CRI-0068,EV-S2-04,2,10,[SINTÉTICO] Nivel 2: la evidencia registrada corresponde al descriptor; para el nivel 3 faltaría un ejemplo más completo.,parcial,2026-02-26T14:00:00,RV-VAC-0014-1,CV-VAC-0014-1,synthetic,SYN-007339
ASM-00340,SES-00176,APP-00094,CRI-0065,EV-S2-02,2,10,[SINTÉTICO] Nivel 2: la evidencia registrada corresponde al descriptor; para el nivel 3 faltaría un ejemplo más completo.,suficiente,2026-02-23T05:05:00,RV-VAC-0014-1,CV-VAC-0014-1,synthetic,SYN-007343
ASM-00341,SES-00176,APP-00094,CRI-0066,EV-S2-02,1,5,[SINTÉTICO] Nivel 1: la evidencia registrada corresponde al descriptor; para el nivel 2 faltaría un ejemplo más completo.,suficiente,2026-02-23T05:05:00,RV-VAC-0014-1,CV-VAC-0014-1,synthetic,SYN-007346
ASM-00342,SES-00178,APP-00095,CRI-0065,EV-S2-04,3,15,[SINTÉTICO] Nivel 3: la evidencia registrada corresponde al descriptor; para el nivel 4 faltaría un ejemplo más completo.,suficiente,2026-02-12T17:41:00,RV-VAC-0014-1,CV-VAC-0014-1,synthetic,SYN-007351
ASM-00343,SES-00178,APP-00095,CRI-0066,EV-S2-04,3,15,[SINTÉTICO] Nivel 3: la evidencia registrada corresponde al descriptor; para el nivel 4 faltaría un ejemplo más completo.,suficiente,2026-02-12T17:41:00,RV-VAC-0014-1,CV-VAC-0014-1,synthetic,SYN-007355
ASM-00344,SES-00179,APP-00095,CRI-0065,EV-S2-01,3,15,[SINTÉTICO] Nivel 3: la evidencia registrada corresponde al descriptor; para el nivel 4 faltaría un ejemplo más completo.,parcial,2026-02-22T16:41:00,RV-VAC-0014-1,CV-VAC-0014-1,synthetic,SYN-007358
ASM-00345,SES-00179,APP-00095,CRI-0066,EV-S2-01,3,15,[SINTÉTICO] Nivel 3: la evidencia registrada corresponde al descriptor; para el nivel 4 faltaría un ejemplo más completo.,suficiente,2026-02-22T16:41:00,RV-VAC-0014-1,CV-VAC-0014-1,synthetic,SYN-007360
ASM-00346,SES-00180,APP-00095,CRI-0067,EV-S2-04,2,10,[SINTÉTICO] Nivel 2: la evidencia registrada corresponde al descriptor; para el nivel 3 faltaría un ejemplo más completo.,parcial,2026-02-22T21:00:00,RV-VAC-0014-1,CV-VAC-0014-1,synthetic,SYN-007365
ASM-00347,SES-00180,APP-00095,CRI-0068,EV-S2-04,3,15,[SINTÉTICO] Nivel 3: la evidencia registrada corresponde al descriptor; para el nivel 4 faltaría un ejemplo más completo.,suficiente,2026-02-22T21:00:00,RV-VAC-0014-1,CV-VAC-0014-1,synthetic,SYN-007369
ASM-00348,SES-00181,APP-00096,CRI-0069,EV-S3-03,1,5,[SINTÉTICO] Nivel 1: la evidencia registrada corresponde al descriptor; para el nivel 2 faltaría un ejemplo más completo.,parcial,2026-07-24T16:15:00,RV-VAC-0015-1,CV-VAC-0015-1,synthetic,SYN-007374
ASM-00349,SES-00181,APP-00096,CRI-0070,EV-S3-03,2,10,[SINTÉTICO] Nivel 2: la evidencia registrada corresponde al descriptor; para el nivel 3 faltaría un ejemplo más completo.,parcial,2026-07-24T16:15:00,RV-VAC-0015-1,CV-VAC-0015-1,synthetic,SYN-007377
ASM-00350,SES-00181,APP-00096,CRI-0071,EV-S3-03,2,10,[SINTÉTICO] Nivel 2: la evidencia registrada corresponde al descriptor; para el nivel 3 faltaría un ejemplo más completo.,suficiente,2026-07-24T16:15:00,RV-VAC-0015-1,CV-VAC-0015-1,synthetic,SYN-007380
ASM-00351,SES-00182,APP-00096,CRI-0072,EV-S3-02,2,10,[SINTÉTICO] Nivel 2: la evidencia registrada corresponde al descriptor; para el nivel 3 faltaría un ejemplo más completo.,suficiente,2026-08-11T21:00:00,RV-VAC-0015-1,CV-VAC-0015-1,synthetic,SYN-007386
ASM-00352,SES-00182,APP-00096,CRI-0073,EV-S3-02,2,10,[SINTÉTICO] Nivel 2: la evidencia registrada corresponde al descriptor; para el nivel 3 faltaría un ejemplo más completo.,parcial,2026-08-11T21:00:00,RV-VAC-0015-1,CV-VAC-0015-1,synthetic,SYN-007389
ASM-00353,SES-00183,APP-00097,CRI-0069,EV-S3-03,1,5,[SINTÉTICO] Nivel 1: la evidencia registrada corresponde al descriptor; para el nivel 2 faltaría un ejemplo más completo.,suficiente,2026-07-23T02:20:00,RV-VAC-0015-1,CV-VAC-0015-1,synthetic,SYN-007393
ASM-00354,SES-00183,APP-00097,CRI-0070,EV-S3-03,1,5,[SINTÉTICO] Nivel 1: la evidencia registrada corresponde al descriptor; para el nivel 2 faltaría un ejemplo más completo.,suficiente,2026-07-23T02:20:00,RV-VAC-0015-1,CV-VAC-0015-1,synthetic,SYN-007396
ASM-00355,SES-00183,APP-00097,CRI-0071,EV-S3-03,1,5,[SINTÉTICO] Nivel 1: la evidencia registrada corresponde al descriptor; para el nivel 2 faltaría un ejemplo más completo.,suficiente,2026-07-23T02:20:00,RV-VAC-0015-1,CV-VAC-0015-1,synthetic,SYN-007400
ASM-00356,SES-00184,APP-00097,CRI-0072,EV-S3-01,1,5,[SINTÉTICO] Nivel 1: la evidencia registrada corresponde al descriptor; para el nivel 2 faltaría un ejemplo más completo.,parcial,2026-08-06T18:00:00,RV-VAC-0015-1,CV-VAC-0015-1,synthetic,SYN-007404
ASM-00357,SES-00184,APP-00097,CRI-0073,EV-S3-01,1,5,[SINTÉTICO] Nivel 1: la evidencia registrada corresponde al descriptor; para el nivel 2 faltaría un ejemplo más completo.,parcial,2026-08-06T18:00:00,RV-VAC-0015-1,CV-VAC-0015-1,synthetic,SYN-007406
ASM-00358,SES-00185,APP-00098,CRI-0069,EV-S3-04,1,5,[SINTÉTICO] Nivel 1: la evidencia registrada corresponde al descriptor; para el nivel 2 faltaría un ejemplo más completo.,suficiente,2026-07-21T17:53:00,RV-VAC-0015-1,CV-VAC-0015-1,synthetic,SYN-007409
ASM-00359,SES-00185,APP-00098,CRI-0070,EV-S3-04,1,5,[SINTÉTICO] Nivel 1: la evidencia registrada corresponde al descriptor; para el nivel 2 faltaría un ejemplo más completo.,parcial,2026-07-21T17:53:00,RV-VAC-0015-1,CV-VAC-0015-1,synthetic,SYN-007412
ASM-00360,SES-00185,APP-00098,CRI-0071,EV-S3-04,1,5,[SINTÉTICO] Nivel 1: la evidencia registrada corresponde al descriptor; para el nivel 2 faltaría un ejemplo más completo.,insuficiente,2026-07-21T17:53:00,RV-VAC-0015-1,CV-VAC-0015-1,synthetic,SYN-007414
ASM-00361,SES-00186,APP-00098,CRI-0072,EV-S3-01,1,5,[SINTÉTICO] Nivel 1: la evidencia registrada corresponde al descriptor; para el nivel 2 faltaría un ejemplo más completo.,insuficiente,2026-08-03T20:00:00,RV-VAC-0015-1,CV-VAC-0015-1,synthetic,SYN-007416
ASM-00362,SES-00186,APP-00098,CRI-0073,EV-S3-01,2,10,[SINTÉTICO] Nivel 2: la evidencia registrada corresponde al descriptor; para el nivel 3 faltaría un ejemplo más completo.,insuficiente,2026-08-03T20:00:00,RV-VAC-0015-1,CV-VAC-0015-1,synthetic,SYN-007417
ASM-00363,SES-00187,APP-00099,CRI-0069,EV-S3-02,1,5,[SINTÉTICO] Nivel 1: la evidencia registrada corresponde al descriptor; para el nivel 2 faltaría un ejemplo más completo.,suficiente,2026-07-14T23:27:00,RV-VAC-0015-1,CV-VAC-0015-1,synthetic,SYN-007419
ASM-00364,SES-00187,APP-00099,CRI-0070,EV-S3-02,2,10,[SINTÉTICO] Nivel 2: la evidencia registrada corresponde al descriptor; para el nivel 3 faltaría un ejemplo más completo.,suficiente,2026-07-14T23:27:00,RV-VAC-0015-1,CV-VAC-0015-1,synthetic,SYN-007422
ASM-00365,SES-00187,APP-00099,CRI-0071,EV-S3-02,3,15,[SINTÉTICO] Nivel 3: la evidencia registrada corresponde al descriptor; para el nivel 4 faltaría un ejemplo más completo.,parcial,2026-07-14T23:27:00,RV-VAC-0015-1,CV-VAC-0015-1,synthetic,SYN-007424
ASM-00366,SES-00189,APP-00100,CRI-0074,EV-S1-04,2,10,[SINTÉTICO] Nivel 2: la evidencia registrada corresponde al descriptor; para el nivel 3 faltaría un ejemplo más completo.,parcial,2026-03-01T23:05:00,RV-VAC-0016-1,CV-VAC-0016-1,synthetic,SYN-007430
ASM-00367,SES-00189,APP-00100,CRI-0075,EV-S1-04,4,20,[SINTÉTICO] Nivel 4: la evidencia registrada corresponde al descriptor; para el nivel 4 faltaría un ejemplo más completo.,parcial,2026-03-01T23:05:00,RV-VAC-0016-1,CV-VAC-0016-1,synthetic,SYN-007434
ASM-00368,SES-00189,APP-00100,CRI-0076,EV-S1-04,3,15,[SINTÉTICO] Nivel 3: la evidencia registrada corresponde al descriptor; para el nivel 4 faltaría un ejemplo más completo.,parcial,2026-03-01T23:05:00,RV-VAC-0016-1,CV-VAC-0016-1,synthetic,SYN-007437
ASM-00369,SES-00191,APP-00101,CRI-0074,EV-S1-02,3,15,[SINTÉTICO] Nivel 3: la evidencia registrada corresponde al descriptor; para el nivel 4 faltaría un ejemplo más completo.,suficiente,2026-03-11T21:24:00,RV-VAC-0016-1,CV-VAC-0016-1,synthetic,SYN-007444
ASM-00370,SES-00191,APP-00101,CRI-0075,EV-S1-02,2,10,[SINTÉTICO] Nivel 2: la evidencia registrada corresponde al descriptor; para el nivel 3 faltaría un ejemplo más completo.,suficiente,2026-03-11T21:24:00,RV-VAC-0016-1,CV-VAC-0016-1,synthetic,SYN-007447
ASM-00371,SES-00191,APP-00101,CRI-0076,EV-S1-02,3,15,[SINTÉTICO] Nivel 3: la evidencia registrada corresponde al descriptor; para el nivel 4 faltaría un ejemplo más completo.,suficiente,2026-03-11T21:24:00,RV-VAC-0016-1,CV-VAC-0016-1,synthetic,SYN-007450
ASM-00372,SES-00192,APP-00101,CRI-0074,EV-S1-04,3,15,[SINTÉTICO] Nivel 3: la evidencia registrada corresponde al descriptor; para el nivel 4 faltaría un ejemplo más completo.,parcial,2026-03-14T04:24:00,RV-VAC-0016-1,CV-VAC-0016-1,synthetic,SYN-007453
ASM-00373,SES-00192,APP-00101,CRI-0075,EV-S1-04,1,5,[SINTÉTICO] Nivel 1: la evidencia registrada corresponde al descriptor; para el nivel 2 faltaría un ejemplo más completo.,suficiente,2026-03-14T04:24:00,RV-VAC-0016-1,CV-VAC-0016-1,synthetic,SYN-007455
ASM-00374,SES-00192,APP-00101,CRI-0076,EV-S1-04,1,5,[SINTÉTICO] Nivel 1: la evidencia registrada corresponde al descriptor; para el nivel 2 faltaría un ejemplo más completo.,suficiente,2026-03-14T04:24:00,RV-VAC-0016-1,CV-VAC-0016-1,synthetic,SYN-007459
ASM-00375,SES-00193,APP-00102,CRI-0074,EV-S1-01,1,5,[SINTÉTICO] Nivel 1: la evidencia registrada corresponde al descriptor; para el nivel 2 faltaría un ejemplo más completo.,suficiente,2026-03-06T08:41:00,RV-VAC-0016-1,CV-VAC-0016-1,synthetic,SYN-007462
ASM-00376,SES-00193,APP-00102,CRI-0075,EV-S1-01,1,5,[SINTÉTICO] Nivel 1: la evidencia registrada corresponde al descriptor; para el nivel 2 faltaría un ejemplo más completo.,parcial,2026-03-06T08:41:00,RV-VAC-0016-1,CV-VAC-0016-1,synthetic,SYN-007465
ASM-00377,SES-00193,APP-00102,CRI-0076,EV-S1-01,1,5,[SINTÉTICO] Nivel 1: la evidencia registrada corresponde al descriptor; para el nivel 2 faltaría un ejemplo más completo.,suficiente,2026-03-06T08:41:00,RV-VAC-0016-1,CV-VAC-0016-1,synthetic,SYN-007469
ASM-00378,SES-00194,APP-00102,CRI-0077,EV-S1-04,2,10,[SINTÉTICO] Nivel 2: la evidencia registrada corresponde al descriptor; para el nivel 3 faltaría un ejemplo más completo.,suficiente,2026-03-05T21:00:00,RV-VAC-0016-1,CV-VAC-0016-1,synthetic,SYN-007473
ASM-00379,SES-00194,APP-00102,CRI-0078,EV-S1-04,1,5,[SINTÉTICO] Nivel 1: la evidencia registrada corresponde al descriptor; para el nivel 2 faltaría un ejemplo más completo.,suficiente,2026-03-05T21:00:00,RV-VAC-0016-1,CV-VAC-0016-1,synthetic,SYN-007476
ASM-00380,SES-00194,APP-00102,CRI-0079,EV-S1-04,1,5,[SINTÉTICO] Nivel 1: la evidencia registrada corresponde al descriptor; para el nivel 2 faltaría un ejemplo más completo.,parcial,2026-03-05T21:00:00,RV-VAC-0016-1,CV-VAC-0016-1,synthetic,SYN-007480
ASM-00381,SES-00195,APP-00103,CRI-0074,EV-S1-02,4,20,[SINTÉTICO] Nivel 4: la evidencia registrada corresponde al descriptor; para el nivel 4 faltaría un ejemplo más completo.,suficiente,2026-03-05T19:21:00,RV-VAC-0016-1,CV-VAC-0016-1,synthetic,SYN-007484
ASM-00382,SES-00195,APP-00103,CRI-0075,EV-S1-02,3,15,[SINTÉTICO] Nivel 3: la evidencia registrada corresponde al descriptor; para el nivel 4 faltaría un ejemplo más completo.,parcial,2026-03-05T19:21:00,RV-VAC-0016-1,CV-VAC-0016-1,synthetic,SYN-007486
ASM-00383,SES-00195,APP-00103,CRI-0076,EV-S1-02,2,10,[SINTÉTICO] Nivel 2: la evidencia registrada corresponde al descriptor; para el nivel 3 faltaría un ejemplo más completo.,parcial,2026-03-05T19:21:00,RV-VAC-0016-1,CV-VAC-0016-1,synthetic,SYN-007489
ASM-00384,SES-00196,APP-00103,CRI-0074,EV-S1-03,4,20,[SINTÉTICO] Nivel 4: la evidencia registrada corresponde al descriptor; para el nivel 4 faltaría un ejemplo más completo.,parcial,2026-03-15T20:21:00,RV-VAC-0016-1,CV-VAC-0016-1,synthetic,SYN-007493
ASM-00385,SES-00196,APP-00103,CRI-0075,EV-S1-03,3,15,[SINTÉTICO] Nivel 3: la evidencia registrada corresponde al descriptor; para el nivel 4 faltaría un ejemplo más completo.,suficiente,2026-03-15T20:21:00,RV-VAC-0016-1,CV-VAC-0016-1,synthetic,SYN-007496
ASM-00386,SES-00196,APP-00103,CRI-0076,EV-S1-03,2,10,[SINTÉTICO] Nivel 2: la evidencia registrada corresponde al descriptor; para el nivel 3 faltaría un ejemplo más completo.,parcial,2026-03-15T20:21:00,RV-VAC-0016-1,CV-VAC-0016-1,synthetic,SYN-007500
ASM-00387,SES-00197,APP-00104,CRI-0074,EV-S1-03,4,20,[SINTÉTICO] Nivel 4: la evidencia registrada corresponde al descriptor; para el nivel 4 faltaría un ejemplo más completo.,suficiente,2026-03-13T14:30:00,RV-VAC-0016-1,CV-VAC-0016-1,synthetic,SYN-007504
ASM-00388,SES-00197,APP-00104,CRI-0075,EV-S1-03,3,15,[SINTÉTICO] Nivel 3: la evidencia registrada corresponde al descriptor; para el nivel 4 faltaría un ejemplo más completo.,suficiente,2026-03-13T14:30:00,RV-VAC-0016-1,CV-VAC-0016-1,synthetic,SYN-007508
ASM-00389,SES-00197,APP-00104,CRI-0076,EV-S1-03,3,15,[SINTÉTICO] Nivel 3: la evidencia registrada corresponde al descriptor; para el nivel 4 faltaría un ejemplo más completo.,suficiente,2026-03-13T14:30:00,RV-VAC-0016-1,CV-VAC-0016-1,synthetic,SYN-007511
ASM-00390,SES-00198,APP-00104,CRI-0074,EV-S1-01,4,20,[SINTÉTICO] Nivel 4: la evidencia registrada corresponde al descriptor; para el nivel 4 faltaría un ejemplo más completo.,parcial,2026-03-07T11:30:00,RV-VAC-0016-1,CV-VAC-0016-1,synthetic,SYN-007515
ASM-00391,SES-00198,APP-00104,CRI-0075,EV-S1-01,2,10,[SINTÉTICO] Nivel 2: la evidencia registrada corresponde al descriptor; para el nivel 3 faltaría un ejemplo más completo.,parcial,2026-03-07T11:30:00,RV-VAC-0016-1,CV-VAC-0016-1,synthetic,SYN-007518
ASM-00392,SES-00198,APP-00104,CRI-0076,EV-S1-01,3,15,[SINTÉTICO] Nivel 3: la evidencia registrada corresponde al descriptor; para el nivel 4 faltaría un ejemplo más completo.,parcial,2026-03-07T11:30:00,RV-VAC-0016-1,CV-VAC-0016-1,synthetic,SYN-007521
ASM-00393,SES-00199,APP-00104,CRI-0077,EV-S1-01,3,15,[SINTÉTICO] Nivel 3: la evidencia registrada corresponde al descriptor; para el nivel 4 faltaría un ejemplo más completo.,suficiente,2026-03-07T17:00:00,RV-VAC-0016-1,CV-VAC-0016-1,synthetic,SYN-007524
ASM-00394,SES-00199,APP-00104,CRI-0078,EV-S1-01,3,15,[SINTÉTICO] Nivel 3: la evidencia registrada corresponde al descriptor; para el nivel 4 faltaría un ejemplo más completo.,parcial,2026-03-07T17:00:00,RV-VAC-0016-1,CV-VAC-0016-1,synthetic,SYN-007527
ASM-00395,SES-00199,APP-00104,CRI-0079,EV-S1-01,4,20,[SINTÉTICO] Nivel 4: la evidencia registrada corresponde al descriptor; para el nivel 4 faltaría un ejemplo más completo.,suficiente,2026-03-07T17:00:00,RV-VAC-0016-1,CV-VAC-0016-1,synthetic,SYN-007529
ASM-00396,SES-00200,APP-00106,CRI-0074,EV-S1-01,2,10,[SINTÉTICO] Nivel 2: la evidencia registrada corresponde al descriptor; para el nivel 3 faltaría un ejemplo más completo.,suficiente,2026-03-13T02:58:00,RV-VAC-0016-1,CV-VAC-0016-1,synthetic,SYN-007533
ASM-00397,SES-00200,APP-00106,CRI-0075,EV-S1-01,2,10,[SINTÉTICO] Nivel 2: la evidencia registrada corresponde al descriptor; para el nivel 3 faltaría un ejemplo más completo.,parcial,2026-03-13T02:58:00,RV-VAC-0016-1,CV-VAC-0016-1,synthetic,SYN-007536
ASM-00398,SES-00200,APP-00106,CRI-0076,EV-S1-01,1,5,[SINTÉTICO] Nivel 1: la evidencia registrada corresponde al descriptor; para el nivel 2 faltaría un ejemplo más completo.,suficiente,2026-03-13T02:58:00,RV-VAC-0016-1,CV-VAC-0016-1,synthetic,SYN-007538
ASM-00399,SES-00201,APP-00107,CRI-0074,EV-S1-03,4,20,[SINTÉTICO] Nivel 4: la evidencia registrada corresponde al descriptor; para el nivel 4 faltaría un ejemplo más completo.,insuficiente,2026-03-04T11:13:00,RV-VAC-0016-1,CV-VAC-0016-1,synthetic,SYN-007543
ASM-00400,SES-00201,APP-00107,CRI-0075,EV-S1-03,3,15,[SINTÉTICO] Nivel 3: la evidencia registrada corresponde al descriptor; para el nivel 4 faltaría un ejemplo más completo.,parcial,2026-03-04T11:13:00,RV-VAC-0016-1,CV-VAC-0016-1,synthetic,SYN-007544
ASM-00401,SES-00201,APP-00107,CRI-0076,EV-S1-03,4,20,[SINTÉTICO] Nivel 4: la evidencia registrada corresponde al descriptor; para el nivel 4 faltaría un ejemplo más completo.,suficiente,2026-03-04T11:13:00,RV-VAC-0016-1,CV-VAC-0016-1,synthetic,SYN-007548
ASM-00402,SES-00202,APP-00107,CRI-0077,EV-S1-02,3,15,[SINTÉTICO] Nivel 3: la evidencia registrada corresponde al descriptor; para el nivel 4 faltaría un ejemplo más completo.,suficiente,2026-03-13T17:00:00,RV-VAC-0016-1,CV-VAC-0016-1,synthetic,SYN-007553
ASM-00403,SES-00202,APP-00107,CRI-0078,EV-S1-02,4,20,[SINTÉTICO] Nivel 4: la evidencia registrada corresponde al descriptor; para el nivel 4 faltaría un ejemplo más completo.,suficiente,2026-03-13T17:00:00,RV-VAC-0016-1,CV-VAC-0016-1,synthetic,SYN-007555
ASM-00404,SES-00202,APP-00107,CRI-0079,EV-S1-02,3,15,[SINTÉTICO] Nivel 3: la evidencia registrada corresponde al descriptor; para el nivel 4 faltaría un ejemplo más completo.,insuficiente,2026-03-13T17:00:00,RV-VAC-0016-1,CV-VAC-0016-1,synthetic,SYN-007557
ASM-00405,SES-00205,APP-00109,CRI-0074,EV-S1-01,2,10,[SINTÉTICO] Nivel 2: la evidencia registrada corresponde al descriptor; para el nivel 3 faltaría un ejemplo más completo.,suficiente,2026-03-09T03:06:00,RV-VAC-0016-1,CV-VAC-0016-1,synthetic,SYN-007562
ASM-00406,SES-00205,APP-00109,CRI-0075,EV-S1-01,2,10,[SINTÉTICO] Nivel 2: la evidencia registrada corresponde al descriptor; para el nivel 3 faltaría un ejemplo más completo.,parcial,2026-03-09T03:06:00,RV-VAC-0016-1,CV-VAC-0016-1,synthetic,SYN-007566
ASM-00407,SES-00205,APP-00109,CRI-0076,EV-S1-01,3,15,[SINTÉTICO] Nivel 3: la evidencia registrada corresponde al descriptor; para el nivel 4 faltaría un ejemplo más completo.,suficiente,2026-03-09T03:06:00,RV-VAC-0016-1,CV-VAC-0016-1,synthetic,SYN-007568
ASM-00408,SES-00206,APP-00109,CRI-0077,EV-S1-04,1,5,[SINTÉTICO] Nivel 1: la evidencia registrada corresponde al descriptor; para el nivel 2 faltaría un ejemplo más completo.,suficiente,2026-03-14T19:00:00,RV-VAC-0016-1,CV-VAC-0016-1,synthetic,SYN-007572
ASM-00409,SES-00206,APP-00109,CRI-0078,EV-S1-04,2,10,[SINTÉTICO] Nivel 2: la evidencia registrada corresponde al descriptor; para el nivel 3 faltaría un ejemplo más completo.,suficiente,2026-03-14T19:00:00,RV-VAC-0016-1,CV-VAC-0016-1,synthetic,SYN-007575
ASM-00410,SES-00206,APP-00109,CRI-0079,EV-S1-04,2,10,[SINTÉTICO] Nivel 2: la evidencia registrada corresponde al descriptor; para el nivel 3 faltaría un ejemplo más completo.,parcial,2026-03-14T19:00:00,RV-VAC-0016-1,CV-VAC-0016-1,synthetic,SYN-007578
ASM-00411,SES-00207,APP-00110,CRI-0074,EV-S1-02,2,10,[SINTÉTICO] Nivel 2: la evidencia registrada corresponde al descriptor; para el nivel 3 faltaría un ejemplo más completo.,insuficiente,2026-03-15T13:37:00,RV-VAC-0016-1,CV-VAC-0016-1,synthetic,SYN-007581
ASM-00412,SES-00207,APP-00110,CRI-0075,EV-S1-02,2,10,[SINTÉTICO] Nivel 2: la evidencia registrada corresponde al descriptor; para el nivel 3 faltaría un ejemplo más completo.,parcial,2026-03-15T13:37:00,RV-VAC-0016-1,CV-VAC-0016-1,synthetic,SYN-007582
ASM-00413,SES-00207,APP-00110,CRI-0076,EV-S1-02,2,10,[SINTÉTICO] Nivel 2: la evidencia registrada corresponde al descriptor; para el nivel 3 faltaría un ejemplo más completo.,suficiente,2026-03-15T13:37:00,RV-VAC-0016-1,CV-VAC-0016-1,synthetic,SYN-007584
ASM-00414,SES-00208,APP-00110,CRI-0077,EV-S1-01,2,10,[SINTÉTICO] Nivel 2: la evidencia registrada corresponde al descriptor; para el nivel 3 faltaría un ejemplo más completo.,suficiente,2026-03-07T16:00:00,RV-VAC-0016-1,CV-VAC-0016-1,synthetic,SYN-007588
ASM-00415,SES-00208,APP-00110,CRI-0078,EV-S1-01,2,10,[SINTÉTICO] Nivel 2: la evidencia registrada corresponde al descriptor; para el nivel 3 faltaría un ejemplo más completo.,suficiente,2026-03-07T16:00:00,RV-VAC-0016-1,CV-VAC-0016-1,synthetic,SYN-007592
ASM-00416,SES-00208,APP-00110,CRI-0079,EV-S1-01,2,10,[SINTÉTICO] Nivel 2: la evidencia registrada corresponde al descriptor; para el nivel 3 faltaría un ejemplo más completo.,parcial,2026-03-07T16:00:00,RV-VAC-0016-1,CV-VAC-0016-1,synthetic,SYN-007594
ASM-00417,SES-00209,APP-00111,CRI-0074,EV-S1-03,3,15,[SINTÉTICO] Nivel 3: la evidencia registrada corresponde al descriptor; para el nivel 4 faltaría un ejemplo más completo.,suficiente,2026-03-06T17:29:00,RV-VAC-0016-1,CV-VAC-0016-1,synthetic,SYN-007598
ASM-00418,SES-00209,APP-00111,CRI-0075,EV-S1-03,3,15,[SINTÉTICO] Nivel 3: la evidencia registrada corresponde al descriptor; para el nivel 4 faltaría un ejemplo más completo.,suficiente,2026-03-06T17:29:00,RV-VAC-0016-1,CV-VAC-0016-1,synthetic,SYN-007600
ASM-00419,SES-00209,APP-00111,CRI-0076,EV-S1-03,3,15,[SINTÉTICO] Nivel 3: la evidencia registrada corresponde al descriptor; para el nivel 4 faltaría un ejemplo más completo.,suficiente,2026-03-06T17:29:00,RV-VAC-0016-1,CV-VAC-0016-1,synthetic,SYN-007603
ASM-00420,SES-00211,APP-00112,CRI-0074,EV-S1-01,3,15,[SINTÉTICO] Nivel 3: la evidencia registrada corresponde al descriptor; para el nivel 4 faltaría un ejemplo más completo.,parcial,2026-03-11T15:33:00,RV-VAC-0016-1,CV-VAC-0016-1,synthetic,SYN-007609
ASM-00421,SES-00211,APP-00112,CRI-0075,EV-S1-01,3,15,[SINTÉTICO] Nivel 3: la evidencia registrada corresponde al descriptor; para el nivel 4 faltaría un ejemplo más completo.,suficiente,2026-03-11T15:33:00,RV-VAC-0016-1,CV-VAC-0016-1,synthetic,SYN-007611
ASM-00422,SES-00211,APP-00112,CRI-0076,EV-S1-01,3,15,[SINTÉTICO] Nivel 3: la evidencia registrada corresponde al descriptor; para el nivel 4 faltaría un ejemplo más completo.,suficiente,2026-03-11T15:33:00,RV-VAC-0016-1,CV-VAC-0016-1,synthetic,SYN-007615
ASM-00423,SES-00212,APP-00112,CRI-0077,EV-S1-02,2,10,[SINTÉTICO] Nivel 2: la evidencia registrada corresponde al descriptor; para el nivel 3 faltaría un ejemplo más completo.,suficiente,2026-03-11T00:00:00,RV-VAC-0016-1,CV-VAC-0016-1,synthetic,SYN-007618
ASM-00424,SES-00212,APP-00112,CRI-0078,EV-S1-02,3,15,[SINTÉTICO] Nivel 3: la evidencia registrada corresponde al descriptor; para el nivel 4 faltaría un ejemplo más completo.,suficiente,2026-03-11T00:00:00,RV-VAC-0016-1,CV-VAC-0016-1,synthetic,SYN-007621
ASM-00425,SES-00212,APP-00112,CRI-0079,EV-S1-02,3,15,[SINTÉTICO] Nivel 3: la evidencia registrada corresponde al descriptor; para el nivel 4 faltaría un ejemplo más completo.,suficiente,2026-03-11T00:00:00,RV-VAC-0016-1,CV-VAC-0016-1,synthetic,SYN-007625
ASM-00426,SES-00213,APP-00113,CRI-0080,EV-S2-01,3,15,[SINTÉTICO] Nivel 3: la evidencia registrada corresponde al descriptor; para el nivel 4 faltaría un ejemplo más completo.,suficiente,2026-06-20T12:07:00,RV-VAC-0017-1,CV-VAC-0017-1,synthetic,SYN-007629
ASM-00427,SES-00213,APP-00113,CRI-0081,EV-S2-01,4,20,[SINTÉTICO] Nivel 4: la evidencia registrada corresponde al descriptor; para el nivel 4 faltaría un ejemplo más completo.,suficiente,2026-06-20T12:07:00,RV-VAC-0017-1,CV-VAC-0017-1,synthetic,SYN-007633
ASM-00428,SES-00213,APP-00113,CRI-0082,EV-S2-01,3,15,[SINTÉTICO] Nivel 3: la evidencia registrada corresponde al descriptor; para el nivel 4 faltaría un ejemplo más completo.,parcial,2026-06-20T12:07:00,RV-VAC-0017-1,CV-VAC-0017-1,synthetic,SYN-007635
ASM-00429,SES-00214,APP-00113,CRI-0083,EV-S2-02,3,15,[SINTÉTICO] Nivel 3: la evidencia registrada corresponde al descriptor; para el nivel 4 faltaría un ejemplo más completo.,suficiente,2026-07-01T15:00:00,RV-VAC-0017-1,CV-VAC-0017-1,synthetic,SYN-007638
ASM-00430,SES-00214,APP-00113,CRI-0084,EV-S2-02,3,15,[SINTÉTICO] Nivel 3: la evidencia registrada corresponde al descriptor; para el nivel 4 faltaría un ejemplo más completo.,suficiente,2026-07-01T15:00:00,RV-VAC-0017-1,CV-VAC-0017-1,synthetic,SYN-007641
ASM-00431,SES-00214,APP-00113,CRI-0085,EV-S2-02,2,10,[SINTÉTICO] Nivel 2: la evidencia registrada corresponde al descriptor; para el nivel 3 faltaría un ejemplo más completo.,suficiente,2026-07-01T15:00:00,RV-VAC-0017-1,CV-VAC-0017-1,synthetic,SYN-007644
ASM-00432,SES-00215,APP-00114,CRI-0080,EV-S2-04,2,10,[SINTÉTICO] Nivel 2: la evidencia registrada corresponde al descriptor; para el nivel 3 faltaría un ejemplo más completo.,suficiente,2026-06-16T22:18:00,RV-VAC-0017-1,CV-VAC-0017-1,synthetic,SYN-007648
ASM-00433,SES-00215,APP-00114,CRI-0081,EV-S2-04,3,15,[SINTÉTICO] Nivel 3: la evidencia registrada corresponde al descriptor; para el nivel 4 faltaría un ejemplo más completo.,parcial,2026-06-16T22:18:00,RV-VAC-0017-1,CV-VAC-0017-1,synthetic,SYN-007650
ASM-00434,SES-00215,APP-00114,CRI-0082,EV-S2-04,3,15,[SINTÉTICO] Nivel 3: la evidencia registrada corresponde al descriptor; para el nivel 4 faltaría un ejemplo más completo.,parcial,2026-06-16T22:18:00,RV-VAC-0017-1,CV-VAC-0017-1,synthetic,SYN-007652
ASM-00435,SES-00216,APP-00114,CRI-0080,EV-S2-01,3,15,[SINTÉTICO] Nivel 3: la evidencia registrada corresponde al descriptor; para el nivel 4 faltaría un ejemplo más completo.,parcial,2026-06-22T17:18:00,RV-VAC-0017-1,CV-VAC-0017-1,synthetic,SYN-007655
ASM-00436,SES-00216,APP-00114,CRI-0081,EV-S2-01,4,20,[SINTÉTICO] Nivel 4: la evidencia registrada corresponde al descriptor; para el nivel 4 faltaría un ejemplo más completo.,suficiente,2026-06-22T17:18:00,RV-VAC-0017-1,CV-VAC-0017-1,synthetic,SYN-007658
ASM-00437,SES-00216,APP-00114,CRI-0082,EV-S2-01,2,10,[SINTÉTICO] Nivel 2: la evidencia registrada corresponde al descriptor; para el nivel 3 faltaría un ejemplo más completo.,parcial,2026-06-22T17:18:00,RV-VAC-0017-1,CV-VAC-0017-1,synthetic,SYN-007660
ASM-00438,SES-00217,APP-00115,CRI-0080,EV-S2-02,4,20,[SINTÉTICO] Nivel 4: la evidencia registrada corresponde al descriptor; para el nivel 4 faltaría un ejemplo más completo.,suficiente,2026-06-20T03:55:00,RV-VAC-0017-1,CV-VAC-0017-1,synthetic,SYN-007664
ASM-00439,SES-00217,APP-00115,CRI-0081,EV-S2-02,4,20,[SINTÉTICO] Nivel 4: la evidencia registrada corresponde al descriptor; para el nivel 4 faltaría un ejemplo más completo.,suficiente,2026-06-20T03:55:00,RV-VAC-0017-1,CV-VAC-0017-1,synthetic,SYN-007666
ASM-00440,SES-00217,APP-00115,CRI-0082,EV-S2-02,4,20,[SINTÉTICO] Nivel 4: la evidencia registrada corresponde al descriptor; para el nivel 4 faltaría un ejemplo más completo.,suficiente,2026-06-20T03:55:00,RV-VAC-0017-1,CV-VAC-0017-1,synthetic,SYN-007670
ASM-00441,SES-00218,APP-00118,CRI-0086,EV-S3-03,4,20,[SINTÉTICO] Nivel 4: la evidencia registrada corresponde al descriptor; para el nivel 4 faltaría un ejemplo más completo.,parcial,2026-09-16T00:33:00,RV-VAC-0018-1,CV-VAC-0018-1,synthetic,SYN-007676
ASM-00442,SES-00218,APP-00118,CRI-0087,EV-S3-03,4,20,[SINTÉTICO] Nivel 4: la evidencia registrada corresponde al descriptor; para el nivel 4 faltaría un ejemplo más completo.,parcial,2026-09-16T00:33:00,RV-VAC-0018-1,CV-VAC-0018-1,synthetic,SYN-007678
ASM-00443,SES-00219,APP-00119,CRI-0086,EV-S3-04,3,15,[SINTÉTICO] Nivel 3: la evidencia registrada corresponde al descriptor; para el nivel 4 faltaría un ejemplo más completo.,suficiente,2026-09-08T03:53:00,RV-VAC-0018-1,CV-VAC-0018-1,synthetic,SYN-007682
ASM-00444,SES-00219,APP-00119,CRI-0087,EV-S3-04,3,15,[SINTÉTICO] Nivel 3: la evidencia registrada corresponde al descriptor; para el nivel 4 faltaría un ejemplo más completo.,insuficiente,2026-09-08T03:53:00,RV-VAC-0018-1,CV-VAC-0018-1,synthetic,SYN-007684
ASM-00445,SES-00220,APP-00120,CRI-0086,EV-S3-04,2,10,[SINTÉTICO] Nivel 2: la evidencia registrada corresponde al descriptor; para el nivel 3 faltaría un ejemplo más completo.,suficiente,2026-09-04T05:06:00,RV-VAC-0018-1,CV-VAC-0018-1,synthetic,SYN-007686
ASM-00446,SES-00220,APP-00120,CRI-0087,EV-S3-04,2,10,[SINTÉTICO] Nivel 2: la evidencia registrada corresponde al descriptor; para el nivel 3 faltaría un ejemplo más completo.,parcial,2026-09-04T05:06:00,RV-VAC-0018-1,CV-VAC-0018-1,synthetic,SYN-007688
ASM-00447,SES-00221,APP-00120,CRI-0088,EV-S3-01,2,10,[SINTÉTICO] Nivel 2: la evidencia registrada corresponde al descriptor; para el nivel 3 faltaría un ejemplo más completo.,parcial,2026-09-15T17:00:00,RV-VAC-0018-1,CV-VAC-0018-1,synthetic,SYN-007691
ASM-00448,SES-00221,APP-00120,CRI-0089,EV-S3-01,2,10,[SINTÉTICO] Nivel 2: la evidencia registrada corresponde al descriptor; para el nivel 3 faltaría un ejemplo más completo.,suficiente,2026-09-15T17:00:00,RV-VAC-0018-1,CV-VAC-0018-1,synthetic,SYN-007695
ASM-00449,SES-00223,APP-00122,CRI-0093,EV-S1-04,3,15,[SINTÉTICO] Nivel 3: la evidencia registrada corresponde al descriptor; para el nivel 4 faltaría un ejemplo más completo.,suficiente,2026-09-19T16:00:00,RV-VAC-0019-1,CV-VAC-0019-1,synthetic,SYN-007701
ASM-00450,SES-00223,APP-00122,CRI-0094,EV-S1-04,2,10,[SINTÉTICO] Nivel 2: la evidencia registrada corresponde al descriptor; para el nivel 3 faltaría un ejemplo más completo.,suficiente,2026-09-19T16:00:00,RV-VAC-0019-1,CV-VAC-0019-1,synthetic,SYN-007705
ASM-00451,SES-00224,APP-00123,CRI-0090,EV-S1-04,1,5,[SINTÉTICO] Nivel 1: la evidencia registrada corresponde al descriptor; para el nivel 2 faltaría un ejemplo más completo.,suficiente,2026-09-03T03:00:00,RV-VAC-0019-1,CV-VAC-0019-1,synthetic,SYN-007709
ASM-00452,SES-00224,APP-00123,CRI-0091,EV-S1-04,1,5,[SINTÉTICO] Nivel 1: la evidencia registrada corresponde al descriptor; para el nivel 2 faltaría un ejemplo más completo.,parcial,2026-09-03T03:00:00,RV-VAC-0019-1,CV-VAC-0019-1,synthetic,SYN-007712
ASM-00453,SES-00224,APP-00123,CRI-0092,EV-S1-04,1,5,[SINTÉTICO] Nivel 1: la evidencia registrada corresponde al descriptor; para el nivel 2 faltaría un ejemplo más completo.,parcial,2026-09-03T03:00:00,RV-VAC-0019-1,CV-VAC-0019-1,synthetic,SYN-007715
ASM-00454,SES-00225,APP-00123,CRI-0093,EV-S1-03,1,5,[SINTÉTICO] Nivel 1: la evidencia registrada corresponde al descriptor; para el nivel 2 faltaría un ejemplo más completo.,parcial,2026-09-09T19:00:00,RV-VAC-0019-1,CV-VAC-0019-1,synthetic,SYN-007719
ASM-00455,SES-00225,APP-00123,CRI-0094,EV-S1-03,2,10,[SINTÉTICO] Nivel 2: la evidencia registrada corresponde al descriptor; para el nivel 3 faltaría un ejemplo más completo.,suficiente,2026-09-09T19:00:00,RV-VAC-0019-1,CV-VAC-0019-1,synthetic,SYN-007721
ASM-00456,SES-00226,APP-00124,CRI-0090,EV-S1-02,2,10,[SINTÉTICO] Nivel 2: la evidencia registrada corresponde al descriptor; para el nivel 3 faltaría un ejemplo más completo.,suficiente,2026-09-07T19:51:00,RV-VAC-0019-1,CV-VAC-0019-1,synthetic,SYN-007725
ASM-00457,SES-00226,APP-00124,CRI-0091,EV-S1-02,2,10,[SINTÉTICO] Nivel 2: la evidencia registrada corresponde al descriptor; para el nivel 3 faltaría un ejemplo más completo.,parcial,2026-09-07T19:51:00,RV-VAC-0019-1,CV-VAC-0019-1,synthetic,SYN-007729
ASM-00458,SES-00226,APP-00124,CRI-0092,EV-S1-02,1,5,[SINTÉTICO] Nivel 1: la evidencia registrada corresponde al descriptor; para el nivel 2 faltaría un ejemplo más completo.,parcial,2026-09-07T19:51:00,RV-VAC-0019-1,CV-VAC-0019-1,synthetic,SYN-007731
ASM-00459,SES-00227,APP-00124,CRI-0093,EV-S1-04,2,10,[SINTÉTICO] Nivel 2: la evidencia registrada corresponde al descriptor; para el nivel 3 faltaría un ejemplo más completo.,suficiente,2026-09-13T19:00:00,RV-VAC-0019-1,CV-VAC-0019-1,synthetic,SYN-007736
ASM-00460,SES-00227,APP-00124,CRI-0094,EV-S1-04,2,10,[SINTÉTICO] Nivel 2: la evidencia registrada corresponde al descriptor; para el nivel 3 faltaría un ejemplo más completo.,parcial,2026-09-13T19:00:00,RV-VAC-0019-1,CV-VAC-0019-1,synthetic,SYN-007739
ASM-00461,SES-00228,APP-00125,CRI-0090,EV-S1-02,4,20,[SINTÉTICO] Nivel 4: la evidencia registrada corresponde al descriptor; para el nivel 4 faltaría un ejemplo más completo.,suficiente,2026-09-08T10:25:00,RV-VAC-0019-1,CV-VAC-0019-1,synthetic,SYN-007742
ASM-00462,SES-00228,APP-00125,CRI-0091,EV-S1-02,4,20,[SINTÉTICO] Nivel 4: la evidencia registrada corresponde al descriptor; para el nivel 4 faltaría un ejemplo más completo.,suficiente,2026-09-08T10:25:00,RV-VAC-0019-1,CV-VAC-0019-1,synthetic,SYN-007744
ASM-00463,SES-00228,APP-00125,CRI-0092,EV-S1-02,4,20,[SINTÉTICO] Nivel 4: la evidencia registrada corresponde al descriptor; para el nivel 4 faltaría un ejemplo más completo.,insuficiente,2026-09-08T10:25:00,RV-VAC-0019-1,CV-VAC-0019-1,synthetic,SYN-007748
ASM-00464,SES-00229,APP-00125,CRI-0093,EV-S1-02,4,20,[SINTÉTICO] Nivel 4: la evidencia registrada corresponde al descriptor; para el nivel 4 faltaría un ejemplo más completo.,parcial,2026-09-21T18:00:00,RV-VAC-0019-1,CV-VAC-0019-1,synthetic,SYN-007750
ASM-00465,SES-00229,APP-00125,CRI-0094,EV-S1-02,4,20,[SINTÉTICO] Nivel 4: la evidencia registrada corresponde al descriptor; para el nivel 4 faltaría un ejemplo más completo.,suficiente,2026-09-21T18:00:00,RV-VAC-0019-1,CV-VAC-0019-1,synthetic,SYN-007752
ASM-00466,SES-00230,APP-00126,CRI-0090,EV-S1-04,4,20,[SINTÉTICO] Nivel 4: la evidencia registrada corresponde al descriptor; para el nivel 4 faltaría un ejemplo más completo.,parcial,2026-08-24T15:37:00,RV-VAC-0019-1,CV-VAC-0019-1,synthetic,SYN-007756
ASM-00467,SES-00230,APP-00126,CRI-0091,EV-S1-04,4,20,[SINTÉTICO] Nivel 4: la evidencia registrada corresponde al descriptor; para el nivel 4 faltaría un ejemplo más completo.,parcial,2026-08-24T15:37:00,RV-VAC-0019-1,CV-VAC-0019-1,synthetic,SYN-007759
ASM-00468,SES-00230,APP-00126,CRI-0092,EV-S1-04,4,20,[SINTÉTICO] Nivel 4: la evidencia registrada corresponde al descriptor; para el nivel 4 faltaría un ejemplo más completo.,suficiente,2026-08-24T15:37:00,RV-VAC-0019-1,CV-VAC-0019-1,synthetic,SYN-007763
ASM-00469,SES-00231,APP-00126,CRI-0093,EV-S1-03,4,20,[SINTÉTICO] Nivel 4: la evidencia registrada corresponde al descriptor; para el nivel 4 faltaría un ejemplo más completo.,parcial,2026-09-10T19:00:00,RV-VAC-0019-1,CV-VAC-0019-1,synthetic,SYN-007766
ASM-00470,SES-00231,APP-00126,CRI-0094,EV-S1-03,4,20,[SINTÉTICO] Nivel 4: la evidencia registrada corresponde al descriptor; para el nivel 4 faltaría un ejemplo más completo.,insuficiente,2026-09-10T19:00:00,RV-VAC-0019-1,CV-VAC-0019-1,synthetic,SYN-007770
ASM-00471,SES-00232,APP-00127,CRI-0090,EV-S1-03,1,5,[SINTÉTICO] Nivel 1: la evidencia registrada corresponde al descriptor; para el nivel 2 faltaría un ejemplo más completo.,parcial,2026-09-05T21:56:00,RV-VAC-0019-1,CV-VAC-0019-1,synthetic,SYN-007772
ASM-00472,SES-00232,APP-00127,CRI-0091,EV-S1-03,1,5,[SINTÉTICO] Nivel 1: la evidencia registrada corresponde al descriptor; para el nivel 2 faltaría un ejemplo más completo.,insuficiente,2026-09-05T21:56:00,RV-VAC-0019-1,CV-VAC-0019-1,synthetic,SYN-007776
ASM-00473,SES-00232,APP-00127,CRI-0092,EV-S1-03,1,5,[SINTÉTICO] Nivel 1: la evidencia registrada corresponde al descriptor; para el nivel 2 faltaría un ejemplo más completo.,parcial,2026-09-05T21:56:00,RV-VAC-0019-1,CV-VAC-0019-1,synthetic,SYN-007777
ASM-00474,SES-00233,APP-00128,CRI-0090,EV-S1-01,3,15,[SINTÉTICO] Nivel 3: la evidencia registrada corresponde al descriptor; para el nivel 4 faltaría un ejemplo más completo.,insuficiente,2026-09-02T23:04:00,RV-VAC-0019-1,CV-VAC-0019-1,synthetic,SYN-007780
ASM-00475,SES-00233,APP-00128,CRI-0091,EV-S1-01,3,15,[SINTÉTICO] Nivel 3: la evidencia registrada corresponde al descriptor; para el nivel 4 faltaría un ejemplo más completo.,parcial,2026-09-02T23:04:00,RV-VAC-0019-1,CV-VAC-0019-1,synthetic,SYN-007781
ASM-00476,SES-00233,APP-00128,CRI-0092,EV-S1-01,3,15,[SINTÉTICO] Nivel 3: la evidencia registrada corresponde al descriptor; para el nivel 4 faltaría un ejemplo más completo.,insuficiente,2026-09-02T23:04:00,RV-VAC-0019-1,CV-VAC-0019-1,synthetic,SYN-007783
ASM-00477,SES-00235,APP-00128,CRI-0093,EV-S1-03,3,15,[SINTÉTICO] Nivel 3: la evidencia registrada corresponde al descriptor; para el nivel 4 faltaría un ejemplo más completo.,suficiente,2026-09-19T14:00:00,RV-VAC-0019-1,CV-VAC-0019-1,synthetic,SYN-007787
ASM-00478,SES-00235,APP-00128,CRI-0094,EV-S1-03,4,20,[SINTÉTICO] Nivel 4: la evidencia registrada corresponde al descriptor; para el nivel 4 faltaría un ejemplo más completo.,parcial,2026-09-19T14:00:00,RV-VAC-0019-1,CV-VAC-0019-1,synthetic,SYN-007789
ASM-00479,SES-00236,APP-00129,CRI-0090,EV-S1-03,4,20,[SINTÉTICO] Nivel 4: la evidencia registrada corresponde al descriptor; para el nivel 4 faltaría un ejemplo más completo.,suficiente,2026-08-31T16:49:00,RV-VAC-0019-1,CV-VAC-0019-1,synthetic,SYN-007793
ASM-00480,SES-00236,APP-00129,CRI-0091,EV-S1-03,4,20,[SINTÉTICO] Nivel 4: la evidencia registrada corresponde al descriptor; para el nivel 4 faltaría un ejemplo más completo.,parcial,2026-08-31T16:49:00,RV-VAC-0019-1,CV-VAC-0019-1,synthetic,SYN-007796
ASM-00481,SES-00236,APP-00129,CRI-0092,EV-S1-03,4,20,[SINTÉTICO] Nivel 4: la evidencia registrada corresponde al descriptor; para el nivel 4 faltaría un ejemplo más completo.,suficiente,2026-08-31T16:49:00,RV-VAC-0019-1,CV-VAC-0019-1,synthetic,SYN-007799
ASM-00482,SES-00237,APP-00129,CRI-0093,EV-S1-02,4,20,[SINTÉTICO] Nivel 4: la evidencia registrada corresponde al descriptor; para el nivel 4 faltaría un ejemplo más completo.,parcial,2026-09-06T02:00:00,RV-VAC-0019-1,CV-VAC-0019-1,synthetic,SYN-007803
ASM-00483,SES-00237,APP-00129,CRI-0094,EV-S1-02,4,20,[SINTÉTICO] Nivel 4: la evidencia registrada corresponde al descriptor; para el nivel 4 faltaría un ejemplo más completo.,parcial,2026-09-06T02:00:00,RV-VAC-0019-1,CV-VAC-0019-1,synthetic,SYN-007806
ASM-00484,SES-00238,APP-00130,CRI-0090,EV-S1-03,3,15,[SINTÉTICO] Nivel 3: la evidencia registrada corresponde al descriptor; para el nivel 4 faltaría un ejemplo más completo.,parcial,2026-08-31T02:44:00,RV-VAC-0019-1,CV-VAC-0019-1,synthetic,SYN-007809
ASM-00485,SES-00238,APP-00130,CRI-0091,EV-S1-03,3,15,[SINTÉTICO] Nivel 3: la evidencia registrada corresponde al descriptor; para el nivel 4 faltaría un ejemplo más completo.,parcial,2026-08-31T02:44:00,RV-VAC-0019-1,CV-VAC-0019-1,synthetic,SYN-007811
ASM-00486,SES-00238,APP-00130,CRI-0092,EV-S1-03,3,15,[SINTÉTICO] Nivel 3: la evidencia registrada corresponde al descriptor; para el nivel 4 faltaría un ejemplo más completo.,suficiente,2026-08-31T02:44:00,RV-VAC-0019-1,CV-VAC-0019-1,synthetic,SYN-007814
ASM-00487,SES-00239,APP-00130,CRI-0093,EV-S1-04,3,15,[SINTÉTICO] Nivel 3: la evidencia registrada corresponde al descriptor; para el nivel 4 faltaría un ejemplo más completo.,suficiente,2026-09-10T14:00:00,RV-VAC-0019-1,CV-VAC-0019-1,synthetic,SYN-007819
ASM-00488,SES-00239,APP-00130,CRI-0094,EV-S1-04,3,15,[SINTÉTICO] Nivel 3: la evidencia registrada corresponde al descriptor; para el nivel 4 faltaría un ejemplo más completo.,suficiente,2026-09-10T14:00:00,RV-VAC-0019-1,CV-VAC-0019-1,synthetic,SYN-007821
ASM-00489,SES-00240,APP-00132,CRI-0090,EV-S1-01,3,15,[SINTÉTICO] Nivel 3: la evidencia registrada corresponde al descriptor; para el nivel 4 faltaría un ejemplo más completo.,parcial,2026-09-08T01:15:00,RV-VAC-0019-1,CV-VAC-0019-1,synthetic,SYN-007824
ASM-00490,SES-00240,APP-00132,CRI-0091,EV-S1-01,3,15,[SINTÉTICO] Nivel 3: la evidencia registrada corresponde al descriptor; para el nivel 4 faltaría un ejemplo más completo.,suficiente,2026-09-08T01:15:00,RV-VAC-0019-1,CV-VAC-0019-1,synthetic,SYN-007827
ASM-00491,SES-00240,APP-00132,CRI-0092,EV-S1-01,3,15,[SINTÉTICO] Nivel 3: la evidencia registrada corresponde al descriptor; para el nivel 4 faltaría un ejemplo más completo.,suficiente,2026-09-08T01:15:00,RV-VAC-0019-1,CV-VAC-0019-1,synthetic,SYN-007830
ASM-00492,SES-00241,APP-00132,CRI-0093,EV-S1-01,3,15,[SINTÉTICO] Nivel 3: la evidencia registrada corresponde al descriptor; para el nivel 4 faltaría un ejemplo más completo.,parcial,2026-09-14T18:00:00,RV-VAC-0019-1,CV-VAC-0019-1,synthetic,SYN-007833
ASM-00493,SES-00241,APP-00132,CRI-0094,EV-S1-01,3,15,[SINTÉTICO] Nivel 3: la evidencia registrada corresponde al descriptor; para el nivel 4 faltaría un ejemplo más completo.,parcial,2026-09-14T18:00:00,RV-VAC-0019-1,CV-VAC-0019-1,synthetic,SYN-007835
ASM-00494,SES-00242,APP-00133,CRI-0090,EV-S1-03,2,10,[SINTÉTICO] Nivel 2: la evidencia registrada corresponde al descriptor; para el nivel 3 faltaría un ejemplo más completo.,suficiente,2026-08-29T10:49:00,RV-VAC-0019-1,CV-VAC-0019-1,synthetic,SYN-007839
ASM-00495,SES-00242,APP-00133,CRI-0091,EV-S1-03,2,10,[SINTÉTICO] Nivel 2: la evidencia registrada corresponde al descriptor; para el nivel 3 faltaría un ejemplo más completo.,suficiente,2026-08-29T10:49:00,RV-VAC-0019-1,CV-VAC-0019-1,synthetic,SYN-007842
ASM-00496,SES-00242,APP-00133,CRI-0092,EV-S1-03,1,5,[SINTÉTICO] Nivel 1: la evidencia registrada corresponde al descriptor; para el nivel 2 faltaría un ejemplo más completo.,suficiente,2026-08-29T10:49:00,RV-VAC-0019-1,CV-VAC-0019-1,synthetic,SYN-007845
ASM-00497,SES-00243,APP-00133,CRI-0090,EV-S1-01,1,5,[SINTÉTICO] Nivel 1: la evidencia registrada corresponde al descriptor; para el nivel 2 faltaría un ejemplo más completo.,suficiente,2026-09-01T08:49:00,RV-VAC-0019-1,CV-VAC-0019-1,synthetic,SYN-007848
ASM-00498,SES-00243,APP-00133,CRI-0091,EV-S1-01,2,10,[SINTÉTICO] Nivel 2: la evidencia registrada corresponde al descriptor; para el nivel 3 faltaría un ejemplo más completo.,parcial,2026-09-01T08:49:00,RV-VAC-0019-1,CV-VAC-0019-1,synthetic,SYN-007852
ASM-00499,SES-00243,APP-00133,CRI-0092,EV-S1-01,1,5,[SINTÉTICO] Nivel 1: la evidencia registrada corresponde al descriptor; para el nivel 2 faltaría un ejemplo más completo.,insuficiente,2026-09-01T08:49:00,RV-VAC-0019-1,CV-VAC-0019-1,synthetic,SYN-007854
ASM-00500,SES-00244,APP-00133,CRI-0093,EV-S1-04,1,5,[SINTÉTICO] Nivel 1: la evidencia registrada corresponde al descriptor; para el nivel 2 faltaría un ejemplo más completo.,suficiente,2026-09-18T19:00:00,RV-VAC-0019-1,CV-VAC-0019-1,synthetic,SYN-007856
ASM-00501,SES-00244,APP-00133,CRI-0094,EV-S1-04,1,5,[SINTÉTICO] Nivel 1: la evidencia registrada corresponde al descriptor; para el nivel 2 faltaría un ejemplo más completo.,parcial,2026-09-18T19:00:00,RV-VAC-0019-1,CV-VAC-0019-1,synthetic,SYN-007859
ASM-00502,SES-00245,APP-00134,CRI-0090,EV-S1-02,3,15,[SINTÉTICO] Nivel 3: la evidencia registrada corresponde al descriptor; para el nivel 4 faltaría un ejemplo más completo.,suficiente,2026-09-03T04:38:00,RV-VAC-0019-1,CV-VAC-0019-1,synthetic,SYN-007862
ASM-00503,SES-00245,APP-00134,CRI-0091,EV-S1-02,3,15,[SINTÉTICO] Nivel 3: la evidencia registrada corresponde al descriptor; para el nivel 4 faltaría un ejemplo más completo.,suficiente,2026-09-03T04:38:00,RV-VAC-0019-1,CV-VAC-0019-1,synthetic,SYN-007864
ASM-00504,SES-00245,APP-00134,CRI-0092,EV-S1-02,3,15,[SINTÉTICO] Nivel 3: la evidencia registrada corresponde al descriptor; para el nivel 4 faltaría un ejemplo más completo.,parcial,2026-09-03T04:38:00,RV-VAC-0019-1,CV-VAC-0019-1,synthetic,SYN-007866
ASM-00505,SES-00246,APP-00134,CRI-0093,EV-S1-03,3,15,[SINTÉTICO] Nivel 3: la evidencia registrada corresponde al descriptor; para el nivel 4 faltaría un ejemplo más completo.,suficiente,2026-09-16T02:00:00,RV-VAC-0019-1,CV-VAC-0019-1,synthetic,SYN-007869
ASM-00506,SES-00246,APP-00134,CRI-0094,EV-S1-03,2,10,[SINTÉTICO] Nivel 2: la evidencia registrada corresponde al descriptor; para el nivel 3 faltaría un ejemplo más completo.,parcial,2026-09-16T02:00:00,RV-VAC-0019-1,CV-VAC-0019-1,synthetic,SYN-007873
ASM-00507,SES-00247,APP-00135,CRI-0090,EV-S1-03,4,20,[SINTÉTICO] Nivel 4: la evidencia registrada corresponde al descriptor; para el nivel 4 faltaría un ejemplo más completo.,insuficiente,2026-09-14T18:51:00,RV-VAC-0019-1,CV-VAC-0019-1,synthetic,SYN-007877
ASM-00508,SES-00247,APP-00135,CRI-0091,EV-S1-03,4,20,[SINTÉTICO] Nivel 4: la evidencia registrada corresponde al descriptor; para el nivel 4 faltaría un ejemplo más completo.,parcial,2026-09-14T18:51:00,RV-VAC-0019-1,CV-VAC-0019-1,synthetic,SYN-007878
ASM-00509,SES-00247,APP-00135,CRI-0092,EV-S1-03,4,20,[SINTÉTICO] Nivel 4: la evidencia registrada corresponde al descriptor; para el nivel 4 faltaría un ejemplo más completo.,suficiente,2026-09-14T18:51:00,RV-VAC-0019-1,CV-VAC-0019-1,synthetic,SYN-007882
ASM-00510,SES-00248,APP-00136,CRI-0095,EV-S2-03,3,15,[SINTÉTICO] Nivel 3: la evidencia registrada corresponde al descriptor; para el nivel 4 faltaría un ejemplo más completo.,parcial,2026-05-26T17:56:00,RV-VAC-0020-1,CV-VAC-0020-1,synthetic,SYN-007886
ASM-00511,SES-00248,APP-00136,CRI-0096,EV-S2-03,3,15,[SINTÉTICO] Nivel 3: la evidencia registrada corresponde al descriptor; para el nivel 4 faltaría un ejemplo más completo.,suficiente,2026-05-26T17:56:00,RV-VAC-0020-1,CV-VAC-0020-1,synthetic,SYN-007888
ASM-00512,SES-00248,APP-00136,CRI-0097,EV-S2-03,4,20,[SINTÉTICO] Nivel 4: la evidencia registrada corresponde al descriptor; para el nivel 4 faltaría un ejemplo más completo.,suficiente,2026-05-26T17:56:00,RV-VAC-0020-1,CV-VAC-0020-1,synthetic,SYN-007892
ASM-00513,SES-00249,APP-00136,CRI-0098,EV-S2-02,4,20,[SINTÉTICO] Nivel 4: la evidencia registrada corresponde al descriptor; para el nivel 4 faltaría un ejemplo más completo.,parcial,2026-06-02T14:00:00,RV-VAC-0020-1,CV-VAC-0020-1,synthetic,SYN-007895
ASM-00514,SES-00249,APP-00136,CRI-0099,EV-S2-02,4,20,[SINTÉTICO] Nivel 4: la evidencia registrada corresponde al descriptor; para el nivel 4 faltaría un ejemplo más completo.,parcial,2026-06-02T14:00:00,RV-VAC-0020-1,CV-VAC-0020-1,synthetic,SYN-007899
ASM-00515,SES-00250,APP-00137,CRI-0095,EV-S2-04,3,15,[SINTÉTICO] Nivel 3: la evidencia registrada corresponde al descriptor; para el nivel 4 faltaría un ejemplo más completo.,parcial,2026-06-06T19:23:00,RV-VAC-0020-1,CV-VAC-0020-1,synthetic,SYN-007904
ASM-00516,SES-00250,APP-00137,CRI-0096,EV-S2-04,1,5,[SINTÉTICO] Nivel 1: la evidencia registrada corresponde al descriptor; para el nivel 2 faltaría un ejemplo más completo.,parcial,2026-06-06T19:23:00,RV-VAC-0020-1,CV-VAC-0020-1,synthetic,SYN-007907
ASM-00517,SES-00250,APP-00137,CRI-0097,EV-S2-04,2,10,[SINTÉTICO] Nivel 2: la evidencia registrada corresponde al descriptor; para el nivel 3 faltaría un ejemplo más completo.,parcial,2026-06-06T19:23:00,RV-VAC-0020-1,CV-VAC-0020-1,synthetic,SYN-007911
ASM-00518,SES-00252,APP-00139,CRI-0100,EV-S3-01,3,15,[SINTÉTICO] Nivel 3: la evidencia registrada corresponde al descriptor; para el nivel 4 faltaría un ejemplo más completo.,suficiente,2026-09-05T02:28:00,RV-VAC-0021-1,CV-VAC-0021-1,synthetic,SYN-007917
ASM-00519,SES-00252,APP-00139,CRI-0101,EV-S3-01,4,20,[SINTÉTICO] Nivel 4: la evidencia registrada corresponde al descriptor; para el nivel 4 faltaría un ejemplo más completo.,suficiente,2026-09-05T02:28:00,RV-VAC-0021-1,CV-VAC-0021-1,synthetic,SYN-007920
ASM-00520,SES-00252,APP-00139,CRI-0102,EV-S3-01,4,20,[SINTÉTICO] Nivel 4: la evidencia registrada corresponde al descriptor; para el nivel 4 faltaría un ejemplo más completo.,parcial,2026-09-05T02:28:00,RV-VAC-0021-1,CV-VAC-0021-1,synthetic,SYN-007922
ASM-00521,SES-00253,APP-00140,CRI-0100,EV-S3-01,1,5,[SINTÉTICO] Nivel 1: la evidencia registrada corresponde al descriptor; para el nivel 2 faltaría un ejemplo más completo.,suficiente,2026-08-31T05:59:00,RV-VAC-0021-1,CV-VAC-0021-1,synthetic,SYN-007926
ASM-00522,SES-00253,APP-00140,CRI-0101,EV-S3-01,1,5,[SINTÉTICO] Nivel 1: la evidencia registrada corresponde al descriptor; para el nivel 2 faltaría un ejemplo más completo.,insuficiente,2026-08-31T05:59:00,RV-VAC-0021-1,CV-VAC-0021-1,synthetic,SYN-007930
ASM-00523,SES-00253,APP-00140,CRI-0102,EV-S3-01,1,5,[SINTÉTICO] Nivel 1: la evidencia registrada corresponde al descriptor; para el nivel 2 faltaría un ejemplo más completo.,parcial,2026-08-31T05:59:00,RV-VAC-0021-1,CV-VAC-0021-1,synthetic,SYN-007931
ASM-00524,SES-00254,APP-00140,CRI-0103,EV-S3-01,1,5,[SINTÉTICO] Nivel 1: la evidencia registrada corresponde al descriptor; para el nivel 2 faltaría un ejemplo más completo.,parcial,2026-09-20T21:00:00,RV-VAC-0021-1,CV-VAC-0021-1,synthetic,SYN-007934
ASM-00525,SES-00254,APP-00140,CRI-0104,EV-S3-01,1,5,[SINTÉTICO] Nivel 1: la evidencia registrada corresponde al descriptor; para el nivel 2 faltaría un ejemplo más completo.,suficiente,2026-09-20T21:00:00,RV-VAC-0021-1,CV-VAC-0021-1,synthetic,SYN-007937
ASM-00526,SES-00255,APP-00141,CRI-0105,EV-S1-03,2,10,[SINTÉTICO] Nivel 2: la evidencia registrada corresponde al descriptor; para el nivel 3 faltaría un ejemplo más completo.,suficiente,2026-06-25T01:00:00,RV-VAC-0022-1,CV-VAC-0022-1,synthetic,SYN-007941
ASM-00527,SES-00255,APP-00141,CRI-0106,EV-S1-03,2,10,[SINTÉTICO] Nivel 2: la evidencia registrada corresponde al descriptor; para el nivel 3 faltaría un ejemplo más completo.,suficiente,2026-06-25T01:00:00,RV-VAC-0022-1,CV-VAC-0022-1,synthetic,SYN-007945
ASM-00528,SES-00256,APP-00142,CRI-0105,EV-S1-04,2,10,[SINTÉTICO] Nivel 2: la evidencia registrada corresponde al descriptor; para el nivel 3 faltaría un ejemplo más completo.,parcial,2026-07-07T05:51:00,RV-VAC-0022-1,CV-VAC-0022-1,synthetic,SYN-007949
ASM-00529,SES-00256,APP-00142,CRI-0106,EV-S1-04,3,15,[SINTÉTICO] Nivel 3: la evidencia registrada corresponde al descriptor; para el nivel 4 faltaría un ejemplo más completo.,suficiente,2026-07-07T05:51:00,RV-VAC-0022-1,CV-VAC-0022-1,synthetic,SYN-007952
ASM-00530,SES-00257,APP-00142,CRI-0107,EV-S1-04,3,15,[SINTÉTICO] Nivel 3: la evidencia registrada corresponde al descriptor; para el nivel 4 faltaría un ejemplo más completo.,insuficiente,2026-07-04T02:00:00,RV-VAC-0022-1,CV-VAC-0022-1,synthetic,SYN-007957
ASM-00531,SES-00257,APP-00142,CRI-0108,EV-S1-04,4,20,[SINTÉTICO] Nivel 4: la evidencia registrada corresponde al descriptor; para el nivel 4 faltaría un ejemplo más completo.,suficiente,2026-07-04T02:00:00,RV-VAC-0022-1,CV-VAC-0022-1,synthetic,SYN-007958
ASM-00532,SES-00259,APP-00143,CRI-0107,EV-S1-01,3,15,[SINTÉTICO] Nivel 3: la evidencia registrada corresponde al descriptor; para el nivel 4 faltaría un ejemplo más completo.,parcial,2026-07-07T16:00:00,RV-VAC-0022-1,CV-VAC-0022-1,synthetic,SYN-007964
ASM-00533,SES-00259,APP-00143,CRI-0108,EV-S1-01,3,15,[SINTÉTICO] Nivel 3: la evidencia registrada corresponde al descriptor; para el nivel 4 faltaría un ejemplo más completo.,insuficiente,2026-07-07T16:00:00,RV-VAC-0022-1,CV-VAC-0022-1,synthetic,SYN-007967
ASM-00534,SES-00260,APP-00144,CRI-0105,EV-S1-02,1,5,[SINTÉTICO] Nivel 1: la evidencia registrada corresponde al descriptor; para el nivel 2 faltaría un ejemplo más completo.,suficiente,2026-07-05T08:42:00,RV-VAC-0022-1,CV-VAC-0022-1,synthetic,SYN-007969
ASM-00535,SES-00260,APP-00144,CRI-0106,EV-S1-02,1,5,[SINTÉTICO] Nivel 1: la evidencia registrada corresponde al descriptor; para el nivel 2 faltaría un ejemplo más completo.,suficiente,2026-07-05T08:42:00,RV-VAC-0022-1,CV-VAC-0022-1,synthetic,SYN-007973
ASM-00536,SES-00261,APP-00144,CRI-0105,EV-S1-04,2,10,[SINTÉTICO] Nivel 2: la evidencia registrada corresponde al descriptor; para el nivel 3 faltaría un ejemplo más completo.,suficiente,2026-06-29T14:42:00,RV-VAC-0022-1,CV-VAC-0022-1,synthetic,SYN-007977
ASM-00537,SES-00261,APP-00144,CRI-0106,EV-S1-04,1,5,[SINTÉTICO] Nivel 1: la evidencia registrada corresponde al descriptor; para el nivel 2 faltaría un ejemplo más completo.,insuficiente,2026-06-29T14:42:00,RV-VAC-0022-1,CV-VAC-0022-1,synthetic,SYN-007981
ASM-00538,SES-00263,APP-00145,CRI-0105,EV-S1-04,2,10,[SINTÉTICO] Nivel 2: la evidencia registrada corresponde al descriptor; para el nivel 3 faltaría un ejemplo más completo.,parcial,2026-06-25T04:13:00,RV-VAC-0022-1,CV-VAC-0022-1,synthetic,SYN-007984
ASM-00539,SES-00263,APP-00145,CRI-0106,EV-S1-04,4,20,[SINTÉTICO] Nivel 4: la evidencia registrada corresponde al descriptor; para el nivel 4 faltaría un ejemplo más completo.,suficiente,2026-06-25T04:13:00,RV-VAC-0022-1,CV-VAC-0022-1,synthetic,SYN-007988
ASM-00540,SES-00265,APP-00146,CRI-0105,EV-S1-03,4,20,[SINTÉTICO] Nivel 4: la evidencia registrada corresponde al descriptor; para el nivel 4 faltaría un ejemplo más completo.,suficiente,2026-06-28T05:39:00,RV-VAC-0022-1,CV-VAC-0022-1,synthetic,SYN-007993
ASM-00541,SES-00265,APP-00146,CRI-0106,EV-S1-03,4,20,[SINTÉTICO] Nivel 4: la evidencia registrada corresponde al descriptor; para el nivel 4 faltaría un ejemplo más completo.,suficiente,2026-06-28T05:39:00,RV-VAC-0022-1,CV-VAC-0022-1,synthetic,SYN-007995
ASM-00542,SES-00266,APP-00146,CRI-0107,EV-S1-02,4,20,[SINTÉTICO] Nivel 4: la evidencia registrada corresponde al descriptor; para el nivel 4 faltaría un ejemplo más completo.,suficiente,2026-07-05T21:00:00,RV-VAC-0022-1,CV-VAC-0022-1,synthetic,SYN-007998
ASM-00543,SES-00266,APP-00146,CRI-0108,EV-S1-02,4,20,[SINTÉTICO] Nivel 4: la evidencia registrada corresponde al descriptor; para el nivel 4 faltaría un ejemplo más completo.,parcial,2026-07-05T21:00:00,RV-VAC-0022-1,CV-VAC-0022-1,synthetic,SYN-008000
ASM-00544,SES-00267,APP-00147,CRI-0105,EV-S1-02,4,20,[SINTÉTICO] Nivel 4: la evidencia registrada corresponde al descriptor; para el nivel 4 faltaría un ejemplo más completo.,insuficiente,2026-06-23T04:26:00,RV-VAC-0022-1,CV-VAC-0022-1,synthetic,SYN-008004
ASM-00545,SES-00267,APP-00147,CRI-0106,EV-S1-02,4,20,[SINTÉTICO] Nivel 4: la evidencia registrada corresponde al descriptor; para el nivel 4 faltaría un ejemplo más completo.,parcial,2026-06-23T04:26:00,RV-VAC-0022-1,CV-VAC-0022-1,synthetic,SYN-008005
ASM-00546,SES-00269,APP-00147,CRI-0107,EV-S1-01,3,15,[SINTÉTICO] Nivel 3: la evidencia registrada corresponde al descriptor; para el nivel 4 faltaría un ejemplo más completo.,suficiente,2026-07-04T02:00:00,RV-VAC-0022-1,CV-VAC-0022-1,synthetic,SYN-008011
ASM-00547,SES-00269,APP-00147,CRI-0108,EV-S1-01,4,20,[SINTÉTICO] Nivel 4: la evidencia registrada corresponde al descriptor; para el nivel 4 faltaría un ejemplo más completo.,parcial,2026-07-04T02:00:00,RV-VAC-0022-1,CV-VAC-0022-1,synthetic,SYN-008013
ASM-00548,SES-00271,APP-00148,CRI-0109,EV-S2-04,1,5,[SINTÉTICO] Nivel 1: la evidencia registrada corresponde al descriptor; para el nivel 2 faltaría un ejemplo más completo.,suficiente,2026-06-08T22:25:00,RV-VAC-0023-1,CV-VAC-0023-1,synthetic,SYN-008019
ASM-00549,SES-00271,APP-00148,CRI-0110,EV-S2-04,2,10,[SINTÉTICO] Nivel 2: la evidencia registrada corresponde al descriptor; para el nivel 3 faltaría un ejemplo más completo.,suficiente,2026-06-08T22:25:00,RV-VAC-0023-1,CV-VAC-0023-1,synthetic,SYN-008021
ASM-00550,SES-00271,APP-00148,CRI-0111,EV-S2-04,2,10,[SINTÉTICO] Nivel 2: la evidencia registrada corresponde al descriptor; para el nivel 3 faltaría un ejemplo más completo.,suficiente,2026-06-08T22:25:00,RV-VAC-0023-1,CV-VAC-0023-1,synthetic,SYN-008023
ASM-00551,SES-00272,APP-00148,CRI-0112,EV-S2-02,2,10,[SINTÉTICO] Nivel 2: la evidencia registrada corresponde al descriptor; para el nivel 3 faltaría un ejemplo más completo.,parcial,2026-06-12T18:00:00,RV-VAC-0023-1,CV-VAC-0023-1,synthetic,SYN-008027
ASM-00552,SES-00272,APP-00148,CRI-0113,EV-S2-02,2,10,[SINTÉTICO] Nivel 2: la evidencia registrada corresponde al descriptor; para el nivel 3 faltaría un ejemplo más completo.,suficiente,2026-06-12T18:00:00,RV-VAC-0023-1,CV-VAC-0023-1,synthetic,SYN-008029
ASM-00553,SES-00272,APP-00148,CRI-0114,EV-S2-02,2,10,[SINTÉTICO] Nivel 2: la evidencia registrada corresponde al descriptor; para el nivel 3 faltaría un ejemplo más completo.,parcial,2026-06-12T18:00:00,RV-VAC-0023-1,CV-VAC-0023-1,synthetic,SYN-008032
ASM-00554,SES-00273,APP-00150,CRI-0109,EV-S2-01,3,15,[SINTÉTICO] Nivel 3: la evidencia registrada corresponde al descriptor; para el nivel 4 faltaría un ejemplo más completo.,parcial,2026-06-10T07:57:00,RV-VAC-0023-1,CV-VAC-0023-1,synthetic,SYN-008035
ASM-00555,SES-00273,APP-00150,CRI-0110,EV-S2-01,3,15,[SINTÉTICO] Nivel 3: la evidencia registrada corresponde al descriptor; para el nivel 4 faltaría un ejemplo más completo.,parcial,2026-06-10T07:57:00,RV-VAC-0023-1,CV-VAC-0023-1,synthetic,SYN-008038
ASM-00556,SES-00273,APP-00150,CRI-0111,EV-S2-01,2,10,[SINTÉTICO] Nivel 2: la evidencia registrada corresponde al descriptor; para el nivel 3 faltaría un ejemplo más completo.,suficiente,2026-06-10T07:57:00,RV-VAC-0023-1,CV-VAC-0023-1,synthetic,SYN-008041
ASM-00557,SES-00274,APP-00150,CRI-0112,EV-S2-02,3,15,[SINTÉTICO] Nivel 3: la evidencia registrada corresponde al descriptor; para el nivel 4 faltaría un ejemplo más completo.,parcial,2026-06-07T16:00:00,RV-VAC-0023-1,CV-VAC-0023-1,synthetic,SYN-008044
ASM-00558,SES-00274,APP-00150,CRI-0113,EV-S2-02,3,15,[SINTÉTICO] Nivel 3: la evidencia registrada corresponde al descriptor; para el nivel 4 faltaría un ejemplo más completo.,suficiente,2026-06-07T16:00:00,RV-VAC-0023-1,CV-VAC-0023-1,synthetic,SYN-008046
ASM-00559,SES-00274,APP-00150,CRI-0114,EV-S2-02,2,10,[SINTÉTICO] Nivel 2: la evidencia registrada corresponde al descriptor; para el nivel 3 faltaría un ejemplo más completo.,parcial,2026-06-07T16:00:00,RV-VAC-0023-1,CV-VAC-0023-1,synthetic,SYN-008050
ASM-00560,SES-00275,APP-00151,CRI-0109,EV-S2-03,4,20,[SINTÉTICO] Nivel 4: la evidencia registrada corresponde al descriptor; para el nivel 4 faltaría un ejemplo más completo.,suficiente,2026-06-11T22:00:00,RV-VAC-0023-1,CV-VAC-0023-1,synthetic,SYN-008054
ASM-00561,SES-00275,APP-00151,CRI-0110,EV-S2-03,4,20,[SINTÉTICO] Nivel 4: la evidencia registrada corresponde al descriptor; para el nivel 4 faltaría un ejemplo más completo.,parcial,2026-06-11T22:00:00,RV-VAC-0023-1,CV-VAC-0023-1,synthetic,SYN-008057
ASM-00562,SES-00275,APP-00151,CRI-0111,EV-S2-03,4,20,[SINTÉTICO] Nivel 4: la evidencia registrada corresponde al descriptor; para el nivel 4 faltaría un ejemplo más completo.,parcial,2026-06-11T22:00:00,RV-VAC-0023-1,CV-VAC-0023-1,synthetic,SYN-008060
ASM-00563,SES-00276,APP-00151,CRI-0112,EV-S2-03,4,20,[SINTÉTICO] Nivel 4: la evidencia registrada corresponde al descriptor; para el nivel 4 faltaría un ejemplo más completo.,suficiente,2026-06-08T00:00:00,RV-VAC-0023-1,CV-VAC-0023-1,synthetic,SYN-008064
ASM-00564,SES-00276,APP-00151,CRI-0113,EV-S2-03,3,15,[SINTÉTICO] Nivel 3: la evidencia registrada corresponde al descriptor; para el nivel 4 faltaría un ejemplo más completo.,suficiente,2026-06-08T00:00:00,RV-VAC-0023-1,CV-VAC-0023-1,synthetic,SYN-008066
ASM-00565,SES-00276,APP-00151,CRI-0114,EV-S2-03,4,20,[SINTÉTICO] Nivel 4: la evidencia registrada corresponde al descriptor; para el nivel 4 faltaría un ejemplo más completo.,parcial,2026-06-08T00:00:00,RV-VAC-0023-1,CV-VAC-0023-1,synthetic,SYN-008068
ASM-00566,SES-00278,APP-00152,CRI-0112,EV-S2-04,2,10,[SINTÉTICO] Nivel 2: la evidencia registrada corresponde al descriptor; para el nivel 3 faltaría un ejemplo más completo.,parcial,2026-06-12T22:00:00,RV-VAC-0023-1,CV-VAC-0023-1,synthetic,SYN-008074
ASM-00567,SES-00278,APP-00152,CRI-0113,EV-S2-04,2,10,[SINTÉTICO] Nivel 2: la evidencia registrada corresponde al descriptor; para el nivel 3 faltaría un ejemplo más completo.,suficiente,2026-06-12T22:00:00,RV-VAC-0023-1,CV-VAC-0023-1,synthetic,SYN-008077
ASM-00568,SES-00278,APP-00152,CRI-0114,EV-S2-04,2,10,[SINTÉTICO] Nivel 2: la evidencia registrada corresponde al descriptor; para el nivel 3 faltaría un ejemplo más completo.,suficiente,2026-06-12T22:00:00,RV-VAC-0023-1,CV-VAC-0023-1,synthetic,SYN-008080
ASM-00569,SES-00279,APP-00153,CRI-0109,EV-S2-04,1,5,[SINTÉTICO] Nivel 1: la evidencia registrada corresponde al descriptor; para el nivel 2 faltaría un ejemplo más completo.,suficiente,2026-06-06T10:48:00,RV-VAC-0023-1,CV-VAC-0023-1,synthetic,SYN-008084
ASM-00570,SES-00279,APP-00153,CRI-0110,EV-S2-04,2,10,[SINTÉTICO] Nivel 2: la evidencia registrada corresponde al descriptor; para el nivel 3 faltaría un ejemplo más completo.,suficiente,2026-06-06T10:48:00,RV-VAC-0023-1,CV-VAC-0023-1,synthetic,SYN-008087
ASM-00571,SES-00279,APP-00153,CRI-0111,EV-S2-04,1,5,[SINTÉTICO] Nivel 1: la evidencia registrada corresponde al descriptor; para el nivel 2 faltaría un ejemplo más completo.,insuficiente,2026-06-06T10:48:00,RV-VAC-0023-1,CV-VAC-0023-1,synthetic,SYN-008090
ASM-00572,SES-00280,APP-00153,CRI-0112,EV-S2-03,1,5,[SINTÉTICO] Nivel 1: la evidencia registrada corresponde al descriptor; para el nivel 2 faltaría un ejemplo más completo.,parcial,2026-06-20T14:00:00,RV-VAC-0023-1,CV-VAC-0023-1,synthetic,SYN-008092
ASM-00573,SES-00280,APP-00153,CRI-0113,EV-S2-03,1,5,[SINTÉTICO] Nivel 1: la evidencia registrada corresponde al descriptor; para el nivel 2 faltaría un ejemplo más completo.,suficiente,2026-06-20T14:00:00,RV-VAC-0023-1,CV-VAC-0023-1,synthetic,SYN-008095
ASM-00574,SES-00280,APP-00153,CRI-0114,EV-S2-03,1,5,[SINTÉTICO] Nivel 1: la evidencia registrada corresponde al descriptor; para el nivel 2 faltaría un ejemplo más completo.,insuficiente,2026-06-20T14:00:00,RV-VAC-0023-1,CV-VAC-0023-1,synthetic,SYN-008098
ASM-00575,SES-00281,APP-00154,CRI-0109,EV-S2-01,2,10,[SINTÉTICO] Nivel 2: la evidencia registrada corresponde al descriptor; para el nivel 3 faltaría un ejemplo más completo.,suficiente,2026-06-09T17:30:00,RV-VAC-0023-1,CV-VAC-0023-1,synthetic,SYN-008100
ASM-00576,SES-00281,APP-00154,CRI-0110,EV-S2-01,3,15,[SINTÉTICO] Nivel 3: la evidencia registrada corresponde al descriptor; para el nivel 4 faltaría un ejemplo más completo.,suficiente,2026-06-09T17:30:00,RV-VAC-0023-1,CV-VAC-0023-1,synthetic,SYN-008102
ASM-00577,SES-00281,APP-00154,CRI-0111,EV-S2-01,4,20,[SINTÉTICO] Nivel 4: la evidencia registrada corresponde al descriptor; para el nivel 4 faltaría un ejemplo más completo.,suficiente,2026-06-09T17:30:00,RV-VAC-0023-1,CV-VAC-0023-1,synthetic,SYN-008105
ASM-00578,SES-00282,APP-00154,CRI-0112,EV-S2-02,3,15,[SINTÉTICO] Nivel 3: la evidencia registrada corresponde al descriptor; para el nivel 4 faltaría un ejemplo más completo.,suficiente,2026-06-09T18:00:00,RV-VAC-0023-1,CV-VAC-0023-1,synthetic,SYN-008109
ASM-00579,SES-00282,APP-00154,CRI-0113,EV-S2-02,2,10,[SINTÉTICO] Nivel 2: la evidencia registrada corresponde al descriptor; para el nivel 3 faltaría un ejemplo más completo.,insuficiente,2026-06-09T18:00:00,RV-VAC-0023-1,CV-VAC-0023-1,synthetic,SYN-008112
ASM-00580,SES-00282,APP-00154,CRI-0114,EV-S2-02,3,15,[SINTÉTICO] Nivel 3: la evidencia registrada corresponde al descriptor; para el nivel 4 faltaría un ejemplo más completo.,suficiente,2026-06-09T18:00:00,RV-VAC-0023-1,CV-VAC-0023-1,synthetic,SYN-008113
ASM-00581,SES-00283,APP-00155,CRI-0109,EV-S2-01,4,20,[SINTÉTICO] Nivel 4: la evidencia registrada corresponde al descriptor; para el nivel 4 faltaría un ejemplo más completo.,suficiente,2026-06-13T09:59:00,RV-VAC-0023-1,CV-VAC-0023-1,synthetic,SYN-008116
ASM-00582,SES-00283,APP-00155,CRI-0110,EV-S2-01,4,20,[SINTÉTICO] Nivel 4: la evidencia registrada corresponde al descriptor; para el nivel 4 faltaría un ejemplo más completo.,suficiente,2026-06-13T09:59:00,RV-VAC-0023-1,CV-VAC-0023-1,synthetic,SYN-008119
ASM-00583,SES-00283,APP-00155,CRI-0111,EV-S2-01,4,20,[SINTÉTICO] Nivel 4: la evidencia registrada corresponde al descriptor; para el nivel 4 faltaría un ejemplo más completo.,parcial,2026-06-13T09:59:00,RV-VAC-0023-1,CV-VAC-0023-1,synthetic,SYN-008122
ASM-00584,SES-00284,APP-00155,CRI-0112,EV-S2-04,4,20,[SINTÉTICO] Nivel 4: la evidencia registrada corresponde al descriptor; para el nivel 4 faltaría un ejemplo más completo.,suficiente,2026-06-17T22:00:00,RV-VAC-0023-1,CV-VAC-0023-1,synthetic,SYN-008127
ASM-00585,SES-00284,APP-00155,CRI-0113,EV-S2-04,4,20,[SINTÉTICO] Nivel 4: la evidencia registrada corresponde al descriptor; para el nivel 4 faltaría un ejemplo más completo.,suficiente,2026-06-17T22:00:00,RV-VAC-0023-1,CV-VAC-0023-1,synthetic,SYN-008130
ASM-00586,SES-00284,APP-00155,CRI-0114,EV-S2-04,4,20,[SINTÉTICO] Nivel 4: la evidencia registrada corresponde al descriptor; para el nivel 4 faltaría un ejemplo más completo.,suficiente,2026-06-17T22:00:00,RV-VAC-0023-1,CV-VAC-0023-1,synthetic,SYN-008134
ASM-00587,SES-00285,APP-00156,CRI-0109,EV-S2-04,4,20,[SINTÉTICO] Nivel 4: la evidencia registrada corresponde al descriptor; para el nivel 4 faltaría un ejemplo más completo.,suficiente,2026-06-07T10:56:00,RV-VAC-0023-1,CV-VAC-0023-1,synthetic,SYN-008140
ASM-00588,SES-00285,APP-00156,CRI-0110,EV-S2-04,4,20,[SINTÉTICO] Nivel 4: la evidencia registrada corresponde al descriptor; para el nivel 4 faltaría un ejemplo más completo.,suficiente,2026-06-07T10:56:00,RV-VAC-0023-1,CV-VAC-0023-1,synthetic,SYN-008143
ASM-00589,SES-00285,APP-00156,CRI-0111,EV-S2-04,4,20,[SINTÉTICO] Nivel 4: la evidencia registrada corresponde al descriptor; para el nivel 4 faltaría un ejemplo más completo.,parcial,2026-06-07T10:56:00,RV-VAC-0023-1,CV-VAC-0023-1,synthetic,SYN-008145
ASM-00590,SES-00286,APP-00156,CRI-0109,EV-S2-03,4,20,[SINTÉTICO] Nivel 4: la evidencia registrada corresponde al descriptor; para el nivel 4 faltaría un ejemplo más completo.,suficiente,2026-06-11T07:56:00,RV-VAC-0023-1,CV-VAC-0023-1,synthetic,SYN-008148
ASM-00591,SES-00286,APP-00156,CRI-0110,EV-S2-03,4,20,[SINTÉTICO] Nivel 4: la evidencia registrada corresponde al descriptor; para el nivel 4 faltaría un ejemplo más completo.,suficiente,2026-06-11T07:56:00,RV-VAC-0023-1,CV-VAC-0023-1,synthetic,SYN-008152
ASM-00592,SES-00286,APP-00156,CRI-0111,EV-S2-03,4,20,[SINTÉTICO] Nivel 4: la evidencia registrada corresponde al descriptor; para el nivel 4 faltaría un ejemplo más completo.,suficiente,2026-06-11T07:56:00,RV-VAC-0023-1,CV-VAC-0023-1,synthetic,SYN-008154
ASM-00593,SES-00287,APP-00156,CRI-0112,EV-S2-01,3,15,[SINTÉTICO] Nivel 3: la evidencia registrada corresponde al descriptor; para el nivel 4 faltaría un ejemplo más completo.,suficiente,2026-06-23T17:00:00,RV-VAC-0023-1,CV-VAC-0023-1,synthetic,SYN-008158
ASM-00594,SES-00287,APP-00156,CRI-0113,EV-S2-01,4,20,[SINTÉTICO] Nivel 4: la evidencia registrada corresponde al descriptor; para el nivel 4 faltaría un ejemplo más completo.,suficiente,2026-06-23T17:00:00,RV-VAC-0023-1,CV-VAC-0023-1,synthetic,SYN-008161
ASM-00595,SES-00287,APP-00156,CRI-0114,EV-S2-01,4,20,[SINTÉTICO] Nivel 4: la evidencia registrada corresponde al descriptor; para el nivel 4 faltaría un ejemplo más completo.,parcial,2026-06-23T17:00:00,RV-VAC-0023-1,CV-VAC-0023-1,synthetic,SYN-008165
ASM-00596,SES-00288,APP-00157,CRI-0109,EV-S2-02,3,15,[SINTÉTICO] Nivel 3: la evidencia registrada corresponde al descriptor; para el nivel 4 faltaría un ejemplo más completo.,insuficiente,2026-06-09T06:36:00,RV-VAC-0023-1,CV-VAC-0023-1,synthetic,SYN-008168
ASM-00597,SES-00288,APP-00157,CRI-0110,EV-S2-02,4,20,[SINTÉTICO] Nivel 4: la evidencia registrada corresponde al descriptor; para el nivel 4 faltaría un ejemplo más completo.,parcial,2026-06-09T06:36:00,RV-VAC-0023-1,CV-VAC-0023-1,synthetic,SYN-008169
ASM-00598,SES-00288,APP-00157,CRI-0111,EV-S2-02,3,15,[SINTÉTICO] Nivel 3: la evidencia registrada corresponde al descriptor; para el nivel 4 faltaría un ejemplo más completo.,parcial,2026-06-09T06:36:00,RV-VAC-0023-1,CV-VAC-0023-1,synthetic,SYN-008172
ASM-00599,SES-00289,APP-00157,CRI-0112,EV-S2-03,3,15,[SINTÉTICO] Nivel 3: la evidencia registrada corresponde al descriptor; para el nivel 4 faltaría un ejemplo más completo.,parcial,2026-06-23T19:00:00,RV-VAC-0023-1,CV-VAC-0023-1,synthetic,SYN-008175
ASM-00600,SES-00289,APP-00157,CRI-0113,EV-S2-03,3,15,[SINTÉTICO] Nivel 3: la evidencia registrada corresponde al descriptor; para el nivel 4 faltaría un ejemplo más completo.,parcial,2026-06-23T19:00:00,RV-VAC-0023-1,CV-VAC-0023-1,synthetic,SYN-008178
ASM-00601,SES-00289,APP-00157,CRI-0114,EV-S2-03,3,15,[SINTÉTICO] Nivel 3: la evidencia registrada corresponde al descriptor; para el nivel 4 faltaría un ejemplo más completo.,suficiente,2026-06-23T19:00:00,RV-VAC-0023-1,CV-VAC-0023-1,synthetic,SYN-008181
ASM-00602,SES-00290,APP-00158,CRI-0109,EV-S2-01,1,5,[SINTÉTICO] Nivel 1: la evidencia registrada corresponde al descriptor; para el nivel 2 faltaría un ejemplo más completo.,parcial,2026-06-07T15:17:00,RV-VAC-0023-1,CV-VAC-0023-1,synthetic,SYN-008184
ASM-00603,SES-00290,APP-00158,CRI-0110,EV-S2-01,1,5,[SINTÉTICO] Nivel 1: la evidencia registrada corresponde al descriptor; para el nivel 2 faltaría un ejemplo más completo.,suficiente,2026-06-07T15:17:00,RV-VAC-0023-1,CV-VAC-0023-1,synthetic,SYN-008187
ASM-00604,SES-00290,APP-00158,CRI-0111,EV-S2-01,1,5,[SINTÉTICO] Nivel 1: la evidencia registrada corresponde al descriptor; para el nivel 2 faltaría un ejemplo más completo.,suficiente,2026-06-07T15:17:00,RV-VAC-0023-1,CV-VAC-0023-1,synthetic,SYN-008189
ASM-00605,SES-00291,APP-00158,CRI-0109,EV-S2-03,3,15,[SINTÉTICO] Nivel 3: la evidencia registrada corresponde al descriptor; para el nivel 4 faltaría un ejemplo más completo.,suficiente,2026-06-09T18:17:00,RV-VAC-0023-1,CV-VAC-0023-1,synthetic,SYN-008194
ASM-00606,SES-00291,APP-00158,CRI-0110,EV-S2-03,2,10,[SINTÉTICO] Nivel 2: la evidencia registrada corresponde al descriptor; para el nivel 3 faltaría un ejemplo más completo.,suficiente,2026-06-09T18:17:00,RV-VAC-0023-1,CV-VAC-0023-1,synthetic,SYN-008198
ASM-00607,SES-00291,APP-00158,CRI-0111,EV-S2-03,1,5,[SINTÉTICO] Nivel 1: la evidencia registrada corresponde al descriptor; para el nivel 2 faltaría un ejemplo más completo.,suficiente,2026-06-09T18:17:00,RV-VAC-0023-1,CV-VAC-0023-1,synthetic,SYN-008201
ASM-00608,SES-00292,APP-00158,CRI-0112,EV-S2-01,1,5,[SINTÉTICO] Nivel 1: la evidencia registrada corresponde al descriptor; para el nivel 2 faltaría un ejemplo más completo.,parcial,2026-06-24T17:00:00,RV-VAC-0023-1,CV-VAC-0023-1,synthetic,SYN-008204
ASM-00609,SES-00292,APP-00158,CRI-0113,EV-S2-01,1,5,[SINTÉTICO] Nivel 1: la evidencia registrada corresponde al descriptor; para el nivel 2 faltaría un ejemplo más completo.,parcial,2026-06-24T17:00:00,RV-VAC-0023-1,CV-VAC-0023-1,synthetic,SYN-008206
ASM-00610,SES-00292,APP-00158,CRI-0114,EV-S2-01,2,10,[SINTÉTICO] Nivel 2: la evidencia registrada corresponde al descriptor; para el nivel 3 faltaría un ejemplo más completo.,parcial,2026-06-24T17:00:00,RV-VAC-0023-1,CV-VAC-0023-1,synthetic,SYN-008209
ASM-00611,SES-00293,APP-00159,CRI-0115,EV-S3-04,4,20,[SINTÉTICO] Nivel 4: la evidencia registrada corresponde al descriptor; para el nivel 4 faltaría un ejemplo más completo.,suficiente,2026-04-17T07:48:00,RV-VAC-0024-1,CV-VAC-0024-1,synthetic,SYN-008212
ASM-00612,SES-00293,APP-00159,CRI-0116,EV-S3-04,4,20,[SINTÉTICO] Nivel 4: la evidencia registrada corresponde al descriptor; para el nivel 4 faltaría un ejemplo más completo.,suficiente,2026-04-17T07:48:00,RV-VAC-0024-1,CV-VAC-0024-1,synthetic,SYN-008215
ASM-00613,SES-00293,APP-00159,CRI-0117,EV-S3-04,4,20,[SINTÉTICO] Nivel 4: la evidencia registrada corresponde al descriptor; para el nivel 4 faltaría un ejemplo más completo.,suficiente,2026-04-17T07:48:00,RV-VAC-0024-1,CV-VAC-0024-1,synthetic,SYN-008217
ASM-00614,SES-00294,APP-00160,CRI-0115,EV-S3-03,3,15,[SINTÉTICO] Nivel 3: la evidencia registrada corresponde al descriptor; para el nivel 4 faltaría un ejemplo más completo.,suficiente,2026-04-18T03:14:00,RV-VAC-0024-1,CV-VAC-0024-1,synthetic,SYN-008221
ASM-00615,SES-00294,APP-00160,CRI-0116,EV-S3-03,3,15,[SINTÉTICO] Nivel 3: la evidencia registrada corresponde al descriptor; para el nivel 4 faltaría un ejemplo más completo.,parcial,2026-04-18T03:14:00,RV-VAC-0024-1,CV-VAC-0024-1,synthetic,SYN-008224
ASM-00616,SES-00294,APP-00160,CRI-0117,EV-S3-03,3,15,[SINTÉTICO] Nivel 3: la evidencia registrada corresponde al descriptor; para el nivel 4 faltaría un ejemplo más completo.,suficiente,2026-04-18T03:14:00,RV-VAC-0024-1,CV-VAC-0024-1,synthetic,SYN-008227
ASM-00617,SES-00295,APP-00160,CRI-0118,EV-S3-04,3,15,[SINTÉTICO] Nivel 3: la evidencia registrada corresponde al descriptor; para el nivel 4 faltaría un ejemplo más completo.,parcial,2026-04-29T16:00:00,RV-VAC-0024-1,CV-VAC-0024-1,synthetic,SYN-008232
ASM-00618,SES-00295,APP-00160,CRI-0119,EV-S3-04,3,15,[SINTÉTICO] Nivel 3: la evidencia registrada corresponde al descriptor; para el nivel 4 faltaría un ejemplo más completo.,parcial,2026-04-29T16:00:00,RV-VAC-0024-1,CV-VAC-0024-1,synthetic,SYN-008235
ASM-00619,SES-00295,APP-00160,CRI-0120,EV-S3-04,3,15,[SINTÉTICO] Nivel 3: la evidencia registrada corresponde al descriptor; para el nivel 4 faltaría un ejemplo más completo.,parcial,2026-04-29T16:00:00,RV-VAC-0024-1,CV-VAC-0024-1,synthetic,SYN-008238
ASM-00620,SES-00296,APP-00161,CRI-0115,EV-S3-04,4,20,[SINTÉTICO] Nivel 4: la evidencia registrada corresponde al descriptor; para el nivel 4 faltaría un ejemplo más completo.,suficiente,2026-04-29T07:11:00,RV-VAC-0024-1,CV-VAC-0024-1,synthetic,SYN-008241
ASM-00621,SES-00296,APP-00161,CRI-0116,EV-S3-04,4,20,[SINTÉTICO] Nivel 4: la evidencia registrada corresponde al descriptor; para el nivel 4 faltaría un ejemplo más completo.,insuficiente,2026-04-29T07:11:00,RV-VAC-0024-1,CV-VAC-0024-1,synthetic,SYN-008244
ASM-00622,SES-00296,APP-00161,CRI-0117,EV-S3-04,4,20,[SINTÉTICO] Nivel 4: la evidencia registrada corresponde al descriptor; para el nivel 4 faltaría un ejemplo más completo.,suficiente,2026-04-29T07:11:00,RV-VAC-0024-1,CV-VAC-0024-1,synthetic,SYN-008245
ASM-00623,SES-00297,APP-00161,CRI-0118,EV-S3-04,4,20,[SINTÉTICO] Nivel 4: la evidencia registrada corresponde al descriptor; para el nivel 4 faltaría un ejemplo más completo.,suficiente,2026-04-25T19:00:00,RV-VAC-0024-1,CV-VAC-0024-1,synthetic,SYN-008248
ASM-00624,SES-00297,APP-00161,CRI-0119,EV-S3-04,4,20,[SINTÉTICO] Nivel 4: la evidencia registrada corresponde al descriptor; para el nivel 4 faltaría un ejemplo más completo.,suficiente,2026-04-25T19:00:00,RV-VAC-0024-1,CV-VAC-0024-1,synthetic,SYN-008252
ASM-00625,SES-00297,APP-00161,CRI-0120,EV-S3-04,4,20,[SINTÉTICO] Nivel 4: la evidencia registrada corresponde al descriptor; para el nivel 4 faltaría un ejemplo más completo.,parcial,2026-04-25T19:00:00,RV-VAC-0024-1,CV-VAC-0024-1,synthetic,SYN-008255
ASM-00626,SES-00299,APP-00163,CRI-0121,EV-S1-03,3,15,[SINTÉTICO] Nivel 3: la evidencia registrada corresponde al descriptor; para el nivel 4 faltaría un ejemplo más completo.,parcial,2026-06-26T20:48:00,RV-VAC-0025-1,CV-VAC-0025-1,synthetic,SYN-008259
ASM-00627,SES-00299,APP-00163,CRI-0122,EV-S1-03,3,15,[SINTÉTICO] Nivel 3: la evidencia registrada corresponde al descriptor; para el nivel 4 faltaría un ejemplo más completo.,suficiente,2026-06-26T20:48:00,RV-VAC-0025-1,CV-VAC-0025-1,synthetic,SYN-008263
ASM-00628,SES-00299,APP-00163,CRI-0123,EV-S1-03,3,15,[SINTÉTICO] Nivel 3: la evidencia registrada corresponde al descriptor; para el nivel 4 faltaría un ejemplo más completo.,parcial,2026-06-26T20:48:00,RV-VAC-0025-1,CV-VAC-0025-1,synthetic,SYN-008266
ASM-00629,SES-00300,APP-00163,CRI-0124,EV-S1-04,3,15,[SINTÉTICO] Nivel 3: la evidencia registrada corresponde al descriptor; para el nivel 4 faltaría un ejemplo más completo.,suficiente,2026-06-25T21:00:00,RV-VAC-0025-1,CV-VAC-0025-1,synthetic,SYN-008269
ASM-00630,SES-00300,APP-00163,CRI-0125,EV-S1-04,3,15,[SINTÉTICO] Nivel 3: la evidencia registrada corresponde al descriptor; para el nivel 4 faltaría un ejemplo más completo.,suficiente,2026-06-25T21:00:00,RV-VAC-0025-1,CV-VAC-0025-1,synthetic,SYN-008271
ASM-00631,SES-00300,APP-00163,CRI-0126,EV-S1-04,3,15,[SINTÉTICO] Nivel 3: la evidencia registrada corresponde al descriptor; para el nivel 4 faltaría un ejemplo más completo.,suficiente,2026-06-25T21:00:00,RV-VAC-0025-1,CV-VAC-0025-1,synthetic,SYN-008275
ASM-00632,SES-00301,APP-00164,CRI-0121,EV-S1-01,2,10,[SINTÉTICO] Nivel 2: la evidencia registrada corresponde al descriptor; para el nivel 3 faltaría un ejemplo más completo.,suficiente,2026-06-16T21:15:00,RV-VAC-0025-1,CV-VAC-0025-1,synthetic,SYN-008279
ASM-00633,SES-00301,APP-00164,CRI-0122,EV-S1-01,2,10,[SINTÉTICO] Nivel 2: la evidencia registrada corresponde al descriptor; para el nivel 3 faltaría un ejemplo más completo.,insuficiente,2026-06-16T21:15:00,RV-VAC-0025-1,CV-VAC-0025-1,synthetic,SYN-008282
ASM-00634,SES-00301,APP-00164,CRI-0123,EV-S1-01,3,15,[SINTÉTICO] Nivel 3: la evidencia registrada corresponde al descriptor; para el nivel 4 faltaría un ejemplo más completo.,suficiente,2026-06-16T21:15:00,RV-VAC-0025-1,CV-VAC-0025-1,synthetic,SYN-008283
ASM-00635,SES-00302,APP-00164,CRI-0121,EV-S1-04,2,10,[SINTÉTICO] Nivel 2: la evidencia registrada corresponde al descriptor; para el nivel 3 faltaría un ejemplo más completo.,parcial,2026-06-28T23:15:00,RV-VAC-0025-1,CV-VAC-0025-1,synthetic,SYN-008288
ASM-00636,SES-00302,APP-00164,CRI-0122,EV-S1-04,2,10,[SINTÉTICO] Nivel 2: la evidencia registrada corresponde al descriptor; para el nivel 3 faltaría un ejemplo más completo.,suficiente,2026-06-28T23:15:00,RV-VAC-0025-1,CV-VAC-0025-1,synthetic,SYN-008291
ASM-00637,SES-00302,APP-00164,CRI-0123,EV-S1-04,3,15,[SINTÉTICO] Nivel 3: la evidencia registrada corresponde al descriptor; para el nivel 4 faltaría un ejemplo más completo.,suficiente,2026-06-28T23:15:00,RV-VAC-0025-1,CV-VAC-0025-1,synthetic,SYN-008295
ASM-00638,SES-00303,APP-00164,CRI-0124,EV-S1-03,2,10,[SINTÉTICO] Nivel 2: la evidencia registrada corresponde al descriptor; para el nivel 3 faltaría un ejemplo más completo.,suficiente,2026-06-29T16:00:00,RV-VAC-0025-1,CV-VAC-0025-1,synthetic,SYN-008298
ASM-00639,SES-00303,APP-00164,CRI-0125,EV-S1-03,3,15,[SINTÉTICO] Nivel 3: la evidencia registrada corresponde al descriptor; para el nivel 4 faltaría un ejemplo más completo.,suficiente,2026-06-29T16:00:00,RV-VAC-0025-1,CV-VAC-0025-1,synthetic,SYN-008301
ASM-00640,SES-00303,APP-00164,CRI-0126,EV-S1-03,1,5,[SINTÉTICO] Nivel 1: la evidencia registrada corresponde al descriptor; para el nivel 2 faltaría un ejemplo más completo.,parcial,2026-06-29T16:00:00,RV-VAC-0025-1,CV-VAC-0025-1,synthetic,SYN-008304
ASM-00641,SES-00304,APP-00165,CRI-0121,EV-S1-03,2,10,[SINTÉTICO] Nivel 2: la evidencia registrada corresponde al descriptor; para el nivel 3 faltaría un ejemplo más completo.,suficiente,2026-06-21T05:24:00,RV-VAC-0025-1,CV-VAC-0025-1,synthetic,SYN-008308
ASM-00642,SES-00304,APP-00165,CRI-0122,EV-S1-03,3,15,[SINTÉTICO] Nivel 3: la evidencia registrada corresponde al descriptor; para el nivel 4 faltaría un ejemplo más completo.,parcial,2026-06-21T05:24:00,RV-VAC-0025-1,CV-VAC-0025-1,synthetic,SYN-008310
ASM-00643,SES-00304,APP-00165,CRI-0123,EV-S1-03,3,15,[SINTÉTICO] Nivel 3: la evidencia registrada corresponde al descriptor; para el nivel 4 faltaría un ejemplo más completo.,suficiente,2026-06-21T05:24:00,RV-VAC-0025-1,CV-VAC-0025-1,synthetic,SYN-008312
ASM-00644,SES-00305,APP-00165,CRI-0124,EV-S1-02,3,15,[SINTÉTICO] Nivel 3: la evidencia registrada corresponde al descriptor; para el nivel 4 faltaría un ejemplo más completo.,suficiente,2026-06-28T22:00:00,RV-VAC-0025-1,CV-VAC-0025-1,synthetic,SYN-008316
ASM-00645,SES-00305,APP-00165,CRI-0125,EV-S1-02,3,15,[SINTÉTICO] Nivel 3: la evidencia registrada corresponde al descriptor; para el nivel 4 faltaría un ejemplo más completo.,suficiente,2026-06-28T22:00:00,RV-VAC-0025-1,CV-VAC-0025-1,synthetic,SYN-008319
ASM-00646,SES-00305,APP-00165,CRI-0126,EV-S1-02,3,15,[SINTÉTICO] Nivel 3: la evidencia registrada corresponde al descriptor; para el nivel 4 faltaría un ejemplo más completo.,suficiente,2026-06-28T22:00:00,RV-VAC-0025-1,CV-VAC-0025-1,synthetic,SYN-008323
ASM-00647,SES-00306,APP-00166,CRI-0121,EV-S1-03,2,10,[SINTÉTICO] Nivel 2: la evidencia registrada corresponde al descriptor; para el nivel 3 faltaría un ejemplo más completo.,parcial,2026-06-17T01:00:00,RV-VAC-0025-1,CV-VAC-0025-1,synthetic,SYN-008326
ASM-00648,SES-00306,APP-00166,CRI-0122,EV-S1-03,1,5,[SINTÉTICO] Nivel 1: la evidencia registrada corresponde al descriptor; para el nivel 2 faltaría un ejemplo más completo.,suficiente,2026-06-17T01:00:00,RV-VAC-0025-1,CV-VAC-0025-1,synthetic,SYN-008328
ASM-00649,SES-00306,APP-00166,CRI-0123,EV-S1-03,1,5,[SINTÉTICO] Nivel 1: la evidencia registrada corresponde al descriptor; para el nivel 2 faltaría un ejemplo más completo.,suficiente,2026-06-17T01:00:00,RV-VAC-0025-1,CV-VAC-0025-1,synthetic,SYN-008331
ASM-00650,SES-00308,APP-00167,CRI-0121,EV-S1-02,4,20,[SINTÉTICO] Nivel 4: la evidencia registrada corresponde al descriptor; para el nivel 4 faltaría un ejemplo más completo.,suficiente,2026-06-27T11:53:00,RV-VAC-0025-1,CV-VAC-0025-1,synthetic,SYN-008336
ASM-00651,SES-00308,APP-00167,CRI-0122,EV-S1-02,3,15,[SINTÉTICO] Nivel 3: la evidencia registrada corresponde al descriptor; para el nivel 4 faltaría un ejemplo más completo.,parcial,2026-06-27T11:53:00,RV-VAC-0025-1,CV-VAC-0025-1,synthetic,SYN-008340
ASM-00652,SES-00308,APP-00167,CRI-0123,EV-S1-02,3,15,[SINTÉTICO] Nivel 3: la evidencia registrada corresponde al descriptor; para el nivel 4 faltaría un ejemplo más completo.,parcial,2026-06-27T11:53:00,RV-VAC-0025-1,CV-VAC-0025-1,synthetic,SYN-008343
ASM-00653,SES-00309,APP-00167,CRI-0124,EV-S1-02,4,20,[SINTÉTICO] Nivel 4: la evidencia registrada corresponde al descriptor; para el nivel 4 faltaría un ejemplo más completo.,parcial,2026-07-06T10:00:00,RV-VAC-0025-1,CV-VAC-0025-1,synthetic,SYN-008348
ASM-00654,SES-00309,APP-00167,CRI-0125,EV-S1-02,3,15,[SINTÉTICO] Nivel 3: la evidencia registrada corresponde al descriptor; para el nivel 4 faltaría un ejemplo más completo.,insuficiente,2026-07-06T10:00:00,RV-VAC-0025-1,CV-VAC-0025-1,synthetic,SYN-008351
ASM-00655,SES-00309,APP-00167,CRI-0126,EV-S1-02,3,15,[SINTÉTICO] Nivel 3: la evidencia registrada corresponde al descriptor; para el nivel 4 faltaría un ejemplo más completo.,suficiente,2026-07-06T10:00:00,RV-VAC-0025-1,CV-VAC-0025-1,synthetic,SYN-008352
ASM-00656,SES-00310,APP-00168,CRI-0121,EV-S1-03,3,15,[SINTÉTICO] Nivel 3: la evidencia registrada corresponde al descriptor; para el nivel 4 faltaría un ejemplo más completo.,suficiente,2026-06-23T01:56:00,RV-VAC-0025-1,CV-VAC-0025-1,synthetic,SYN-008356
ASM-00657,SES-00310,APP-00168,CRI-0122,EV-S1-03,4,20,[SINTÉTICO] Nivel 4: la evidencia registrada corresponde al descriptor; para el nivel 4 faltaría un ejemplo más completo.,parcial,2026-06-23T01:56:00,RV-VAC-0025-1,CV-VAC-0025-1,synthetic,SYN-008358
ASM-00658,SES-00310,APP-00168,CRI-0123,EV-S1-03,4,20,[SINTÉTICO] Nivel 4: la evidencia registrada corresponde al descriptor; para el nivel 4 faltaría un ejemplo más completo.,parcial,2026-06-23T01:56:00,RV-VAC-0025-1,CV-VAC-0025-1,synthetic,SYN-008360
ASM-00659,SES-00311,APP-00168,CRI-0124,EV-S1-03,4,20,[SINTÉTICO] Nivel 4: la evidencia registrada corresponde al descriptor; para el nivel 4 faltaría un ejemplo más completo.,suficiente,2026-06-28T18:00:00,RV-VAC-0025-1,CV-VAC-0025-1,synthetic,SYN-008363
ASM-00660,SES-00311,APP-00168,CRI-0125,EV-S1-03,4,20,[SINTÉTICO] Nivel 4: la evidencia registrada corresponde al descriptor; para el nivel 4 faltaría un ejemplo más completo.,parcial,2026-06-28T18:00:00,RV-VAC-0025-1,CV-VAC-0025-1,synthetic,SYN-008367
ASM-00661,SES-00311,APP-00168,CRI-0126,EV-S1-03,4,20,[SINTÉTICO] Nivel 4: la evidencia registrada corresponde al descriptor; para el nivel 4 faltaría un ejemplo más completo.,parcial,2026-06-28T18:00:00,RV-VAC-0025-1,CV-VAC-0025-1,synthetic,SYN-008369
ASM-00662,SES-00312,APP-00169,CRI-0121,EV-S1-02,3,15,[SINTÉTICO] Nivel 3: la evidencia registrada corresponde al descriptor; para el nivel 4 faltaría un ejemplo más completo.,parcial,2026-06-24T07:22:00,RV-VAC-0025-1,CV-VAC-0025-1,synthetic,SYN-008374
ASM-00663,SES-00312,APP-00169,CRI-0122,EV-S1-02,3,15,[SINTÉTICO] Nivel 3: la evidencia registrada corresponde al descriptor; para el nivel 4 faltaría un ejemplo más completo.,suficiente,2026-06-24T07:22:00,RV-VAC-0025-1,CV-VAC-0025-1,synthetic,SYN-008376
ASM-00664,SES-00312,APP-00169,CRI-0123,EV-S1-02,4,20,[SINTÉTICO] Nivel 4: la evidencia registrada corresponde al descriptor; para el nivel 4 faltaría un ejemplo más completo.,suficiente,2026-06-24T07:22:00,RV-VAC-0025-1,CV-VAC-0025-1,synthetic,SYN-008378
ASM-00665,SES-00313,APP-00169,CRI-0124,EV-S1-03,4,20,[SINTÉTICO] Nivel 4: la evidencia registrada corresponde al descriptor; para el nivel 4 faltaría un ejemplo más completo.,parcial,2026-06-28T01:00:00,RV-VAC-0025-1,CV-VAC-0025-1,synthetic,SYN-008383
ASM-00666,SES-00313,APP-00169,CRI-0125,EV-S1-03,4,20,[SINTÉTICO] Nivel 4: la evidencia registrada corresponde al descriptor; para el nivel 4 faltaría un ejemplo más completo.,parcial,2026-06-28T01:00:00,RV-VAC-0025-1,CV-VAC-0025-1,synthetic,SYN-008386
ASM-00667,SES-00313,APP-00169,CRI-0126,EV-S1-03,3,15,[SINTÉTICO] Nivel 3: la evidencia registrada corresponde al descriptor; para el nivel 4 faltaría un ejemplo más completo.,parcial,2026-06-28T01:00:00,RV-VAC-0025-1,CV-VAC-0025-1,synthetic,SYN-008389
ASM-00668,SES-00315,APP-00171,CRI-0121,EV-S1-02,3,15,[SINTÉTICO] Nivel 3: la evidencia registrada corresponde al descriptor; para el nivel 4 faltaría un ejemplo más completo.,suficiente,2026-06-28T22:23:00,RV-VAC-0025-1,CV-VAC-0025-1,synthetic,SYN-008395
ASM-00669,SES-00315,APP-00171,CRI-0122,EV-S1-02,3,15,[SINTÉTICO] Nivel 3: la evidencia registrada corresponde al descriptor; para el nivel 4 faltaría un ejemplo más completo.,suficiente,2026-06-28T22:23:00,RV-VAC-0025-1,CV-VAC-0025-1,synthetic,SYN-008397
ASM-00670,SES-00315,APP-00171,CRI-0123,EV-S1-02,4,20,[SINTÉTICO] Nivel 4: la evidencia registrada corresponde al descriptor; para el nivel 4 faltaría un ejemplo más completo.,suficiente,2026-06-28T22:23:00,RV-VAC-0025-1,CV-VAC-0025-1,synthetic,SYN-008399
ASM-00671,SES-00316,APP-00171,CRI-0124,EV-S1-01,3,15,[SINTÉTICO] Nivel 3: la evidencia registrada corresponde al descriptor; para el nivel 4 faltaría un ejemplo más completo.,suficiente,2026-06-30T10:00:00,RV-VAC-0025-1,CV-VAC-0025-1,synthetic,SYN-008402
ASM-00672,SES-00316,APP-00171,CRI-0125,EV-S1-01,3,15,[SINTÉTICO] Nivel 3: la evidencia registrada corresponde al descriptor; para el nivel 4 faltaría un ejemplo más completo.,suficiente,2026-06-30T10:00:00,RV-VAC-0025-1,CV-VAC-0025-1,synthetic,SYN-008406
ASM-00673,SES-00316,APP-00171,CRI-0126,EV-S1-01,2,10,[SINTÉTICO] Nivel 2: la evidencia registrada corresponde al descriptor; para el nivel 3 faltaría un ejemplo más completo.,suficiente,2026-06-30T10:00:00,RV-VAC-0025-1,CV-VAC-0025-1,synthetic,SYN-008409
ASM-00674,SES-00317,APP-00172,CRI-0121,EV-S1-04,2,10,[SINTÉTICO] Nivel 2: la evidencia registrada corresponde al descriptor; para el nivel 3 faltaría un ejemplo más completo.,suficiente,2026-06-22T08:28:00,RV-VAC-0025-1,CV-VAC-0025-1,synthetic,SYN-008413
ASM-00675,SES-00317,APP-00172,CRI-0122,EV-S1-04,2,10,[SINTÉTICO] Nivel 2: la evidencia registrada corresponde al descriptor; para el nivel 3 faltaría un ejemplo más completo.,suficiente,2026-06-22T08:28:00,RV-VAC-0025-1,CV-VAC-0025-1,synthetic,SYN-008416
ASM-00676,SES-00317,APP-00172,CRI-0123,EV-S1-04,2,10,[SINTÉTICO] Nivel 2: la evidencia registrada corresponde al descriptor; para el nivel 3 faltaría un ejemplo más completo.,suficiente,2026-06-22T08:28:00,RV-VAC-0025-1,CV-VAC-0025-1,synthetic,SYN-008420
ASM-00677,SES-00318,APP-00172,CRI-0124,EV-S1-01,2,10,[SINTÉTICO] Nivel 2: la evidencia registrada corresponde al descriptor; para el nivel 3 faltaría un ejemplo más completo.,parcial,2026-06-26T22:00:00,RV-VAC-0025-1,CV-VAC-0025-1,synthetic,SYN-008424
ASM-00678,SES-00318,APP-00172,CRI-0125,EV-S1-01,1,5,[SINTÉTICO] Nivel 1: la evidencia registrada corresponde al descriptor; para el nivel 2 faltaría un ejemplo más completo.,suficiente,2026-06-26T22:00:00,RV-VAC-0025-1,CV-VAC-0025-1,synthetic,SYN-008427
ASM-00679,SES-00318,APP-00172,CRI-0126,EV-S1-01,3,15,[SINTÉTICO] Nivel 3: la evidencia registrada corresponde al descriptor; para el nivel 4 faltaría un ejemplo más completo.,suficiente,2026-06-26T22:00:00,RV-VAC-0025-1,CV-VAC-0025-1,synthetic,SYN-008431
ASM-00680,SES-00319,APP-00173,CRI-0121,EV-S1-04,3,15,[SINTÉTICO] Nivel 3: la evidencia registrada corresponde al descriptor; para el nivel 4 faltaría un ejemplo más completo.,suficiente,2026-06-22T08:06:00,RV-VAC-0025-1,CV-VAC-0025-1,synthetic,SYN-008435
ASM-00681,SES-00319,APP-00173,CRI-0122,EV-S1-04,2,10,[SINTÉTICO] Nivel 2: la evidencia registrada corresponde al descriptor; para el nivel 3 faltaría un ejemplo más completo.,suficiente,2026-06-22T08:06:00,RV-VAC-0025-1,CV-VAC-0025-1,synthetic,SYN-008438
ASM-00682,SES-00319,APP-00173,CRI-0123,EV-S1-04,2,10,[SINTÉTICO] Nivel 2: la evidencia registrada corresponde al descriptor; para el nivel 3 faltaría un ejemplo más completo.,parcial,2026-06-22T08:06:00,RV-VAC-0025-1,CV-VAC-0025-1,synthetic,SYN-008441
ASM-00683,SES-00320,APP-00173,CRI-0124,EV-S1-02,3,15,[SINTÉTICO] Nivel 3: la evidencia registrada corresponde al descriptor; para el nivel 4 faltaría un ejemplo más completo.,parcial,2026-06-26T20:00:00,RV-VAC-0025-1,CV-VAC-0025-1,synthetic,SYN-008444
ASM-00684,SES-00320,APP-00173,CRI-0125,EV-S1-02,4,20,[SINTÉTICO] Nivel 4: la evidencia registrada corresponde al descriptor; para el nivel 4 faltaría un ejemplo más completo.,suficiente,2026-06-26T20:00:00,RV-VAC-0025-1,CV-VAC-0025-1,synthetic,SYN-008447
ASM-00685,SES-00320,APP-00173,CRI-0126,EV-S1-02,2,10,[SINTÉTICO] Nivel 2: la evidencia registrada corresponde al descriptor; para el nivel 3 faltaría un ejemplo más completo.,suficiente,2026-06-26T20:00:00,RV-VAC-0025-1,CV-VAC-0025-1,synthetic,SYN-008450
ASM-00686,SES-00321,APP-00175,CRI-0127,EV-S2-04,2,10,[SINTÉTICO] Nivel 2: la evidencia registrada corresponde al descriptor; para el nivel 3 faltaría un ejemplo más completo.,suficiente,2026-02-18T19:05:00,RV-VAC-0026-1,CV-VAC-0026-1,synthetic,SYN-008455
ASM-00687,SES-00321,APP-00175,CRI-0128,EV-S2-04,2,10,[SINTÉTICO] Nivel 2: la evidencia registrada corresponde al descriptor; para el nivel 3 faltaría un ejemplo más completo.,parcial,2026-02-18T19:05:00,RV-VAC-0026-1,CV-VAC-0026-1,synthetic,SYN-008458
ASM-00688,SES-00322,APP-00175,CRI-0129,EV-S2-03,2,10,[SINTÉTICO] Nivel 2: la evidencia registrada corresponde al descriptor; para el nivel 3 faltaría un ejemplo más completo.,parcial,2026-02-14T21:00:00,RV-VAC-0026-1,CV-VAC-0026-1,synthetic,SYN-008462
ASM-00689,SES-00322,APP-00175,CRI-0130,EV-S2-03,2,10,[SINTÉTICO] Nivel 2: la evidencia registrada corresponde al descriptor; para el nivel 3 faltaría un ejemplo más completo.,parcial,2026-02-14T21:00:00,RV-VAC-0026-1,CV-VAC-0026-1,synthetic,SYN-008464
ASM-00690,SES-00323,APP-00176,CRI-0127,EV-S2-04,3,15,[SINTÉTICO] Nivel 3: la evidencia registrada corresponde al descriptor; para el nivel 4 faltaría un ejemplo más completo.,suficiente,2026-02-11T07:48:00,RV-VAC-0026-1,CV-VAC-0026-1,synthetic,SYN-008468
ASM-00691,SES-00323,APP-00176,CRI-0128,EV-S2-04,3,15,[SINTÉTICO] Nivel 3: la evidencia registrada corresponde al descriptor; para el nivel 4 faltaría un ejemplo más completo.,parcial,2026-02-11T07:48:00,RV-VAC-0026-1,CV-VAC-0026-1,synthetic,SYN-008471
ASM-00692,SES-00324,APP-00176,CRI-0129,EV-S2-02,4,20,[SINTÉTICO] Nivel 4: la evidencia registrada corresponde al descriptor; para el nivel 4 faltaría un ejemplo más completo.,suficiente,2026-02-21T21:00:00,RV-VAC-0026-1,CV-VAC-0026-1,synthetic,SYN-008475
ASM-00693,SES-00324,APP-00176,CRI-0130,EV-S2-02,2,10,[SINTÉTICO] Nivel 2: la evidencia registrada corresponde al descriptor; para el nivel 3 faltaría un ejemplo más completo.,suficiente,2026-02-21T21:00:00,RV-VAC-0026-1,CV-VAC-0026-1,synthetic,SYN-008478
ASM-00694,SES-00325,APP-00177,CRI-0127,EV-S2-03,2,10,[SINTÉTICO] Nivel 2: la evidencia registrada corresponde al descriptor; para el nivel 3 faltaría un ejemplo más completo.,suficiente,2026-02-11T14:27:00,RV-VAC-0026-1,CV-VAC-0026-1,synthetic,SYN-008483
ASM-00695,SES-00325,APP-00177,CRI-0128,EV-S2-03,2,10,[SINTÉTICO] Nivel 2: la evidencia registrada corresponde al descriptor; para el nivel 3 faltaría un ejemplo más completo.,suficiente,2026-02-11T14:27:00,RV-VAC-0026-1,CV-VAC-0026-1,synthetic,SYN-008485
ASM-00696,SES-00328,APP-00178,CRI-0127,EV-S2-04,1,5,[SINTÉTICO] Nivel 1: la evidencia registrada corresponde al descriptor; para el nivel 2 faltaría un ejemplo más completo.,parcial,2026-02-16T02:40:00,RV-VAC-0026-1,CV-VAC-0026-1,synthetic,SYN-008492
ASM-00697,SES-00328,APP-00178,CRI-0128,EV-S2-04,2,10,[SINTÉTICO] Nivel 2: la evidencia registrada corresponde al descriptor; para el nivel 3 faltaría un ejemplo más completo.,insuficiente,2026-02-16T02:40:00,RV-VAC-0026-1,CV-VAC-0026-1,synthetic,SYN-008495
ASM-00698,SES-00329,APP-00178,CRI-0129,EV-S2-03,1,5,[SINTÉTICO] Nivel 1: la evidencia registrada corresponde al descriptor; para el nivel 2 faltaría un ejemplo más completo.,suficiente,2026-02-24T12:00:00,RV-VAC-0026-1,CV-VAC-0026-1,synthetic,SYN-008497
ASM-00699,SES-00329,APP-00178,CRI-0130,EV-S2-03,1,5,[SINTÉTICO] Nivel 1: la evidencia registrada corresponde al descriptor; para el nivel 2 faltaría un ejemplo más completo.,suficiente,2026-02-24T12:00:00,RV-VAC-0026-1,CV-VAC-0026-1,synthetic,SYN-008501
ASM-00700,SES-00331,APP-00179,CRI-0129,EV-S2-02,2,10,[SINTÉTICO] Nivel 2: la evidencia registrada corresponde al descriptor; para el nivel 3 faltaría un ejemplo más completo.,suficiente,2026-02-11T13:00:00,RV-VAC-0026-1,CV-VAC-0026-1,synthetic,SYN-008507
ASM-00701,SES-00331,APP-00179,CRI-0130,EV-S2-02,2,10,[SINTÉTICO] Nivel 2: la evidencia registrada corresponde al descriptor; para el nivel 3 faltaría un ejemplo más completo.,insuficiente,2026-02-11T13:00:00,RV-VAC-0026-1,CV-VAC-0026-1,synthetic,SYN-008509
ASM-00702,SES-00332,APP-00180,CRI-0127,EV-S2-01,1,5,[SINTÉTICO] Nivel 1: la evidencia registrada corresponde al descriptor; para el nivel 2 faltaría un ejemplo más completo.,parcial,2026-02-19T19:33:00,RV-VAC-0026-1,CV-VAC-0026-1,synthetic,SYN-008511
ASM-00703,SES-00332,APP-00180,CRI-0128,EV-S2-01,1,5,[SINTÉTICO] Nivel 1: la evidencia registrada corresponde al descriptor; para el nivel 2 faltaría un ejemplo más completo.,suficiente,2026-02-19T19:33:00,RV-VAC-0026-1,CV-VAC-0026-1,synthetic,SYN-008513
ASM-00704,SES-00333,APP-00181,CRI-0127,EV-S2-03,4,20,[SINTÉTICO] Nivel 4: la evidencia registrada corresponde al descriptor; para el nivel 4 faltaría un ejemplo más completo.,suficiente,2026-02-07T22:50:00,RV-VAC-0026-1,CV-VAC-0026-1,synthetic,SYN-008518
ASM-00705,SES-00333,APP-00181,CRI-0128,EV-S2-03,4,20,[SINTÉTICO] Nivel 4: la evidencia registrada corresponde al descriptor; para el nivel 4 faltaría un ejemplo más completo.,suficiente,2026-02-07T22:50:00,RV-VAC-0026-1,CV-VAC-0026-1,synthetic,SYN-008521
ASM-00706,SES-00334,APP-00181,CRI-0129,EV-S2-03,4,20,[SINTÉTICO] Nivel 4: la evidencia registrada corresponde al descriptor; para el nivel 4 faltaría un ejemplo más completo.,parcial,2026-02-15T19:00:00,RV-VAC-0026-1,CV-VAC-0026-1,synthetic,SYN-008526
ASM-00707,SES-00334,APP-00181,CRI-0130,EV-S2-03,4,20,[SINTÉTICO] Nivel 4: la evidencia registrada corresponde al descriptor; para el nivel 4 faltaría un ejemplo más completo.,insuficiente,2026-02-15T19:00:00,RV-VAC-0026-1,CV-VAC-0026-1,synthetic,SYN-008529
ASM-00708,SES-00335,APP-00182,CRI-0127,EV-S2-04,2,10,[SINTÉTICO] Nivel 2: la evidencia registrada corresponde al descriptor; para el nivel 3 faltaría un ejemplo más completo.,suficiente,2026-02-12T01:43:00,RV-VAC-0026-1,CV-VAC-0026-1,synthetic,SYN-008531
ASM-00709,SES-00335,APP-00182,CRI-0128,EV-S2-04,3,15,[SINTÉTICO] Nivel 3: la evidencia registrada corresponde al descriptor; para el nivel 4 faltaría un ejemplo más completo.,suficiente,2026-02-12T01:43:00,RV-VAC-0026-1,CV-VAC-0026-1,synthetic,SYN-008534
ASM-00710,SES-00337,APP-00183,CRI-0127,EV-S2-01,4,20,[SINTÉTICO] Nivel 4: la evidencia registrada corresponde al descriptor; para el nivel 4 faltaría un ejemplo más completo.,parcial,2026-02-15T19:33:00,RV-VAC-0026-1,CV-VAC-0026-1,synthetic,SYN-008538
ASM-00711,SES-00337,APP-00183,CRI-0128,EV-S2-01,4,20,[SINTÉTICO] Nivel 4: la evidencia registrada corresponde al descriptor; para el nivel 4 faltaría un ejemplo más completo.,suficiente,2026-02-15T19:33:00,RV-VAC-0026-1,CV-VAC-0026-1,synthetic,SYN-008541
ASM-00712,SES-00338,APP-00183,CRI-0129,EV-S2-03,4,20,[SINTÉTICO] Nivel 4: la evidencia registrada corresponde al descriptor; para el nivel 4 faltaría un ejemplo más completo.,parcial,2026-02-11T23:00:00,RV-VAC-0026-1,CV-VAC-0026-1,synthetic,SYN-008545
ASM-00713,SES-00338,APP-00183,CRI-0130,EV-S2-03,4,20,[SINTÉTICO] Nivel 4: la evidencia registrada corresponde al descriptor; para el nivel 4 faltaría un ejemplo más completo.,parcial,2026-02-11T23:00:00,RV-VAC-0026-1,CV-VAC-0026-1,synthetic,SYN-008548
ASM-00714,SES-00339,APP-00184,CRI-0127,EV-S2-01,3,15,[SINTÉTICO] Nivel 3: la evidencia registrada corresponde al descriptor; para el nivel 4 faltaría un ejemplo más completo.,suficiente,2026-02-02T23:10:00,RV-VAC-0026-1,CV-VAC-0026-1,synthetic,SYN-008551
ASM-00715,SES-00339,APP-00184,CRI-0128,EV-S2-01,3,15,[SINTÉTICO] Nivel 3: la evidencia registrada corresponde al descriptor; para el nivel 4 faltaría un ejemplo más completo.,parcial,2026-02-02T23:10:00,RV-VAC-0026-1,CV-VAC-0026-1,synthetic,SYN-008553
ASM-00716,SES-00340,APP-00186,CRI-0131,EV-S3-04,4,20,[SINTÉTICO] Nivel 4: la evidencia registrada corresponde al descriptor; para el nivel 4 faltaría un ejemplo más completo.,suficiente,2026-07-23T14:09:00,RV-VAC-0027-1,CV-VAC-0027-1,synthetic,SYN-008558
ASM-00717,SES-00340,APP-00186,CRI-0132,EV-S3-04,4,20,[SINTÉTICO] Nivel 4: la evidencia registrada corresponde al descriptor; para el nivel 4 faltaría un ejemplo más completo.,parcial,2026-07-23T14:09:00,RV-VAC-0027-1,CV-VAC-0027-1,synthetic,SYN-008560
ASM-00718,SES-00340,APP-00186,CRI-0133,EV-S3-04,4,20,[SINTÉTICO] Nivel 4: la evidencia registrada corresponde al descriptor; para el nivel 4 faltaría un ejemplo más completo.,suficiente,2026-07-23T14:09:00,RV-VAC-0027-1,CV-VAC-0027-1,synthetic,SYN-008563
ASM-00719,SES-00341,APP-00186,CRI-0134,EV-S3-02,4,20,[SINTÉTICO] Nivel 4: la evidencia registrada corresponde al descriptor; para el nivel 4 faltaría un ejemplo más completo.,suficiente,2026-08-01T19:00:00,RV-VAC-0027-1,CV-VAC-0027-1,synthetic,SYN-008568
ASM-00720,SES-00341,APP-00186,CRI-0135,EV-S3-02,4,20,[SINTÉTICO] Nivel 4: la evidencia registrada corresponde al descriptor; para el nivel 4 faltaría un ejemplo más completo.,suficiente,2026-08-01T19:00:00,RV-VAC-0027-1,CV-VAC-0027-1,synthetic,SYN-008571
ASM-00721,SES-00341,APP-00186,CRI-0136,EV-S3-02,4,20,[SINTÉTICO] Nivel 4: la evidencia registrada corresponde al descriptor; para el nivel 4 faltaría un ejemplo más completo.,parcial,2026-08-01T19:00:00,RV-VAC-0027-1,CV-VAC-0027-1,synthetic,SYN-008574
ASM-00722,SES-00342,APP-00187,CRI-0131,EV-S3-02,3,15,[SINTÉTICO] Nivel 3: la evidencia registrada corresponde al descriptor; para el nivel 4 faltaría un ejemplo más completo.,suficiente,2026-07-21T06:04:00,RV-VAC-0027-1,CV-VAC-0027-1,synthetic,SYN-008579
ASM-00723,SES-00342,APP-00187,CRI-0132,EV-S3-02,3,15,[SINTÉTICO] Nivel 3: la evidencia registrada corresponde al descriptor; para el nivel 4 faltaría un ejemplo más completo.,suficiente,2026-07-21T06:04:00,RV-VAC-0027-1,CV-VAC-0027-1,synthetic,SYN-008581
ASM-00724,SES-00342,APP-00187,CRI-0133,EV-S3-02,3,15,[SINTÉTICO] Nivel 3: la evidencia registrada corresponde al descriptor; para el nivel 4 faltaría un ejemplo más completo.,parcial,2026-07-21T06:04:00,RV-VAC-0027-1,CV-VAC-0027-1,synthetic,SYN-008583
ASM-00725,SES-00343,APP-00187,CRI-0134,EV-S3-03,3,15,[SINTÉTICO] Nivel 3: la evidencia registrada corresponde al descriptor; para el nivel 4 faltaría un ejemplo más completo.,insuficiente,2026-07-26T15:00:00,RV-VAC-0027-1,CV-VAC-0027-1,synthetic,SYN-008586
ASM-00726,SES-00343,APP-00187,CRI-0135,EV-S3-03,3,15,[SINTÉTICO] Nivel 3: la evidencia registrada corresponde al descriptor; para el nivel 4 faltaría un ejemplo más completo.,suficiente,2026-07-26T15:00:00,RV-VAC-0027-1,CV-VAC-0027-1,synthetic,SYN-008587
ASM-00727,SES-00343,APP-00187,CRI-0136,EV-S3-03,3,15,[SINTÉTICO] Nivel 3: la evidencia registrada corresponde al descriptor; para el nivel 4 faltaría un ejemplo más completo.,parcial,2026-07-26T15:00:00,RV-VAC-0027-1,CV-VAC-0027-1,synthetic,SYN-008589
ASM-00728,SES-00344,APP-00188,CRI-0131,EV-S3-02,1,5,[SINTÉTICO] Nivel 1: la evidencia registrada corresponde al descriptor; para el nivel 2 faltaría un ejemplo más completo.,insuficiente,2026-07-30T00:10:00,RV-VAC-0027-1,CV-VAC-0027-1,synthetic,SYN-008593
ASM-00729,SES-00344,APP-00188,CRI-0132,EV-S3-02,1,5,[SINTÉTICO] Nivel 1: la evidencia registrada corresponde al descriptor; para el nivel 2 faltaría un ejemplo más completo.,suficiente,2026-07-30T00:10:00,RV-VAC-0027-1,CV-VAC-0027-1,synthetic,SYN-008594
ASM-00730,SES-00344,APP-00188,CRI-0133,EV-S3-02,1,5,[SINTÉTICO] Nivel 1: la evidencia registrada corresponde al descriptor; para el nivel 2 faltaría un ejemplo más completo.,parcial,2026-07-30T00:10:00,RV-VAC-0027-1,CV-VAC-0027-1,synthetic,SYN-008597
ASM-00731,SES-00345,APP-00188,CRI-0131,EV-S3-01,1,5,[SINTÉTICO] Nivel 1: la evidencia registrada corresponde al descriptor; para el nivel 2 faltaría un ejemplo más completo.,parcial,2026-08-02T11:10:00,RV-VAC-0027-1,CV-VAC-0027-1,synthetic,SYN-008601
ASM-00732,SES-00345,APP-00188,CRI-0132,EV-S3-01,1,5,[SINTÉTICO] Nivel 1: la evidencia registrada corresponde al descriptor; para el nivel 2 faltaría un ejemplo más completo.,parcial,2026-08-02T11:10:00,RV-VAC-0027-1,CV-VAC-0027-1,synthetic,SYN-008603
ASM-00733,SES-00345,APP-00188,CRI-0133,EV-S3-01,1,5,[SINTÉTICO] Nivel 1: la evidencia registrada corresponde al descriptor; para el nivel 2 faltaría un ejemplo más completo.,suficiente,2026-08-02T11:10:00,RV-VAC-0027-1,CV-VAC-0027-1,synthetic,SYN-008605
ASM-00734,SES-00346,APP-00188,CRI-0134,EV-S3-04,1,5,[SINTÉTICO] Nivel 1: la evidencia registrada corresponde al descriptor; para el nivel 2 faltaría un ejemplo más completo.,insuficiente,2026-08-01T15:00:00,RV-VAC-0027-1,CV-VAC-0027-1,synthetic,SYN-008609
ASM-00735,SES-00346,APP-00188,CRI-0135,EV-S3-04,1,5,[SINTÉTICO] Nivel 1: la evidencia registrada corresponde al descriptor; para el nivel 2 faltaría un ejemplo más completo.,parcial,2026-08-01T15:00:00,RV-VAC-0027-1,CV-VAC-0027-1,synthetic,SYN-008610
ASM-00736,SES-00346,APP-00188,CRI-0136,EV-S3-04,1,5,[SINTÉTICO] Nivel 1: la evidencia registrada corresponde al descriptor; para el nivel 2 faltaría un ejemplo más completo.,parcial,2026-08-01T15:00:00,RV-VAC-0027-1,CV-VAC-0027-1,synthetic,SYN-008614
ASM-00737,SES-00347,APP-00189,CRI-0131,EV-S3-03,1,5,[SINTÉTICO] Nivel 1: la evidencia registrada corresponde al descriptor; para el nivel 2 faltaría un ejemplo más completo.,parcial,2026-07-27T21:21:00,RV-VAC-0027-1,CV-VAC-0027-1,synthetic,SYN-008617
ASM-00738,SES-00347,APP-00189,CRI-0132,EV-S3-03,1,5,[SINTÉTICO] Nivel 1: la evidencia registrada corresponde al descriptor; para el nivel 2 faltaría un ejemplo más completo.,suficiente,2026-07-27T21:21:00,RV-VAC-0027-1,CV-VAC-0027-1,synthetic,SYN-008621
ASM-00739,SES-00347,APP-00189,CRI-0133,EV-S3-03,1,5,[SINTÉTICO] Nivel 1: la evidencia registrada corresponde al descriptor; para el nivel 2 faltaría un ejemplo más completo.,insuficiente,2026-07-27T21:21:00,RV-VAC-0027-1,CV-VAC-0027-1,synthetic,SYN-008623
ASM-00740,SES-00348,APP-00189,CRI-0134,EV-S3-03,1,5,[SINTÉTICO] Nivel 1: la evidencia registrada corresponde al descriptor; para el nivel 2 faltaría un ejemplo más completo.,suficiente,2026-08-09T19:00:00,RV-VAC-0027-1,CV-VAC-0027-1,synthetic,SYN-008625
ASM-00741,SES-00348,APP-00189,CRI-0135,EV-S3-03,1,5,[SINTÉTICO] Nivel 1: la evidencia registrada corresponde al descriptor; para el nivel 2 faltaría un ejemplo más completo.,suficiente,2026-08-09T19:00:00,RV-VAC-0027-1,CV-VAC-0027-1,synthetic,SYN-008627
ASM-00742,SES-00348,APP-00189,CRI-0136,EV-S3-03,1,5,[SINTÉTICO] Nivel 1: la evidencia registrada corresponde al descriptor; para el nivel 2 faltaría un ejemplo más completo.,insuficiente,2026-08-09T19:00:00,RV-VAC-0027-1,CV-VAC-0027-1,synthetic,SYN-008631
ASM-00743,SES-00349,APP-00190,CRI-0131,EV-S3-03,3,15,[SINTÉTICO] Nivel 3: la evidencia registrada corresponde al descriptor; para el nivel 4 faltaría un ejemplo más completo.,suficiente,2026-07-30T07:36:00,RV-VAC-0027-1,CV-VAC-0027-1,synthetic,SYN-008633
ASM-00744,SES-00349,APP-00190,CRI-0132,EV-S3-03,3,15,[SINTÉTICO] Nivel 3: la evidencia registrada corresponde al descriptor; para el nivel 4 faltaría un ejemplo más completo.,parcial,2026-07-30T07:36:00,RV-VAC-0027-1,CV-VAC-0027-1,synthetic,SYN-008637
ASM-00745,SES-00349,APP-00190,CRI-0133,EV-S3-03,2,10,[SINTÉTICO] Nivel 2: la evidencia registrada corresponde al descriptor; para el nivel 3 faltaría un ejemplo más completo.,parcial,2026-07-30T07:36:00,RV-VAC-0027-1,CV-VAC-0027-1,synthetic,SYN-008639
ASM-00746,SES-00350,APP-00190,CRI-0134,EV-S3-02,3,15,[SINTÉTICO] Nivel 3: la evidencia registrada corresponde al descriptor; para el nivel 4 faltaría un ejemplo más completo.,suficiente,2026-07-25T22:00:00,RV-VAC-0027-1,CV-VAC-0027-1,synthetic,SYN-008643
ASM-00747,SES-00350,APP-00190,CRI-0135,EV-S3-02,3,15,[SINTÉTICO] Nivel 3: la evidencia registrada corresponde al descriptor; para el nivel 4 faltaría un ejemplo más completo.,insuficiente,2026-07-25T22:00:00,RV-VAC-0027-1,CV-VAC-0027-1,synthetic,SYN-008646
ASM-00748,SES-00350,APP-00190,CRI-0136,EV-S3-02,3,15,[SINTÉTICO] Nivel 3: la evidencia registrada corresponde al descriptor; para el nivel 4 faltaría un ejemplo más completo.,parcial,2026-07-25T22:00:00,RV-VAC-0027-1,CV-VAC-0027-1,synthetic,SYN-008648
ASM-00749,SES-00351,APP-00191,CRI-0131,EV-S3-02,2,10,[SINTÉTICO] Nivel 2: la evidencia registrada corresponde al descriptor; para el nivel 3 faltaría un ejemplo más completo.,parcial,2026-07-21T23:50:00,RV-VAC-0027-1,CV-VAC-0027-1,synthetic,SYN-008652
ASM-00750,SES-00351,APP-00191,CRI-0132,EV-S3-02,2,10,[SINTÉTICO] Nivel 2: la evidencia registrada corresponde al descriptor; para el nivel 3 faltaría un ejemplo más completo.,suficiente,2026-07-21T23:50:00,RV-VAC-0027-1,CV-VAC-0027-1,synthetic,SYN-008655
ASM-00751,SES-00351,APP-00191,CRI-0133,EV-S3-02,3,15,[SINTÉTICO] Nivel 3: la evidencia registrada corresponde al descriptor; para el nivel 4 faltaría un ejemplo más completo.,parcial,2026-07-21T23:50:00,RV-VAC-0027-1,CV-VAC-0027-1,synthetic,SYN-008657
ASM-00752,SES-00353,APP-00193,CRI-0131,EV-S3-03,3,15,[SINTÉTICO] Nivel 3: la evidencia registrada corresponde al descriptor; para el nivel 4 faltaría un ejemplo más completo.,parcial,2026-07-16T06:42:00,RV-VAC-0027-1,CV-VAC-0027-1,synthetic,SYN-008665
ASM-00753,SES-00353,APP-00193,CRI-0132,EV-S3-03,3,15,[SINTÉTICO] Nivel 3: la evidencia registrada corresponde al descriptor; para el nivel 4 faltaría un ejemplo más completo.,parcial,2026-07-16T06:42:00,RV-VAC-0027-1,CV-VAC-0027-1,synthetic,SYN-008668
ASM-00754,SES-00353,APP-00193,CRI-0133,EV-S3-03,3,15,[SINTÉTICO] Nivel 3: la evidencia registrada corresponde al descriptor; para el nivel 4 faltaría un ejemplo más completo.,suficiente,2026-07-16T06:42:00,RV-VAC-0027-1,CV-VAC-0027-1,synthetic,SYN-008671
ASM-00755,SES-00354,APP-00193,CRI-0134,EV-S3-01,3,15,[SINTÉTICO] Nivel 3: la evidencia registrada corresponde al descriptor; para el nivel 4 faltaría un ejemplo más completo.,parcial,2026-07-29T18:00:00,RV-VAC-0027-1,CV-VAC-0027-1,synthetic,SYN-008675
ASM-00756,SES-00354,APP-00193,CRI-0135,EV-S3-01,2,10,[SINTÉTICO] Nivel 2: la evidencia registrada corresponde al descriptor; para el nivel 3 faltaría un ejemplo más completo.,suficiente,2026-07-29T18:00:00,RV-VAC-0027-1,CV-VAC-0027-1,synthetic,SYN-008677
ASM-00757,SES-00354,APP-00193,CRI-0136,EV-S3-01,3,15,[SINTÉTICO] Nivel 3: la evidencia registrada corresponde al descriptor; para el nivel 4 faltaría un ejemplo más completo.,parcial,2026-07-29T18:00:00,RV-VAC-0027-1,CV-VAC-0027-1,synthetic,SYN-008681
ASM-00758,SES-00355,APP-00194,CRI-0131,EV-S3-03,4,20,[SINTÉTICO] Nivel 4: la evidencia registrada corresponde al descriptor; para el nivel 4 faltaría un ejemplo más completo.,parcial,2026-07-21T13:31:00,RV-VAC-0027-1,CV-VAC-0027-1,synthetic,SYN-008684
ASM-00759,SES-00355,APP-00194,CRI-0132,EV-S3-03,4,20,[SINTÉTICO] Nivel 4: la evidencia registrada corresponde al descriptor; para el nivel 4 faltaría un ejemplo más completo.,parcial,2026-07-21T13:31:00,RV-VAC-0027-1,CV-VAC-0027-1,synthetic,SYN-008687
ASM-00760,SES-00355,APP-00194,CRI-0133,EV-S3-03,4,20,[SINTÉTICO] Nivel 4: la evidencia registrada corresponde al descriptor; para el nivel 4 faltaría un ejemplo más completo.,parcial,2026-07-21T13:31:00,RV-VAC-0027-1,CV-VAC-0027-1,synthetic,SYN-008689
ASM-00761,SES-00356,APP-00194,CRI-0134,EV-S3-02,4,20,[SINTÉTICO] Nivel 4: la evidencia registrada corresponde al descriptor; para el nivel 4 faltaría un ejemplo más completo.,parcial,2026-08-05T15:00:00,RV-VAC-0027-1,CV-VAC-0027-1,synthetic,SYN-008692
ASM-00762,SES-00356,APP-00194,CRI-0135,EV-S3-02,3,15,[SINTÉTICO] Nivel 3: la evidencia registrada corresponde al descriptor; para el nivel 4 faltaría un ejemplo más completo.,suficiente,2026-08-05T15:00:00,RV-VAC-0027-1,CV-VAC-0027-1,synthetic,SYN-008696
ASM-00763,SES-00356,APP-00194,CRI-0136,EV-S3-02,4,20,[SINTÉTICO] Nivel 4: la evidencia registrada corresponde al descriptor; para el nivel 4 faltaría un ejemplo más completo.,suficiente,2026-08-05T15:00:00,RV-VAC-0027-1,CV-VAC-0027-1,synthetic,SYN-008701
ASM-00764,SES-00357,APP-00195,CRI-0137,EV-S1-02,2,10,[SINTÉTICO] Nivel 2: la evidencia registrada corresponde al descriptor; para el nivel 3 faltaría un ejemplo más completo.,suficiente,2026-03-18T04:00:00,RV-VAC-0028-1,CV-VAC-0028-1,synthetic,SYN-008705
ASM-00765,SES-00357,APP-00195,CRI-0138,EV-S1-02,2,10,[SINTÉTICO] Nivel 2: la evidencia registrada corresponde al descriptor; para el nivel 3 faltaría un ejemplo más completo.,suficiente,2026-03-18T04:00:00,RV-VAC-0028-1,CV-VAC-0028-1,synthetic,SYN-008707
ASM-00766,SES-00358,APP-00195,CRI-0139,EV-S1-03,2,10,[SINTÉTICO] Nivel 2: la evidencia registrada corresponde al descriptor; para el nivel 3 faltaría un ejemplo más completo.,parcial,2026-03-25T17:00:00,RV-VAC-0028-1,CV-VAC-0028-1,synthetic,SYN-008712
ASM-00767,SES-00358,APP-00195,CRI-0140,EV-S1-03,2,10,[SINTÉTICO] Nivel 2: la evidencia registrada corresponde al descriptor; para el nivel 3 faltaría un ejemplo más completo.,parcial,2026-03-25T17:00:00,RV-VAC-0028-1,CV-VAC-0028-1,synthetic,SYN-008714
ASM-00768,SES-00359,APP-00196,CRI-0137,EV-S1-01,1,5,[SINTÉTICO] Nivel 1: la evidencia registrada corresponde al descriptor; para el nivel 2 faltaría un ejemplo más completo.,insuficiente,2026-03-11T04:30:00,RV-VAC-0028-1,CV-VAC-0028-1,synthetic,SYN-008718
ASM-00769,SES-00359,APP-00196,CRI-0138,EV-S1-01,1,5,[SINTÉTICO] Nivel 1: la evidencia registrada corresponde al descriptor; para el nivel 2 faltaría un ejemplo más completo.,parcial,2026-03-11T04:30:00,RV-VAC-0028-1,CV-VAC-0028-1,synthetic,SYN-008719
ASM-00770,SES-00360,APP-00196,CRI-0139,EV-S1-04,1,5,[SINTÉTICO] Nivel 1: la evidencia registrada corresponde al descriptor; para el nivel 2 faltaría un ejemplo más completo.,parcial,2026-03-21T22:00:00,RV-VAC-0028-1,CV-VAC-0028-1,synthetic,SYN-008722
ASM-00771,SES-00360,APP-00196,CRI-0140,EV-S1-04,1,5,[SINTÉTICO] Nivel 1: la evidencia registrada corresponde al descriptor; para el nivel 2 faltaría un ejemplo más completo.,insuficiente,2026-03-21T22:00:00,RV-VAC-0028-1,CV-VAC-0028-1,synthetic,SYN-008724
ASM-00772,SES-00361,APP-00197,CRI-0137,EV-S1-04,3,15,[SINTÉTICO] Nivel 3: la evidencia registrada corresponde al descriptor; para el nivel 4 faltaría un ejemplo más completo.,parcial,2026-03-18T15:42:00,RV-VAC-0028-1,CV-VAC-0028-1,synthetic,SYN-008726
ASM-00773,SES-00361,APP-00197,CRI-0138,EV-S1-04,3,15,[SINTÉTICO] Nivel 3: la evidencia registrada corresponde al descriptor; para el nivel 4 faltaría un ejemplo más completo.,suficiente,2026-03-18T15:42:00,RV-VAC-0028-1,CV-VAC-0028-1,synthetic,SYN-008729
ASM-00774,SES-00362,APP-00197,CRI-0139,EV-S1-03,3,15,[SINTÉTICO] Nivel 3: la evidencia registrada corresponde al descriptor; para el nivel 4 faltaría un ejemplo más completo.,suficiente,2026-03-22T00:00:00,RV-VAC-0028-1,CV-VAC-0028-1,synthetic,SYN-008734
ASM-00775,SES-00362,APP-00197,CRI-0140,EV-S1-03,4,20,[SINTÉTICO] Nivel 4: la evidencia registrada corresponde al descriptor; para el nivel 4 faltaría un ejemplo más completo.,parcial,2026-03-22T00:00:00,RV-VAC-0028-1,CV-VAC-0028-1,synthetic,SYN-008736
ASM-00776,SES-00363,APP-00198,CRI-0137,EV-S1-02,4,20,[SINTÉTICO] Nivel 4: la evidencia registrada corresponde al descriptor; para el nivel 4 faltaría un ejemplo más completo.,parcial,2026-03-23T17:42:00,RV-VAC-0028-1,CV-VAC-0028-1,synthetic,SYN-008739
ASM-00777,SES-00363,APP-00198,CRI-0138,EV-S1-02,3,15,[SINTÉTICO] Nivel 3: la evidencia registrada corresponde al descriptor; para el nivel 4 faltaría un ejemplo más completo.,parcial,2026-03-23T17:42:00,RV-VAC-0028-1,CV-VAC-0028-1,synthetic,SYN-008741
ASM-00778,SES-00364,APP-00198,CRI-0139,EV-S1-03,4,20,[SINTÉTICO] Nivel 4: la evidencia registrada corresponde al descriptor; para el nivel 4 faltaría un ejemplo más completo.,suficiente,2026-03-14T20:00:00,RV-VAC-0028-1,CV-VAC-0028-1,synthetic,SYN-008745
ASM-00779,SES-00364,APP-00198,CRI-0140,EV-S1-03,4,20,[SINTÉTICO] Nivel 4: la evidencia registrada corresponde al descriptor; para el nivel 4 faltaría un ejemplo más completo.,suficiente,2026-03-14T20:00:00,RV-VAC-0028-1,CV-VAC-0028-1,synthetic,SYN-008749
ASM-00780,SES-00365,APP-00199,CRI-0141,EV-S2-04,3,15,[SINTÉTICO] Nivel 3: la evidencia registrada corresponde al descriptor; para el nivel 4 faltaría un ejemplo más completo.,suficiente,2026-06-27T23:17:00,RV-VAC-0029-1,CV-VAC-0029-1,synthetic,SYN-008752
ASM-00781,SES-00365,APP-00199,CRI-0142,EV-S2-04,4,20,[SINTÉTICO] Nivel 4: la evidencia registrada corresponde al descriptor; para el nivel 4 faltaría un ejemplo más completo.,suficiente,2026-06-27T23:17:00,RV-VAC-0029-1,CV-VAC-0029-1,synthetic,SYN-008754
ASM-00782,SES-00366,APP-00199,CRI-0141,EV-S2-01,4,20,[SINTÉTICO] Nivel 4: la evidencia registrada corresponde al descriptor; para el nivel 4 faltaría un ejemplo más completo.,insuficiente,2026-06-23T00:17:00,RV-VAC-0029-1,CV-VAC-0029-1,synthetic,SYN-008758
ASM-00783,SES-00366,APP-00199,CRI-0142,EV-S2-01,4,20,[SINTÉTICO] Nivel 4: la evidencia registrada corresponde al descriptor; para el nivel 4 faltaría un ejemplo más completo.,suficiente,2026-06-23T00:17:00,RV-VAC-0029-1,CV-VAC-0029-1,synthetic,SYN-008759
ASM-00784,SES-00367,APP-00199,CRI-0143,EV-S2-02,4,20,[SINTÉTICO] Nivel 4: la evidencia registrada corresponde al descriptor; para el nivel 4 faltaría un ejemplo más completo.,suficiente,2026-06-25T21:00:00,RV-VAC-0029-1,CV-VAC-0029-1,synthetic,SYN-008762
ASM-00785,SES-00367,APP-00199,CRI-0144,EV-S2-02,4,20,[SINTÉTICO] Nivel 4: la evidencia registrada corresponde al descriptor; para el nivel 4 faltaría un ejemplo más completo.,insuficiente,2026-06-25T21:00:00,RV-VAC-0029-1,CV-VAC-0029-1,synthetic,SYN-008764
ASM-00786,SES-00368,APP-00200,CRI-0141,EV-S2-03,2,10,[SINTÉTICO] Nivel 2: la evidencia registrada corresponde al descriptor; para el nivel 3 faltaría un ejemplo más completo.,suficiente,2026-06-18T12:19:00,RV-VAC-0029-1,CV-VAC-0029-1,synthetic,SYN-008766
ASM-00787,SES-00368,APP-00200,CRI-0142,EV-S2-03,2,10,[SINTÉTICO] Nivel 2: la evidencia registrada corresponde al descriptor; para el nivel 3 faltaría un ejemplo más completo.,parcial,2026-06-18T12:19:00,RV-VAC-0029-1,CV-VAC-0029-1,synthetic,SYN-008768
ASM-00788,SES-00369,APP-00200,CRI-0143,EV-S2-01,2,10,[SINTÉTICO] Nivel 2: la evidencia registrada corresponde al descriptor; para el nivel 3 faltaría un ejemplo más completo.,insuficiente,2026-06-23T20:00:00,RV-VAC-0029-1,CV-VAC-0029-1,synthetic,SYN-008772
ASM-00789,SES-00369,APP-00200,CRI-0144,EV-S2-01,2,10,[SINTÉTICO] Nivel 2: la evidencia registrada corresponde al descriptor; para el nivel 3 faltaría un ejemplo más completo.,parcial,2026-06-23T20:00:00,RV-VAC-0029-1,CV-VAC-0029-1,synthetic,SYN-008773
ASM-00790,SES-00370,APP-00201,CRI-0141,EV-S2-01,3,15,[SINTÉTICO] Nivel 3: la evidencia registrada corresponde al descriptor; para el nivel 4 faltaría un ejemplo más completo.,suficiente,2026-06-18T19:25:00,RV-VAC-0029-1,CV-VAC-0029-1,synthetic,SYN-008776
ASM-00791,SES-00370,APP-00201,CRI-0142,EV-S2-01,3,15,[SINTÉTICO] Nivel 3: la evidencia registrada corresponde al descriptor; para el nivel 4 faltaría un ejemplo más completo.,suficiente,2026-06-18T19:25:00,RV-VAC-0029-1,CV-VAC-0029-1,synthetic,SYN-008779
ASM-00792,SES-00371,APP-00201,CRI-0143,EV-S2-04,3,15,[SINTÉTICO] Nivel 3: la evidencia registrada corresponde al descriptor; para el nivel 4 faltaría un ejemplo más completo.,parcial,2026-07-03T19:00:00,RV-VAC-0029-1,CV-VAC-0029-1,synthetic,SYN-008783
ASM-00793,SES-00371,APP-00201,CRI-0144,EV-S2-04,2,10,[SINTÉTICO] Nivel 2: la evidencia registrada corresponde al descriptor; para el nivel 3 faltaría un ejemplo más completo.,suficiente,2026-07-03T19:00:00,RV-VAC-0029-1,CV-VAC-0029-1,synthetic,SYN-008786
ASM-00794,SES-00372,APP-00202,CRI-0141,EV-S2-02,2,10,[SINTÉTICO] Nivel 2: la evidencia registrada corresponde al descriptor; para el nivel 3 faltaría un ejemplo más completo.,parcial,2026-06-11T12:30:00,RV-VAC-0029-1,CV-VAC-0029-1,synthetic,SYN-008790
ASM-00795,SES-00372,APP-00202,CRI-0142,EV-S2-02,2,10,[SINTÉTICO] Nivel 2: la evidencia registrada corresponde al descriptor; para el nivel 3 faltaría un ejemplo más completo.,suficiente,2026-06-11T12:30:00,RV-VAC-0029-1,CV-VAC-0029-1,synthetic,SYN-008794
ASM-00796,SES-00373,APP-00203,CRI-0141,EV-S2-01,3,15,[SINTÉTICO] Nivel 3: la evidencia registrada corresponde al descriptor; para el nivel 4 faltaría un ejemplo más completo.,parcial,2026-06-27T17:38:00,RV-VAC-0029-1,CV-VAC-0029-1,synthetic,SYN-008798
ASM-00797,SES-00373,APP-00203,CRI-0142,EV-S2-01,2,10,[SINTÉTICO] Nivel 2: la evidencia registrada corresponde al descriptor; para el nivel 3 faltaría un ejemplo más completo.,suficiente,2026-06-27T17:38:00,RV-VAC-0029-1,CV-VAC-0029-1,synthetic,SYN-008801
ASM-00798,SES-00374,APP-00203,CRI-0143,EV-S2-04,2,10,[SINTÉTICO] Nivel 2: la evidencia registrada corresponde al descriptor; para el nivel 3 faltaría un ejemplo más completo.,suficiente,2026-06-29T00:00:00,RV-VAC-0029-1,CV-VAC-0029-1,synthetic,SYN-008806
ASM-00799,SES-00374,APP-00203,CRI-0144,EV-S2-04,2,10,[SINTÉTICO] Nivel 2: la evidencia registrada corresponde al descriptor; para el nivel 3 faltaría un ejemplo más completo.,suficiente,2026-06-29T00:00:00,RV-VAC-0029-1,CV-VAC-0029-1,synthetic,SYN-008809
ASM-00800,SES-00375,APP-00204,CRI-0141,EV-S2-04,1,5,[SINTÉTICO] Nivel 1: la evidencia registrada corresponde al descriptor; para el nivel 2 faltaría un ejemplo más completo.,suficiente,2026-06-20T05:00:00,RV-VAC-0029-1,CV-VAC-0029-1,synthetic,SYN-008813
ASM-00801,SES-00375,APP-00204,CRI-0142,EV-S2-04,1,5,[SINTÉTICO] Nivel 1: la evidencia registrada corresponde al descriptor; para el nivel 2 faltaría un ejemplo más completo.,suficiente,2026-06-20T05:00:00,RV-VAC-0029-1,CV-VAC-0029-1,synthetic,SYN-008815
ASM-00802,SES-00376,APP-00204,CRI-0143,EV-S2-03,1,5,[SINTÉTICO] Nivel 1: la evidencia registrada corresponde al descriptor; para el nivel 2 faltaría un ejemplo más completo.,suficiente,2026-06-19T20:00:00,RV-VAC-0029-1,CV-VAC-0029-1,synthetic,SYN-008818
ASM-00803,SES-00376,APP-00204,CRI-0144,EV-S2-03,1,5,[SINTÉTICO] Nivel 1: la evidencia registrada corresponde al descriptor; para el nivel 2 faltaría un ejemplo más completo.,parcial,2026-06-19T20:00:00,RV-VAC-0029-1,CV-VAC-0029-1,synthetic,SYN-008821
ASM-00804,SES-00377,APP-00205,CRI-0141,EV-S2-03,2,10,[SINTÉTICO] Nivel 2: la evidencia registrada corresponde al descriptor; para el nivel 3 faltaría un ejemplo más completo.,suficiente,2026-06-15T11:37:00,RV-VAC-0029-1,CV-VAC-0029-1,synthetic,SYN-008825
ASM-00805,SES-00377,APP-00205,CRI-0142,EV-S2-03,2,10,[SINTÉTICO] Nivel 2: la evidencia registrada corresponde al descriptor; para el nivel 3 faltaría un ejemplo más completo.,suficiente,2026-06-15T11:37:00,RV-VAC-0029-1,CV-VAC-0029-1,synthetic,SYN-008828
ASM-00806,SES-00378,APP-00205,CRI-0143,EV-S2-02,4,20,[SINTÉTICO] Nivel 4: la evidencia registrada corresponde al descriptor; para el nivel 4 faltaría un ejemplo más completo.,suficiente,2026-06-20T16:00:00,RV-VAC-0029-1,CV-VAC-0029-1,synthetic,SYN-008831
ASM-00807,SES-00378,APP-00205,CRI-0144,EV-S2-02,3,15,[SINTÉTICO] Nivel 3: la evidencia registrada corresponde al descriptor; para el nivel 4 faltaría un ejemplo más completo.,parcial,2026-06-20T16:00:00,RV-VAC-0029-1,CV-VAC-0029-1,synthetic,SYN-008834
ASM-00808,SES-00380,APP-00206,CRI-0143,EV-S2-01,2,10,[SINTÉTICO] Nivel 2: la evidencia registrada corresponde al descriptor; para el nivel 3 faltaría un ejemplo más completo.,parcial,2026-06-18T15:00:00,RV-VAC-0029-1,CV-VAC-0029-1,synthetic,SYN-008838
ASM-00809,SES-00380,APP-00206,CRI-0144,EV-S2-01,2,10,[SINTÉTICO] Nivel 2: la evidencia registrada corresponde al descriptor; para el nivel 3 faltaría un ejemplo más completo.,parcial,2026-06-18T15:00:00,RV-VAC-0029-1,CV-VAC-0029-1,synthetic,SYN-008840
ASM-00810,SES-00381,APP-00207,CRI-0145,EV-S3-03,1,5,[SINTÉTICO] Nivel 1: la evidencia registrada corresponde al descriptor; para el nivel 2 faltaría un ejemplo más completo.,insuficiente,2026-06-23T22:31:00,RV-VAC-0030-1,CV-VAC-0030-1,synthetic,SYN-008843
ASM-00811,SES-00381,APP-00207,CRI-0146,EV-S3-03,1,5,[SINTÉTICO] Nivel 1: la evidencia registrada corresponde al descriptor; para el nivel 2 faltaría un ejemplo más completo.,parcial,2026-06-23T22:31:00,RV-VAC-0030-1,CV-VAC-0030-1,synthetic,SYN-008844
ASM-00812,SES-00381,APP-00207,CRI-0147,EV-S3-03,1,5,[SINTÉTICO] Nivel 1: la evidencia registrada corresponde al descriptor; para el nivel 2 faltaría un ejemplo más completo.,parcial,2026-06-23T22:31:00,RV-VAC-0030-1,CV-VAC-0030-1,synthetic,SYN-008846
ASM-00813,SES-00382,APP-00208,CRI-0145,EV-S3-04,3,15,[SINTÉTICO] Nivel 3: la evidencia registrada corresponde al descriptor; para el nivel 4 faltaría un ejemplo más completo.,suficiente,2026-06-18T01:33:00,RV-VAC-0030-1,CV-VAC-0030-1,synthetic,SYN-008849
ASM-00814,SES-00382,APP-00208,CRI-0146,EV-S3-04,3,15,[SINTÉTICO] Nivel 3: la evidencia registrada corresponde al descriptor; para el nivel 4 faltaría un ejemplo más completo.,suficiente,2026-06-18T01:33:00,RV-VAC-0030-1,CV-VAC-0030-1,synthetic,SYN-008851
ASM-00815,SES-00382,APP-00208,CRI-0147,EV-S3-04,3,15,[SINTÉTICO] Nivel 3: la evidencia registrada corresponde al descriptor; para el nivel 4 faltaría un ejemplo más completo.,suficiente,2026-06-18T01:33:00,RV-VAC-0030-1,CV-VAC-0030-1,synthetic,SYN-008854
ASM-00816,SES-00384,APP-00210,CRI-0145,EV-S3-03,4,20,[SINTÉTICO] Nivel 4: la evidencia registrada corresponde al descriptor; para el nivel 4 faltaría un ejemplo más completo.,parcial,2026-06-08T18:07:00,RV-VAC-0030-1,CV-VAC-0030-1,synthetic,SYN-008859
ASM-00817,SES-00384,APP-00210,CRI-0146,EV-S3-03,4,20,[SINTÉTICO] Nivel 4: la evidencia registrada corresponde al descriptor; para el nivel 4 faltaría un ejemplo más completo.,suficiente,2026-06-08T18:07:00,RV-VAC-0030-1,CV-VAC-0030-1,synthetic,SYN-008863
ASM-00818,SES-00384,APP-00210,CRI-0147,EV-S3-03,4,20,[SINTÉTICO] Nivel 4: la evidencia registrada corresponde al descriptor; para el nivel 4 faltaría un ejemplo más completo.,parcial,2026-06-08T18:07:00,RV-VAC-0030-1,CV-VAC-0030-1,synthetic,SYN-008866
ASM-00819,SES-00385,APP-00210,CRI-0148,EV-S3-01,4,20,[SINTÉTICO] Nivel 4: la evidencia registrada corresponde al descriptor; para el nivel 4 faltaría un ejemplo más completo.,parcial,2026-06-29T17:00:00,RV-VAC-0030-1,CV-VAC-0030-1,synthetic,SYN-008871
ASM-00820,SES-00385,APP-00210,CRI-0149,EV-S3-01,4,20,[SINTÉTICO] Nivel 4: la evidencia registrada corresponde al descriptor; para el nivel 4 faltaría un ejemplo más completo.,suficiente,2026-06-29T17:00:00,RV-VAC-0030-1,CV-VAC-0030-1,synthetic,SYN-008874
ASM-00821,SES-00386,APP-00211,CRI-0150,EV-S1-04,4,20,[SINTÉTICO] Nivel 4: la evidencia registrada corresponde al descriptor; para el nivel 4 faltaría un ejemplo más completo.,parcial,2026-05-10T17:56:00,RV-VAC-0031-1,CV-VAC-0031-1,synthetic,SYN-008879
ASM-00822,SES-00386,APP-00211,CRI-0151,EV-S1-04,3,15,[SINTÉTICO] Nivel 3: la evidencia registrada corresponde al descriptor; para el nivel 4 faltaría un ejemplo más completo.,suficiente,2026-05-10T17:56:00,RV-VAC-0031-1,CV-VAC-0031-1,synthetic,SYN-008882
ASM-00823,SES-00386,APP-00211,CRI-0152,EV-S1-04,3,15,[SINTÉTICO] Nivel 3: la evidencia registrada corresponde al descriptor; para el nivel 4 faltaría un ejemplo más completo.,suficiente,2026-05-10T17:56:00,RV-VAC-0031-1,CV-VAC-0031-1,synthetic,SYN-008885
ASM-00824,SES-00388,APP-00212,CRI-0150,EV-S1-02,2,10,[SINTÉTICO] Nivel 2: la evidencia registrada corresponde al descriptor; para el nivel 3 faltaría un ejemplo más completo.,parcial,2026-05-10T21:34:00,RV-VAC-0031-1,CV-VAC-0031-1,synthetic,SYN-008890
ASM-00825,SES-00388,APP-00212,CRI-0151,EV-S1-02,3,15,[SINTÉTICO] Nivel 3: la evidencia registrada corresponde al descriptor; para el nivel 4 faltaría un ejemplo más completo.,suficiente,2026-05-10T21:34:00,RV-VAC-0031-1,CV-VAC-0031-1,synthetic,SYN-008892
ASM-00826,SES-00388,APP-00212,CRI-0152,EV-S1-02,3,15,[SINTÉTICO] Nivel 3: la evidencia registrada corresponde al descriptor; para el nivel 4 faltaría un ejemplo más completo.,parcial,2026-05-10T21:34:00,RV-VAC-0031-1,CV-VAC-0031-1,synthetic,SYN-008894
ASM-00827,SES-00389,APP-00212,CRI-0153,EV-S1-01,3,15,[SINTÉTICO] Nivel 3: la evidencia registrada corresponde al descriptor; para el nivel 4 faltaría un ejemplo más completo.,parcial,2026-05-19T18:00:00,RV-VAC-0031-1,CV-VAC-0031-1,synthetic,SYN-008899
ASM-00828,SES-00389,APP-00212,CRI-0154,EV-S1-01,3,15,[SINTÉTICO] Nivel 3: la evidencia registrada corresponde al descriptor; para el nivel 4 faltaría un ejemplo más completo.,parcial,2026-05-19T18:00:00,RV-VAC-0031-1,CV-VAC-0031-1,synthetic,SYN-008902
ASM-00829,SES-00390,APP-00213,CRI-0150,EV-S1-02,1,5,[SINTÉTICO] Nivel 1: la evidencia registrada corresponde al descriptor; para el nivel 2 faltaría un ejemplo más completo.,suficiente,2026-05-03T11:40:00,RV-VAC-0031-1,CV-VAC-0031-1,synthetic,SYN-008907
ASM-00830,SES-00390,APP-00213,CRI-0151,EV-S1-02,1,5,[SINTÉTICO] Nivel 1: la evidencia registrada corresponde al descriptor; para el nivel 2 faltaría un ejemplo más completo.,suficiente,2026-05-03T11:40:00,RV-VAC-0031-1,CV-VAC-0031-1,synthetic,SYN-008911
ASM-00831,SES-00390,APP-00213,CRI-0152,EV-S1-02,1,5,[SINTÉTICO] Nivel 1: la evidencia registrada corresponde al descriptor; para el nivel 2 faltaría un ejemplo más completo.,suficiente,2026-05-03T11:40:00,RV-VAC-0031-1,CV-VAC-0031-1,synthetic,SYN-008914
ASM-00832,SES-00391,APP-00213,CRI-0153,EV-S1-02,1,5,[SINTÉTICO] Nivel 1: la evidencia registrada corresponde al descriptor; para el nivel 2 faltaría un ejemplo más completo.,insuficiente,2026-05-24T00:00:00,RV-VAC-0031-1,CV-VAC-0031-1,synthetic,SYN-008919
ASM-00833,SES-00391,APP-00213,CRI-0154,EV-S1-02,1,5,[SINTÉTICO] Nivel 1: la evidencia registrada corresponde al descriptor; para el nivel 2 faltaría un ejemplo más completo.,suficiente,2026-05-24T00:00:00,RV-VAC-0031-1,CV-VAC-0031-1,synthetic,SYN-008920
ASM-00834,SES-00392,APP-00214,CRI-0150,EV-S1-02,4,20,[SINTÉTICO] Nivel 4: la evidencia registrada corresponde al descriptor; para el nivel 4 faltaría un ejemplo más completo.,suficiente,2026-05-13T06:00:00,RV-VAC-0031-1,CV-VAC-0031-1,synthetic,SYN-008924
ASM-00835,SES-00392,APP-00214,CRI-0151,EV-S1-02,4,20,[SINTÉTICO] Nivel 4: la evidencia registrada corresponde al descriptor; para el nivel 4 faltaría un ejemplo más completo.,suficiente,2026-05-13T06:00:00,RV-VAC-0031-1,CV-VAC-0031-1,synthetic,SYN-008926
ASM-00836,SES-00392,APP-00214,CRI-0152,EV-S1-02,4,20,[SINTÉTICO] Nivel 4: la evidencia registrada corresponde al descriptor; para el nivel 4 faltaría un ejemplo más completo.,suficiente,2026-05-13T06:00:00,RV-VAC-0031-1,CV-VAC-0031-1,synthetic,SYN-008930
ASM-00837,SES-00393,APP-00214,CRI-0153,EV-S1-02,4,20,[SINTÉTICO] Nivel 4: la evidencia registrada corresponde al descriptor; para el nivel 4 faltaría un ejemplo más completo.,suficiente,2026-05-21T01:00:00,RV-VAC-0031-1,CV-VAC-0031-1,synthetic,SYN-008935
ASM-00838,SES-00393,APP-00214,CRI-0154,EV-S1-02,4,20,[SINTÉTICO] Nivel 4: la evidencia registrada corresponde al descriptor; para el nivel 4 faltaría un ejemplo más completo.,parcial,2026-05-21T01:00:00,RV-VAC-0031-1,CV-VAC-0031-1,synthetic,SYN-008937
ASM-00839,SES-00394,APP-00215,CRI-0150,EV-S1-01,3,15,[SINTÉTICO] Nivel 3: la evidencia registrada corresponde al descriptor; para el nivel 4 faltaría un ejemplo más completo.,suficiente,2026-05-17T19:12:00,RV-VAC-0031-1,CV-VAC-0031-1,synthetic,SYN-008940
ASM-00840,SES-00394,APP-00215,CRI-0151,EV-S1-01,4,20,[SINTÉTICO] Nivel 4: la evidencia registrada corresponde al descriptor; para el nivel 4 faltaría un ejemplo más completo.,suficiente,2026-05-17T19:12:00,RV-VAC-0031-1,CV-VAC-0031-1,synthetic,SYN-008943
ASM-00841,SES-00394,APP-00215,CRI-0152,EV-S1-01,3,15,[SINTÉTICO] Nivel 3: la evidencia registrada corresponde al descriptor; para el nivel 4 faltaría un ejemplo más completo.,suficiente,2026-05-17T19:12:00,RV-VAC-0031-1,CV-VAC-0031-1,synthetic,SYN-008947
ASM-00842,SES-00395,APP-00215,CRI-0153,EV-S1-02,3,15,[SINTÉTICO] Nivel 3: la evidencia registrada corresponde al descriptor; para el nivel 4 faltaría un ejemplo más completo.,suficiente,2026-05-20T23:00:00,RV-VAC-0031-1,CV-VAC-0031-1,synthetic,SYN-008951
ASM-00843,SES-00395,APP-00215,CRI-0154,EV-S1-02,4,20,[SINTÉTICO] Nivel 4: la evidencia registrada corresponde al descriptor; para el nivel 4 faltaría un ejemplo más completo.,parcial,2026-05-20T23:00:00,RV-VAC-0031-1,CV-VAC-0031-1,synthetic,SYN-008955
ASM-00844,SES-00396,APP-00216,CRI-0150,EV-S1-04,3,15,[SINTÉTICO] Nivel 3: la evidencia registrada corresponde al descriptor; para el nivel 4 faltaría un ejemplo más completo.,suficiente,2026-05-15T13:56:00,RV-VAC-0031-1,CV-VAC-0031-1,synthetic,SYN-008959
ASM-00845,SES-00396,APP-00216,CRI-0151,EV-S1-04,3,15,[SINTÉTICO] Nivel 3: la evidencia registrada corresponde al descriptor; para el nivel 4 faltaría un ejemplo más completo.,suficiente,2026-05-15T13:56:00,RV-VAC-0031-1,CV-VAC-0031-1,synthetic,SYN-008962
ASM-00846,SES-00396,APP-00216,CRI-0152,EV-S1-04,3,15,[SINTÉTICO] Nivel 3: la evidencia registrada corresponde al descriptor; para el nivel 4 faltaría un ejemplo más completo.,suficiente,2026-05-15T13:56:00,RV-VAC-0031-1,CV-VAC-0031-1,synthetic,SYN-008966
ASM-00847,SES-00397,APP-00216,CRI-0153,EV-S1-03,3,15,[SINTÉTICO] Nivel 3: la evidencia registrada corresponde al descriptor; para el nivel 4 faltaría un ejemplo más completo.,suficiente,2026-05-19T17:00:00,RV-VAC-0031-1,CV-VAC-0031-1,synthetic,SYN-008970
ASM-00848,SES-00397,APP-00216,CRI-0154,EV-S1-03,4,20,[SINTÉTICO] Nivel 4: la evidencia registrada corresponde al descriptor; para el nivel 4 faltaría un ejemplo más completo.,parcial,2026-05-19T17:00:00,RV-VAC-0031-1,CV-VAC-0031-1,synthetic,SYN-008974
ASM-00849,SES-00398,APP-00217,CRI-0150,EV-S1-03,1,5,[SINTÉTICO] Nivel 1: la evidencia registrada corresponde al descriptor; para el nivel 2 faltaría un ejemplo más completo.,suficiente,2026-05-08T05:02:00,RV-VAC-0031-1,CV-VAC-0031-1,synthetic,SYN-008978
ASM-00850,SES-00398,APP-00217,CRI-0151,EV-S1-03,1,5,[SINTÉTICO] Nivel 1: la evidencia registrada corresponde al descriptor; para el nivel 2 faltaría un ejemplo más completo.,parcial,2026-05-08T05:02:00,RV-VAC-0031-1,CV-VAC-0031-1,synthetic,SYN-008981
ASM-00851,SES-00398,APP-00217,CRI-0152,EV-S1-03,1,5,[SINTÉTICO] Nivel 1: la evidencia registrada corresponde al descriptor; para el nivel 2 faltaría un ejemplo más completo.,suficiente,2026-05-08T05:02:00,RV-VAC-0031-1,CV-VAC-0031-1,synthetic,SYN-008984
ASM-00852,SES-00399,APP-00218,CRI-0150,EV-S1-03,4,20,[SINTÉTICO] Nivel 4: la evidencia registrada corresponde al descriptor; para el nivel 4 faltaría un ejemplo más completo.,parcial,2026-05-07T06:09:00,RV-VAC-0031-1,CV-VAC-0031-1,synthetic,SYN-008988
ASM-00853,SES-00399,APP-00218,CRI-0151,EV-S1-03,4,20,[SINTÉTICO] Nivel 4: la evidencia registrada corresponde al descriptor; para el nivel 4 faltaría un ejemplo más completo.,suficiente,2026-05-07T06:09:00,RV-VAC-0031-1,CV-VAC-0031-1,synthetic,SYN-008991
ASM-00854,SES-00399,APP-00218,CRI-0152,EV-S1-03,4,20,[SINTÉTICO] Nivel 4: la evidencia registrada corresponde al descriptor; para el nivel 4 faltaría un ejemplo más completo.,suficiente,2026-05-07T06:09:00,RV-VAC-0031-1,CV-VAC-0031-1,synthetic,SYN-008994
ASM-00855,SES-00400,APP-00219,CRI-0150,EV-S1-02,4,20,[SINTÉTICO] Nivel 4: la evidencia registrada corresponde al descriptor; para el nivel 4 faltaría un ejemplo más completo.,parcial,2026-05-21T07:00:00,RV-VAC-0031-1,CV-VAC-0031-1,synthetic,SYN-008999
ASM-00856,SES-00400,APP-00219,CRI-0151,EV-S1-02,3,15,[SINTÉTICO] Nivel 3: la evidencia registrada corresponde al descriptor; para el nivel 4 faltaría un ejemplo más completo.,suficiente,2026-05-21T07:00:00,RV-VAC-0031-1,CV-VAC-0031-1,synthetic,SYN-009001
ASM-00857,SES-00400,APP-00219,CRI-0152,EV-S1-02,4,20,[SINTÉTICO] Nivel 4: la evidencia registrada corresponde al descriptor; para el nivel 4 faltaría un ejemplo más completo.,insuficiente,2026-05-21T07:00:00,RV-VAC-0031-1,CV-VAC-0031-1,synthetic,SYN-009005
ASM-00858,SES-00401,APP-00220,CRI-0150,EV-S1-01,2,10,[SINTÉTICO] Nivel 2: la evidencia registrada corresponde al descriptor; para el nivel 3 faltaría un ejemplo más completo.,suficiente,2026-05-16T00:38:00,RV-VAC-0031-1,CV-VAC-0031-1,synthetic,SYN-009007
ASM-00859,SES-00401,APP-00220,CRI-0151,EV-S1-01,2,10,[SINTÉTICO] Nivel 2: la evidencia registrada corresponde al descriptor; para el nivel 3 faltaría un ejemplo más completo.,suficiente,2026-05-16T00:38:00,RV-VAC-0031-1,CV-VAC-0031-1,synthetic,SYN-009009
ASM-00860,SES-00401,APP-00220,CRI-0152,EV-S1-01,2,10,[SINTÉTICO] Nivel 2: la evidencia registrada corresponde al descriptor; para el nivel 3 faltaría un ejemplo más completo.,suficiente,2026-05-16T00:38:00,RV-VAC-0031-1,CV-VAC-0031-1,synthetic,SYN-009012
ASM-00861,SES-00402,APP-00220,CRI-0153,EV-S1-01,2,10,[SINTÉTICO] Nivel 2: la evidencia registrada corresponde al descriptor; para el nivel 3 faltaría un ejemplo más completo.,parcial,2026-05-26T01:00:00,RV-VAC-0031-1,CV-VAC-0031-1,synthetic,SYN-009015
ASM-00862,SES-00402,APP-00220,CRI-0154,EV-S1-01,2,10,[SINTÉTICO] Nivel 2: la evidencia registrada corresponde al descriptor; para el nivel 3 faltaría un ejemplo más completo.,suficiente,2026-05-26T01:00:00,RV-VAC-0031-1,CV-VAC-0031-1,synthetic,SYN-009017
ASM-00863,SES-00403,APP-00221,CRI-0150,EV-S1-02,4,20,[SINTÉTICO] Nivel 4: la evidencia registrada corresponde al descriptor; para el nivel 4 faltaría un ejemplo más completo.,suficiente,2026-05-17T05:58:00,RV-VAC-0031-1,CV-VAC-0031-1,synthetic,SYN-009020
ASM-00864,SES-00403,APP-00221,CRI-0151,EV-S1-02,3,15,[SINTÉTICO] Nivel 3: la evidencia registrada corresponde al descriptor; para el nivel 4 faltaría un ejemplo más completo.,suficiente,2026-05-17T05:58:00,RV-VAC-0031-1,CV-VAC-0031-1,synthetic,SYN-009024
ASM-00865,SES-00403,APP-00221,CRI-0152,EV-S1-02,2,10,[SINTÉTICO] Nivel 2: la evidencia registrada corresponde al descriptor; para el nivel 3 faltaría un ejemplo más completo.,parcial,2026-05-17T05:58:00,RV-VAC-0031-1,CV-VAC-0031-1,synthetic,SYN-009027
ASM-00866,SES-00404,APP-00221,CRI-0150,EV-S1-03,2,10,[SINTÉTICO] Nivel 2: la evidencia registrada corresponde al descriptor; para el nivel 3 faltaría un ejemplo más completo.,insuficiente,2026-05-16T10:58:00,RV-VAC-0031-1,CV-VAC-0031-1,synthetic,SYN-009030
ASM-00867,SES-00404,APP-00221,CRI-0151,EV-S1-03,1,5,[SINTÉTICO] Nivel 1: la evidencia registrada corresponde al descriptor; para el nivel 2 faltaría un ejemplo más completo.,suficiente,2026-05-16T10:58:00,RV-VAC-0031-1,CV-VAC-0031-1,synthetic,SYN-009031
ASM-00868,SES-00404,APP-00221,CRI-0152,EV-S1-03,2,10,[SINTÉTICO] Nivel 2: la evidencia registrada corresponde al descriptor; para el nivel 3 faltaría un ejemplo más completo.,suficiente,2026-05-16T10:58:00,RV-VAC-0031-1,CV-VAC-0031-1,synthetic,SYN-009034
ASM-00869,SES-00405,APP-00221,CRI-0153,EV-S1-02,2,10,[SINTÉTICO] Nivel 2: la evidencia registrada corresponde al descriptor; para el nivel 3 faltaría un ejemplo más completo.,parcial,2026-05-20T22:00:00,RV-VAC-0031-1,CV-VAC-0031-1,synthetic,SYN-009037
ASM-00870,SES-00405,APP-00221,CRI-0154,EV-S1-02,2,10,[SINTÉTICO] Nivel 2: la evidencia registrada corresponde al descriptor; para el nivel 3 faltaría un ejemplo más completo.,insuficiente,2026-05-20T22:00:00,RV-VAC-0031-1,CV-VAC-0031-1,synthetic,SYN-009040
ASM-00871,SES-00406,APP-00222,CRI-0150,EV-S1-01,2,10,[SINTÉTICO] Nivel 2: la evidencia registrada corresponde al descriptor; para el nivel 3 faltaría un ejemplo más completo.,parcial,2026-05-11T20:26:00,RV-VAC-0031-1,CV-VAC-0031-1,synthetic,SYN-009042
ASM-00872,SES-00406,APP-00222,CRI-0151,EV-S1-01,2,10,[SINTÉTICO] Nivel 2: la evidencia registrada corresponde al descriptor; para el nivel 3 faltaría un ejemplo más completo.,parcial,2026-05-11T20:26:00,RV-VAC-0031-1,CV-VAC-0031-1,synthetic,SYN-009044
ASM-00873,SES-00406,APP-00222,CRI-0152,EV-S1-01,2,10,[SINTÉTICO] Nivel 2: la evidencia registrada corresponde al descriptor; para el nivel 3 faltaría un ejemplo más completo.,insuficiente,2026-05-11T20:26:00,RV-VAC-0031-1,CV-VAC-0031-1,synthetic,SYN-009047
ASM-00874,SES-00407,APP-00222,CRI-0153,EV-S1-04,2,10,[SINTÉTICO] Nivel 2: la evidencia registrada corresponde al descriptor; para el nivel 3 faltaría un ejemplo más completo.,parcial,2026-05-16T20:00:00,RV-VAC-0031-1,CV-VAC-0031-1,synthetic,SYN-009049
ASM-00875,SES-00407,APP-00222,CRI-0154,EV-S1-04,2,10,[SINTÉTICO] Nivel 2: la evidencia registrada corresponde al descriptor; para el nivel 3 faltaría un ejemplo más completo.,parcial,2026-05-16T20:00:00,RV-VAC-0031-1,CV-VAC-0031-1,synthetic,SYN-009051
ASM-00876,SES-00408,APP-00223,CRI-0150,EV-S1-02,3,15,[SINTÉTICO] Nivel 3: la evidencia registrada corresponde al descriptor; para el nivel 4 faltaría un ejemplo más completo.,suficiente,2026-05-14T20:26:00,RV-VAC-0031-1,CV-VAC-0031-1,synthetic,SYN-009055
ASM-00877,SES-00408,APP-00223,CRI-0151,EV-S1-02,2,10,[SINTÉTICO] Nivel 2: la evidencia registrada corresponde al descriptor; para el nivel 3 faltaría un ejemplo más completo.,suficiente,2026-05-14T20:26:00,RV-VAC-0031-1,CV-VAC-0031-1,synthetic,SYN-009057
ASM-00878,SES-00408,APP-00223,CRI-0152,EV-S1-02,2,10,[SINTÉTICO] Nivel 2: la evidencia registrada corresponde al descriptor; para el nivel 3 faltaría un ejemplo más completo.,suficiente,2026-05-14T20:26:00,RV-VAC-0031-1,CV-VAC-0031-1,synthetic,SYN-009059
ASM-00879,SES-00409,APP-00223,CRI-0153,EV-S1-04,2,10,[SINTÉTICO] Nivel 2: la evidencia registrada corresponde al descriptor; para el nivel 3 faltaría un ejemplo más completo.,suficiente,2026-05-21T00:00:00,RV-VAC-0031-1,CV-VAC-0031-1,synthetic,SYN-009063
ASM-00880,SES-00409,APP-00223,CRI-0154,EV-S1-04,3,15,[SINTÉTICO] Nivel 3: la evidencia registrada corresponde al descriptor; para el nivel 4 faltaría un ejemplo más completo.,parcial,2026-05-21T00:00:00,RV-VAC-0031-1,CV-VAC-0031-1,synthetic,SYN-009066
ASM-00881,SES-00410,APP-00224,CRI-0155,EV-S2-04,4,20,[SINTÉTICO] Nivel 4: la evidencia registrada corresponde al descriptor; para el nivel 4 faltaría un ejemplo más completo.,parcial,2026-04-01T09:47:00,RV-VAC-0032-1,CV-VAC-0032-1,synthetic,SYN-009071
ASM-00882,SES-00410,APP-00224,CRI-0156,EV-S2-04,4,20,[SINTÉTICO] Nivel 4: la evidencia registrada corresponde al descriptor; para el nivel 4 faltaría un ejemplo más completo.,suficiente,2026-04-01T09:47:00,RV-VAC-0032-1,CV-VAC-0032-1,synthetic,SYN-009074
ASM-00883,SES-00410,APP-00224,CRI-0157,EV-S2-04,4,20,[SINTÉTICO] Nivel 4: la evidencia registrada corresponde al descriptor; para el nivel 4 faltaría un ejemplo más completo.,insuficiente,2026-04-01T09:47:00,RV-VAC-0032-1,CV-VAC-0032-1,synthetic,SYN-009077
ASM-00884,SES-00411,APP-00225,CRI-0155,EV-S2-02,1,5,[SINTÉTICO] Nivel 1: la evidencia registrada corresponde al descriptor; para el nivel 2 faltaría un ejemplo más completo.,suficiente,2026-03-28T12:28:00,RV-VAC-0032-1,CV-VAC-0032-1,synthetic,SYN-009079
ASM-00885,SES-00411,APP-00225,CRI-0156,EV-S2-02,1,5,[SINTÉTICO] Nivel 1: la evidencia registrada corresponde al descriptor; para el nivel 2 faltaría un ejemplo más completo.,suficiente,2026-03-28T12:28:00,RV-VAC-0032-1,CV-VAC-0032-1,synthetic,SYN-009082
ASM-00886,SES-00411,APP-00225,CRI-0157,EV-S2-02,1,5,[SINTÉTICO] Nivel 1: la evidencia registrada corresponde al descriptor; para el nivel 2 faltaría un ejemplo más completo.,suficiente,2026-03-28T12:28:00,RV-VAC-0032-1,CV-VAC-0032-1,synthetic,SYN-009085
ASM-00887,SES-00412,APP-00226,CRI-0155,EV-S2-04,4,20,[SINTÉTICO] Nivel 4: la evidencia registrada corresponde al descriptor; para el nivel 4 faltaría un ejemplo más completo.,parcial,2026-03-30T14:30:00,RV-VAC-0032-1,CV-VAC-0032-1,synthetic,SYN-009088
ASM-00888,SES-00412,APP-00226,CRI-0156,EV-S2-04,4,20,[SINTÉTICO] Nivel 4: la evidencia registrada corresponde al descriptor; para el nivel 4 faltaría un ejemplo más completo.,suficiente,2026-03-30T14:30:00,RV-VAC-0032-1,CV-VAC-0032-1,synthetic,SYN-009091
ASM-00889,SES-00412,APP-00226,CRI-0157,EV-S2-04,3,15,[SINTÉTICO] Nivel 3: la evidencia registrada corresponde al descriptor; para el nivel 4 faltaría un ejemplo más completo.,suficiente,2026-03-30T14:30:00,RV-VAC-0032-1,CV-VAC-0032-1,synthetic,SYN-009095
ASM-00890,SES-00413,APP-00227,CRI-0155,EV-S2-02,1,5,[SINTÉTICO] Nivel 1: la evidencia registrada corresponde al descriptor; para el nivel 2 faltaría un ejemplo más completo.,suficiente,2026-04-04T16:39:00,RV-VAC-0032-1,CV-VAC-0032-1,synthetic,SYN-009099
ASM-00891,SES-00413,APP-00227,CRI-0156,EV-S2-02,1,5,[SINTÉTICO] Nivel 1: la evidencia registrada corresponde al descriptor; para el nivel 2 faltaría un ejemplo más completo.,suficiente,2026-04-04T16:39:00,RV-VAC-0032-1,CV-VAC-0032-1,synthetic,SYN-009102
ASM-00892,SES-00413,APP-00227,CRI-0157,EV-S2-02,2,10,[SINTÉTICO] Nivel 2: la evidencia registrada corresponde al descriptor; para el nivel 3 faltaría un ejemplo más completo.,parcial,2026-04-04T16:39:00,RV-VAC-0032-1,CV-VAC-0032-1,synthetic,SYN-009104
ASM-00893,SES-00415,APP-00228,CRI-0155,EV-S2-01,1,5,[SINTÉTICO] Nivel 1: la evidencia registrada corresponde al descriptor; para el nivel 2 faltaría un ejemplo más completo.,parcial,2026-03-26T20:14:00,RV-VAC-0032-1,CV-VAC-0032-1,synthetic,SYN-009109
ASM-00894,SES-00415,APP-00228,CRI-0156,EV-S2-01,1,5,[SINTÉTICO] Nivel 1: la evidencia registrada corresponde al descriptor; para el nivel 2 faltaría un ejemplo más completo.,parcial,2026-03-26T20:14:00,RV-VAC-0032-1,CV-VAC-0032-1,synthetic,SYN-009113
ASM-00895,SES-00415,APP-00228,CRI-0157,EV-S2-01,1,5,[SINTÉTICO] Nivel 1: la evidencia registrada corresponde al descriptor; para el nivel 2 faltaría un ejemplo más completo.,parcial,2026-03-26T20:14:00,RV-VAC-0032-1,CV-VAC-0032-1,synthetic,SYN-009115
ASM-00896,SES-00416,APP-00228,CRI-0155,EV-S2-02,1,5,[SINTÉTICO] Nivel 1: la evidencia registrada corresponde al descriptor; para el nivel 2 faltaría un ejemplo más completo.,suficiente,2026-03-18T23:14:00,RV-VAC-0032-1,CV-VAC-0032-1,synthetic,SYN-009120
ASM-00897,SES-00416,APP-00228,CRI-0156,EV-S2-02,1,5,[SINTÉTICO] Nivel 1: la evidencia registrada corresponde al descriptor; para el nivel 2 faltaría un ejemplo más completo.,suficiente,2026-03-18T23:14:00,RV-VAC-0032-1,CV-VAC-0032-1,synthetic,SYN-009124
ASM-00898,SES-00416,APP-00228,CRI-0157,EV-S2-02,1,5,[SINTÉTICO] Nivel 1: la evidencia registrada corresponde al descriptor; para el nivel 2 faltaría un ejemplo más completo.,suficiente,2026-03-18T23:14:00,RV-VAC-0032-1,CV-VAC-0032-1,synthetic,SYN-009126
ASM-00899,SES-00417,APP-00228,CRI-0158,EV-S2-04,1,5,[SINTÉTICO] Nivel 1: la evidencia registrada corresponde al descriptor; para el nivel 2 faltaría un ejemplo más completo.,suficiente,2026-04-04T12:00:00,RV-VAC-0032-1,CV-VAC-0032-1,synthetic,SYN-009131
ASM-00900,SES-00417,APP-00228,CRI-0159,EV-S2-04,1,5,[SINTÉTICO] Nivel 1: la evidencia registrada corresponde al descriptor; para el nivel 2 faltaría un ejemplo más completo.,suficiente,2026-04-04T12:00:00,RV-VAC-0032-1,CV-VAC-0032-1,synthetic,SYN-009133
ASM-00901,SES-00417,APP-00228,CRI-0160,EV-S2-04,1,5,[SINTÉTICO] Nivel 1: la evidencia registrada corresponde al descriptor; para el nivel 2 faltaría un ejemplo más completo.,suficiente,2026-04-04T12:00:00,RV-VAC-0032-1,CV-VAC-0032-1,synthetic,SYN-009135
ASM-00902,SES-00418,APP-00229,CRI-0155,EV-S2-02,2,10,[SINTÉTICO] Nivel 2: la evidencia registrada corresponde al descriptor; para el nivel 3 faltaría un ejemplo más completo.,suficiente,2026-03-29T20:16:00,RV-VAC-0032-1,CV-VAC-0032-1,synthetic,SYN-009138
ASM-00903,SES-00418,APP-00229,CRI-0156,EV-S2-02,4,20,[SINTÉTICO] Nivel 4: la evidencia registrada corresponde al descriptor; para el nivel 4 faltaría un ejemplo más completo.,suficiente,2026-03-29T20:16:00,RV-VAC-0032-1,CV-VAC-0032-1,synthetic,SYN-009141
ASM-00904,SES-00418,APP-00229,CRI-0157,EV-S2-02,3,15,[SINTÉTICO] Nivel 3: la evidencia registrada corresponde al descriptor; para el nivel 4 faltaría un ejemplo más completo.,insuficiente,2026-03-29T20:16:00,RV-VAC-0032-1,CV-VAC-0032-1,synthetic,SYN-009144
ASM-00905,SES-00419,APP-00229,CRI-0158,EV-S2-02,3,15,[SINTÉTICO] Nivel 3: la evidencia registrada corresponde al descriptor; para el nivel 4 faltaría un ejemplo más completo.,suficiente,2026-04-14T17:00:00,RV-VAC-0032-1,CV-VAC-0032-1,synthetic,SYN-009146
ASM-00906,SES-00419,APP-00229,CRI-0159,EV-S2-02,3,15,[SINTÉTICO] Nivel 3: la evidencia registrada corresponde al descriptor; para el nivel 4 faltaría un ejemplo más completo.,suficiente,2026-04-14T17:00:00,RV-VAC-0032-1,CV-VAC-0032-1,synthetic,SYN-009150
ASM-00907,SES-00419,APP-00229,CRI-0160,EV-S2-02,4,20,[SINTÉTICO] Nivel 4: la evidencia registrada corresponde al descriptor; para el nivel 4 faltaría un ejemplo más completo.,parcial,2026-04-14T17:00:00,RV-VAC-0032-1,CV-VAC-0032-1,synthetic,SYN-009153
ASM-00908,SES-00420,APP-00230,CRI-0155,EV-S2-01,1,5,[SINTÉTICO] Nivel 1: la evidencia registrada corresponde al descriptor; para el nivel 2 faltaría un ejemplo más completo.,suficiente,2026-03-22T03:04:00,RV-VAC-0032-1,CV-VAC-0032-1,synthetic,SYN-009157
ASM-00909,SES-00420,APP-00230,CRI-0156,EV-S2-01,1,5,[SINTÉTICO] Nivel 1: la evidencia registrada corresponde al descriptor; para el nivel 2 faltaría un ejemplo más completo.,insuficiente,2026-03-22T03:04:00,RV-VAC-0032-1,CV-VAC-0032-1,synthetic,SYN-009160
ASM-00910,SES-00420,APP-00230,CRI-0157,EV-S2-01,2,10,[SINTÉTICO] Nivel 2: la evidencia registrada corresponde al descriptor; para el nivel 3 faltaría un ejemplo más completo.,suficiente,2026-03-22T03:04:00,RV-VAC-0032-1,CV-VAC-0032-1,synthetic,SYN-009161
ASM-00911,SES-00421,APP-00230,CRI-0158,EV-S2-04,1,5,[SINTÉTICO] Nivel 1: la evidencia registrada corresponde al descriptor; para el nivel 2 faltaría un ejemplo más completo.,suficiente,2026-04-10T15:00:00,RV-VAC-0032-1,CV-VAC-0032-1,synthetic,SYN-009165
ASM-00912,SES-00421,APP-00230,CRI-0159,EV-S2-04,1,5,[SINTÉTICO] Nivel 1: la evidencia registrada corresponde al descriptor; para el nivel 2 faltaría un ejemplo más completo.,suficiente,2026-04-10T15:00:00,RV-VAC-0032-1,CV-VAC-0032-1,synthetic,SYN-009167
ASM-00913,SES-00421,APP-00230,CRI-0160,EV-S2-04,1,5,[SINTÉTICO] Nivel 1: la evidencia registrada corresponde al descriptor; para el nivel 2 faltaría un ejemplo más completo.,suficiente,2026-04-10T15:00:00,RV-VAC-0032-1,CV-VAC-0032-1,synthetic,SYN-009171
ASM-00914,SES-00422,APP-00231,CRI-0155,EV-S2-02,1,5,[SINTÉTICO] Nivel 1: la evidencia registrada corresponde al descriptor; para el nivel 2 faltaría un ejemplo más completo.,suficiente,2026-03-27T15:28:00,RV-VAC-0032-1,CV-VAC-0032-1,synthetic,SYN-009174
ASM-00915,SES-00422,APP-00231,CRI-0156,EV-S2-02,1,5,[SINTÉTICO] Nivel 1: la evidencia registrada corresponde al descriptor; para el nivel 2 faltaría un ejemplo más completo.,insuficiente,2026-03-27T15:28:00,RV-VAC-0032-1,CV-VAC-0032-1,synthetic,SYN-009177
ASM-00916,SES-00422,APP-00231,CRI-0157,EV-S2-02,1,5,[SINTÉTICO] Nivel 1: la evidencia registrada corresponde al descriptor; para el nivel 2 faltaría un ejemplo más completo.,suficiente,2026-03-27T15:28:00,RV-VAC-0032-1,CV-VAC-0032-1,synthetic,SYN-009178
ASM-00917,SES-00423,APP-00231,CRI-0155,EV-S2-01,2,10,[SINTÉTICO] Nivel 2: la evidencia registrada corresponde al descriptor; para el nivel 3 faltaría un ejemplo más completo.,parcial,2026-03-24T15:28:00,RV-VAC-0032-1,CV-VAC-0032-1,synthetic,SYN-009183
ASM-00918,SES-00423,APP-00231,CRI-0156,EV-S2-01,2,10,[SINTÉTICO] Nivel 2: la evidencia registrada corresponde al descriptor; para el nivel 3 faltaría un ejemplo más completo.,suficiente,2026-03-24T15:28:00,RV-VAC-0032-1,CV-VAC-0032-1,synthetic,SYN-009185
ASM-00919,SES-00423,APP-00231,CRI-0157,EV-S2-01,2,10,[SINTÉTICO] Nivel 2: la evidencia registrada corresponde al descriptor; para el nivel 3 faltaría un ejemplo más completo.,insuficiente,2026-03-24T15:28:00,RV-VAC-0032-1,CV-VAC-0032-1,synthetic,SYN-009187
ASM-00920,SES-00424,APP-00231,CRI-0158,EV-S2-01,2,10,[SINTÉTICO] Nivel 2: la evidencia registrada corresponde al descriptor; para el nivel 3 faltaría un ejemplo más completo.,suficiente,2026-04-12T19:00:00,RV-VAC-0032-1,CV-VAC-0032-1,synthetic,SYN-009189
ASM-00921,SES-00424,APP-00231,CRI-0159,EV-S2-01,1,5,[SINTÉTICO] Nivel 1: la evidencia registrada corresponde al descriptor; para el nivel 2 faltaría un ejemplo más completo.,insuficiente,2026-04-12T19:00:00,RV-VAC-0032-1,CV-VAC-0032-1,synthetic,SYN-009191
ASM-00922,SES-00424,APP-00231,CRI-0160,EV-S2-01,1,5,[SINTÉTICO] Nivel 1: la evidencia registrada corresponde al descriptor; para el nivel 2 faltaría un ejemplo más completo.,insuficiente,2026-04-12T19:00:00,RV-VAC-0032-1,CV-VAC-0032-1,synthetic,SYN-009192
ASM-00923,SES-00425,APP-00232,CRI-0155,EV-S2-01,4,20,[SINTÉTICO] Nivel 4: la evidencia registrada corresponde al descriptor; para el nivel 4 faltaría un ejemplo más completo.,insuficiente,2026-04-02T02:40:00,RV-VAC-0032-1,CV-VAC-0032-1,synthetic,SYN-009194
ASM-00924,SES-00425,APP-00232,CRI-0156,EV-S2-01,4,20,[SINTÉTICO] Nivel 4: la evidencia registrada corresponde al descriptor; para el nivel 4 faltaría un ejemplo más completo.,parcial,2026-04-02T02:40:00,RV-VAC-0032-1,CV-VAC-0032-1,synthetic,SYN-009195
ASM-00925,SES-00425,APP-00232,CRI-0157,EV-S2-01,4,20,[SINTÉTICO] Nivel 4: la evidencia registrada corresponde al descriptor; para el nivel 4 faltaría un ejemplo más completo.,parcial,2026-04-02T02:40:00,RV-VAC-0032-1,CV-VAC-0032-1,synthetic,SYN-009198
ASM-00926,SES-00426,APP-00232,CRI-0158,EV-S2-03,3,15,[SINTÉTICO] Nivel 3: la evidencia registrada corresponde al descriptor; para el nivel 4 faltaría un ejemplo más completo.,suficiente,2026-04-06T14:00:00,RV-VAC-0032-1,CV-VAC-0032-1,synthetic,SYN-009201
ASM-00927,SES-00426,APP-00232,CRI-0159,EV-S2-03,4,20,[SINTÉTICO] Nivel 4: la evidencia registrada corresponde al descriptor; para el nivel 4 faltaría un ejemplo más completo.,suficiente,2026-04-06T14:00:00,RV-VAC-0032-1,CV-VAC-0032-1,synthetic,SYN-009205
ASM-00928,SES-00426,APP-00232,CRI-0160,EV-S2-03,4,20,[SINTÉTICO] Nivel 4: la evidencia registrada corresponde al descriptor; para el nivel 4 faltaría un ejemplo más completo.,insuficiente,2026-04-06T14:00:00,RV-VAC-0032-1,CV-VAC-0032-1,synthetic,SYN-009209
ASM-00929,SES-00427,APP-00234,CRI-0161,EV-S3-01,2,10,[SINTÉTICO] Nivel 2: la evidencia registrada corresponde al descriptor; para el nivel 3 faltaría un ejemplo más completo.,insuficiente,2026-07-13T07:57:00,RV-VAC-0033-1,CV-VAC-0033-1,synthetic,SYN-009211
ASM-00930,SES-00427,APP-00234,CRI-0162,EV-S3-01,2,10,[SINTÉTICO] Nivel 2: la evidencia registrada corresponde al descriptor; para el nivel 3 faltaría un ejemplo más completo.,insuficiente,2026-07-13T07:57:00,RV-VAC-0033-1,CV-VAC-0033-1,synthetic,SYN-009212
ASM-00931,SES-00428,APP-00234,CRI-0163,EV-S3-01,2,10,[SINTÉTICO] Nivel 2: la evidencia registrada corresponde al descriptor; para el nivel 3 faltaría un ejemplo más completo.,parcial,2026-07-13T22:00:00,RV-VAC-0033-1,CV-VAC-0033-1,synthetic,SYN-009214
ASM-00932,SES-00428,APP-00234,CRI-0164,EV-S3-01,3,15,[SINTÉTICO] Nivel 3: la evidencia registrada corresponde al descriptor; para el nivel 4 faltaría un ejemplo más completo.,suficiente,2026-07-13T22:00:00,RV-VAC-0033-1,CV-VAC-0033-1,synthetic,SYN-009218
ASM-00933,SES-00429,APP-00235,CRI-0161,EV-S3-01,3,15,[SINTÉTICO] Nivel 3: la evidencia registrada corresponde al descriptor; para el nivel 4 faltaría un ejemplo más completo.,suficiente,2026-07-05T20:28:00,RV-VAC-0033-1,CV-VAC-0033-1,synthetic,SYN-009221
ASM-00934,SES-00429,APP-00235,CRI-0162,EV-S3-01,4,20,[SINTÉTICO] Nivel 4: la evidencia registrada corresponde al descriptor; para el nivel 4 faltaría un ejemplo más completo.,parcial,2026-07-05T20:28:00,RV-VAC-0033-1,CV-VAC-0033-1,synthetic,SYN-009225
ASM-00935,SES-00430,APP-00235,CRI-0163,EV-S3-03,2,10,[SINTÉTICO] Nivel 2: la evidencia registrada corresponde al descriptor; para el nivel 3 faltaría un ejemplo más completo.,parcial,2026-07-17T14:00:00,RV-VAC-0033-1,CV-VAC-0033-1,synthetic,SYN-009230
ASM-00936,SES-00430,APP-00235,CRI-0164,EV-S3-03,3,15,[SINTÉTICO] Nivel 3: la evidencia registrada corresponde al descriptor; para el nivel 4 faltaría un ejemplo más completo.,suficiente,2026-07-17T14:00:00,RV-VAC-0033-1,CV-VAC-0033-1,synthetic,SYN-009232
ASM-00937,SES-00431,APP-00236,CRI-0161,EV-S3-01,2,10,[SINTÉTICO] Nivel 2: la evidencia registrada corresponde al descriptor; para el nivel 3 faltaría un ejemplo más completo.,suficiente,2026-07-11T19:00:00,RV-VAC-0033-1,CV-VAC-0033-1,synthetic,SYN-009236
ASM-00938,SES-00431,APP-00236,CRI-0162,EV-S3-01,2,10,[SINTÉTICO] Nivel 2: la evidencia registrada corresponde al descriptor; para el nivel 3 faltaría un ejemplo más completo.,suficiente,2026-07-11T19:00:00,RV-VAC-0033-1,CV-VAC-0033-1,synthetic,SYN-009240
ASM-00939,SES-00433,APP-00237,CRI-0161,EV-S3-04,3,15,[SINTÉTICO] Nivel 3: la evidencia registrada corresponde al descriptor; para el nivel 4 faltaría un ejemplo más completo.,suficiente,2026-07-04T18:00:00,RV-VAC-0033-1,CV-VAC-0033-1,synthetic,SYN-009247
ASM-00940,SES-00433,APP-00237,CRI-0162,EV-S3-04,3,15,[SINTÉTICO] Nivel 3: la evidencia registrada corresponde al descriptor; para el nivel 4 faltaría un ejemplo más completo.,parcial,2026-07-04T18:00:00,RV-VAC-0033-1,CV-VAC-0033-1,synthetic,SYN-009251
ASM-00941,SES-00434,APP-00237,CRI-0163,EV-S3-02,4,20,[SINTÉTICO] Nivel 4: la evidencia registrada corresponde al descriptor; para el nivel 4 faltaría un ejemplo más completo.,suficiente,2026-07-14T14:00:00,RV-VAC-0033-1,CV-VAC-0033-1,synthetic,SYN-009255
ASM-00942,SES-00434,APP-00237,CRI-0164,EV-S3-02,3,15,[SINTÉTICO] Nivel 3: la evidencia registrada corresponde al descriptor; para el nivel 4 faltaría un ejemplo más completo.,suficiente,2026-07-14T14:00:00,RV-VAC-0033-1,CV-VAC-0033-1,synthetic,SYN-009260
ASM-00943,SES-00435,APP-00238,CRI-0161,EV-S3-04,2,10,[SINTÉTICO] Nivel 2: la evidencia registrada corresponde al descriptor; para el nivel 3 faltaría un ejemplo más completo.,insuficiente,2026-07-10T18:08:00,RV-VAC-0033-1,CV-VAC-0033-1,synthetic,SYN-009264
ASM-00944,SES-00435,APP-00238,CRI-0162,EV-S3-04,2,10,[SINTÉTICO] Nivel 2: la evidencia registrada corresponde al descriptor; para el nivel 3 faltaría un ejemplo más completo.,parcial,2026-07-10T18:08:00,RV-VAC-0033-1,CV-VAC-0033-1,synthetic,SYN-009265
ASM-00945,SES-00436,APP-00238,CRI-0161,EV-S3-02,2,10,[SINTÉTICO] Nivel 2: la evidencia registrada corresponde al descriptor; para el nivel 3 faltaría un ejemplo más completo.,parcial,2026-07-12T21:08:00,RV-VAC-0033-1,CV-VAC-0033-1,synthetic,SYN-009268
ASM-00946,SES-00436,APP-00238,CRI-0162,EV-S3-02,2,10,[SINTÉTICO] Nivel 2: la evidencia registrada corresponde al descriptor; para el nivel 3 faltaría un ejemplo más completo.,suficiente,2026-07-12T21:08:00,RV-VAC-0033-1,CV-VAC-0033-1,synthetic,SYN-009270
ASM-00947,SES-00437,APP-00238,CRI-0163,EV-S3-04,2,10,[SINTÉTICO] Nivel 2: la evidencia registrada corresponde al descriptor; para el nivel 3 faltaría un ejemplo más completo.,insuficiente,2026-07-15T19:00:00,RV-VAC-0033-1,CV-VAC-0033-1,synthetic,SYN-009274
ASM-00948,SES-00437,APP-00238,CRI-0164,EV-S3-04,2,10,[SINTÉTICO] Nivel 2: la evidencia registrada corresponde al descriptor; para el nivel 3 faltaría un ejemplo más completo.,parcial,2026-07-15T19:00:00,RV-VAC-0033-1,CV-VAC-0033-1,synthetic,SYN-009275
ASM-00949,SES-00438,APP-00239,CRI-0161,EV-S3-03,4,20,[SINTÉTICO] Nivel 4: la evidencia registrada corresponde al descriptor; para el nivel 4 faltaría un ejemplo más completo.,suficiente,2026-07-06T18:02:00,RV-VAC-0033-1,CV-VAC-0033-1,synthetic,SYN-009278
ASM-00950,SES-00438,APP-00239,CRI-0162,EV-S3-03,4,20,[SINTÉTICO] Nivel 4: la evidencia registrada corresponde al descriptor; para el nivel 4 faltaría un ejemplo más completo.,parcial,2026-07-06T18:02:00,RV-VAC-0033-1,CV-VAC-0033-1,synthetic,SYN-009282
ASM-00951,SES-00439,APP-00239,CRI-0163,EV-S3-01,4,20,[SINTÉTICO] Nivel 4: la evidencia registrada corresponde al descriptor; para el nivel 4 faltaría un ejemplo más completo.,suficiente,2026-07-11T13:00:00,RV-VAC-0033-1,CV-VAC-0033-1,synthetic,SYN-009286
ASM-00952,SES-00439,APP-00239,CRI-0164,EV-S3-01,4,20,[SINTÉTICO] Nivel 4: la evidencia registrada corresponde al descriptor; para el nivel 4 faltaría un ejemplo más completo.,suficiente,2026-07-11T13:00:00,RV-VAC-0033-1,CV-VAC-0033-1,synthetic,SYN-009289
ASM-00953,SES-00441,APP-00240,CRI-0163,EV-S3-03,4,20,[SINTÉTICO] Nivel 4: la evidencia registrada corresponde al descriptor; para el nivel 4 faltaría un ejemplo más completo.,suficiente,2026-07-17T21:00:00,RV-VAC-0033-1,CV-VAC-0033-1,synthetic,SYN-009294
ASM-00954,SES-00441,APP-00240,CRI-0164,EV-S3-03,3,15,[SINTÉTICO] Nivel 3: la evidencia registrada corresponde al descriptor; para el nivel 4 faltaría un ejemplo más completo.,parcial,2026-07-17T21:00:00,RV-VAC-0033-1,CV-VAC-0033-1,synthetic,SYN-009297
ASM-00955,SES-00442,APP-00241,CRI-0161,EV-S3-04,3,15,[SINTÉTICO] Nivel 3: la evidencia registrada corresponde al descriptor; para el nivel 4 faltaría un ejemplo más completo.,suficiente,2026-06-30T12:44:00,RV-VAC-0033-1,CV-VAC-0033-1,synthetic,SYN-009300
ASM-00956,SES-00442,APP-00241,CRI-0162,EV-S3-04,3,15,[SINTÉTICO] Nivel 3: la evidencia registrada corresponde al descriptor; para el nivel 4 faltaría un ejemplo más completo.,suficiente,2026-06-30T12:44:00,RV-VAC-0033-1,CV-VAC-0033-1,synthetic,SYN-009302
ASM-00957,SES-00443,APP-00241,CRI-0163,EV-S3-04,3,15,[SINTÉTICO] Nivel 3: la evidencia registrada corresponde al descriptor; para el nivel 4 faltaría un ejemplo más completo.,suficiente,2026-07-12T19:00:00,RV-VAC-0033-1,CV-VAC-0033-1,synthetic,SYN-009305
ASM-00958,SES-00443,APP-00241,CRI-0164,EV-S3-04,3,15,[SINTÉTICO] Nivel 3: la evidencia registrada corresponde al descriptor; para el nivel 4 faltaría un ejemplo más completo.,suficiente,2026-07-12T19:00:00,RV-VAC-0033-1,CV-VAC-0033-1,synthetic,SYN-009308
ASM-00959,SES-00444,APP-00243,CRI-0161,EV-S3-04,2,10,[SINTÉTICO] Nivel 2: la evidencia registrada corresponde al descriptor; para el nivel 3 faltaría un ejemplo más completo.,suficiente,2026-07-03T00:12:00,RV-VAC-0033-1,CV-VAC-0033-1,synthetic,SYN-009312
ASM-00960,SES-00444,APP-00243,CRI-0162,EV-S3-04,3,15,[SINTÉTICO] Nivel 3: la evidencia registrada corresponde al descriptor; para el nivel 4 faltaría un ejemplo más completo.,parcial,2026-07-03T00:12:00,RV-VAC-0033-1,CV-VAC-0033-1,synthetic,SYN-009314
ASM-00961,SES-00445,APP-00243,CRI-0163,EV-S3-03,3,15,[SINTÉTICO] Nivel 3: la evidencia registrada corresponde al descriptor; para el nivel 4 faltaría un ejemplo más completo.,suficiente,2026-07-14T16:00:00,RV-VAC-0033-1,CV-VAC-0033-1,synthetic,SYN-009317
ASM-00962,SES-00445,APP-00243,CRI-0164,EV-S3-03,3,15,[SINTÉTICO] Nivel 3: la evidencia registrada corresponde al descriptor; para el nivel 4 faltaría un ejemplo más completo.,parcial,2026-07-14T16:00:00,RV-VAC-0033-1,CV-VAC-0033-1,synthetic,SYN-009320
ASM-00963,SES-00446,APP-00244,CRI-0165,EV-S1-01,4,20,[SINTÉTICO] Nivel 4: la evidencia registrada corresponde al descriptor; para el nivel 4 faltaría un ejemplo más completo.,insuficiente,2026-06-26T16:23:00,RV-VAC-0034-1,CV-VAC-0034-1,synthetic,SYN-009323
ASM-00964,SES-00446,APP-00244,CRI-0166,EV-S1-01,4,20,[SINTÉTICO] Nivel 4: la evidencia registrada corresponde al descriptor; para el nivel 4 faltaría un ejemplo más completo.,parcial,2026-06-26T16:23:00,RV-VAC-0034-1,CV-VAC-0034-1,synthetic,SYN-009325
ASM-00965,SES-00446,APP-00244,CRI-0167,EV-S1-01,4,20,[SINTÉTICO] Nivel 4: la evidencia registrada corresponde al descriptor; para el nivel 4 faltaría un ejemplo más completo.,parcial,2026-06-26T16:23:00,RV-VAC-0034-1,CV-VAC-0034-1,synthetic,SYN-009329
ASM-00966,SES-00447,APP-00244,CRI-0168,EV-S1-03,4,20,[SINTÉTICO] Nivel 4: la evidencia registrada corresponde al descriptor; para el nivel 4 faltaría un ejemplo más completo.,parcial,2026-07-02T14:00:00,RV-VAC-0034-1,CV-VAC-0034-1,synthetic,SYN-009333
ASM-00967,SES-00447,APP-00244,CRI-0169,EV-S1-03,4,20,[SINTÉTICO] Nivel 4: la evidencia registrada corresponde al descriptor; para el nivel 4 faltaría un ejemplo más completo.,parcial,2026-07-02T14:00:00,RV-VAC-0034-1,CV-VAC-0034-1,synthetic,SYN-009336
ASM-00968,SES-00448,APP-00245,CRI-0165,EV-S1-02,4,20,[SINTÉTICO] Nivel 4: la evidencia registrada corresponde al descriptor; para el nivel 4 faltaría un ejemplo más completo.,parcial,2026-06-27T04:43:00,RV-VAC-0034-1,CV-VAC-0034-1,synthetic,SYN-009339
ASM-00969,SES-00448,APP-00245,CRI-0166,EV-S1-02,4,20,[SINTÉTICO] Nivel 4: la evidencia registrada corresponde al descriptor; para el nivel 4 faltaría un ejemplo más completo.,parcial,2026-06-27T04:43:00,RV-VAC-0034-1,CV-VAC-0034-1,synthetic,SYN-009342
ASM-00970,SES-00448,APP-00245,CRI-0167,EV-S1-02,4,20,[SINTÉTICO] Nivel 4: la evidencia registrada corresponde al descriptor; para el nivel 4 faltaría un ejemplo más completo.,suficiente,2026-06-27T04:43:00,RV-VAC-0034-1,CV-VAC-0034-1,synthetic,SYN-009346
ASM-00971,SES-00449,APP-00245,CRI-0168,EV-S1-03,4,20,[SINTÉTICO] Nivel 4: la evidencia registrada corresponde al descriptor; para el nivel 4 faltaría un ejemplo más completo.,insuficiente,2026-07-02T15:00:00,RV-VAC-0034-1,CV-VAC-0034-1,synthetic,SYN-009350
ASM-00972,SES-00449,APP-00245,CRI-0169,EV-S1-03,4,20,[SINTÉTICO] Nivel 4: la evidencia registrada corresponde al descriptor; para el nivel 4 faltaría un ejemplo más completo.,parcial,2026-07-02T15:00:00,RV-VAC-0034-1,CV-VAC-0034-1,synthetic,SYN-009351
ASM-00973,SES-00450,APP-00246,CRI-0165,EV-S1-04,1,5,[SINTÉTICO] Nivel 1: la evidencia registrada corresponde al descriptor; para el nivel 2 faltaría un ejemplo más completo.,parcial,2026-07-01T04:00:00,RV-VAC-0034-1,CV-VAC-0034-1,synthetic,SYN-009354
ASM-00974,SES-00450,APP-00246,CRI-0166,EV-S1-04,1,5,[SINTÉTICO] Nivel 1: la evidencia registrada corresponde al descriptor; para el nivel 2 faltaría un ejemplo más completo.,parcial,2026-07-01T04:00:00,RV-VAC-0034-1,CV-VAC-0034-1,synthetic,SYN-009356
ASM-00975,SES-00450,APP-00246,CRI-0167,EV-S1-04,1,5,[SINTÉTICO] Nivel 1: la evidencia registrada corresponde al descriptor; para el nivel 2 faltaría un ejemplo más completo.,suficiente,2026-07-01T04:00:00,RV-VAC-0034-1,CV-VAC-0034-1,synthetic,SYN-009358
ASM-00976,SES-00451,APP-00246,CRI-0168,EV-S1-01,1,5,[SINTÉTICO] Nivel 1: la evidencia registrada corresponde al descriptor; para el nivel 2 faltaría un ejemplo más completo.,suficiente,2026-07-02T18:00:00,RV-VAC-0034-1,CV-VAC-0034-1,synthetic,SYN-009361
ASM-00977,SES-00451,APP-00246,CRI-0169,EV-S1-01,1,5,[SINTÉTICO] Nivel 1: la evidencia registrada corresponde al descriptor; para el nivel 2 faltaría un ejemplo más completo.,parcial,2026-07-02T18:00:00,RV-VAC-0034-1,CV-VAC-0034-1,synthetic,SYN-009364
ASM-00978,SES-00453,APP-00247,CRI-0168,EV-S1-04,3,15,[SINTÉTICO] Nivel 3: la evidencia registrada corresponde al descriptor; para el nivel 4 faltaría un ejemplo más completo.,suficiente,2026-06-26T19:00:00,RV-VAC-0034-1,CV-VAC-0034-1,synthetic,SYN-009371
ASM-00979,SES-00453,APP-00247,CRI-0169,EV-S1-04,3,15,[SINTÉTICO] Nivel 3: la evidencia registrada corresponde al descriptor; para el nivel 4 faltaría un ejemplo más completo.,parcial,2026-06-26T19:00:00,RV-VAC-0034-1,CV-VAC-0034-1,synthetic,SYN-009374
ASM-00980,SES-00454,APP-00248,CRI-0165,EV-S1-01,3,15,[SINTÉTICO] Nivel 3: la evidencia registrada corresponde al descriptor; para el nivel 4 faltaría un ejemplo más completo.,parcial,2026-06-25T23:01:00,RV-VAC-0034-1,CV-VAC-0034-1,synthetic,SYN-009378
ASM-00981,SES-00454,APP-00248,CRI-0166,EV-S1-01,4,20,[SINTÉTICO] Nivel 4: la evidencia registrada corresponde al descriptor; para el nivel 4 faltaría un ejemplo más completo.,suficiente,2026-06-25T23:01:00,RV-VAC-0034-1,CV-VAC-0034-1,synthetic,SYN-009382
ASM-00982,SES-00454,APP-00248,CRI-0167,EV-S1-01,3,15,[SINTÉTICO] Nivel 3: la evidencia registrada corresponde al descriptor; para el nivel 4 faltaría un ejemplo más completo.,suficiente,2026-06-25T23:01:00,RV-VAC-0034-1,CV-VAC-0034-1,synthetic,SYN-009384
ASM-00983,SES-00455,APP-00248,CRI-0165,EV-S1-02,3,15,[SINTÉTICO] Nivel 3: la evidencia registrada corresponde al descriptor; para el nivel 4 faltaría un ejemplo más completo.,suficiente,2026-06-26T19:01:00,RV-VAC-0034-1,CV-VAC-0034-1,synthetic,SYN-009388
ASM-00984,SES-00455,APP-00248,CRI-0166,EV-S1-02,4,20,[SINTÉTICO] Nivel 4: la evidencia registrada corresponde al descriptor; para el nivel 4 faltaría un ejemplo más completo.,parcial,2026-06-26T19:01:00,RV-VAC-0034-1,CV-VAC-0034-1,synthetic,SYN-009391
ASM-00985,SES-00455,APP-00248,CRI-0167,EV-S1-02,3,15,[SINTÉTICO] Nivel 3: la evidencia registrada corresponde al descriptor; para el nivel 4 faltaría un ejemplo más completo.,suficiente,2026-06-26T19:01:00,RV-VAC-0034-1,CV-VAC-0034-1,synthetic,SYN-009393
ASM-00986,SES-00456,APP-00248,CRI-0168,EV-S1-03,3,15,[SINTÉTICO] Nivel 3: la evidencia registrada corresponde al descriptor; para el nivel 4 faltaría un ejemplo más completo.,insuficiente,2026-06-29T20:00:00,RV-VAC-0034-1,CV-VAC-0034-1,synthetic,SYN-009396
ASM-00987,SES-00456,APP-00248,CRI-0169,EV-S1-03,3,15,[SINTÉTICO] Nivel 3: la evidencia registrada corresponde al descriptor; para el nivel 4 faltaría un ejemplo más completo.,suficiente,2026-06-29T20:00:00,RV-VAC-0034-1,CV-VAC-0034-1,synthetic,SYN-009397
ASM-00988,SES-00457,APP-00249,CRI-0165,EV-S1-01,4,20,[SINTÉTICO] Nivel 4: la evidencia registrada corresponde al descriptor; para el nivel 4 faltaría un ejemplo más completo.,parcial,2026-06-22T07:20:00,RV-VAC-0034-1,CV-VAC-0034-1,synthetic,SYN-009401
ASM-00989,SES-00457,APP-00249,CRI-0166,EV-S1-01,4,20,[SINTÉTICO] Nivel 4: la evidencia registrada corresponde al descriptor; para el nivel 4 faltaría un ejemplo más completo.,suficiente,2026-06-22T07:20:00,RV-VAC-0034-1,CV-VAC-0034-1,synthetic,SYN-009404
ASM-00990,SES-00457,APP-00249,CRI-0167,EV-S1-01,4,20,[SINTÉTICO] Nivel 4: la evidencia registrada corresponde al descriptor; para el nivel 4 faltaría un ejemplo más completo.,suficiente,2026-06-22T07:20:00,RV-VAC-0034-1,CV-VAC-0034-1,synthetic,SYN-009406
ASM-00991,SES-00458,APP-00249,CRI-0168,EV-S1-04,4,20,[SINTÉTICO] Nivel 4: la evidencia registrada corresponde al descriptor; para el nivel 4 faltaría un ejemplo más completo.,suficiente,2026-07-02T00:00:00,RV-VAC-0034-1,CV-VAC-0034-1,synthetic,SYN-009410
ASM-00992,SES-00458,APP-00249,CRI-0169,EV-S1-04,4,20,[SINTÉTICO] Nivel 4: la evidencia registrada corresponde al descriptor; para el nivel 4 faltaría un ejemplo más completo.,parcial,2026-07-02T00:00:00,RV-VAC-0034-1,CV-VAC-0034-1,synthetic,SYN-009412
ASM-00993,SES-00459,APP-00250,CRI-0165,EV-S1-02,4,20,[SINTÉTICO] Nivel 4: la evidencia registrada corresponde al descriptor; para el nivel 4 faltaría un ejemplo más completo.,parcial,2026-06-24T18:30:00,RV-VAC-0034-1,CV-VAC-0034-1,synthetic,SYN-009415
ASM-00994,SES-00459,APP-00250,CRI-0166,EV-S1-02,4,20,[SINTÉTICO] Nivel 4: la evidencia registrada corresponde al descriptor; para el nivel 4 faltaría un ejemplo más completo.,suficiente,2026-06-24T18:30:00,RV-VAC-0034-1,CV-VAC-0034-1,synthetic,SYN-009418
ASM-00995,SES-00459,APP-00250,CRI-0167,EV-S1-02,4,20,[SINTÉTICO] Nivel 4: la evidencia registrada corresponde al descriptor; para el nivel 4 faltaría un ejemplo más completo.,suficiente,2026-06-24T18:30:00,RV-VAC-0034-1,CV-VAC-0034-1,synthetic,SYN-009420
ASM-00996,SES-00460,APP-00250,CRI-0168,EV-S1-01,4,20,[SINTÉTICO] Nivel 4: la evidencia registrada corresponde al descriptor; para el nivel 4 faltaría un ejemplo más completo.,suficiente,2026-07-06T23:00:00,RV-VAC-0034-1,CV-VAC-0034-1,synthetic,SYN-009425
ASM-00997,SES-00460,APP-00250,CRI-0169,EV-S1-01,4,20,[SINTÉTICO] Nivel 4: la evidencia registrada corresponde al descriptor; para el nivel 4 faltaría un ejemplo más completo.,suficiente,2026-07-06T23:00:00,RV-VAC-0034-1,CV-VAC-0034-1,synthetic,SYN-009428
ASM-00998,SES-00461,APP-00251,CRI-0170,EV-S2-03,1,5,[SINTÉTICO] Nivel 1: la evidencia registrada corresponde al descriptor; para el nivel 2 faltaría un ejemplo más completo.,suficiente,2026-06-30T08:06:00,RV-VAC-0035-1,CV-VAC-0035-1,synthetic,SYN-009431
ASM-00999,SES-00461,APP-00251,CRI-0171,EV-S2-03,1,5,[SINTÉTICO] Nivel 1: la evidencia registrada corresponde al descriptor; para el nivel 2 faltaría un ejemplo más completo.,parcial,2026-06-30T08:06:00,RV-VAC-0035-1,CV-VAC-0035-1,synthetic,SYN-009433
ASM-01000,SES-00461,APP-00251,CRI-0172,EV-S2-03,1,5,[SINTÉTICO] Nivel 1: la evidencia registrada corresponde al descriptor; para el nivel 2 faltaría un ejemplo más completo.,parcial,2026-06-30T08:06:00,RV-VAC-0035-1,CV-VAC-0035-1,synthetic,SYN-009435
ASM-01001,SES-00462,APP-00251,CRI-0170,EV-S2-01,1,5,[SINTÉTICO] Nivel 1: la evidencia registrada corresponde al descriptor; para el nivel 2 faltaría un ejemplo más completo.,suficiente,2026-06-30T04:06:00,RV-VAC-0035-1,CV-VAC-0035-1,synthetic,SYN-009438
ASM-01002,SES-00462,APP-00251,CRI-0171,EV-S2-01,2,10,[SINTÉTICO] Nivel 2: la evidencia registrada corresponde al descriptor; para el nivel 3 faltaría un ejemplo más completo.,suficiente,2026-06-30T04:06:00,RV-VAC-0035-1,CV-VAC-0035-1,synthetic,SYN-009441
ASM-01003,SES-00462,APP-00251,CRI-0172,EV-S2-01,1,5,[SINTÉTICO] Nivel 1: la evidencia registrada corresponde al descriptor; para el nivel 2 faltaría un ejemplo más completo.,parcial,2026-06-30T04:06:00,RV-VAC-0035-1,CV-VAC-0035-1,synthetic,SYN-009444
ASM-01004,SES-00463,APP-00251,CRI-0173,EV-S2-01,1,5,[SINTÉTICO] Nivel 1: la evidencia registrada corresponde al descriptor; para el nivel 2 faltaría un ejemplo más completo.,insuficiente,2026-06-27T14:00:00,RV-VAC-0035-1,CV-VAC-0035-1,synthetic,SYN-009447
ASM-01005,SES-00463,APP-00251,CRI-0174,EV-S2-01,1,5,[SINTÉTICO] Nivel 1: la evidencia registrada corresponde al descriptor; para el nivel 2 faltaría un ejemplo más completo.,suficiente,2026-06-27T14:00:00,RV-VAC-0035-1,CV-VAC-0035-1,synthetic,SYN-009449
ASM-01006,SES-00464,APP-00252,CRI-0170,EV-S2-01,2,10,[SINTÉTICO] Nivel 2: la evidencia registrada corresponde al descriptor; para el nivel 3 faltaría un ejemplo más completo.,parcial,2026-06-24T14:51:00,RV-VAC-0035-1,CV-VAC-0035-1,synthetic,SYN-009454
ASM-01007,SES-00464,APP-00252,CRI-0171,EV-S2-01,2,10,[SINTÉTICO] Nivel 2: la evidencia registrada corresponde al descriptor; para el nivel 3 faltaría un ejemplo más completo.,suficiente,2026-06-24T14:51:00,RV-VAC-0035-1,CV-VAC-0035-1,synthetic,SYN-009456
ASM-01008,SES-00464,APP-00252,CRI-0172,EV-S2-01,2,10,[SINTÉTICO] Nivel 2: la evidencia registrada corresponde al descriptor; para el nivel 3 faltaría un ejemplo más completo.,parcial,2026-06-24T14:51:00,RV-VAC-0035-1,CV-VAC-0035-1,synthetic,SYN-009458
ASM-01009,SES-00466,APP-00253,CRI-0173,EV-S2-01,2,10,[SINTÉTICO] Nivel 2: la evidencia registrada corresponde al descriptor; para el nivel 3 faltaría un ejemplo más completo.,suficiente,2026-06-30T16:00:00,RV-VAC-0035-1,CV-VAC-0035-1,synthetic,SYN-009464
ASM-01010,SES-00466,APP-00253,CRI-0174,EV-S2-01,2,10,[SINTÉTICO] Nivel 2: la evidencia registrada corresponde al descriptor; para el nivel 3 faltaría un ejemplo más completo.,parcial,2026-06-30T16:00:00,RV-VAC-0035-1,CV-VAC-0035-1,synthetic,SYN-009468
ASM-01011,SES-00467,APP-00255,CRI-0170,EV-S2-01,3,15,[SINTÉTICO] Nivel 3: la evidencia registrada corresponde al descriptor; para el nivel 4 faltaría un ejemplo más completo.,insuficiente,2026-06-13T23:46:00,RV-VAC-0035-1,CV-VAC-0035-1,synthetic,SYN-009471
ASM-01012,SES-00467,APP-00255,CRI-0171,EV-S2-01,3,15,[SINTÉTICO] Nivel 3: la evidencia registrada corresponde al descriptor; para el nivel 4 faltaría un ejemplo más completo.,suficiente,2026-06-13T23:46:00,RV-VAC-0035-1,CV-VAC-0035-1,synthetic,SYN-009472
ASM-01013,SES-00467,APP-00255,CRI-0172,EV-S2-01,3,15,[SINTÉTICO] Nivel 3: la evidencia registrada corresponde al descriptor; para el nivel 4 faltaría un ejemplo más completo.,parcial,2026-06-13T23:46:00,RV-VAC-0035-1,CV-VAC-0035-1,synthetic,SYN-009476
ASM-01014,SES-00468,APP-00255,CRI-0173,EV-S2-01,2,10,[SINTÉTICO] Nivel 2: la evidencia registrada corresponde al descriptor; para el nivel 3 faltaría un ejemplo más completo.,suficiente,2026-07-04T00:00:00,RV-VAC-0035-1,CV-VAC-0035-1,synthetic,SYN-009479
ASM-01015,SES-00468,APP-00255,CRI-0174,EV-S2-01,4,20,[SINTÉTICO] Nivel 4: la evidencia registrada corresponde al descriptor; para el nivel 4 faltaría un ejemplo más completo.,suficiente,2026-07-04T00:00:00,RV-VAC-0035-1,CV-VAC-0035-1,synthetic,SYN-009482
ASM-01016,SES-00469,APP-00256,CRI-0170,EV-S2-03,4,20,[SINTÉTICO] Nivel 4: la evidencia registrada corresponde al descriptor; para el nivel 4 faltaría un ejemplo más completo.,parcial,2026-06-17T06:45:00,RV-VAC-0035-1,CV-VAC-0035-1,synthetic,SYN-009485
ASM-01017,SES-00469,APP-00256,CRI-0171,EV-S2-03,2,10,[SINTÉTICO] Nivel 2: la evidencia registrada corresponde al descriptor; para el nivel 3 faltaría un ejemplo más completo.,parcial,2026-06-17T06:45:00,RV-VAC-0035-1,CV-VAC-0035-1,synthetic,SYN-009488
ASM-01018,SES-00469,APP-00256,CRI-0172,EV-S2-03,3,15,[SINTÉTICO] Nivel 3: la evidencia registrada corresponde al descriptor; para el nivel 4 faltaría un ejemplo más completo.,suficiente,2026-06-17T06:45:00,RV-VAC-0035-1,CV-VAC-0035-1,synthetic,SYN-009493
ASM-01019,SES-00470,APP-00256,CRI-0173,EV-S2-04,4,20,[SINTÉTICO] Nivel 4: la evidencia registrada corresponde al descriptor; para el nivel 4 faltaría un ejemplo más completo.,suficiente,2026-07-08T12:00:00,RV-VAC-0035-1,CV-VAC-0035-1,synthetic,SYN-009498
ASM-01020,SES-00470,APP-00256,CRI-0174,EV-S2-04,3,15,[SINTÉTICO] Nivel 3: la evidencia registrada corresponde al descriptor; para el nivel 4 faltaría un ejemplo más completo.,parcial,2026-07-08T12:00:00,RV-VAC-0035-1,CV-VAC-0035-1,synthetic,SYN-009501
ASM-01021,SES-00471,APP-00257,CRI-0170,EV-S2-01,4,20,[SINTÉTICO] Nivel 4: la evidencia registrada corresponde al descriptor; para el nivel 4 faltaría un ejemplo más completo.,suficiente,2026-06-29T05:19:00,RV-VAC-0035-1,CV-VAC-0035-1,synthetic,SYN-009504
ASM-01022,SES-00471,APP-00257,CRI-0171,EV-S2-01,3,15,[SINTÉTICO] Nivel 3: la evidencia registrada corresponde al descriptor; para el nivel 4 faltaría un ejemplo más completo.,suficiente,2026-06-29T05:19:00,RV-VAC-0035-1,CV-VAC-0035-1,synthetic,SYN-009507
ASM-01023,SES-00471,APP-00257,CRI-0172,EV-S2-01,3,15,[SINTÉTICO] Nivel 3: la evidencia registrada corresponde al descriptor; para el nivel 4 faltaría un ejemplo más completo.,suficiente,2026-06-29T05:19:00,RV-VAC-0035-1,CV-VAC-0035-1,synthetic,SYN-009509
ASM-01024,SES-00472,APP-00257,CRI-0173,EV-S2-01,2,10,[SINTÉTICO] Nivel 2: la evidencia registrada corresponde al descriptor; para el nivel 3 faltaría un ejemplo más completo.,suficiente,2026-07-02T11:00:00,RV-VAC-0035-1,CV-VAC-0035-1,synthetic,SYN-009512
ASM-01025,SES-00472,APP-00257,CRI-0174,EV-S2-01,3,15,[SINTÉTICO] Nivel 3: la evidencia registrada corresponde al descriptor; para el nivel 4 faltaría un ejemplo más completo.,suficiente,2026-07-02T11:00:00,RV-VAC-0035-1,CV-VAC-0035-1,synthetic,SYN-009515
ASM-01026,SES-00473,APP-00258,CRI-0170,EV-S2-03,4,20,[SINTÉTICO] Nivel 4: la evidencia registrada corresponde al descriptor; para el nivel 4 faltaría un ejemplo más completo.,suficiente,2026-06-19T17:18:00,RV-VAC-0035-1,CV-VAC-0035-1,synthetic,SYN-009519
ASM-01027,SES-00473,APP-00258,CRI-0171,EV-S2-03,4,20,[SINTÉTICO] Nivel 4: la evidencia registrada corresponde al descriptor; para el nivel 4 faltaría un ejemplo más completo.,suficiente,2026-06-19T17:18:00,RV-VAC-0035-1,CV-VAC-0035-1,synthetic,SYN-009522
ASM-01028,SES-00473,APP-00258,CRI-0172,EV-S2-03,4,20,[SINTÉTICO] Nivel 4: la evidencia registrada corresponde al descriptor; para el nivel 4 faltaría un ejemplo más completo.,parcial,2026-06-19T17:18:00,RV-VAC-0035-1,CV-VAC-0035-1,synthetic,SYN-009526
ASM-01029,SES-00474,APP-00258,CRI-0173,EV-S2-04,3,15,[SINTÉTICO] Nivel 3: la evidencia registrada corresponde al descriptor; para el nivel 4 faltaría un ejemplo más completo.,parcial,2026-07-01T17:00:00,RV-VAC-0035-1,CV-VAC-0035-1,synthetic,SYN-009530
ASM-01030,SES-00474,APP-00258,CRI-0174,EV-S2-04,4,20,[SINTÉTICO] Nivel 4: la evidencia registrada corresponde al descriptor; para el nivel 4 faltaría un ejemplo más completo.,suficiente,2026-07-01T17:00:00,RV-VAC-0035-1,CV-VAC-0035-1,synthetic,SYN-009533
ASM-01031,SES-00476,APP-00259,CRI-0173,EV-S2-03,3,15,[SINTÉTICO] Nivel 3: la evidencia registrada corresponde al descriptor; para el nivel 4 faltaría un ejemplo más completo.,suficiente,2026-06-29T19:00:00,RV-VAC-0035-1,CV-VAC-0035-1,synthetic,SYN-009539
ASM-01032,SES-00476,APP-00259,CRI-0174,EV-S2-03,4,20,[SINTÉTICO] Nivel 4: la evidencia registrada corresponde al descriptor; para el nivel 4 faltaría un ejemplo más completo.,suficiente,2026-06-29T19:00:00,RV-VAC-0035-1,CV-VAC-0035-1,synthetic,SYN-009541
ASM-01033,SES-00477,APP-00260,CRI-0170,EV-S2-02,1,5,[SINTÉTICO] Nivel 1: la evidencia registrada corresponde al descriptor; para el nivel 2 faltaría un ejemplo más completo.,suficiente,2026-06-28T12:22:00,RV-VAC-0035-1,CV-VAC-0035-1,synthetic,SYN-009546
ASM-01034,SES-00477,APP-00260,CRI-0171,EV-S2-02,2,10,[SINTÉTICO] Nivel 2: la evidencia registrada corresponde al descriptor; para el nivel 3 faltaría un ejemplo más completo.,parcial,2026-06-28T12:22:00,RV-VAC-0035-1,CV-VAC-0035-1,synthetic,SYN-009548
ASM-01035,SES-00477,APP-00260,CRI-0172,EV-S2-02,2,10,[SINTÉTICO] Nivel 2: la evidencia registrada corresponde al descriptor; para el nivel 3 faltaría un ejemplo más completo.,suficiente,2026-06-28T12:22:00,RV-VAC-0035-1,CV-VAC-0035-1,synthetic,SYN-009551
ASM-01036,SES-00478,APP-00261,CRI-0170,EV-S2-01,4,20,[SINTÉTICO] Nivel 4: la evidencia registrada corresponde al descriptor; para el nivel 4 faltaría un ejemplo más completo.,suficiente,2026-06-22T09:00:00,RV-VAC-0035-1,CV-VAC-0035-1,synthetic,SYN-009554
ASM-01037,SES-00478,APP-00261,CRI-0171,EV-S2-01,4,20,[SINTÉTICO] Nivel 4: la evidencia registrada corresponde al descriptor; para el nivel 4 faltaría un ejemplo más completo.,suficiente,2026-06-22T09:00:00,RV-VAC-0035-1,CV-VAC-0035-1,synthetic,SYN-009556
ASM-01038,SES-00478,APP-00261,CRI-0172,EV-S2-01,3,15,[SINTÉTICO] Nivel 3: la evidencia registrada corresponde al descriptor; para el nivel 4 faltaría un ejemplo más completo.,parcial,2026-06-22T09:00:00,RV-VAC-0035-1,CV-VAC-0035-1,synthetic,SYN-009560
ASM-01039,SES-00479,APP-00261,CRI-0173,EV-S2-01,4,20,[SINTÉTICO] Nivel 4: la evidencia registrada corresponde al descriptor; para el nivel 4 faltaría un ejemplo más completo.,suficiente,2026-07-07T20:00:00,RV-VAC-0035-1,CV-VAC-0035-1,synthetic,SYN-009563
ASM-01040,SES-00479,APP-00261,CRI-0174,EV-S2-01,4,20,[SINTÉTICO] Nivel 4: la evidencia registrada corresponde al descriptor; para el nivel 4 faltaría un ejemplo más completo.,suficiente,2026-07-07T20:00:00,RV-VAC-0035-1,CV-VAC-0035-1,synthetic,SYN-009566
ASM-01041,SES-00480,APP-00262,CRI-0175,EV-S3-04,1,5,[SINTÉTICO] Nivel 1: la evidencia registrada corresponde al descriptor; para el nivel 2 faltaría un ejemplo más completo.,suficiente,2026-07-05T15:16:00,RV-VAC-0036-1,CV-VAC-0036-1,synthetic,SYN-009571
ASM-01042,SES-00480,APP-00262,CRI-0176,EV-S3-04,1,5,[SINTÉTICO] Nivel 1: la evidencia registrada corresponde al descriptor; para el nivel 2 faltaría un ejemplo más completo.,parcial,2026-07-05T15:16:00,RV-VAC-0036-1,CV-VAC-0036-1,synthetic,SYN-009574
ASM-01043,SES-00480,APP-00262,CRI-0177,EV-S3-04,1,5,[SINTÉTICO] Nivel 1: la evidencia registrada corresponde al descriptor; para el nivel 2 faltaría un ejemplo más completo.,suficiente,2026-07-05T15:16:00,RV-VAC-0036-1,CV-VAC-0036-1,synthetic,SYN-009576
ASM-01044,SES-00481,APP-00262,CRI-0178,EV-S3-02,1,5,[SINTÉTICO] Nivel 1: la evidencia registrada corresponde al descriptor; para el nivel 2 faltaría un ejemplo más completo.,parcial,2026-07-16T18:00:00,RV-VAC-0036-1,CV-VAC-0036-1,synthetic,SYN-009580
ASM-01045,SES-00481,APP-00262,CRI-0179,EV-S3-02,1,5,[SINTÉTICO] Nivel 1: la evidencia registrada corresponde al descriptor; para el nivel 2 faltaría un ejemplo más completo.,suficiente,2026-07-16T18:00:00,RV-VAC-0036-1,CV-VAC-0036-1,synthetic,SYN-009584
ASM-01046,SES-00481,APP-00262,CRI-0180,EV-S3-02,1,5,[SINTÉTICO] Nivel 1: la evidencia registrada corresponde al descriptor; para el nivel 2 faltaría un ejemplo más completo.,suficiente,2026-07-16T18:00:00,RV-VAC-0036-1,CV-VAC-0036-1,synthetic,SYN-009588
ASM-01047,SES-00482,APP-00263,CRI-0175,EV-S3-02,2,10,[SINTÉTICO] Nivel 2: la evidencia registrada corresponde al descriptor; para el nivel 3 faltaría un ejemplo más completo.,suficiente,2026-07-16T05:00:00,RV-VAC-0036-1,CV-VAC-0036-1,synthetic,SYN-009593
ASM-01048,SES-00482,APP-00263,CRI-0176,EV-S3-02,2,10,[SINTÉTICO] Nivel 2: la evidencia registrada corresponde al descriptor; para el nivel 3 faltaría un ejemplo más completo.,parcial,2026-07-16T05:00:00,RV-VAC-0036-1,CV-VAC-0036-1,synthetic,SYN-009597
ASM-01049,SES-00482,APP-00263,CRI-0177,EV-S3-02,2,10,[SINTÉTICO] Nivel 2: la evidencia registrada corresponde al descriptor; para el nivel 3 faltaría un ejemplo más completo.,suficiente,2026-07-16T05:00:00,RV-VAC-0036-1,CV-VAC-0036-1,synthetic,SYN-009600
ASM-01050,SES-00483,APP-00263,CRI-0178,EV-S3-04,2,10,[SINTÉTICO] Nivel 2: la evidencia registrada corresponde al descriptor; para el nivel 3 faltaría un ejemplo más completo.,parcial,2026-07-14T15:00:00,RV-VAC-0036-1,CV-VAC-0036-1,synthetic,SYN-009604
ASM-01051,SES-00483,APP-00263,CRI-0179,EV-S3-04,2,10,[SINTÉTICO] Nivel 2: la evidencia registrada corresponde al descriptor; para el nivel 3 faltaría un ejemplo más completo.,suficiente,2026-07-14T15:00:00,RV-VAC-0036-1,CV-VAC-0036-1,synthetic,SYN-009606
ASM-01052,SES-00483,APP-00263,CRI-0180,EV-S3-04,1,5,[SINTÉTICO] Nivel 1: la evidencia registrada corresponde al descriptor; para el nivel 2 faltaría un ejemplo más completo.,suficiente,2026-07-14T15:00:00,RV-VAC-0036-1,CV-VAC-0036-1,synthetic,SYN-009609
ASM-01053,SES-00484,APP-00264,CRI-0175,EV-S3-02,1,5,[SINTÉTICO] Nivel 1: la evidencia registrada corresponde al descriptor; para el nivel 2 faltaría un ejemplo más completo.,suficiente,2026-06-27T19:24:00,RV-VAC-0036-1,CV-VAC-0036-1,synthetic,SYN-009613
ASM-01054,SES-00484,APP-00264,CRI-0176,EV-S3-02,1,5,[SINTÉTICO] Nivel 1: la evidencia registrada corresponde al descriptor; para el nivel 2 faltaría un ejemplo más completo.,insuficiente,2026-06-27T19:24:00,RV-VAC-0036-1,CV-VAC-0036-1,synthetic,SYN-009617
ASM-01055,SES-00484,APP-00264,CRI-0177,EV-S3-02,2,10,[SINTÉTICO] Nivel 2: la evidencia registrada corresponde al descriptor; para el nivel 3 faltaría un ejemplo más completo.,suficiente,2026-06-27T19:24:00,RV-VAC-0036-1,CV-VAC-0036-1,synthetic,SYN-009618
ASM-01056,SES-00485,APP-00264,CRI-0178,EV-S3-04,1,5,[SINTÉTICO] Nivel 1: la evidencia registrada corresponde al descriptor; para el nivel 2 faltaría un ejemplo más completo.,suficiente,2026-07-17T23:00:00,RV-VAC-0036-1,CV-VAC-0036-1,synthetic,SYN-009621
ASM-01057,SES-00485,APP-00264,CRI-0179,EV-S3-04,1,5,[SINTÉTICO] Nivel 1: la evidencia registrada corresponde al descriptor; para el nivel 2 faltaría un ejemplo más completo.,suficiente,2026-07-17T23:00:00,RV-VAC-0036-1,CV-VAC-0036-1,synthetic,SYN-009623
ASM-01058,SES-00485,APP-00264,CRI-0180,EV-S3-04,1,5,[SINTÉTICO] Nivel 1: la evidencia registrada corresponde al descriptor; para el nivel 2 faltaría un ejemplo más completo.,suficiente,2026-07-17T23:00:00,RV-VAC-0036-1,CV-VAC-0036-1,synthetic,SYN-009626
ASM-01059,SES-00487,APP-00266,CRI-0181,EV-S1-01,4,20,[SINTÉTICO] Nivel 4: la evidencia registrada corresponde al descriptor; para el nivel 4 faltaría un ejemplo más completo.,parcial,2026-09-01T02:00:00,RV-VAC-0037-1,CV-VAC-0037-1,synthetic,SYN-009630
ASM-01060,SES-00487,APP-00266,CRI-0182,EV-S1-01,4,20,[SINTÉTICO] Nivel 4: la evidencia registrada corresponde al descriptor; para el nivel 4 faltaría un ejemplo más completo.,parcial,2026-09-01T02:00:00,RV-VAC-0037-1,CV-VAC-0037-1,synthetic,SYN-009632
ASM-01061,SES-00488,APP-00266,CRI-0181,EV-S1-04,3,15,[SINTÉTICO] Nivel 3: la evidencia registrada corresponde al descriptor; para el nivel 4 faltaría un ejemplo más completo.,parcial,2026-09-06T16:41:00,RV-VAC-0037-1,CV-VAC-0037-1,synthetic,SYN-009636
ASM-01062,SES-00488,APP-00266,CRI-0182,EV-S1-04,4,20,[SINTÉTICO] Nivel 4: la evidencia registrada corresponde al descriptor; para el nivel 4 faltaría un ejemplo más completo.,parcial,2026-09-06T16:41:00,RV-VAC-0037-1,CV-VAC-0037-1,synthetic,SYN-009639
ASM-01063,SES-00489,APP-00266,CRI-0183,EV-S1-02,4,20,[SINTÉTICO] Nivel 4: la evidencia registrada corresponde al descriptor; para el nivel 4 faltaría un ejemplo más completo.,suficiente,2026-09-17T16:00:00,RV-VAC-0037-1,CV-VAC-0037-1,synthetic,SYN-009642
ASM-01064,SES-00489,APP-00266,CRI-0184,EV-S1-02,4,20,[SINTÉTICO] Nivel 4: la evidencia registrada corresponde al descriptor; para el nivel 4 faltaría un ejemplo más completo.,parcial,2026-09-17T16:00:00,RV-VAC-0037-1,CV-VAC-0037-1,synthetic,SYN-009647
ASM-01065,SES-00490,APP-00267,CRI-0181,EV-S1-04,1,5,[SINTÉTICO] Nivel 1: la evidencia registrada corresponde al descriptor; para el nivel 2 faltaría un ejemplo más completo.,suficiente,2026-09-07T23:26:00,RV-VAC-0037-1,CV-VAC-0037-1,synthetic,SYN-009651
ASM-01066,SES-00490,APP-00267,CRI-0182,EV-S1-04,2,10,[SINTÉTICO] Nivel 2: la evidencia registrada corresponde al descriptor; para el nivel 3 faltaría un ejemplo más completo.,suficiente,2026-09-07T23:26:00,RV-VAC-0037-1,CV-VAC-0037-1,synthetic,SYN-009654
ASM-01067,SES-00491,APP-00268,CRI-0181,EV-S1-01,1,5,[SINTÉTICO] Nivel 1: la evidencia registrada corresponde al descriptor; para el nivel 2 faltaría un ejemplo más completo.,suficiente,2026-09-01T08:19:00,RV-VAC-0037-1,CV-VAC-0037-1,synthetic,SYN-009659
ASM-01068,SES-00491,APP-00268,CRI-0182,EV-S1-01,1,5,[SINTÉTICO] Nivel 1: la evidencia registrada corresponde al descriptor; para el nivel 2 faltaría un ejemplo más completo.,suficiente,2026-09-01T08:19:00,RV-VAC-0037-1,CV-VAC-0037-1,synthetic,SYN-009662
ASM-01069,SES-00492,APP-00268,CRI-0183,EV-S1-01,1,5,[SINTÉTICO] Nivel 1: la evidencia registrada corresponde al descriptor; para el nivel 2 faltaría un ejemplo más completo.,suficiente,2026-09-17T22:00:00,RV-VAC-0037-1,CV-VAC-0037-1,synthetic,SYN-009666
ASM-01070,SES-00492,APP-00268,CRI-0184,EV-S1-01,1,5,[SINTÉTICO] Nivel 1: la evidencia registrada corresponde al descriptor; para el nivel 2 faltaría un ejemplo más completo.,suficiente,2026-09-17T22:00:00,RV-VAC-0037-1,CV-VAC-0037-1,synthetic,SYN-009668
ASM-01071,SES-00493,APP-00269,CRI-0181,EV-S1-03,2,10,[SINTÉTICO] Nivel 2: la evidencia registrada corresponde al descriptor; para el nivel 3 faltaría un ejemplo más completo.,suficiente,2026-09-11T08:09:00,RV-VAC-0037-1,CV-VAC-0037-1,synthetic,SYN-009672
ASM-01072,SES-00493,APP-00269,CRI-0182,EV-S1-03,1,5,[SINTÉTICO] Nivel 1: la evidencia registrada corresponde al descriptor; para el nivel 2 faltaría un ejemplo más completo.,suficiente,2026-09-11T08:09:00,RV-VAC-0037-1,CV-VAC-0037-1,synthetic,SYN-009674
ASM-01073,SES-00495,APP-00270,CRI-0181,EV-S1-03,3,15,[SINTÉTICO] Nivel 3: la evidencia registrada corresponde al descriptor; para el nivel 4 faltaría un ejemplo más completo.,parcial,2026-09-05T11:38:00,RV-VAC-0037-1,CV-VAC-0037-1,synthetic,SYN-009680
ASM-01074,SES-00495,APP-00270,CRI-0182,EV-S1-03,3,15,[SINTÉTICO] Nivel 3: la evidencia registrada corresponde al descriptor; para el nivel 4 faltaría un ejemplo más completo.,suficiente,2026-09-05T11:38:00,RV-VAC-0037-1,CV-VAC-0037-1,synthetic,SYN-009683
ASM-01075,SES-00496,APP-00270,CRI-0181,EV-S1-01,3,15,[SINTÉTICO] Nivel 3: la evidencia registrada corresponde al descriptor; para el nivel 4 faltaría un ejemplo más completo.,parcial,2026-09-06T04:38:00,RV-VAC-0037-1,CV-VAC-0037-1,synthetic,SYN-009687
ASM-01076,SES-00496,APP-00270,CRI-0182,EV-S1-01,2,10,[SINTÉTICO] Nivel 2: la evidencia registrada corresponde al descriptor; para el nivel 3 faltaría un ejemplo más completo.,parcial,2026-09-06T04:38:00,RV-VAC-0037-1,CV-VAC-0037-1,synthetic,SYN-009691
ASM-01077,SES-00497,APP-00270,CRI-0183,EV-S1-03,4,20,[SINTÉTICO] Nivel 4: la evidencia registrada corresponde al descriptor; para el nivel 4 faltaría un ejemplo más completo.,suficiente,2026-09-15T21:00:00,RV-VAC-0037-1,CV-VAC-0037-1,synthetic,SYN-009695
ASM-01078,SES-00497,APP-00270,CRI-0184,EV-S1-03,3,15,[SINTÉTICO] Nivel 3: la evidencia registrada corresponde al descriptor; para el nivel 4 faltaría un ejemplo más completo.,suficiente,2026-09-15T21:00:00,RV-VAC-0037-1,CV-VAC-0037-1,synthetic,SYN-009698
ASM-01079,SES-00498,APP-00271,CRI-0181,EV-S1-02,3,15,[SINTÉTICO] Nivel 3: la evidencia registrada corresponde al descriptor; para el nivel 4 faltaría un ejemplo más completo.,suficiente,2026-09-06T03:54:00,RV-VAC-0037-1,CV-VAC-0037-1,synthetic,SYN-009702
ASM-01080,SES-00498,APP-00271,CRI-0182,EV-S1-02,2,10,[SINTÉTICO] Nivel 2: la evidencia registrada corresponde al descriptor; para el nivel 3 faltaría un ejemplo más completo.,parcial,2026-09-06T03:54:00,RV-VAC-0037-1,CV-VAC-0037-1,synthetic,SYN-009706
ASM-01081,SES-00499,APP-00271,CRI-0183,EV-S1-03,3,15,[SINTÉTICO] Nivel 3: la evidencia registrada corresponde al descriptor; para el nivel 4 faltaría un ejemplo más completo.,parcial,2026-09-18T15:00:00,RV-VAC-0037-1,CV-VAC-0037-1,synthetic,SYN-009710
ASM-01082,SES-00499,APP-00271,CRI-0184,EV-S1-03,2,10,[SINTÉTICO] Nivel 2: la evidencia registrada corresponde al descriptor; para el nivel 3 faltaría un ejemplo más completo.,suficiente,2026-09-18T15:00:00,RV-VAC-0037-1,CV-VAC-0037-1,synthetic,SYN-009713
ASM-01083,SES-00500,APP-00272,CRI-0181,EV-S1-03,2,10,[SINTÉTICO] Nivel 2: la evidencia registrada corresponde al descriptor; para el nivel 3 faltaría un ejemplo más completo.,suficiente,2026-09-11T12:27:00,RV-VAC-0037-1,CV-VAC-0037-1,synthetic,SYN-009718
ASM-01084,SES-00500,APP-00272,CRI-0182,EV-S1-03,2,10,[SINTÉTICO] Nivel 2: la evidencia registrada corresponde al descriptor; para el nivel 3 faltaría un ejemplo más completo.,suficiente,2026-09-11T12:27:00,RV-VAC-0037-1,CV-VAC-0037-1,synthetic,SYN-009720
ASM-01085,SES-00501,APP-00273,CRI-0181,EV-S1-04,3,15,[SINTÉTICO] Nivel 3: la evidencia registrada corresponde al descriptor; para el nivel 4 faltaría un ejemplo más completo.,suficiente,2026-09-02T06:32:00,RV-VAC-0037-1,CV-VAC-0037-1,synthetic,SYN-009724
ASM-01086,SES-00501,APP-00273,CRI-0182,EV-S1-04,1,5,[SINTÉTICO] Nivel 1: la evidencia registrada corresponde al descriptor; para el nivel 2 faltaría un ejemplo más completo.,insuficiente,2026-09-02T06:32:00,RV-VAC-0037-1,CV-VAC-0037-1,synthetic,SYN-009727
ASM-01087,SES-00502,APP-00275,CRI-0185,EV-S2-02,3,15,[SINTÉTICO] Nivel 3: la evidencia registrada corresponde al descriptor; para el nivel 4 faltaría un ejemplo más completo.,parcial,2026-04-19T03:52:00,RV-VAC-0038-1,CV-VAC-0038-1,synthetic,SYN-009729
ASM-01088,SES-00502,APP-00275,CRI-0186,EV-S2-02,2,10,[SINTÉTICO] Nivel 2: la evidencia registrada corresponde al descriptor; para el nivel 3 faltaría un ejemplo más completo.,parcial,2026-04-19T03:52:00,RV-VAC-0038-1,CV-VAC-0038-1,synthetic,SYN-009733
ASM-01089,SES-00502,APP-00275,CRI-0187,EV-S2-02,2,10,[SINTÉTICO] Nivel 2: la evidencia registrada corresponde al descriptor; para el nivel 3 faltaría un ejemplo más completo.,parcial,2026-04-19T03:52:00,RV-VAC-0038-1,CV-VAC-0038-1,synthetic,SYN-009737
ASM-01090,SES-00503,APP-00275,CRI-0188,EV-S2-03,2,10,[SINTÉTICO] Nivel 2: la evidencia registrada corresponde al descriptor; para el nivel 3 faltaría un ejemplo más completo.,suficiente,2026-04-26T19:00:00,RV-VAC-0038-1,CV-VAC-0038-1,synthetic,SYN-009741
ASM-01091,SES-00503,APP-00275,CRI-0189,EV-S2-03,2,10,[SINTÉTICO] Nivel 2: la evidencia registrada corresponde al descriptor; para el nivel 3 faltaría un ejemplo más completo.,suficiente,2026-04-26T19:00:00,RV-VAC-0038-1,CV-VAC-0038-1,synthetic,SYN-009745
ASM-01092,SES-00505,APP-00276,CRI-0188,EV-S2-04,2,10,[SINTÉTICO] Nivel 2: la evidencia registrada corresponde al descriptor; para el nivel 3 faltaría un ejemplo más completo.,suficiente,2026-04-27T21:00:00,RV-VAC-0038-1,CV-VAC-0038-1,synthetic,SYN-009751
ASM-01093,SES-00505,APP-00276,CRI-0189,EV-S2-04,2,10,[SINTÉTICO] Nivel 2: la evidencia registrada corresponde al descriptor; para el nivel 3 faltaría un ejemplo más completo.,suficiente,2026-04-27T21:00:00,RV-VAC-0038-1,CV-VAC-0038-1,synthetic,SYN-009755
ASM-01094,SES-00506,APP-00277,CRI-0185,EV-S2-03,4,20,[SINTÉTICO] Nivel 4: la evidencia registrada corresponde al descriptor; para el nivel 4 faltaría un ejemplo más completo.,suficiente,2026-04-19T16:04:00,RV-VAC-0038-1,CV-VAC-0038-1,synthetic,SYN-009760
ASM-01095,SES-00506,APP-00277,CRI-0186,EV-S2-03,4,20,[SINTÉTICO] Nivel 4: la evidencia registrada corresponde al descriptor; para el nivel 4 faltaría un ejemplo más completo.,parcial,2026-04-19T16:04:00,RV-VAC-0038-1,CV-VAC-0038-1,synthetic,SYN-009763
ASM-01096,SES-00506,APP-00277,CRI-0187,EV-S2-03,4,20,[SINTÉTICO] Nivel 4: la evidencia registrada corresponde al descriptor; para el nivel 4 faltaría un ejemplo más completo.,suficiente,2026-04-19T16:04:00,RV-VAC-0038-1,CV-VAC-0038-1,synthetic,SYN-009765
ASM-01097,SES-00507,APP-00277,CRI-0188,EV-S2-01,4,20,[SINTÉTICO] Nivel 4: la evidencia registrada corresponde al descriptor; para el nivel 4 faltaría un ejemplo más completo.,parcial,2026-04-20T00:00:00,RV-VAC-0038-1,CV-VAC-0038-1,synthetic,SYN-009770
ASM-01098,SES-00507,APP-00277,CRI-0189,EV-S2-01,4,20,[SINTÉTICO] Nivel 4: la evidencia registrada corresponde al descriptor; para el nivel 4 faltaría un ejemplo más completo.,parcial,2026-04-20T00:00:00,RV-VAC-0038-1,CV-VAC-0038-1,synthetic,SYN-009772
ASM-01099,SES-00508,APP-00278,CRI-0185,EV-S2-01,4,20,[SINTÉTICO] Nivel 4: la evidencia registrada corresponde al descriptor; para el nivel 4 faltaría un ejemplo más completo.,suficiente,2026-04-24T15:11:00,RV-VAC-0038-1,CV-VAC-0038-1,synthetic,SYN-009775
ASM-01100,SES-00508,APP-00278,CRI-0186,EV-S2-01,4,20,[SINTÉTICO] Nivel 4: la evidencia registrada corresponde al descriptor; para el nivel 4 faltaría un ejemplo más completo.,suficiente,2026-04-24T15:11:00,RV-VAC-0038-1,CV-VAC-0038-1,synthetic,SYN-009778
ASM-01101,SES-00508,APP-00278,CRI-0187,EV-S2-01,4,20,[SINTÉTICO] Nivel 4: la evidencia registrada corresponde al descriptor; para el nivel 4 faltaría un ejemplo más completo.,suficiente,2026-04-24T15:11:00,RV-VAC-0038-1,CV-VAC-0038-1,synthetic,SYN-009781
ASM-01102,SES-00509,APP-00279,CRI-0190,EV-S3-03,1,5,[SINTÉTICO] Nivel 1: la evidencia registrada corresponde al descriptor; para el nivel 2 faltaría un ejemplo más completo.,parcial,2026-07-09T05:36:00,RV-VAC-0039-1,CV-VAC-0039-1,synthetic,SYN-009785
ASM-01103,SES-00509,APP-00279,CRI-0191,EV-S3-03,1,5,[SINTÉTICO] Nivel 1: la evidencia registrada corresponde al descriptor; para el nivel 2 faltaría un ejemplo más completo.,suficiente,2026-07-09T05:36:00,RV-VAC-0039-1,CV-VAC-0039-1,synthetic,SYN-009789
ASM-01104,SES-00509,APP-00279,CRI-0192,EV-S3-03,2,10,[SINTÉTICO] Nivel 2: la evidencia registrada corresponde al descriptor; para el nivel 3 faltaría un ejemplo más completo.,parcial,2026-07-09T05:36:00,RV-VAC-0039-1,CV-VAC-0039-1,synthetic,SYN-009791
ASM-01105,SES-00510,APP-00279,CRI-0190,EV-S3-01,1,5,[SINTÉTICO] Nivel 1: la evidencia registrada corresponde al descriptor; para el nivel 2 faltaría un ejemplo más completo.,parcial,2026-07-17T11:36:00,RV-VAC-0039-1,CV-VAC-0039-1,synthetic,SYN-009794
ASM-01106,SES-00510,APP-00279,CRI-0191,EV-S3-01,1,5,[SINTÉTICO] Nivel 1: la evidencia registrada corresponde al descriptor; para el nivel 2 faltaría un ejemplo más completo.,suficiente,2026-07-17T11:36:00,RV-VAC-0039-1,CV-VAC-0039-1,synthetic,SYN-009798
ASM-01107,SES-00510,APP-00279,CRI-0192,EV-S3-01,2,10,[SINTÉTICO] Nivel 2: la evidencia registrada corresponde al descriptor; para el nivel 3 faltaría un ejemplo más completo.,parcial,2026-07-17T11:36:00,RV-VAC-0039-1,CV-VAC-0039-1,synthetic,SYN-009801
ASM-01108,SES-00511,APP-00279,CRI-0193,EV-S3-03,1,5,[SINTÉTICO] Nivel 1: la evidencia registrada corresponde al descriptor; para el nivel 2 faltaría un ejemplo más completo.,suficiente,2026-07-18T04:00:00,RV-VAC-0039-1,CV-VAC-0039-1,synthetic,SYN-009805
ASM-01109,SES-00511,APP-00279,CRI-0194,EV-S3-03,1,5,[SINTÉTICO] Nivel 1: la evidencia registrada corresponde al descriptor; para el nivel 2 faltaría un ejemplo más completo.,suficiente,2026-07-18T04:00:00,RV-VAC-0039-1,CV-VAC-0039-1,synthetic,SYN-009809
ASM-01110,SES-00511,APP-00279,CRI-0195,EV-S3-03,2,10,[SINTÉTICO] Nivel 2: la evidencia registrada corresponde al descriptor; para el nivel 3 faltaría un ejemplo más completo.,suficiente,2026-07-18T04:00:00,RV-VAC-0039-1,CV-VAC-0039-1,synthetic,SYN-009813
ASM-01111,SES-00512,APP-00280,CRI-0190,EV-S3-01,2,10,[SINTÉTICO] Nivel 2: la evidencia registrada corresponde al descriptor; para el nivel 3 faltaría un ejemplo más completo.,parcial,2026-07-11T11:29:00,RV-VAC-0039-1,CV-VAC-0039-1,synthetic,SYN-009817
ASM-01112,SES-00512,APP-00280,CRI-0191,EV-S3-01,2,10,[SINTÉTICO] Nivel 2: la evidencia registrada corresponde al descriptor; para el nivel 3 faltaría un ejemplo más completo.,parcial,2026-07-11T11:29:00,RV-VAC-0039-1,CV-VAC-0039-1,synthetic,SYN-009820
ASM-01113,SES-00512,APP-00280,CRI-0192,EV-S3-01,2,10,[SINTÉTICO] Nivel 2: la evidencia registrada corresponde al descriptor; para el nivel 3 faltaría un ejemplo más completo.,suficiente,2026-07-11T11:29:00,RV-VAC-0039-1,CV-VAC-0039-1,synthetic,SYN-009822
ASM-01114,SES-00513,APP-00281,CRI-0190,EV-S3-04,2,10,[SINTÉTICO] Nivel 2: la evidencia registrada corresponde al descriptor; para el nivel 3 faltaría un ejemplo más completo.,suficiente,2026-07-13T01:09:00,RV-VAC-0039-1,CV-VAC-0039-1,synthetic,SYN-009825
ASM-01115,SES-00513,APP-00281,CRI-0191,EV-S3-04,3,15,[SINTÉTICO] Nivel 3: la evidencia registrada corresponde al descriptor; para el nivel 4 faltaría un ejemplo más completo.,parcial,2026-07-13T01:09:00,RV-VAC-0039-1,CV-VAC-0039-1,synthetic,SYN-009828
ASM-01116,SES-00513,APP-00281,CRI-0192,EV-S3-04,3,15,[SINTÉTICO] Nivel 3: la evidencia registrada corresponde al descriptor; para el nivel 4 faltaría un ejemplo más completo.,parcial,2026-07-13T01:09:00,RV-VAC-0039-1,CV-VAC-0039-1,synthetic,SYN-009831
ASM-01117,SES-00514,APP-00281,CRI-0193,EV-S3-04,3,15,[SINTÉTICO] Nivel 3: la evidencia registrada corresponde al descriptor; para el nivel 4 faltaría un ejemplo más completo.,parcial,2026-07-26T22:00:00,RV-VAC-0039-1,CV-VAC-0039-1,synthetic,SYN-009835
ASM-01118,SES-00514,APP-00281,CRI-0194,EV-S3-04,2,10,[SINTÉTICO] Nivel 2: la evidencia registrada corresponde al descriptor; para el nivel 3 faltaría un ejemplo más completo.,parcial,2026-07-26T22:00:00,RV-VAC-0039-1,CV-VAC-0039-1,synthetic,SYN-009839
ASM-01119,SES-00514,APP-00281,CRI-0195,EV-S3-04,3,15,[SINTÉTICO] Nivel 3: la evidencia registrada corresponde al descriptor; para el nivel 4 faltaría un ejemplo más completo.,parcial,2026-07-26T22:00:00,RV-VAC-0039-1,CV-VAC-0039-1,synthetic,SYN-009841
ASM-01120,SES-00515,APP-00282,CRI-0190,EV-S3-03,2,10,[SINTÉTICO] Nivel 2: la evidencia registrada corresponde al descriptor; para el nivel 3 faltaría un ejemplo más completo.,suficiente,2026-07-13T11:06:00,RV-VAC-0039-1,CV-VAC-0039-1,synthetic,SYN-009846
ASM-01121,SES-00515,APP-00282,CRI-0191,EV-S3-03,1,5,[SINTÉTICO] Nivel 1: la evidencia registrada corresponde al descriptor; para el nivel 2 faltaría un ejemplo más completo.,suficiente,2026-07-13T11:06:00,RV-VAC-0039-1,CV-VAC-0039-1,synthetic,SYN-009849
ASM-01122,SES-00515,APP-00282,CRI-0192,EV-S3-03,1,5,[SINTÉTICO] Nivel 1: la evidencia registrada corresponde al descriptor; para el nivel 2 faltaría un ejemplo más completo.,suficiente,2026-07-13T11:06:00,RV-VAC-0039-1,CV-VAC-0039-1,synthetic,SYN-009852
ASM-01123,SES-00516,APP-00282,CRI-0193,EV-S3-04,1,5,[SINTÉTICO] Nivel 1: la evidencia registrada corresponde al descriptor; para el nivel 2 faltaría un ejemplo más completo.,parcial,2026-07-24T19:00:00,RV-VAC-0039-1,CV-VAC-0039-1,synthetic,SYN-009857
ASM-01124,SES-00516,APP-00282,CRI-0194,EV-S3-04,1,5,[SINTÉTICO] Nivel 1: la evidencia registrada corresponde al descriptor; para el nivel 2 faltaría un ejemplo más completo.,parcial,2026-07-24T19:00:00,RV-VAC-0039-1,CV-VAC-0039-1,synthetic,SYN-009860
ASM-01125,SES-00516,APP-00282,CRI-0195,EV-S3-04,1,5,[SINTÉTICO] Nivel 1: la evidencia registrada corresponde al descriptor; para el nivel 2 faltaría un ejemplo más completo.,parcial,2026-07-24T19:00:00,RV-VAC-0039-1,CV-VAC-0039-1,synthetic,SYN-009863
ASM-01126,SES-00517,APP-00284,CRI-0190,EV-S3-02,2,10,[SINTÉTICO] Nivel 2: la evidencia registrada corresponde al descriptor; para el nivel 3 faltaría un ejemplo más completo.,suficiente,2026-07-13T18:19:00,RV-VAC-0039-1,CV-VAC-0039-1,synthetic,SYN-009866
ASM-01127,SES-00517,APP-00284,CRI-0191,EV-S3-02,2,10,[SINTÉTICO] Nivel 2: la evidencia registrada corresponde al descriptor; para el nivel 3 faltaría un ejemplo más completo.,suficiente,2026-07-13T18:19:00,RV-VAC-0039-1,CV-VAC-0039-1,synthetic,SYN-009868
ASM-01128,SES-00517,APP-00284,CRI-0192,EV-S3-02,2,10,[SINTÉTICO] Nivel 2: la evidencia registrada corresponde al descriptor; para el nivel 3 faltaría un ejemplo más completo.,suficiente,2026-07-13T18:19:00,RV-VAC-0039-1,CV-VAC-0039-1,synthetic,SYN-009871
ASM-01129,SES-00518,APP-00284,CRI-0190,EV-S3-04,2,10,[SINTÉTICO] Nivel 2: la evidencia registrada corresponde al descriptor; para el nivel 3 faltaría un ejemplo más completo.,suficiente,2026-07-08T19:19:00,RV-VAC-0039-1,CV-VAC-0039-1,synthetic,SYN-009875
ASM-01130,SES-00518,APP-00284,CRI-0191,EV-S3-04,2,10,[SINTÉTICO] Nivel 2: la evidencia registrada corresponde al descriptor; para el nivel 3 faltaría un ejemplo más completo.,parcial,2026-07-08T19:19:00,RV-VAC-0039-1,CV-VAC-0039-1,synthetic,SYN-009879
ASM-01131,SES-00518,APP-00284,CRI-0192,EV-S3-04,2,10,[SINTÉTICO] Nivel 2: la evidencia registrada corresponde al descriptor; para el nivel 3 faltaría un ejemplo más completo.,suficiente,2026-07-08T19:19:00,RV-VAC-0039-1,CV-VAC-0039-1,synthetic,SYN-009883
ASM-01132,SES-00519,APP-00284,CRI-0193,EV-S3-02,2,10,[SINTÉTICO] Nivel 2: la evidencia registrada corresponde al descriptor; para el nivel 3 faltaría un ejemplo más completo.,insuficiente,2026-07-21T15:00:00,RV-VAC-0039-1,CV-VAC-0039-1,synthetic,SYN-009888
ASM-01133,SES-00519,APP-00284,CRI-0194,EV-S3-02,2,10,[SINTÉTICO] Nivel 2: la evidencia registrada corresponde al descriptor; para el nivel 3 faltaría un ejemplo más completo.,parcial,2026-07-21T15:00:00,RV-VAC-0039-1,CV-VAC-0039-1,synthetic,SYN-009889
ASM-01134,SES-00519,APP-00284,CRI-0195,EV-S3-02,2,10,[SINTÉTICO] Nivel 2: la evidencia registrada corresponde al descriptor; para el nivel 3 faltaría un ejemplo más completo.,suficiente,2026-07-21T15:00:00,RV-VAC-0039-1,CV-VAC-0039-1,synthetic,SYN-009893
ASM-01135,SES-00520,APP-00285,CRI-0190,EV-S3-03,1,5,[SINTÉTICO] Nivel 1: la evidencia registrada corresponde al descriptor; para el nivel 2 faltaría un ejemplo más completo.,suficiente,2026-07-25T05:49:00,RV-VAC-0039-1,CV-VAC-0039-1,synthetic,SYN-009898
ASM-01136,SES-00520,APP-00285,CRI-0191,EV-S3-03,1,5,[SINTÉTICO] Nivel 1: la evidencia registrada corresponde al descriptor; para el nivel 2 faltaría un ejemplo más completo.,suficiente,2026-07-25T05:49:00,RV-VAC-0039-1,CV-VAC-0039-1,synthetic,SYN-009901
ASM-01137,SES-00520,APP-00285,CRI-0192,EV-S3-03,1,5,[SINTÉTICO] Nivel 1: la evidencia registrada corresponde al descriptor; para el nivel 2 faltaría un ejemplo más completo.,parcial,2026-07-25T05:49:00,RV-VAC-0039-1,CV-VAC-0039-1,synthetic,SYN-009904
ASM-01138,SES-00521,APP-00285,CRI-0193,EV-S3-02,1,5,[SINTÉTICO] Nivel 1: la evidencia registrada corresponde al descriptor; para el nivel 2 faltaría un ejemplo más completo.,suficiente,2026-07-19T14:00:00,RV-VAC-0039-1,CV-VAC-0039-1,synthetic,SYN-009907
ASM-01139,SES-00521,APP-00285,CRI-0194,EV-S3-02,1,5,[SINTÉTICO] Nivel 1: la evidencia registrada corresponde al descriptor; para el nivel 2 faltaría un ejemplo más completo.,suficiente,2026-07-19T14:00:00,RV-VAC-0039-1,CV-VAC-0039-1,synthetic,SYN-009911
ASM-01140,SES-00521,APP-00285,CRI-0195,EV-S3-02,1,5,[SINTÉTICO] Nivel 1: la evidencia registrada corresponde al descriptor; para el nivel 2 faltaría un ejemplo más completo.,suficiente,2026-07-19T14:00:00,RV-VAC-0039-1,CV-VAC-0039-1,synthetic,SYN-009913
ASM-01141,SES-00522,APP-00286,CRI-0190,EV-S3-02,2,10,[SINTÉTICO] Nivel 2: la evidencia registrada corresponde al descriptor; para el nivel 3 faltaría un ejemplo más completo.,insuficiente,2026-07-25T02:21:00,RV-VAC-0039-1,CV-VAC-0039-1,synthetic,SYN-009917
ASM-01142,SES-00522,APP-00286,CRI-0191,EV-S3-02,2,10,[SINTÉTICO] Nivel 2: la evidencia registrada corresponde al descriptor; para el nivel 3 faltaría un ejemplo más completo.,suficiente,2026-07-25T02:21:00,RV-VAC-0039-1,CV-VAC-0039-1,synthetic,SYN-009918
ASM-01143,SES-00522,APP-00286,CRI-0192,EV-S3-02,1,5,[SINTÉTICO] Nivel 1: la evidencia registrada corresponde al descriptor; para el nivel 2 faltaría un ejemplo más completo.,suficiente,2026-07-25T02:21:00,RV-VAC-0039-1,CV-VAC-0039-1,synthetic,SYN-009920
ASM-01144,SES-00523,APP-00286,CRI-0193,EV-S3-01,2,10,[SINTÉTICO] Nivel 2: la evidencia registrada corresponde al descriptor; para el nivel 3 faltaría un ejemplo más completo.,parcial,2026-07-20T19:00:00,RV-VAC-0039-1,CV-VAC-0039-1,synthetic,SYN-009924
ASM-01145,SES-00523,APP-00286,CRI-0194,EV-S3-01,2,10,[SINTÉTICO] Nivel 2: la evidencia registrada corresponde al descriptor; para el nivel 3 faltaría un ejemplo más completo.,suficiente,2026-07-20T19:00:00,RV-VAC-0039-1,CV-VAC-0039-1,synthetic,SYN-009927
ASM-01146,SES-00523,APP-00286,CRI-0195,EV-S3-01,2,10,[SINTÉTICO] Nivel 2: la evidencia registrada corresponde al descriptor; para el nivel 3 faltaría un ejemplo más completo.,suficiente,2026-07-20T19:00:00,RV-VAC-0039-1,CV-VAC-0039-1,synthetic,SYN-009930
ASM-01147,SES-00524,APP-00287,CRI-0190,EV-S3-02,3,15,[SINTÉTICO] Nivel 3: la evidencia registrada corresponde al descriptor; para el nivel 4 faltaría un ejemplo más completo.,parcial,2026-07-25T19:43:00,RV-VAC-0039-1,CV-VAC-0039-1,synthetic,SYN-009933
ASM-01148,SES-00524,APP-00287,CRI-0191,EV-S3-02,3,15,[SINTÉTICO] Nivel 3: la evidencia registrada corresponde al descriptor; para el nivel 4 faltaría un ejemplo más completo.,suficiente,2026-07-25T19:43:00,RV-VAC-0039-1,CV-VAC-0039-1,synthetic,SYN-009936
ASM-01149,SES-00524,APP-00287,CRI-0192,EV-S3-02,2,10,[SINTÉTICO] Nivel 2: la evidencia registrada corresponde al descriptor; para el nivel 3 faltaría un ejemplo más completo.,parcial,2026-07-25T19:43:00,RV-VAC-0039-1,CV-VAC-0039-1,synthetic,SYN-009939
ASM-01150,SES-00525,APP-00287,CRI-0190,EV-S3-01,3,15,[SINTÉTICO] Nivel 3: la evidencia registrada corresponde al descriptor; para el nivel 4 faltaría un ejemplo más completo.,parcial,2026-07-16T08:43:00,RV-VAC-0039-1,CV-VAC-0039-1,synthetic,SYN-009942
ASM-01151,SES-00525,APP-00287,CRI-0191,EV-S3-01,3,15,[SINTÉTICO] Nivel 3: la evidencia registrada corresponde al descriptor; para el nivel 4 faltaría un ejemplo más completo.,suficiente,2026-07-16T08:43:00,RV-VAC-0039-1,CV-VAC-0039-1,synthetic,SYN-009945
ASM-01152,SES-00525,APP-00287,CRI-0192,EV-S3-01,2,10,[SINTÉTICO] Nivel 2: la evidencia registrada corresponde al descriptor; para el nivel 3 faltaría un ejemplo más completo.,suficiente,2026-07-16T08:43:00,RV-VAC-0039-1,CV-VAC-0039-1,synthetic,SYN-009949
ASM-01153,SES-00526,APP-00287,CRI-0193,EV-S3-03,3,15,[SINTÉTICO] Nivel 3: la evidencia registrada corresponde al descriptor; para el nivel 4 faltaría un ejemplo más completo.,suficiente,2026-07-25T17:00:00,RV-VAC-0039-1,CV-VAC-0039-1,synthetic,SYN-009952
ASM-01154,SES-00526,APP-00287,CRI-0194,EV-S3-03,2,10,[SINTÉTICO] Nivel 2: la evidencia registrada corresponde al descriptor; para el nivel 3 faltaría un ejemplo más completo.,parcial,2026-07-25T17:00:00,RV-VAC-0039-1,CV-VAC-0039-1,synthetic,SYN-009955
ASM-01155,SES-00526,APP-00287,CRI-0195,EV-S3-03,3,15,[SINTÉTICO] Nivel 3: la evidencia registrada corresponde al descriptor; para el nivel 4 faltaría un ejemplo más completo.,parcial,2026-07-25T17:00:00,RV-VAC-0039-1,CV-VAC-0039-1,synthetic,SYN-009957
ASM-01156,SES-00527,APP-00288,CRI-0190,EV-S3-04,4,20,[SINTÉTICO] Nivel 4: la evidencia registrada corresponde al descriptor; para el nivel 4 faltaría un ejemplo más completo.,parcial,2026-07-17T18:51:00,RV-VAC-0039-1,CV-VAC-0039-1,synthetic,SYN-009961
ASM-01157,SES-00527,APP-00288,CRI-0191,EV-S3-04,4,20,[SINTÉTICO] Nivel 4: la evidencia registrada corresponde al descriptor; para el nivel 4 faltaría un ejemplo más completo.,suficiente,2026-07-17T18:51:00,RV-VAC-0039-1,CV-VAC-0039-1,synthetic,SYN-009963
ASM-01158,SES-00527,APP-00288,CRI-0192,EV-S3-04,4,20,[SINTÉTICO] Nivel 4: la evidencia registrada corresponde al descriptor; para el nivel 4 faltaría un ejemplo más completo.,suficiente,2026-07-17T18:51:00,RV-VAC-0039-1,CV-VAC-0039-1,synthetic,SYN-009966
ASM-01159,SES-00529,APP-00289,CRI-0190,EV-S3-04,4,20,[SINTÉTICO] Nivel 4: la evidencia registrada corresponde al descriptor; para el nivel 4 faltaría un ejemplo más completo.,parcial,2026-07-15T11:35:00,RV-VAC-0039-1,CV-VAC-0039-1,synthetic,SYN-009973
ASM-01160,SES-00529,APP-00289,CRI-0191,EV-S3-04,4,20,[SINTÉTICO] Nivel 4: la evidencia registrada corresponde al descriptor; para el nivel 4 faltaría un ejemplo más completo.,suficiente,2026-07-15T11:35:00,RV-VAC-0039-1,CV-VAC-0039-1,synthetic,SYN-009976
ASM-01161,SES-00529,APP-00289,CRI-0192,EV-S3-04,3,15,[SINTÉTICO] Nivel 3: la evidencia registrada corresponde al descriptor; para el nivel 4 faltaría un ejemplo más completo.,suficiente,2026-07-15T11:35:00,RV-VAC-0039-1,CV-VAC-0039-1,synthetic,SYN-009980
ASM-01162,SES-00530,APP-00289,CRI-0190,EV-S3-02,4,20,[SINTÉTICO] Nivel 4: la evidencia registrada corresponde al descriptor; para el nivel 4 faltaría un ejemplo más completo.,parcial,2026-07-07T01:00:00,RV-VAC-0039-1,CV-VAC-0039-1,synthetic,SYN-009985
ASM-01163,SES-00530,APP-00289,CRI-0191,EV-S3-02,2,10,[SINTÉTICO] Nivel 2: la evidencia registrada corresponde al descriptor; para el nivel 3 faltaría un ejemplo más completo.,parcial,2026-07-07T01:00:00,RV-VAC-0039-1,CV-VAC-0039-1,synthetic,SYN-009987
ASM-01164,SES-00530,APP-00289,CRI-0192,EV-S3-02,3,15,[SINTÉTICO] Nivel 3: la evidencia registrada corresponde al descriptor; para el nivel 4 faltaría un ejemplo más completo.,suficiente,2026-07-07T01:00:00,RV-VAC-0039-1,CV-VAC-0039-1,synthetic,SYN-009991
ASM-01165,SES-00531,APP-00289,CRI-0193,EV-S3-02,4,20,[SINTÉTICO] Nivel 4: la evidencia registrada corresponde al descriptor; para el nivel 4 faltaría un ejemplo más completo.,suficiente,2026-07-18T21:00:00,RV-VAC-0039-1,CV-VAC-0039-1,synthetic,SYN-009996
ASM-01166,SES-00531,APP-00289,CRI-0194,EV-S3-02,4,20,[SINTÉTICO] Nivel 4: la evidencia registrada corresponde al descriptor; para el nivel 4 faltaría un ejemplo más completo.,parcial,2026-07-18T21:00:00,RV-VAC-0039-1,CV-VAC-0039-1,synthetic,SYN-010000
ASM-01167,SES-00531,APP-00289,CRI-0195,EV-S3-02,4,20,[SINTÉTICO] Nivel 4: la evidencia registrada corresponde al descriptor; para el nivel 4 faltaría un ejemplo más completo.,suficiente,2026-07-18T21:00:00,RV-VAC-0039-1,CV-VAC-0039-1,synthetic,SYN-010004
ASM-01168,SES-00532,APP-00290,CRI-0190,EV-S3-03,3,15,[SINTÉTICO] Nivel 3: la evidencia registrada corresponde al descriptor; para el nivel 4 faltaría un ejemplo más completo.,suficiente,2026-07-15T10:59:00,RV-VAC-0039-1,CV-VAC-0039-1,synthetic,SYN-010008
ASM-01169,SES-00532,APP-00290,CRI-0191,EV-S3-03,4,20,[SINTÉTICO] Nivel 4: la evidencia registrada corresponde al descriptor; para el nivel 4 faltaría un ejemplo más completo.,insuficiente,2026-07-15T10:59:00,RV-VAC-0039-1,CV-VAC-0039-1,synthetic,SYN-010011
ASM-01170,SES-00532,APP-00290,CRI-0192,EV-S3-03,4,20,[SINTÉTICO] Nivel 4: la evidencia registrada corresponde al descriptor; para el nivel 4 faltaría un ejemplo más completo.,suficiente,2026-07-15T10:59:00,RV-VAC-0039-1,CV-VAC-0039-1,synthetic,SYN-010012
ASM-01171,SES-00533,APP-00290,CRI-0193,EV-S3-01,4,20,[SINTÉTICO] Nivel 4: la evidencia registrada corresponde al descriptor; para el nivel 4 faltaría un ejemplo más completo.,suficiente,2026-07-22T17:00:00,RV-VAC-0039-1,CV-VAC-0039-1,synthetic,SYN-010015
ASM-01172,SES-00533,APP-00290,CRI-0194,EV-S3-01,4,20,[SINTÉTICO] Nivel 4: la evidencia registrada corresponde al descriptor; para el nivel 4 faltaría un ejemplo más completo.,suficiente,2026-07-22T17:00:00,RV-VAC-0039-1,CV-VAC-0039-1,synthetic,SYN-010018
ASM-01173,SES-00533,APP-00290,CRI-0195,EV-S3-01,3,15,[SINTÉTICO] Nivel 3: la evidencia registrada corresponde al descriptor; para el nivel 4 faltaría un ejemplo más completo.,insuficiente,2026-07-22T17:00:00,RV-VAC-0039-1,CV-VAC-0039-1,synthetic,SYN-010020
ASM-01174,SES-00534,APP-00291,CRI-0190,EV-S3-03,1,5,[SINTÉTICO] Nivel 1: la evidencia registrada corresponde al descriptor; para el nivel 2 faltaría un ejemplo más completo.,suficiente,2026-07-08T08:16:00,RV-VAC-0039-1,CV-VAC-0039-1,synthetic,SYN-010022
ASM-01175,SES-00534,APP-00291,CRI-0191,EV-S3-03,1,5,[SINTÉTICO] Nivel 1: la evidencia registrada corresponde al descriptor; para el nivel 2 faltaría un ejemplo más completo.,parcial,2026-07-08T08:16:00,RV-VAC-0039-1,CV-VAC-0039-1,synthetic,SYN-010024
ASM-01176,SES-00534,APP-00291,CRI-0192,EV-S3-03,1,5,[SINTÉTICO] Nivel 1: la evidencia registrada corresponde al descriptor; para el nivel 2 faltaría un ejemplo más completo.,suficiente,2026-07-08T08:16:00,RV-VAC-0039-1,CV-VAC-0039-1,synthetic,SYN-010027
ASM-01177,SES-00535,APP-00291,CRI-0193,EV-S3-01,1,5,[SINTÉTICO] Nivel 1: la evidencia registrada corresponde al descriptor; para el nivel 2 faltaría un ejemplo más completo.,parcial,2026-07-19T20:00:00,RV-VAC-0039-1,CV-VAC-0039-1,synthetic,SYN-010032
ASM-01178,SES-00535,APP-00291,CRI-0194,EV-S3-01,1,5,[SINTÉTICO] Nivel 1: la evidencia registrada corresponde al descriptor; para el nivel 2 faltaría un ejemplo más completo.,suficiente,2026-07-19T20:00:00,RV-VAC-0039-1,CV-VAC-0039-1,synthetic,SYN-010034
ASM-01179,SES-00535,APP-00291,CRI-0195,EV-S3-01,1,5,[SINTÉTICO] Nivel 1: la evidencia registrada corresponde al descriptor; para el nivel 2 faltaría un ejemplo más completo.,parcial,2026-07-19T20:00:00,RV-VAC-0039-1,CV-VAC-0039-1,synthetic,SYN-010037
ASM-01180,SES-00536,APP-00292,CRI-0190,EV-S3-01,2,10,[SINTÉTICO] Nivel 2: la evidencia registrada corresponde al descriptor; para el nivel 3 faltaría un ejemplo más completo.,parcial,2026-07-14T20:49:00,RV-VAC-0039-1,CV-VAC-0039-1,synthetic,SYN-010042
ASM-01181,SES-00536,APP-00292,CRI-0191,EV-S3-01,2,10,[SINTÉTICO] Nivel 2: la evidencia registrada corresponde al descriptor; para el nivel 3 faltaría un ejemplo más completo.,suficiente,2026-07-14T20:49:00,RV-VAC-0039-1,CV-VAC-0039-1,synthetic,SYN-010045
ASM-01182,SES-00536,APP-00292,CRI-0192,EV-S3-01,3,15,[SINTÉTICO] Nivel 3: la evidencia registrada corresponde al descriptor; para el nivel 4 faltaría un ejemplo más completo.,suficiente,2026-07-14T20:49:00,RV-VAC-0039-1,CV-VAC-0039-1,synthetic,SYN-010048
ASM-01183,SES-00537,APP-00293,CRI-0196,EV-S1-01,1,5,[SINTÉTICO] Nivel 1: la evidencia registrada corresponde al descriptor; para el nivel 2 faltaría un ejemplo más completo.,suficiente,2026-04-16T10:38:00,RV-VAC-0040-1,CV-VAC-0040-1,synthetic,SYN-010051
ASM-01184,SES-00537,APP-00293,CRI-0197,EV-S1-01,2,10,[SINTÉTICO] Nivel 2: la evidencia registrada corresponde al descriptor; para el nivel 3 faltaría un ejemplo más completo.,suficiente,2026-04-16T10:38:00,RV-VAC-0040-1,CV-VAC-0040-1,synthetic,SYN-010053
ASM-01185,SES-00538,APP-00294,CRI-0196,EV-S1-04,4,20,[SINTÉTICO] Nivel 4: la evidencia registrada corresponde al descriptor; para el nivel 4 faltaría un ejemplo más completo.,parcial,2026-04-05T11:38:00,RV-VAC-0040-1,CV-VAC-0040-1,synthetic,SYN-010056
ASM-01186,SES-00538,APP-00294,CRI-0197,EV-S1-04,4,20,[SINTÉTICO] Nivel 4: la evidencia registrada corresponde al descriptor; para el nivel 4 faltaría un ejemplo más completo.,insuficiente,2026-04-05T11:38:00,RV-VAC-0040-1,CV-VAC-0040-1,synthetic,SYN-010059
ASM-01187,SES-00540,APP-00295,CRI-0196,EV-S1-03,2,10,[SINTÉTICO] Nivel 2: la evidencia registrada corresponde al descriptor; para el nivel 3 faltaría un ejemplo más completo.,suficiente,2026-04-06T15:29:00,RV-VAC-0040-1,CV-VAC-0040-1,synthetic,SYN-010062
ASM-01188,SES-00540,APP-00295,CRI-0197,EV-S1-03,1,5,[SINTÉTICO] Nivel 1: la evidencia registrada corresponde al descriptor; para el nivel 2 faltaría un ejemplo más completo.,suficiente,2026-04-06T15:29:00,RV-VAC-0040-1,CV-VAC-0040-1,synthetic,SYN-010066
ASM-01189,SES-00541,APP-00296,CRI-0196,EV-S1-02,3,15,[SINTÉTICO] Nivel 3: la evidencia registrada corresponde al descriptor; para el nivel 4 faltaría un ejemplo más completo.,suficiente,2026-04-11T21:07:00,RV-VAC-0040-1,CV-VAC-0040-1,synthetic,SYN-010069
ASM-01190,SES-00541,APP-00296,CRI-0197,EV-S1-02,4,20,[SINTÉTICO] Nivel 4: la evidencia registrada corresponde al descriptor; para el nivel 4 faltaría un ejemplo más completo.,suficiente,2026-04-11T21:07:00,RV-VAC-0040-1,CV-VAC-0040-1,synthetic,SYN-010072
ASM-01191,SES-00542,APP-00296,CRI-0198,EV-S1-02,4,20,[SINTÉTICO] Nivel 4: la evidencia registrada corresponde al descriptor; para el nivel 4 faltaría un ejemplo más completo.,suficiente,2026-04-20T22:00:00,RV-VAC-0040-1,CV-VAC-0040-1,synthetic,SYN-010075
ASM-01192,SES-00542,APP-00296,CRI-0199,EV-S1-02,4,20,[SINTÉTICO] Nivel 4: la evidencia registrada corresponde al descriptor; para el nivel 4 faltaría un ejemplo más completo.,parcial,2026-04-20T22:00:00,RV-VAC-0040-1,CV-VAC-0040-1,synthetic,SYN-010077
ASM-01193,SES-00544,APP-00297,CRI-0196,EV-S1-02,3,15,[SINTÉTICO] Nivel 3: la evidencia registrada corresponde al descriptor; para el nivel 4 faltaría un ejemplo más completo.,suficiente,2026-04-06T12:38:00,RV-VAC-0040-1,CV-VAC-0040-1,synthetic,SYN-010084
ASM-01194,SES-00544,APP-00297,CRI-0197,EV-S1-02,3,15,[SINTÉTICO] Nivel 3: la evidencia registrada corresponde al descriptor; para el nivel 4 faltaría un ejemplo más completo.,parcial,2026-04-06T12:38:00,RV-VAC-0040-1,CV-VAC-0040-1,synthetic,SYN-010088
ASM-01195,SES-00545,APP-00297,CRI-0198,EV-S1-01,3,15,[SINTÉTICO] Nivel 3: la evidencia registrada corresponde al descriptor; para el nivel 4 faltaría un ejemplo más completo.,suficiente,2026-04-18T22:00:00,RV-VAC-0040-1,CV-VAC-0040-1,synthetic,SYN-010092
ASM-01196,SES-00545,APP-00297,CRI-0199,EV-S1-01,2,10,[SINTÉTICO] Nivel 2: la evidencia registrada corresponde al descriptor; para el nivel 3 faltaría un ejemplo más completo.,parcial,2026-04-18T22:00:00,RV-VAC-0040-1,CV-VAC-0040-1,synthetic,SYN-010094
ASM-01197,SES-00546,APP-00298,CRI-0196,EV-S1-03,3,15,[SINTÉTICO] Nivel 3: la evidencia registrada corresponde al descriptor; para el nivel 4 faltaría un ejemplo más completo.,parcial,2026-03-31T07:13:00,RV-VAC-0040-1,CV-VAC-0040-1,synthetic,SYN-010099
ASM-01198,SES-00546,APP-00298,CRI-0197,EV-S1-03,2,10,[SINTÉTICO] Nivel 2: la evidencia registrada corresponde al descriptor; para el nivel 3 faltaría un ejemplo más completo.,suficiente,2026-03-31T07:13:00,RV-VAC-0040-1,CV-VAC-0040-1,synthetic,SYN-010102
ASM-01199,SES-00547,APP-00299,CRI-0196,EV-S1-04,4,20,[SINTÉTICO] Nivel 4: la evidencia registrada corresponde al descriptor; para el nivel 4 faltaría un ejemplo más completo.,suficiente,2026-04-12T01:03:00,RV-VAC-0040-1,CV-VAC-0040-1,synthetic,SYN-010106
ASM-01200,SES-00547,APP-00299,CRI-0197,EV-S1-04,3,15,[SINTÉTICO] Nivel 3: la evidencia registrada corresponde al descriptor; para el nivel 4 faltaría un ejemplo más completo.,suficiente,2026-04-12T01:03:00,RV-VAC-0040-1,CV-VAC-0040-1,synthetic,SYN-010109
ASM-01201,SES-00548,APP-00299,CRI-0198,EV-S1-03,4,20,[SINTÉTICO] Nivel 4: la evidencia registrada corresponde al descriptor; para el nivel 4 faltaría un ejemplo más completo.,suficiente,2026-04-17T20:00:00,RV-VAC-0040-1,CV-VAC-0040-1,synthetic,SYN-010113
ASM-01202,SES-00548,APP-00299,CRI-0199,EV-S1-03,4,20,[SINTÉTICO] Nivel 4: la evidencia registrada corresponde al descriptor; para el nivel 4 faltaría un ejemplo más completo.,suficiente,2026-04-17T20:00:00,RV-VAC-0040-1,CV-VAC-0040-1,synthetic,SYN-010116
ASM-01203,SES-00549,APP-00300,CRI-0196,EV-S1-04,2,10,[SINTÉTICO] Nivel 2: la evidencia registrada corresponde al descriptor; para el nivel 3 faltaría un ejemplo más completo.,parcial,2026-04-09T12:29:00,RV-VAC-0040-1,CV-VAC-0040-1,synthetic,SYN-010119
ASM-01204,SES-00549,APP-00300,CRI-0197,EV-S1-04,2,10,[SINTÉTICO] Nivel 2: la evidencia registrada corresponde al descriptor; para el nivel 3 faltaría un ejemplo más completo.,suficiente,2026-04-09T12:29:00,RV-VAC-0040-1,CV-VAC-0040-1,synthetic,SYN-010123
ASM-01205,SES-00550,APP-00300,CRI-0198,EV-S1-02,2,10,[SINTÉTICO] Nivel 2: la evidencia registrada corresponde al descriptor; para el nivel 3 faltaría un ejemplo más completo.,suficiente,2026-04-20T14:00:00,RV-VAC-0040-1,CV-VAC-0040-1,synthetic,SYN-010127
ASM-01206,SES-00550,APP-00300,CRI-0199,EV-S1-02,2,10,[SINTÉTICO] Nivel 2: la evidencia registrada corresponde al descriptor; para el nivel 3 faltaría un ejemplo más completo.,suficiente,2026-04-20T14:00:00,RV-VAC-0040-1,CV-VAC-0040-1,synthetic,SYN-010130
ASM-01207,SES-00551,APP-00301,CRI-0196,EV-S1-04,4,20,[SINTÉTICO] Nivel 4: la evidencia registrada corresponde al descriptor; para el nivel 4 faltaría un ejemplo más completo.,suficiente,2026-04-12T21:01:00,RV-VAC-0040-1,CV-VAC-0040-1,synthetic,SYN-010133
ASM-01208,SES-00551,APP-00301,CRI-0197,EV-S1-04,3,15,[SINTÉTICO] Nivel 3: la evidencia registrada corresponde al descriptor; para el nivel 4 faltaría un ejemplo más completo.,suficiente,2026-04-12T21:01:00,RV-VAC-0040-1,CV-VAC-0040-1,synthetic,SYN-010137
ASM-01209,SES-00552,APP-00301,CRI-0198,EV-S1-01,4,20,[SINTÉTICO] Nivel 4: la evidencia registrada corresponde al descriptor; para el nivel 4 faltaría un ejemplo más completo.,parcial,2026-04-07T20:00:00,RV-VAC-0040-1,CV-VAC-0040-1,synthetic,SYN-010140
ASM-01210,SES-00552,APP-00301,CRI-0199,EV-S1-01,3,15,[SINTÉTICO] Nivel 3: la evidencia registrada corresponde al descriptor; para el nivel 4 faltaría un ejemplo más completo.,parcial,2026-04-07T20:00:00,RV-VAC-0040-1,CV-VAC-0040-1,synthetic,SYN-010143
ASM-01211,SES-00553,APP-00302,CRI-0196,EV-S1-04,2,10,[SINTÉTICO] Nivel 2: la evidencia registrada corresponde al descriptor; para el nivel 3 faltaría un ejemplo más completo.,parcial,2026-04-12T04:00:00,RV-VAC-0040-1,CV-VAC-0040-1,synthetic,SYN-010148
ASM-01212,SES-00553,APP-00302,CRI-0197,EV-S1-04,1,5,[SINTÉTICO] Nivel 1: la evidencia registrada corresponde al descriptor; para el nivel 2 faltaría un ejemplo más completo.,insuficiente,2026-04-12T04:00:00,RV-VAC-0040-1,CV-VAC-0040-1,synthetic,SYN-010151
ASM-01213,SES-00554,APP-00302,CRI-0198,EV-S1-01,1,5,[SINTÉTICO] Nivel 1: la evidencia registrada corresponde al descriptor; para el nivel 2 faltaría un ejemplo más completo.,suficiente,2026-04-12T22:00:00,RV-VAC-0040-1,CV-VAC-0040-1,synthetic,SYN-010153
ASM-01214,SES-00554,APP-00302,CRI-0199,EV-S1-01,1,5,[SINTÉTICO] Nivel 1: la evidencia registrada corresponde al descriptor; para el nivel 2 faltaría un ejemplo más completo.,suficiente,2026-04-12T22:00:00,RV-VAC-0040-1,CV-VAC-0040-1,synthetic,SYN-010156
ASM-01215,SES-00555,APP-00303,CRI-0196,EV-S1-02,3,15,[SINTÉTICO] Nivel 3: la evidencia registrada corresponde al descriptor; para el nivel 4 faltaría un ejemplo más completo.,parcial,2026-04-13T17:34:00,RV-VAC-0040-1,CV-VAC-0040-1,synthetic,SYN-010161
ASM-01216,SES-00555,APP-00303,CRI-0197,EV-S1-02,4,20,[SINTÉTICO] Nivel 4: la evidencia registrada corresponde al descriptor; para el nivel 4 faltaría un ejemplo más completo.,parcial,2026-04-13T17:34:00,RV-VAC-0040-1,CV-VAC-0040-1,synthetic,SYN-010163
ASM-01217,SES-00556,APP-00304,CRI-0196,EV-S1-02,3,15,[SINTÉTICO] Nivel 3: la evidencia registrada corresponde al descriptor; para el nivel 4 faltaría un ejemplo más completo.,suficiente,2026-04-13T00:13:00,RV-VAC-0040-1,CV-VAC-0040-1,synthetic,SYN-010167
ASM-01218,SES-00556,APP-00304,CRI-0197,EV-S1-02,3,15,[SINTÉTICO] Nivel 3: la evidencia registrada corresponde al descriptor; para el nivel 4 faltaría un ejemplo más completo.,suficiente,2026-04-13T00:13:00,RV-VAC-0040-1,CV-VAC-0040-1,synthetic,SYN-010170
ASM-01219,SES-00557,APP-00304,CRI-0198,EV-S1-04,3,15,[SINTÉTICO] Nivel 3: la evidencia registrada corresponde al descriptor; para el nivel 4 faltaría un ejemplo más completo.,suficiente,2026-04-17T14:00:00,RV-VAC-0040-1,CV-VAC-0040-1,synthetic,SYN-010173
ASM-01220,SES-00557,APP-00304,CRI-0199,EV-S1-04,3,15,[SINTÉTICO] Nivel 3: la evidencia registrada corresponde al descriptor; para el nivel 4 faltaría un ejemplo más completo.,parcial,2026-04-17T14:00:00,RV-VAC-0040-1,CV-VAC-0040-1,synthetic,SYN-010178
ASM-01221,SES-00558,APP-00305,CRI-0196,EV-S1-03,1,5,[SINTÉTICO] Nivel 1: la evidencia registrada corresponde al descriptor; para el nivel 2 faltaría un ejemplo más completo.,suficiente,2026-04-12T18:34:00,RV-VAC-0040-1,CV-VAC-0040-1,synthetic,SYN-010181
ASM-01222,SES-00558,APP-00305,CRI-0197,EV-S1-03,1,5,[SINTÉTICO] Nivel 1: la evidencia registrada corresponde al descriptor; para el nivel 2 faltaría un ejemplo más completo.,suficiente,2026-04-12T18:34:00,RV-VAC-0040-1,CV-VAC-0040-1,synthetic,SYN-010185
ASM-01223,SES-00559,APP-00306,CRI-0200,EV-S2-02,3,15,[SINTÉTICO] Nivel 3: la evidencia registrada corresponde al descriptor; para el nivel 4 faltaría un ejemplo más completo.,parcial,2026-05-13T00:02:00,RV-VAC-0041-1,CV-VAC-0041-1,synthetic,SYN-010188
ASM-01224,SES-00559,APP-00306,CRI-0201,EV-S2-02,3,15,[SINTÉTICO] Nivel 3: la evidencia registrada corresponde al descriptor; para el nivel 4 faltaría un ejemplo más completo.,suficiente,2026-05-13T00:02:00,RV-VAC-0041-1,CV-VAC-0041-1,synthetic,SYN-010190
ASM-01225,SES-00559,APP-00306,CRI-0202,EV-S2-02,3,15,[SINTÉTICO] Nivel 3: la evidencia registrada corresponde al descriptor; para el nivel 4 faltaría un ejemplo más completo.,parcial,2026-05-13T00:02:00,RV-VAC-0041-1,CV-VAC-0041-1,synthetic,SYN-010194
ASM-01226,SES-00560,APP-00306,CRI-0203,EV-S2-03,3,15,[SINTÉTICO] Nivel 3: la evidencia registrada corresponde al descriptor; para el nivel 4 faltaría un ejemplo más completo.,suficiente,2026-05-24T19:00:00,RV-VAC-0041-1,CV-VAC-0041-1,synthetic,SYN-010197
ASM-01227,SES-00560,APP-00306,CRI-0204,EV-S2-03,3,15,[SINTÉTICO] Nivel 3: la evidencia registrada corresponde al descriptor; para el nivel 4 faltaría un ejemplo más completo.,parcial,2026-05-24T19:00:00,RV-VAC-0041-1,CV-VAC-0041-1,synthetic,SYN-010200
ASM-01228,SES-00560,APP-00306,CRI-0205,EV-S2-03,2,10,[SINTÉTICO] Nivel 2: la evidencia registrada corresponde al descriptor; para el nivel 3 faltaría un ejemplo más completo.,suficiente,2026-05-24T19:00:00,RV-VAC-0041-1,CV-VAC-0041-1,synthetic,SYN-010204
ASM-01229,SES-00562,APP-00308,CRI-0203,EV-S2-01,1,5,[SINTÉTICO] Nivel 1: la evidencia registrada corresponde al descriptor; para el nivel 2 faltaría un ejemplo más completo.,suficiente,2026-05-31T18:00:00,RV-VAC-0041-1,CV-VAC-0041-1,synthetic,SYN-010209
ASM-01230,SES-00562,APP-00308,CRI-0204,EV-S2-01,2,10,[SINTÉTICO] Nivel 2: la evidencia registrada corresponde al descriptor; para el nivel 3 faltaría un ejemplo más completo.,parcial,2026-05-31T18:00:00,RV-VAC-0041-1,CV-VAC-0041-1,synthetic,SYN-010213
ASM-01231,SES-00562,APP-00308,CRI-0205,EV-S2-01,1,5,[SINTÉTICO] Nivel 1: la evidencia registrada corresponde al descriptor; para el nivel 2 faltaría un ejemplo más completo.,suficiente,2026-05-31T18:00:00,RV-VAC-0041-1,CV-VAC-0041-1,synthetic,SYN-010215
ASM-01232,SES-00563,APP-00309,CRI-0200,EV-S2-04,3,15,[SINTÉTICO] Nivel 3: la evidencia registrada corresponde al descriptor; para el nivel 4 faltaría un ejemplo más completo.,insuficiente,2026-05-12T01:15:00,RV-VAC-0041-1,CV-VAC-0041-1,synthetic,SYN-010220
ASM-01233,SES-00563,APP-00309,CRI-0201,EV-S2-04,2,10,[SINTÉTICO] Nivel 2: la evidencia registrada corresponde al descriptor; para el nivel 3 faltaría un ejemplo más completo.,suficiente,2026-05-12T01:15:00,RV-VAC-0041-1,CV-VAC-0041-1,synthetic,SYN-010221
ASM-01234,SES-00563,APP-00309,CRI-0202,EV-S2-04,1,5,[SINTÉTICO] Nivel 1: la evidencia registrada corresponde al descriptor; para el nivel 2 faltaría un ejemplo más completo.,suficiente,2026-05-12T01:15:00,RV-VAC-0041-1,CV-VAC-0041-1,synthetic,SYN-010225
ASM-01235,SES-00564,APP-00309,CRI-0203,EV-S2-02,1,5,[SINTÉTICO] Nivel 1: la evidencia registrada corresponde al descriptor; para el nivel 2 faltaría un ejemplo más completo.,parcial,2026-05-29T20:00:00,RV-VAC-0041-1,CV-VAC-0041-1,synthetic,SYN-010229
ASM-01236,SES-00564,APP-00309,CRI-0204,EV-S2-02,2,10,[SINTÉTICO] Nivel 2: la evidencia registrada corresponde al descriptor; para el nivel 3 faltaría un ejemplo más completo.,parcial,2026-05-29T20:00:00,RV-VAC-0041-1,CV-VAC-0041-1,synthetic,SYN-010232
ASM-01237,SES-00564,APP-00309,CRI-0205,EV-S2-02,2,10,[SINTÉTICO] Nivel 2: la evidencia registrada corresponde al descriptor; para el nivel 3 faltaría un ejemplo más completo.,parcial,2026-05-29T20:00:00,RV-VAC-0041-1,CV-VAC-0041-1,synthetic,SYN-010235
ASM-01238,SES-00565,APP-00310,CRI-0200,EV-S2-04,2,10,[SINTÉTICO] Nivel 2: la evidencia registrada corresponde al descriptor; para el nivel 3 faltaría un ejemplo más completo.,suficiente,2026-05-15T22:07:00,RV-VAC-0041-1,CV-VAC-0041-1,synthetic,SYN-010239
ASM-01239,SES-00565,APP-00310,CRI-0201,EV-S2-04,1,5,[SINTÉTICO] Nivel 1: la evidencia registrada corresponde al descriptor; para el nivel 2 faltaría un ejemplo más completo.,parcial,2026-05-15T22:07:00,RV-VAC-0041-1,CV-VAC-0041-1,synthetic,SYN-010243
ASM-01240,SES-00565,APP-00310,CRI-0202,EV-S2-04,2,10,[SINTÉTICO] Nivel 2: la evidencia registrada corresponde al descriptor; para el nivel 3 faltaría un ejemplo más completo.,suficiente,2026-05-15T22:07:00,RV-VAC-0041-1,CV-VAC-0041-1,synthetic,SYN-010245
ASM-01241,SES-00566,APP-00310,CRI-0203,EV-S2-01,2,10,[SINTÉTICO] Nivel 2: la evidencia registrada corresponde al descriptor; para el nivel 3 faltaría un ejemplo más completo.,suficiente,2026-05-26T17:00:00,RV-VAC-0041-1,CV-VAC-0041-1,synthetic,SYN-010249
ASM-01242,SES-00566,APP-00310,CRI-0204,EV-S2-01,2,10,[SINTÉTICO] Nivel 2: la evidencia registrada corresponde al descriptor; para el nivel 3 faltaría un ejemplo más completo.,suficiente,2026-05-26T17:00:00,RV-VAC-0041-1,CV-VAC-0041-1,synthetic,SYN-010253
ASM-01243,SES-00566,APP-00310,CRI-0205,EV-S2-01,2,10,[SINTÉTICO] Nivel 2: la evidencia registrada corresponde al descriptor; para el nivel 3 faltaría un ejemplo más completo.,insuficiente,2026-05-26T17:00:00,RV-VAC-0041-1,CV-VAC-0041-1,synthetic,SYN-010256
ASM-01244,SES-00569,APP-00312,CRI-0200,EV-S2-02,2,10,[SINTÉTICO] Nivel 2: la evidencia registrada corresponde al descriptor; para el nivel 3 faltaría un ejemplo más completo.,suficiente,2026-05-13T10:57:00,RV-VAC-0041-1,CV-VAC-0041-1,synthetic,SYN-010261
ASM-01245,SES-00569,APP-00312,CRI-0201,EV-S2-02,2,10,[SINTÉTICO] Nivel 2: la evidencia registrada corresponde al descriptor; para el nivel 3 faltaría un ejemplo más completo.,suficiente,2026-05-13T10:57:00,RV-VAC-0041-1,CV-VAC-0041-1,synthetic,SYN-010265
ASM-01246,SES-00569,APP-00312,CRI-0202,EV-S2-02,2,10,[SINTÉTICO] Nivel 2: la evidencia registrada corresponde al descriptor; para el nivel 3 faltaría un ejemplo más completo.,suficiente,2026-05-13T10:57:00,RV-VAC-0041-1,CV-VAC-0041-1,synthetic,SYN-010267
ASM-01247,SES-00570,APP-00312,CRI-0203,EV-S2-03,2,10,[SINTÉTICO] Nivel 2: la evidencia registrada corresponde al descriptor; para el nivel 3 faltaría un ejemplo más completo.,suficiente,2026-05-25T13:00:00,RV-VAC-0041-1,CV-VAC-0041-1,synthetic,SYN-010272
ASM-01248,SES-00570,APP-00312,CRI-0204,EV-S2-03,2,10,[SINTÉTICO] Nivel 2: la evidencia registrada corresponde al descriptor; para el nivel 3 faltaría un ejemplo más completo.,parcial,2026-05-25T13:00:00,RV-VAC-0041-1,CV-VAC-0041-1,synthetic,SYN-010275
ASM-01249,SES-00570,APP-00312,CRI-0205,EV-S2-03,3,15,[SINTÉTICO] Nivel 3: la evidencia registrada corresponde al descriptor; para el nivel 4 faltaría un ejemplo más completo.,suficiente,2026-05-25T13:00:00,RV-VAC-0041-1,CV-VAC-0041-1,synthetic,SYN-010278
ASM-01250,SES-00571,APP-00313,CRI-0200,EV-S2-03,1,5,[SINTÉTICO] Nivel 1: la evidencia registrada corresponde al descriptor; para el nivel 2 faltaría un ejemplo más completo.,insuficiente,2026-05-23T09:41:00,RV-VAC-0041-1,CV-VAC-0041-1,synthetic,SYN-010283
ASM-01251,SES-00571,APP-00313,CRI-0201,EV-S2-03,2,10,[SINTÉTICO] Nivel 2: la evidencia registrada corresponde al descriptor; para el nivel 3 faltaría un ejemplo más completo.,insuficiente,2026-05-23T09:41:00,RV-VAC-0041-1,CV-VAC-0041-1,synthetic,SYN-010284
ASM-01252,SES-00571,APP-00313,CRI-0202,EV-S2-03,1,5,[SINTÉTICO] Nivel 1: la evidencia registrada corresponde al descriptor; para el nivel 2 faltaría un ejemplo más completo.,suficiente,2026-05-23T09:41:00,RV-VAC-0041-1,CV-VAC-0041-1,synthetic,SYN-010285
ASM-01253,SES-00572,APP-00313,CRI-0203,EV-S2-03,2,10,[SINTÉTICO] Nivel 2: la evidencia registrada corresponde al descriptor; para el nivel 3 faltaría un ejemplo más completo.,suficiente,2026-05-31T00:00:00,RV-VAC-0041-1,CV-VAC-0041-1,synthetic,SYN-010288
ASM-01254,SES-00572,APP-00313,CRI-0204,EV-S2-03,2,10,[SINTÉTICO] Nivel 2: la evidencia registrada corresponde al descriptor; para el nivel 3 faltaría un ejemplo más completo.,suficiente,2026-05-31T00:00:00,RV-VAC-0041-1,CV-VAC-0041-1,synthetic,SYN-010290
ASM-01255,SES-00572,APP-00313,CRI-0205,EV-S2-03,2,10,[SINTÉTICO] Nivel 2: la evidencia registrada corresponde al descriptor; para el nivel 3 faltaría un ejemplo más completo.,suficiente,2026-05-31T00:00:00,RV-VAC-0041-1,CV-VAC-0041-1,synthetic,SYN-010292
ASM-01256,SES-00573,APP-00314,CRI-0200,EV-S2-04,3,15,[SINTÉTICO] Nivel 3: la evidencia registrada corresponde al descriptor; para el nivel 4 faltaría un ejemplo más completo.,parcial,2026-06-02T21:37:00,RV-VAC-0041-1,CV-VAC-0041-1,synthetic,SYN-010297
ASM-01257,SES-00573,APP-00314,CRI-0201,EV-S2-04,4,20,[SINTÉTICO] Nivel 4: la evidencia registrada corresponde al descriptor; para el nivel 4 faltaría un ejemplo más completo.,parcial,2026-06-02T21:37:00,RV-VAC-0041-1,CV-VAC-0041-1,synthetic,SYN-010300
ASM-01258,SES-00573,APP-00314,CRI-0202,EV-S2-04,3,15,[SINTÉTICO] Nivel 3: la evidencia registrada corresponde al descriptor; para el nivel 4 faltaría un ejemplo más completo.,parcial,2026-06-02T21:37:00,RV-VAC-0041-1,CV-VAC-0041-1,synthetic,SYN-010303
ASM-01259,SES-00574,APP-00314,CRI-0200,EV-S2-02,4,20,[SINTÉTICO] Nivel 4: la evidencia registrada corresponde al descriptor; para el nivel 4 faltaría un ejemplo más completo.,parcial,2026-06-01T22:37:00,RV-VAC-0041-1,CV-VAC-0041-1,synthetic,SYN-010306
ASM-01260,SES-00574,APP-00314,CRI-0201,EV-S2-02,4,20,[SINTÉTICO] Nivel 4: la evidencia registrada corresponde al descriptor; para el nivel 4 faltaría un ejemplo más completo.,parcial,2026-06-01T22:37:00,RV-VAC-0041-1,CV-VAC-0041-1,synthetic,SYN-010308
ASM-01261,SES-00574,APP-00314,CRI-0202,EV-S2-02,3,15,[SINTÉTICO] Nivel 3: la evidencia registrada corresponde al descriptor; para el nivel 4 faltaría un ejemplo más completo.,parcial,2026-06-01T22:37:00,RV-VAC-0041-1,CV-VAC-0041-1,synthetic,SYN-010310
ASM-01262,SES-00576,APP-00315,CRI-0200,EV-S2-01,4,20,[SINTÉTICO] Nivel 4: la evidencia registrada corresponde al descriptor; para el nivel 4 faltaría un ejemplo más completo.,suficiente,2026-05-22T21:10:00,RV-VAC-0041-1,CV-VAC-0041-1,synthetic,SYN-010316
ASM-01263,SES-00576,APP-00315,CRI-0201,EV-S2-01,4,20,[SINTÉTICO] Nivel 4: la evidencia registrada corresponde al descriptor; para el nivel 4 faltaría un ejemplo más completo.,suficiente,2026-05-22T21:10:00,RV-VAC-0041-1,CV-VAC-0041-1,synthetic,SYN-010320
ASM-01264,SES-00576,APP-00315,CRI-0202,EV-S2-01,4,20,[SINTÉTICO] Nivel 4: la evidencia registrada corresponde al descriptor; para el nivel 4 faltaría un ejemplo más completo.,suficiente,2026-05-22T21:10:00,RV-VAC-0041-1,CV-VAC-0041-1,synthetic,SYN-010323
ASM-01265,SES-00577,APP-00315,CRI-0203,EV-S2-03,4,20,[SINTÉTICO] Nivel 4: la evidencia registrada corresponde al descriptor; para el nivel 4 faltaría un ejemplo más completo.,suficiente,2026-05-25T22:00:00,RV-VAC-0041-1,CV-VAC-0041-1,synthetic,SYN-010328
ASM-01266,SES-00577,APP-00315,CRI-0204,EV-S2-03,4,20,[SINTÉTICO] Nivel 4: la evidencia registrada corresponde al descriptor; para el nivel 4 faltaría un ejemplo más completo.,suficiente,2026-05-25T22:00:00,RV-VAC-0041-1,CV-VAC-0041-1,synthetic,SYN-010331
ASM-01267,SES-00577,APP-00315,CRI-0205,EV-S2-03,4,20,[SINTÉTICO] Nivel 4: la evidencia registrada corresponde al descriptor; para el nivel 4 faltaría un ejemplo más completo.,suficiente,2026-05-25T22:00:00,RV-VAC-0041-1,CV-VAC-0041-1,synthetic,SYN-010334
ASM-01268,SES-00578,APP-00316,CRI-0206,EV-S3-04,4,20,[SINTÉTICO] Nivel 4: la evidencia registrada corresponde al descriptor; para el nivel 4 faltaría un ejemplo más completo.,suficiente,2026-03-25T07:41:00,RV-VAC-0042-1,CV-VAC-0042-1,synthetic,SYN-010338
ASM-01269,SES-00578,APP-00316,CRI-0207,EV-S3-04,3,15,[SINTÉTICO] Nivel 3: la evidencia registrada corresponde al descriptor; para el nivel 4 faltaría un ejemplo más completo.,suficiente,2026-03-25T07:41:00,RV-VAC-0042-1,CV-VAC-0042-1,synthetic,SYN-010341
ASM-01270,SES-00578,APP-00316,CRI-0208,EV-S3-04,3,15,[SINTÉTICO] Nivel 3: la evidencia registrada corresponde al descriptor; para el nivel 4 faltaría un ejemplo más completo.,parcial,2026-03-25T07:41:00,RV-VAC-0042-1,CV-VAC-0042-1,synthetic,SYN-010346
ASM-01271,SES-00579,APP-00316,CRI-0209,EV-S3-03,3,15,[SINTÉTICO] Nivel 3: la evidencia registrada corresponde al descriptor; para el nivel 4 faltaría un ejemplo más completo.,suficiente,2026-04-05T22:00:00,RV-VAC-0042-1,CV-VAC-0042-1,synthetic,SYN-010350
ASM-01272,SES-00579,APP-00316,CRI-0210,EV-S3-03,4,20,[SINTÉTICO] Nivel 4: la evidencia registrada corresponde al descriptor; para el nivel 4 faltaría un ejemplo más completo.,suficiente,2026-04-05T22:00:00,RV-VAC-0042-1,CV-VAC-0042-1,synthetic,SYN-010352
ASM-01273,SES-00579,APP-00316,CRI-0211,EV-S3-03,4,20,[SINTÉTICO] Nivel 4: la evidencia registrada corresponde al descriptor; para el nivel 4 faltaría un ejemplo más completo.,suficiente,2026-04-05T22:00:00,RV-VAC-0042-1,CV-VAC-0042-1,synthetic,SYN-010355
ASM-01274,SES-00580,APP-00317,CRI-0206,EV-S3-03,1,5,[SINTÉTICO] Nivel 1: la evidencia registrada corresponde al descriptor; para el nivel 2 faltaría un ejemplo más completo.,suficiente,2026-03-22T17:08:00,RV-VAC-0042-1,CV-VAC-0042-1,synthetic,SYN-010359
ASM-01275,SES-00580,APP-00317,CRI-0207,EV-S3-03,1,5,[SINTÉTICO] Nivel 1: la evidencia registrada corresponde al descriptor; para el nivel 2 faltaría un ejemplo más completo.,suficiente,2026-03-22T17:08:00,RV-VAC-0042-1,CV-VAC-0042-1,synthetic,SYN-010363
ASM-01276,SES-00580,APP-00317,CRI-0208,EV-S3-03,1,5,[SINTÉTICO] Nivel 1: la evidencia registrada corresponde al descriptor; para el nivel 2 faltaría un ejemplo más completo.,parcial,2026-03-22T17:08:00,RV-VAC-0042-1,CV-VAC-0042-1,synthetic,SYN-010365
ASM-01277,SES-00581,APP-00317,CRI-0209,EV-S3-04,1,5,[SINTÉTICO] Nivel 1: la evidencia registrada corresponde al descriptor; para el nivel 2 faltaría un ejemplo más completo.,parcial,2026-04-01T17:00:00,RV-VAC-0042-1,CV-VAC-0042-1,synthetic,SYN-010369
ASM-01278,SES-00581,APP-00317,CRI-0210,EV-S3-04,2,10,[SINTÉTICO] Nivel 2: la evidencia registrada corresponde al descriptor; para el nivel 3 faltaría un ejemplo más completo.,suficiente,2026-04-01T17:00:00,RV-VAC-0042-1,CV-VAC-0042-1,synthetic,SYN-010372
ASM-01279,SES-00581,APP-00317,CRI-0211,EV-S3-04,1,5,[SINTÉTICO] Nivel 1: la evidencia registrada corresponde al descriptor; para el nivel 2 faltaría un ejemplo más completo.,suficiente,2026-04-01T17:00:00,RV-VAC-0042-1,CV-VAC-0042-1,synthetic,SYN-010374
ASM-01280,SES-00582,APP-00318,CRI-0206,EV-S3-03,2,10,[SINTÉTICO] Nivel 2: la evidencia registrada corresponde al descriptor; para el nivel 3 faltaría un ejemplo más completo.,suficiente,2026-03-30T01:32:00,RV-VAC-0042-1,CV-VAC-0042-1,synthetic,SYN-010377
ASM-01281,SES-00582,APP-00318,CRI-0207,EV-S3-03,2,10,[SINTÉTICO] Nivel 2: la evidencia registrada corresponde al descriptor; para el nivel 3 faltaría un ejemplo más completo.,suficiente,2026-03-30T01:32:00,RV-VAC-0042-1,CV-VAC-0042-1,synthetic,SYN-010379
ASM-01282,SES-00582,APP-00318,CRI-0208,EV-S3-03,2,10,[SINTÉTICO] Nivel 2: la evidencia registrada corresponde al descriptor; para el nivel 3 faltaría un ejemplo más completo.,suficiente,2026-03-30T01:32:00,RV-VAC-0042-1,CV-VAC-0042-1,synthetic,SYN-010382
ASM-01283,SES-00583,APP-00318,CRI-0209,EV-S3-02,2,10,[SINTÉTICO] Nivel 2: la evidencia registrada corresponde al descriptor; para el nivel 3 faltaría un ejemplo más completo.,parcial,2026-03-29T03:00:00,RV-VAC-0042-1,CV-VAC-0042-1,synthetic,SYN-010387
ASM-01284,SES-00583,APP-00318,CRI-0210,EV-S3-02,1,5,[SINTÉTICO] Nivel 1: la evidencia registrada corresponde al descriptor; para el nivel 2 faltaría un ejemplo más completo.,suficiente,2026-03-29T03:00:00,RV-VAC-0042-1,CV-VAC-0042-1,synthetic,SYN-010390
ASM-01285,SES-00583,APP-00318,CRI-0211,EV-S3-02,2,10,[SINTÉTICO] Nivel 2: la evidencia registrada corresponde al descriptor; para el nivel 3 faltaría un ejemplo más completo.,insuficiente,2026-03-29T03:00:00,RV-VAC-0042-1,CV-VAC-0042-1,synthetic,SYN-010393
ASM-01286,SES-00584,APP-00319,CRI-0206,EV-S3-04,4,20,[SINTÉTICO] Nivel 4: la evidencia registrada corresponde al descriptor; para el nivel 4 faltaría un ejemplo más completo.,suficiente,2026-04-03T09:43:00,RV-VAC-0042-1,CV-VAC-0042-1,synthetic,SYN-010396
ASM-01287,SES-00584,APP-00319,CRI-0207,EV-S3-04,4,20,[SINTÉTICO] Nivel 4: la evidencia registrada corresponde al descriptor; para el nivel 4 faltaría un ejemplo más completo.,suficiente,2026-04-03T09:43:00,RV-VAC-0042-1,CV-VAC-0042-1,synthetic,SYN-010399
ASM-01288,SES-00584,APP-00319,CRI-0208,EV-S3-04,4,20,[SINTÉTICO] Nivel 4: la evidencia registrada corresponde al descriptor; para el nivel 4 faltaría un ejemplo más completo.,insuficiente,2026-04-03T09:43:00,RV-VAC-0042-1,CV-VAC-0042-1,synthetic,SYN-010402
ASM-01289,SES-00585,APP-00320,CRI-0206,EV-S3-03,1,5,[SINTÉTICO] Nivel 1: la evidencia registrada corresponde al descriptor; para el nivel 2 faltaría un ejemplo más completo.,parcial,2026-03-31T20:44:00,RV-VAC-0042-1,CV-VAC-0042-1,synthetic,SYN-010404
ASM-01290,SES-00585,APP-00320,CRI-0207,EV-S3-03,1,5,[SINTÉTICO] Nivel 1: la evidencia registrada corresponde al descriptor; para el nivel 2 faltaría un ejemplo más completo.,parcial,2026-03-31T20:44:00,RV-VAC-0042-1,CV-VAC-0042-1,synthetic,SYN-010407
ASM-01291,SES-00585,APP-00320,CRI-0208,EV-S3-03,1,5,[SINTÉTICO] Nivel 1: la evidencia registrada corresponde al descriptor; para el nivel 2 faltaría un ejemplo más completo.,suficiente,2026-03-31T20:44:00,RV-VAC-0042-1,CV-VAC-0042-1,synthetic,SYN-010411
ASM-01292,SES-00586,APP-00320,CRI-0209,EV-S3-01,1,5,[SINTÉTICO] Nivel 1: la evidencia registrada corresponde al descriptor; para el nivel 2 faltaría un ejemplo más completo.,suficiente,2026-04-01T01:00:00,RV-VAC-0042-1,CV-VAC-0042-1,synthetic,SYN-010415
ASM-01293,SES-00586,APP-00320,CRI-0210,EV-S3-01,1,5,[SINTÉTICO] Nivel 1: la evidencia registrada corresponde al descriptor; para el nivel 2 faltaría un ejemplo más completo.,insuficiente,2026-04-01T01:00:00,RV-VAC-0042-1,CV-VAC-0042-1,synthetic,SYN-010418
ASM-01294,SES-00586,APP-00320,CRI-0211,EV-S3-01,1,5,[SINTÉTICO] Nivel 1: la evidencia registrada corresponde al descriptor; para el nivel 2 faltaría un ejemplo más completo.,suficiente,2026-04-01T01:00:00,RV-VAC-0042-1,CV-VAC-0042-1,synthetic,SYN-010419
ASM-01295,SES-00587,APP-00321,CRI-0206,EV-S3-04,2,10,[SINTÉTICO] Nivel 2: la evidencia registrada corresponde al descriptor; para el nivel 3 faltaría un ejemplo más completo.,parcial,2026-03-21T13:25:00,RV-VAC-0042-1,CV-VAC-0042-1,synthetic,SYN-010423
ASM-01296,SES-00587,APP-00321,CRI-0207,EV-S3-04,3,15,[SINTÉTICO] Nivel 3: la evidencia registrada corresponde al descriptor; para el nivel 4 faltaría un ejemplo más completo.,insuficiente,2026-03-21T13:25:00,RV-VAC-0042-1,CV-VAC-0042-1,synthetic,SYN-010425
ASM-01297,SES-00587,APP-00321,CRI-0208,EV-S3-04,2,10,[SINTÉTICO] Nivel 2: la evidencia registrada corresponde al descriptor; para el nivel 3 faltaría un ejemplo más completo.,parcial,2026-03-21T13:25:00,RV-VAC-0042-1,CV-VAC-0042-1,synthetic,SYN-010426
ASM-01298,SES-00588,APP-00321,CRI-0206,EV-S3-02,2,10,[SINTÉTICO] Nivel 2: la evidencia registrada corresponde al descriptor; para el nivel 3 faltaría un ejemplo más completo.,parcial,2026-03-18T14:25:00,RV-VAC-0042-1,CV-VAC-0042-1,synthetic,SYN-010429
ASM-01299,SES-00588,APP-00321,CRI-0207,EV-S3-02,3,15,[SINTÉTICO] Nivel 3: la evidencia registrada corresponde al descriptor; para el nivel 4 faltaría un ejemplo más completo.,insuficiente,2026-03-18T14:25:00,RV-VAC-0042-1,CV-VAC-0042-1,synthetic,SYN-010432
ASM-01300,SES-00588,APP-00321,CRI-0208,EV-S3-02,2,10,[SINTÉTICO] Nivel 2: la evidencia registrada corresponde al descriptor; para el nivel 3 faltaría un ejemplo más completo.,suficiente,2026-03-18T14:25:00,RV-VAC-0042-1,CV-VAC-0042-1,synthetic,SYN-010433
ASM-01301,SES-00589,APP-00321,CRI-0209,EV-S3-04,2,10,[SINTÉTICO] Nivel 2: la evidencia registrada corresponde al descriptor; para el nivel 3 faltaría un ejemplo más completo.,parcial,2026-04-04T18:00:00,RV-VAC-0042-1,CV-VAC-0042-1,synthetic,SYN-010437
ASM-01302,SES-00589,APP-00321,CRI-0210,EV-S3-04,2,10,[SINTÉTICO] Nivel 2: la evidencia registrada corresponde al descriptor; para el nivel 3 faltaría un ejemplo más completo.,suficiente,2026-04-04T18:00:00,RV-VAC-0042-1,CV-VAC-0042-1,synthetic,SYN-010439
ASM-01303,SES-00589,APP-00321,CRI-0211,EV-S3-04,1,5,[SINTÉTICO] Nivel 1: la evidencia registrada corresponde al descriptor; para el nivel 2 faltaría un ejemplo más completo.,suficiente,2026-04-04T18:00:00,RV-VAC-0042-1,CV-VAC-0042-1,synthetic,SYN-010442
ASM-01304,SES-00590,APP-00322,CRI-0206,EV-S3-01,2,10,[SINTÉTICO] Nivel 2: la evidencia registrada corresponde al descriptor; para el nivel 3 faltaría un ejemplo más completo.,suficiente,2026-03-19T16:12:00,RV-VAC-0042-1,CV-VAC-0042-1,synthetic,SYN-010445
ASM-01305,SES-00590,APP-00322,CRI-0207,EV-S3-01,2,10,[SINTÉTICO] Nivel 2: la evidencia registrada corresponde al descriptor; para el nivel 3 faltaría un ejemplo más completo.,suficiente,2026-03-19T16:12:00,RV-VAC-0042-1,CV-VAC-0042-1,synthetic,SYN-010448
ASM-01306,SES-00590,APP-00322,CRI-0208,EV-S3-01,2,10,[SINTÉTICO] Nivel 2: la evidencia registrada corresponde al descriptor; para el nivel 3 faltaría un ejemplo más completo.,suficiente,2026-03-19T16:12:00,RV-VAC-0042-1,CV-VAC-0042-1,synthetic,SYN-010451
ASM-01307,SES-00593,APP-00323,CRI-0214,EV-S1-03,1,5,[SINTÉTICO] Nivel 1: la evidencia registrada corresponde al descriptor; para el nivel 2 faltaría un ejemplo más completo.,suficiente,2026-04-21T20:00:00,RV-VAC-0043-1,CV-VAC-0043-1,synthetic,SYN-010461
ASM-01308,SES-00593,APP-00323,CRI-0215,EV-S1-03,1,5,[SINTÉTICO] Nivel 1: la evidencia registrada corresponde al descriptor; para el nivel 2 faltaría un ejemplo más completo.,suficiente,2026-04-21T20:00:00,RV-VAC-0043-1,CV-VAC-0043-1,synthetic,SYN-010463
ASM-01309,SES-00594,APP-00324,CRI-0212,EV-S1-01,1,5,[SINTÉTICO] Nivel 1: la evidencia registrada corresponde al descriptor; para el nivel 2 faltaría un ejemplo más completo.,insuficiente,2026-04-22T13:18:00,RV-VAC-0043-1,CV-VAC-0043-1,synthetic,SYN-010468
ASM-01310,SES-00594,APP-00324,CRI-0213,EV-S1-01,1,5,[SINTÉTICO] Nivel 1: la evidencia registrada corresponde al descriptor; para el nivel 2 faltaría un ejemplo más completo.,suficiente,2026-04-22T13:18:00,RV-VAC-0043-1,CV-VAC-0043-1,synthetic,SYN-010469
ASM-01311,SES-00595,APP-00324,CRI-0212,EV-S1-02,1,5,[SINTÉTICO] Nivel 1: la evidencia registrada corresponde al descriptor; para el nivel 2 faltaría un ejemplo más completo.,parcial,2026-04-18T09:18:00,RV-VAC-0043-1,CV-VAC-0043-1,synthetic,SYN-010472
ASM-01312,SES-00595,APP-00324,CRI-0213,EV-S1-02,1,5,[SINTÉTICO] Nivel 1: la evidencia registrada corresponde al descriptor; para el nivel 2 faltaría un ejemplo más completo.,parcial,2026-04-18T09:18:00,RV-VAC-0043-1,CV-VAC-0043-1,synthetic,SYN-010476
ASM-01313,SES-00596,APP-00324,CRI-0214,EV-S1-01,1,5,[SINTÉTICO] Nivel 1: la evidencia registrada corresponde al descriptor; para el nivel 2 faltaría un ejemplo más completo.,suficiente,2026-04-21T22:00:00,RV-VAC-0043-1,CV-VAC-0043-1,synthetic,SYN-010479
ASM-01314,SES-00596,APP-00324,CRI-0215,EV-S1-01,1,5,[SINTÉTICO] Nivel 1: la evidencia registrada corresponde al descriptor; para el nivel 2 faltaría un ejemplo más completo.,suficiente,2026-04-21T22:00:00,RV-VAC-0043-1,CV-VAC-0043-1,synthetic,SYN-010481
ASM-01315,SES-00597,APP-00325,CRI-0212,EV-S1-02,4,20,[SINTÉTICO] Nivel 4: la evidencia registrada corresponde al descriptor; para el nivel 4 faltaría un ejemplo más completo.,suficiente,2026-04-19T14:58:00,RV-VAC-0043-1,CV-VAC-0043-1,synthetic,SYN-010485
ASM-01316,SES-00597,APP-00325,CRI-0213,EV-S1-02,3,15,[SINTÉTICO] Nivel 3: la evidencia registrada corresponde al descriptor; para el nivel 4 faltaría un ejemplo más completo.,parcial,2026-04-19T14:58:00,RV-VAC-0043-1,CV-VAC-0043-1,synthetic,SYN-010488
ASM-01317,SES-00598,APP-00325,CRI-0214,EV-S1-03,4,20,[SINTÉTICO] Nivel 4: la evidencia registrada corresponde al descriptor; para el nivel 4 faltaría un ejemplo más completo.,parcial,2026-04-28T00:00:00,RV-VAC-0043-1,CV-VAC-0043-1,synthetic,SYN-010491
ASM-01318,SES-00598,APP-00325,CRI-0215,EV-S1-03,3,15,[SINTÉTICO] Nivel 3: la evidencia registrada corresponde al descriptor; para el nivel 4 faltaría un ejemplo más completo.,parcial,2026-04-28T00:00:00,RV-VAC-0043-1,CV-VAC-0043-1,synthetic,SYN-010494
ASM-01319,SES-00599,APP-00326,CRI-0212,EV-S1-04,3,15,[SINTÉTICO] Nivel 3: la evidencia registrada corresponde al descriptor; para el nivel 4 faltaría un ejemplo más completo.,parcial,2026-04-15T00:14:00,RV-VAC-0043-1,CV-VAC-0043-1,synthetic,SYN-010499
ASM-01320,SES-00599,APP-00326,CRI-0213,EV-S1-04,4,20,[SINTÉTICO] Nivel 4: la evidencia registrada corresponde al descriptor; para el nivel 4 faltaría un ejemplo más completo.,suficiente,2026-04-15T00:14:00,RV-VAC-0043-1,CV-VAC-0043-1,synthetic,SYN-010503
ASM-01321,SES-00601,APP-00327,CRI-0214,EV-S1-02,3,15,[SINTÉTICO] Nivel 3: la evidencia registrada corresponde al descriptor; para el nivel 4 faltaría un ejemplo más completo.,parcial,2026-04-26T12:00:00,RV-VAC-0043-1,CV-VAC-0043-1,synthetic,SYN-010509
ASM-01322,SES-00601,APP-00327,CRI-0215,EV-S1-02,4,20,[SINTÉTICO] Nivel 4: la evidencia registrada corresponde al descriptor; para el nivel 4 faltaría un ejemplo más completo.,suficiente,2026-04-26T12:00:00,RV-VAC-0043-1,CV-VAC-0043-1,synthetic,SYN-010512
ASM-01323,SES-00602,APP-00328,CRI-0212,EV-S1-03,1,5,[SINTÉTICO] Nivel 1: la evidencia registrada corresponde al descriptor; para el nivel 2 faltaría un ejemplo más completo.,parcial,2026-04-23T06:59:00,RV-VAC-0043-1,CV-VAC-0043-1,synthetic,SYN-010515
ASM-01324,SES-00602,APP-00328,CRI-0213,EV-S1-03,1,5,[SINTÉTICO] Nivel 1: la evidencia registrada corresponde al descriptor; para el nivel 2 faltaría un ejemplo más completo.,parcial,2026-04-23T06:59:00,RV-VAC-0043-1,CV-VAC-0043-1,synthetic,SYN-010518
ASM-01325,SES-00603,APP-00328,CRI-0214,EV-S1-03,1,5,[SINTÉTICO] Nivel 1: la evidencia registrada corresponde al descriptor; para el nivel 2 faltaría un ejemplo más completo.,parcial,2026-04-26T22:00:00,RV-VAC-0043-1,CV-VAC-0043-1,synthetic,SYN-010521
ASM-01326,SES-00603,APP-00328,CRI-0215,EV-S1-03,1,5,[SINTÉTICO] Nivel 1: la evidencia registrada corresponde al descriptor; para el nivel 2 faltaría un ejemplo más completo.,suficiente,2026-04-26T22:00:00,RV-VAC-0043-1,CV-VAC-0043-1,synthetic,SYN-010524
ASM-01327,SES-00604,APP-00329,CRI-0212,EV-S1-04,1,5,[SINTÉTICO] Nivel 1: la evidencia registrada corresponde al descriptor; para el nivel 2 faltaría un ejemplo más completo.,suficiente,2026-04-25T19:50:00,RV-VAC-0043-1,CV-VAC-0043-1,synthetic,SYN-010528
ASM-01328,SES-00604,APP-00329,CRI-0213,EV-S1-04,2,10,[SINTÉTICO] Nivel 2: la evidencia registrada corresponde al descriptor; para el nivel 3 faltaría un ejemplo más completo.,suficiente,2026-04-25T19:50:00,RV-VAC-0043-1,CV-VAC-0043-1,synthetic,SYN-010532
ASM-01329,SES-00605,APP-00330,CRI-0212,EV-S1-01,3,15,[SINTÉTICO] Nivel 3: la evidencia registrada corresponde al descriptor; para el nivel 4 faltaría un ejemplo más completo.,suficiente,2026-04-18T00:24:00,RV-VAC-0043-1,CV-VAC-0043-1,synthetic,SYN-010537
ASM-01330,SES-00605,APP-00330,CRI-0213,EV-S1-01,3,15,[SINTÉTICO] Nivel 3: la evidencia registrada corresponde al descriptor; para el nivel 4 faltaría un ejemplo más completo.,insuficiente,2026-04-18T00:24:00,RV-VAC-0043-1,CV-VAC-0043-1,synthetic,SYN-010539
ASM-01331,SES-00606,APP-00331,CRI-0212,EV-S1-01,4,20,[SINTÉTICO] Nivel 4: la evidencia registrada corresponde al descriptor; para el nivel 4 faltaría un ejemplo más completo.,suficiente,2026-04-19T14:46:00,RV-VAC-0043-1,CV-VAC-0043-1,synthetic,SYN-010541
ASM-01332,SES-00606,APP-00331,CRI-0213,EV-S1-01,3,15,[SINTÉTICO] Nivel 3: la evidencia registrada corresponde al descriptor; para el nivel 4 faltaría un ejemplo más completo.,suficiente,2026-04-19T14:46:00,RV-VAC-0043-1,CV-VAC-0043-1,synthetic,SYN-010543
ASM-01333,SES-00607,APP-00331,CRI-0214,EV-S1-02,4,20,[SINTÉTICO] Nivel 4: la evidencia registrada corresponde al descriptor; para el nivel 4 faltaría un ejemplo más completo.,suficiente,2026-05-01T03:00:00,RV-VAC-0043-1,CV-VAC-0043-1,synthetic,SYN-010547
ASM-01334,SES-00607,APP-00331,CRI-0215,EV-S1-02,4,20,[SINTÉTICO] Nivel 4: la evidencia registrada corresponde al descriptor; para el nivel 4 faltaría un ejemplo más completo.,parcial,2026-05-01T03:00:00,RV-VAC-0043-1,CV-VAC-0043-1,synthetic,SYN-010550
ASM-01335,SES-00608,APP-00332,CRI-0212,EV-S1-02,1,5,[SINTÉTICO] Nivel 1: la evidencia registrada corresponde al descriptor; para el nivel 2 faltaría un ejemplo más completo.,parcial,2026-04-18T20:55:00,RV-VAC-0043-1,CV-VAC-0043-1,synthetic,SYN-010553
ASM-01336,SES-00608,APP-00332,CRI-0213,EV-S1-02,1,5,[SINTÉTICO] Nivel 1: la evidencia registrada corresponde al descriptor; para el nivel 2 faltaría un ejemplo más completo.,parcial,2026-04-18T20:55:00,RV-VAC-0043-1,CV-VAC-0043-1,synthetic,SYN-010557
ASM-01337,SES-00609,APP-00332,CRI-0214,EV-S1-04,1,5,[SINTÉTICO] Nivel 1: la evidencia registrada corresponde al descriptor; para el nivel 2 faltaría un ejemplo más completo.,parcial,2026-05-02T15:00:00,RV-VAC-0043-1,CV-VAC-0043-1,synthetic,SYN-010560
ASM-01338,SES-00609,APP-00332,CRI-0215,EV-S1-04,1,5,[SINTÉTICO] Nivel 1: la evidencia registrada corresponde al descriptor; para el nivel 2 faltaría un ejemplo más completo.,insuficiente,2026-05-02T15:00:00,RV-VAC-0043-1,CV-VAC-0043-1,synthetic,SYN-010562
ASM-01339,SES-00610,APP-00335,CRI-0212,EV-S1-02,3,15,[SINTÉTICO] Nivel 3: la evidencia registrada corresponde al descriptor; para el nivel 4 faltaría un ejemplo más completo.,suficiente,2026-04-14T02:00:00,RV-VAC-0043-1,CV-VAC-0043-1,synthetic,SYN-010564
ASM-01340,SES-00610,APP-00335,CRI-0213,EV-S1-02,1,5,[SINTÉTICO] Nivel 1: la evidencia registrada corresponde al descriptor; para el nivel 2 faltaría un ejemplo más completo.,suficiente,2026-04-14T02:00:00,RV-VAC-0043-1,CV-VAC-0043-1,synthetic,SYN-010567
ASM-01341,SES-00611,APP-00336,CRI-0216,EV-S2-03,1,5,[SINTÉTICO] Nivel 1: la evidencia registrada corresponde al descriptor; para el nivel 2 faltaría un ejemplo más completo.,parcial,2026-02-15T01:00:00,RV-VAC-0044-1,CV-VAC-0044-1,synthetic,SYN-010570
ASM-01342,SES-00611,APP-00336,CRI-0217,EV-S2-03,1,5,[SINTÉTICO] Nivel 1: la evidencia registrada corresponde al descriptor; para el nivel 2 faltaría un ejemplo más completo.,suficiente,2026-02-15T01:00:00,RV-VAC-0044-1,CV-VAC-0044-1,synthetic,SYN-010573
ASM-01343,SES-00612,APP-00336,CRI-0218,EV-S2-03,1,5,[SINTÉTICO] Nivel 1: la evidencia registrada corresponde al descriptor; para el nivel 2 faltaría un ejemplo más completo.,parcial,2026-02-25T19:00:00,RV-VAC-0044-1,CV-VAC-0044-1,synthetic,SYN-010577
ASM-01344,SES-00612,APP-00336,CRI-0219,EV-S2-03,1,5,[SINTÉTICO] Nivel 1: la evidencia registrada corresponde al descriptor; para el nivel 2 faltaría un ejemplo más completo.,parcial,2026-02-25T19:00:00,RV-VAC-0044-1,CV-VAC-0044-1,synthetic,SYN-010579
ASM-01345,SES-00613,APP-00337,CRI-0216,EV-S2-01,2,10,[SINTÉTICO] Nivel 2: la evidencia registrada corresponde al descriptor; para el nivel 3 faltaría un ejemplo más completo.,suficiente,2026-02-25T10:48:00,RV-VAC-0044-1,CV-VAC-0044-1,synthetic,SYN-010582
ASM-01346,SES-00613,APP-00337,CRI-0217,EV-S2-01,2,10,[SINTÉTICO] Nivel 2: la evidencia registrada corresponde al descriptor; para el nivel 3 faltaría un ejemplo más completo.,suficiente,2026-02-25T10:48:00,RV-VAC-0044-1,CV-VAC-0044-1,synthetic,SYN-010585
ASM-01347,SES-00614,APP-00337,CRI-0218,EV-S2-01,2,10,[SINTÉTICO] Nivel 2: la evidencia registrada corresponde al descriptor; para el nivel 3 faltaría un ejemplo más completo.,suficiente,2026-02-27T23:00:00,RV-VAC-0044-1,CV-VAC-0044-1,synthetic,SYN-010589
ASM-01348,SES-00614,APP-00337,CRI-0219,EV-S2-01,2,10,[SINTÉTICO] Nivel 2: la evidencia registrada corresponde al descriptor; para el nivel 3 faltaría un ejemplo más completo.,parcial,2026-02-27T23:00:00,RV-VAC-0044-1,CV-VAC-0044-1,synthetic,SYN-010593
ASM-01349,SES-00615,APP-00338,CRI-0216,EV-S2-03,4,20,[SINTÉTICO] Nivel 4: la evidencia registrada corresponde al descriptor; para el nivel 4 faltaría un ejemplo más completo.,parcial,2026-02-17T18:12:00,RV-VAC-0044-1,CV-VAC-0044-1,synthetic,SYN-010596
ASM-01350,SES-00615,APP-00338,CRI-0217,EV-S2-03,4,20,[SINTÉTICO] Nivel 4: la evidencia registrada corresponde al descriptor; para el nivel 4 faltaría un ejemplo más completo.,parcial,2026-02-17T18:12:00,RV-VAC-0044-1,CV-VAC-0044-1,synthetic,SYN-010598
ASM-01351,SES-00616,APP-00338,CRI-0216,EV-S2-02,4,20,[SINTÉTICO] Nivel 4: la evidencia registrada corresponde al descriptor; para el nivel 4 faltaría un ejemplo más completo.,suficiente,2026-02-13T05:00:00,RV-VAC-0044-1,CV-VAC-0044-1,synthetic,SYN-010603
ASM-01352,SES-00616,APP-00338,CRI-0217,EV-S2-02,3,15,[SINTÉTICO] Nivel 3: la evidencia registrada corresponde al descriptor; para el nivel 4 faltaría un ejemplo más completo.,parcial,2026-02-13T05:00:00,RV-VAC-0044-1,CV-VAC-0044-1,synthetic,SYN-010605
ASM-01353,SES-00617,APP-00338,CRI-0218,EV-S2-03,4,20,[SINTÉTICO] Nivel 4: la evidencia registrada corresponde al descriptor; para el nivel 4 faltaría un ejemplo más completo.,suficiente,2026-02-24T20:00:00,RV-VAC-0044-1,CV-VAC-0044-1,synthetic,SYN-010609
ASM-01354,SES-00617,APP-00338,CRI-0219,EV-S2-03,4,20,[SINTÉTICO] Nivel 4: la evidencia registrada corresponde al descriptor; para el nivel 4 faltaría un ejemplo más completo.,parcial,2026-02-24T20:00:00,RV-VAC-0044-1,CV-VAC-0044-1,synthetic,SYN-010613
ASM-01355,SES-00618,APP-00339,CRI-0216,EV-S2-02,2,10,[SINTÉTICO] Nivel 2: la evidencia registrada corresponde al descriptor; para el nivel 3 faltaría un ejemplo más completo.,suficiente,2026-02-14T01:58:00,RV-VAC-0044-1,CV-VAC-0044-1,synthetic,SYN-010617
ASM-01356,SES-00618,APP-00339,CRI-0217,EV-S2-02,2,10,[SINTÉTICO] Nivel 2: la evidencia registrada corresponde al descriptor; para el nivel 3 faltaría un ejemplo más completo.,parcial,2026-02-14T01:58:00,RV-VAC-0044-1,CV-VAC-0044-1,synthetic,SYN-010619
ASM-01357,SES-00619,APP-00339,CRI-0218,EV-S2-01,3,15,[SINTÉTICO] Nivel 3: la evidencia registrada corresponde al descriptor; para el nivel 4 faltaría un ejemplo más completo.,suficiente,2026-02-28T21:00:00,RV-VAC-0044-1,CV-VAC-0044-1,synthetic,SYN-010622
ASM-01358,SES-00619,APP-00339,CRI-0219,EV-S2-01,3,15,[SINTÉTICO] Nivel 3: la evidencia registrada corresponde al descriptor; para el nivel 4 faltaría un ejemplo más completo.,parcial,2026-02-28T21:00:00,RV-VAC-0044-1,CV-VAC-0044-1,synthetic,SYN-010626
ASM-01359,SES-00620,APP-00340,CRI-0216,EV-S2-04,4,20,[SINTÉTICO] Nivel 4: la evidencia registrada corresponde al descriptor; para el nivel 4 faltaría un ejemplo más completo.,suficiente,2026-02-24T16:35:00,RV-VAC-0044-1,CV-VAC-0044-1,synthetic,SYN-010631
ASM-01360,SES-00620,APP-00340,CRI-0217,EV-S2-04,3,15,[SINTÉTICO] Nivel 3: la evidencia registrada corresponde al descriptor; para el nivel 4 faltaría un ejemplo más completo.,suficiente,2026-02-24T16:35:00,RV-VAC-0044-1,CV-VAC-0044-1,synthetic,SYN-010635
ASM-01361,SES-00621,APP-00340,CRI-0218,EV-S2-04,2,10,[SINTÉTICO] Nivel 2: la evidencia registrada corresponde al descriptor; para el nivel 3 faltaría un ejemplo más completo.,suficiente,2026-02-21T16:00:00,RV-VAC-0044-1,CV-VAC-0044-1,synthetic,SYN-010639
ASM-01362,SES-00621,APP-00340,CRI-0219,EV-S2-04,3,15,[SINTÉTICO] Nivel 3: la evidencia registrada corresponde al descriptor; para el nivel 4 faltaría un ejemplo más completo.,parcial,2026-02-21T16:00:00,RV-VAC-0044-1,CV-VAC-0044-1,synthetic,SYN-010641
ASM-01363,SES-00622,APP-00341,CRI-0216,EV-S2-01,3,15,[SINTÉTICO] Nivel 3: la evidencia registrada corresponde al descriptor; para el nivel 4 faltaría un ejemplo más completo.,suficiente,2026-02-14T04:00:00,RV-VAC-0044-1,CV-VAC-0044-1,synthetic,SYN-010644
ASM-01364,SES-00622,APP-00341,CRI-0217,EV-S2-01,4,20,[SINTÉTICO] Nivel 4: la evidencia registrada corresponde al descriptor; para el nivel 4 faltaría un ejemplo más completo.,suficiente,2026-02-14T04:00:00,RV-VAC-0044-1,CV-VAC-0044-1,synthetic,SYN-010647
ASM-01365,SES-00624,APP-00342,CRI-0216,EV-S2-01,2,10,[SINTÉTICO] Nivel 2: la evidencia registrada corresponde al descriptor; para el nivel 3 faltaría un ejemplo más completo.,parcial,2026-03-02T17:06:00,RV-VAC-0044-1,CV-VAC-0044-1,synthetic,SYN-010655
ASM-01366,SES-00624,APP-00342,CRI-0217,EV-S2-01,2,10,[SINTÉTICO] Nivel 2: la evidencia registrada corresponde al descriptor; para el nivel 3 faltaría un ejemplo más completo.,suficiente,2026-03-02T17:06:00,RV-VAC-0044-1,CV-VAC-0044-1,synthetic,SYN-010658
ASM-01367,SES-00625,APP-00342,CRI-0218,EV-S2-03,1,5,[SINTÉTICO] Nivel 1: la evidencia registrada corresponde al descriptor; para el nivel 2 faltaría un ejemplo más completo.,suficiente,2026-02-27T18:00:00,RV-VAC-0044-1,CV-VAC-0044-1,synthetic,SYN-010662
ASM-01368,SES-00625,APP-00342,CRI-0219,EV-S2-03,2,10,[SINTÉTICO] Nivel 2: la evidencia registrada corresponde al descriptor; para el nivel 3 faltaría un ejemplo más completo.,suficiente,2026-02-27T18:00:00,RV-VAC-0044-1,CV-VAC-0044-1,synthetic,SYN-010666
ASM-01369,SES-00627,APP-00344,CRI-0216,EV-S2-03,3,15,[SINTÉTICO] Nivel 3: la evidencia registrada corresponde al descriptor; para el nivel 4 faltaría un ejemplo más completo.,suficiente,2026-02-15T17:35:00,RV-VAC-0044-1,CV-VAC-0044-1,synthetic,SYN-010671
ASM-01370,SES-00627,APP-00344,CRI-0217,EV-S2-03,2,10,[SINTÉTICO] Nivel 2: la evidencia registrada corresponde al descriptor; para el nivel 3 faltaría un ejemplo más completo.,insuficiente,2026-02-15T17:35:00,RV-VAC-0044-1,CV-VAC-0044-1,synthetic,SYN-010674
ASM-01371,SES-00628,APP-00345,CRI-0220,EV-S3-02,4,20,[SINTÉTICO] Nivel 4: la evidencia registrada corresponde al descriptor; para el nivel 4 faltaría un ejemplo más completo.,parcial,2026-08-31T08:45:00,RV-VAC-0045-1,CV-VAC-0045-1,synthetic,SYN-010676
ASM-01372,SES-00628,APP-00345,CRI-0221,EV-S3-02,4,20,[SINTÉTICO] Nivel 4: la evidencia registrada corresponde al descriptor; para el nivel 4 faltaría un ejemplo más completo.,suficiente,2026-08-31T08:45:00,RV-VAC-0045-1,CV-VAC-0045-1,synthetic,SYN-010680
ASM-01373,SES-00628,APP-00345,CRI-0222,EV-S3-02,4,20,[SINTÉTICO] Nivel 4: la evidencia registrada corresponde al descriptor; para el nivel 4 faltaría un ejemplo más completo.,parcial,2026-08-31T08:45:00,RV-VAC-0045-1,CV-VAC-0045-1,synthetic,SYN-010684
ASM-01374,SES-00629,APP-00345,CRI-0223,EV-S3-02,4,20,[SINTÉTICO] Nivel 4: la evidencia registrada corresponde al descriptor; para el nivel 4 faltaría un ejemplo más completo.,parcial,2026-09-12T21:00:00,RV-VAC-0045-1,CV-VAC-0045-1,synthetic,SYN-010689
ASM-01375,SES-00629,APP-00345,CRI-0224,EV-S3-02,4,20,[SINTÉTICO] Nivel 4: la evidencia registrada corresponde al descriptor; para el nivel 4 faltaría un ejemplo más completo.,suficiente,2026-09-12T21:00:00,RV-VAC-0045-1,CV-VAC-0045-1,synthetic,SYN-010691
ASM-01376,SES-00629,APP-00345,CRI-0225,EV-S3-02,4,20,[SINTÉTICO] Nivel 4: la evidencia registrada corresponde al descriptor; para el nivel 4 faltaría un ejemplo más completo.,parcial,2026-09-12T21:00:00,RV-VAC-0045-1,CV-VAC-0045-1,synthetic,SYN-010694
ASM-01377,SES-00630,APP-00346,CRI-0220,EV-S3-02,4,20,[SINTÉTICO] Nivel 4: la evidencia registrada corresponde al descriptor; para el nivel 4 faltaría un ejemplo más completo.,suficiente,2026-08-29T14:28:00,RV-VAC-0045-1,CV-VAC-0045-1,synthetic,SYN-010697
ASM-01378,SES-00630,APP-00346,CRI-0221,EV-S3-02,4,20,[SINTÉTICO] Nivel 4: la evidencia registrada corresponde al descriptor; para el nivel 4 faltaría un ejemplo más completo.,parcial,2026-08-29T14:28:00,RV-VAC-0045-1,CV-VAC-0045-1,synthetic,SYN-010700
ASM-01379,SES-00630,APP-00346,CRI-0222,EV-S3-02,4,20,[SINTÉTICO] Nivel 4: la evidencia registrada corresponde al descriptor; para el nivel 4 faltaría un ejemplo más completo.,suficiente,2026-08-29T14:28:00,RV-VAC-0045-1,CV-VAC-0045-1,synthetic,SYN-010702
ASM-01380,SES-00631,APP-00346,CRI-0223,EV-S3-04,4,20,[SINTÉTICO] Nivel 4: la evidencia registrada corresponde al descriptor; para el nivel 4 faltaría un ejemplo más completo.,suficiente,2026-09-13T17:00:00,RV-VAC-0045-1,CV-VAC-0045-1,synthetic,SYN-010706
ASM-01381,SES-00631,APP-00346,CRI-0224,EV-S3-04,3,15,[SINTÉTICO] Nivel 3: la evidencia registrada corresponde al descriptor; para el nivel 4 faltaría un ejemplo más completo.,suficiente,2026-09-13T17:00:00,RV-VAC-0045-1,CV-VAC-0045-1,synthetic,SYN-010709
ASM-01382,SES-00631,APP-00346,CRI-0225,EV-S3-04,4,20,[SINTÉTICO] Nivel 4: la evidencia registrada corresponde al descriptor; para el nivel 4 faltaría un ejemplo más completo.,suficiente,2026-09-13T17:00:00,RV-VAC-0045-1,CV-VAC-0045-1,synthetic,SYN-010711
ASM-01383,SES-00633,APP-00347,CRI-0223,EV-S3-04,1,5,[SINTÉTICO] Nivel 1: la evidencia registrada corresponde al descriptor; para el nivel 2 faltaría un ejemplo más completo.,suficiente,2026-09-01T21:00:00,RV-VAC-0045-1,CV-VAC-0045-1,synthetic,SYN-010716
ASM-01384,SES-00633,APP-00347,CRI-0224,EV-S3-04,1,5,[SINTÉTICO] Nivel 1: la evidencia registrada corresponde al descriptor; para el nivel 2 faltaría un ejemplo más completo.,suficiente,2026-09-01T21:00:00,RV-VAC-0045-1,CV-VAC-0045-1,synthetic,SYN-010720
ASM-01385,SES-00633,APP-00347,CRI-0225,EV-S3-04,1,5,[SINTÉTICO] Nivel 1: la evidencia registrada corresponde al descriptor; para el nivel 2 faltaría un ejemplo más completo.,parcial,2026-09-01T21:00:00,RV-VAC-0045-1,CV-VAC-0045-1,synthetic,SYN-010723
ASM-01386,SES-00634,APP-00348,CRI-0220,EV-S3-03,3,15,[SINTÉTICO] Nivel 3: la evidencia registrada corresponde al descriptor; para el nivel 4 faltaría un ejemplo más completo.,suficiente,2026-09-06T08:39:00,RV-VAC-0045-1,CV-VAC-0045-1,synthetic,SYN-010728
ASM-01387,SES-00634,APP-00348,CRI-0221,EV-S3-03,2,10,[SINTÉTICO] Nivel 2: la evidencia registrada corresponde al descriptor; para el nivel 3 faltaría un ejemplo más completo.,suficiente,2026-09-06T08:39:00,RV-VAC-0045-1,CV-VAC-0045-1,synthetic,SYN-010730
ASM-01388,SES-00634,APP-00348,CRI-0222,EV-S3-03,2,10,[SINTÉTICO] Nivel 2: la evidencia registrada corresponde al descriptor; para el nivel 3 faltaría un ejemplo más completo.,parcial,2026-09-06T08:39:00,RV-VAC-0045-1,CV-VAC-0045-1,synthetic,SYN-010733
ASM-01389,SES-00635,APP-00348,CRI-0223,EV-S3-02,2,10,[SINTÉTICO] Nivel 2: la evidencia registrada corresponde al descriptor; para el nivel 3 faltaría un ejemplo más completo.,parcial,2026-08-30T16:00:00,RV-VAC-0045-1,CV-VAC-0045-1,synthetic,SYN-010738
ASM-01390,SES-00635,APP-00348,CRI-0224,EV-S3-02,2,10,[SINTÉTICO] Nivel 2: la evidencia registrada corresponde al descriptor; para el nivel 3 faltaría un ejemplo más completo.,suficiente,2026-08-30T16:00:00,RV-VAC-0045-1,CV-VAC-0045-1,synthetic,SYN-010740
ASM-01391,SES-00635,APP-00348,CRI-0225,EV-S3-02,2,10,[SINTÉTICO] Nivel 2: la evidencia registrada corresponde al descriptor; para el nivel 3 faltaría un ejemplo más completo.,insuficiente,2026-08-30T16:00:00,RV-VAC-0045-1,CV-VAC-0045-1,synthetic,SYN-010742
ASM-01392,SES-00636,APP-00349,CRI-0220,EV-S3-03,3,15,[SINTÉTICO] Nivel 3: la evidencia registrada corresponde al descriptor; para el nivel 4 faltaría un ejemplo más completo.,parcial,2026-09-03T19:09:00,RV-VAC-0045-1,CV-VAC-0045-1,synthetic,SYN-010744
ASM-01393,SES-00636,APP-00349,CRI-0221,EV-S3-03,3,15,[SINTÉTICO] Nivel 3: la evidencia registrada corresponde al descriptor; para el nivel 4 faltaría un ejemplo más completo.,suficiente,2026-09-03T19:09:00,RV-VAC-0045-1,CV-VAC-0045-1,synthetic,SYN-010747
ASM-01394,SES-00636,APP-00349,CRI-0222,EV-S3-03,2,10,[SINTÉTICO] Nivel 2: la evidencia registrada corresponde al descriptor; para el nivel 3 faltaría un ejemplo más completo.,suficiente,2026-09-03T19:09:00,RV-VAC-0045-1,CV-VAC-0045-1,synthetic,SYN-010750
ASM-01395,SES-00637,APP-00350,CRI-0220,EV-S3-03,4,20,[SINTÉTICO] Nivel 4: la evidencia registrada corresponde al descriptor; para el nivel 4 faltaría un ejemplo más completo.,parcial,2026-08-28T18:15:00,RV-VAC-0045-1,CV-VAC-0045-1,synthetic,SYN-010753
ASM-01396,SES-00637,APP-00350,CRI-0221,EV-S3-03,4,20,[SINTÉTICO] Nivel 4: la evidencia registrada corresponde al descriptor; para el nivel 4 faltaría un ejemplo más completo.,parcial,2026-08-28T18:15:00,RV-VAC-0045-1,CV-VAC-0045-1,synthetic,SYN-010757
ASM-01397,SES-00637,APP-00350,CRI-0222,EV-S3-03,4,20,[SINTÉTICO] Nivel 4: la evidencia registrada corresponde al descriptor; para el nivel 4 faltaría un ejemplo más completo.,parcial,2026-08-28T18:15:00,RV-VAC-0045-1,CV-VAC-0045-1,synthetic,SYN-010759
ASM-01398,SES-00638,APP-00350,CRI-0223,EV-S3-04,4,20,[SINTÉTICO] Nivel 4: la evidencia registrada corresponde al descriptor; para el nivel 4 faltaría un ejemplo más completo.,suficiente,2026-09-09T14:00:00,RV-VAC-0045-1,CV-VAC-0045-1,synthetic,SYN-010763
ASM-01399,SES-00638,APP-00350,CRI-0224,EV-S3-04,4,20,[SINTÉTICO] Nivel 4: la evidencia registrada corresponde al descriptor; para el nivel 4 faltaría un ejemplo más completo.,parcial,2026-09-09T14:00:00,RV-VAC-0045-1,CV-VAC-0045-1,synthetic,SYN-010767
ASM-01400,SES-00638,APP-00350,CRI-0225,EV-S3-04,4,20,[SINTÉTICO] Nivel 4: la evidencia registrada corresponde al descriptor; para el nivel 4 faltaría un ejemplo más completo.,suficiente,2026-09-09T14:00:00,RV-VAC-0045-1,CV-VAC-0045-1,synthetic,SYN-010771
ASM-01401,SES-00639,APP-00351,CRI-0220,EV-S3-01,3,15,[SINTÉTICO] Nivel 3: la evidencia registrada corresponde al descriptor; para el nivel 4 faltaría un ejemplo más completo.,suficiente,2026-08-30T10:19:00,RV-VAC-0045-1,CV-VAC-0045-1,synthetic,SYN-010775
ASM-01402,SES-00639,APP-00351,CRI-0221,EV-S3-01,3,15,[SINTÉTICO] Nivel 3: la evidencia registrada corresponde al descriptor; para el nivel 4 faltaría un ejemplo más completo.,parcial,2026-08-30T10:19:00,RV-VAC-0045-1,CV-VAC-0045-1,synthetic,SYN-010778
ASM-01403,SES-00639,APP-00351,CRI-0222,EV-S3-01,2,10,[SINTÉTICO] Nivel 2: la evidencia registrada corresponde al descriptor; para el nivel 3 faltaría un ejemplo más completo.,suficiente,2026-08-30T10:19:00,RV-VAC-0045-1,CV-VAC-0045-1,synthetic,SYN-010781
ASM-01404,SES-00640,APP-00351,CRI-0223,EV-S3-04,2,10,[SINTÉTICO] Nivel 2: la evidencia registrada corresponde al descriptor; para el nivel 3 faltaría un ejemplo más completo.,parcial,2026-09-02T16:00:00,RV-VAC-0045-1,CV-VAC-0045-1,synthetic,SYN-010784
ASM-01405,SES-00640,APP-00351,CRI-0224,EV-S3-04,3,15,[SINTÉTICO] Nivel 3: la evidencia registrada corresponde al descriptor; para el nivel 4 faltaría un ejemplo más completo.,suficiente,2026-09-02T16:00:00,RV-VAC-0045-1,CV-VAC-0045-1,synthetic,SYN-010786
ASM-01406,SES-00640,APP-00351,CRI-0225,EV-S3-04,2,10,[SINTÉTICO] Nivel 2: la evidencia registrada corresponde al descriptor; para el nivel 3 faltaría un ejemplo más completo.,suficiente,2026-09-02T16:00:00,RV-VAC-0045-1,CV-VAC-0045-1,synthetic,SYN-010789
ASM-01407,SES-00641,APP-00352,CRI-0220,EV-S3-02,1,5,[SINTÉTICO] Nivel 1: la evidencia registrada corresponde al descriptor; para el nivel 2 faltaría un ejemplo más completo.,parcial,2026-08-28T01:38:00,RV-VAC-0045-1,CV-VAC-0045-1,synthetic,SYN-010793
ASM-01408,SES-00641,APP-00352,CRI-0221,EV-S3-02,3,15,[SINTÉTICO] Nivel 3: la evidencia registrada corresponde al descriptor; para el nivel 4 faltaría un ejemplo más completo.,parcial,2026-08-28T01:38:00,RV-VAC-0045-1,CV-VAC-0045-1,synthetic,SYN-010795
ASM-01409,SES-00641,APP-00352,CRI-0222,EV-S3-02,1,5,[SINTÉTICO] Nivel 1: la evidencia registrada corresponde al descriptor; para el nivel 2 faltaría un ejemplo más completo.,suficiente,2026-08-28T01:38:00,RV-VAC-0045-1,CV-VAC-0045-1,synthetic,SYN-010799
ASM-01410,SES-00642,APP-00352,CRI-0223,EV-S3-03,1,5,[SINTÉTICO] Nivel 1: la evidencia registrada corresponde al descriptor; para el nivel 2 faltaría un ejemplo más completo.,parcial,2026-09-01T16:00:00,RV-VAC-0045-1,CV-VAC-0045-1,synthetic,SYN-010802
ASM-01411,SES-00642,APP-00352,CRI-0224,EV-S3-03,2,10,[SINTÉTICO] Nivel 2: la evidencia registrada corresponde al descriptor; para el nivel 3 faltaría un ejemplo más completo.,parcial,2026-09-01T16:00:00,RV-VAC-0045-1,CV-VAC-0045-1,synthetic,SYN-010804
ASM-01412,SES-00642,APP-00352,CRI-0225,EV-S3-03,1,5,[SINTÉTICO] Nivel 1: la evidencia registrada corresponde al descriptor; para el nivel 2 faltaría un ejemplo más completo.,suficiente,2026-09-01T16:00:00,RV-VAC-0045-1,CV-VAC-0045-1,synthetic,SYN-010807
ASM-01413,SES-00643,APP-00353,CRI-0220,EV-S3-01,2,10,[SINTÉTICO] Nivel 2: la evidencia registrada corresponde al descriptor; para el nivel 3 faltaría un ejemplo más completo.,suficiente,2026-09-05T08:43:00,RV-VAC-0045-1,CV-VAC-0045-1,synthetic,SYN-010810
ASM-01414,SES-00643,APP-00353,CRI-0221,EV-S3-01,3,15,[SINTÉTICO] Nivel 3: la evidencia registrada corresponde al descriptor; para el nivel 4 faltaría un ejemplo más completo.,suficiente,2026-09-05T08:43:00,RV-VAC-0045-1,CV-VAC-0045-1,synthetic,SYN-010812
ASM-01415,SES-00643,APP-00353,CRI-0222,EV-S3-01,3,15,[SINTÉTICO] Nivel 3: la evidencia registrada corresponde al descriptor; para el nivel 4 faltaría un ejemplo más completo.,suficiente,2026-09-05T08:43:00,RV-VAC-0045-1,CV-VAC-0045-1,synthetic,SYN-010816
ASM-01416,SES-00644,APP-00353,CRI-0223,EV-S3-02,3,15,[SINTÉTICO] Nivel 3: la evidencia registrada corresponde al descriptor; para el nivel 4 faltaría un ejemplo más completo.,suficiente,2026-09-09T17:00:00,RV-VAC-0045-1,CV-VAC-0045-1,synthetic,SYN-010819
ASM-01417,SES-00644,APP-00353,CRI-0224,EV-S3-02,3,15,[SINTÉTICO] Nivel 3: la evidencia registrada corresponde al descriptor; para el nivel 4 faltaría un ejemplo más completo.,parcial,2026-09-09T17:00:00,RV-VAC-0045-1,CV-VAC-0045-1,synthetic,SYN-010823
ASM-01418,SES-00644,APP-00353,CRI-0225,EV-S3-02,3,15,[SINTÉTICO] Nivel 3: la evidencia registrada corresponde al descriptor; para el nivel 4 faltaría un ejemplo más completo.,parcial,2026-09-09T17:00:00,RV-VAC-0045-1,CV-VAC-0045-1,synthetic,SYN-010826
ASM-01419,SES-00645,APP-00354,CRI-0220,EV-S3-04,4,20,[SINTÉTICO] Nivel 4: la evidencia registrada corresponde al descriptor; para el nivel 4 faltaría un ejemplo más completo.,suficiente,2026-08-29T15:35:00,RV-VAC-0045-1,CV-VAC-0045-1,synthetic,SYN-010829
ASM-01420,SES-00645,APP-00354,CRI-0221,EV-S3-04,3,15,[SINTÉTICO] Nivel 3: la evidencia registrada corresponde al descriptor; para el nivel 4 faltaría un ejemplo más completo.,suficiente,2026-08-29T15:35:00,RV-VAC-0045-1,CV-VAC-0045-1,synthetic,SYN-010833
ASM-01421,SES-00645,APP-00354,CRI-0222,EV-S3-04,4,20,[SINTÉTICO] Nivel 4: la evidencia registrada corresponde al descriptor; para el nivel 4 faltaría un ejemplo más completo.,suficiente,2026-08-29T15:35:00,RV-VAC-0045-1,CV-VAC-0045-1,synthetic,SYN-010836
ASM-01422,SES-00646,APP-00354,CRI-0223,EV-S3-01,4,20,[SINTÉTICO] Nivel 4: la evidencia registrada corresponde al descriptor; para el nivel 4 faltaría un ejemplo más completo.,suficiente,2026-09-10T14:00:00,RV-VAC-0045-1,CV-VAC-0045-1,synthetic,SYN-010840
ASM-01423,SES-00646,APP-00354,CRI-0224,EV-S3-01,4,20,[SINTÉTICO] Nivel 4: la evidencia registrada corresponde al descriptor; para el nivel 4 faltaría un ejemplo más completo.,suficiente,2026-09-10T14:00:00,RV-VAC-0045-1,CV-VAC-0045-1,synthetic,SYN-010843
ASM-01424,SES-00646,APP-00354,CRI-0225,EV-S3-01,4,20,[SINTÉTICO] Nivel 4: la evidencia registrada corresponde al descriptor; para el nivel 4 faltaría un ejemplo más completo.,suficiente,2026-09-10T14:00:00,RV-VAC-0045-1,CV-VAC-0045-1,synthetic,SYN-010846
ASM-01425,SES-00647,APP-00355,CRI-0220,EV-S3-02,3,15,[SINTÉTICO] Nivel 3: la evidencia registrada corresponde al descriptor; para el nivel 4 faltaría un ejemplo más completo.,parcial,2026-08-30T22:50:00,RV-VAC-0045-1,CV-VAC-0045-1,synthetic,SYN-010851
ASM-01426,SES-00647,APP-00355,CRI-0221,EV-S3-02,3,15,[SINTÉTICO] Nivel 3: la evidencia registrada corresponde al descriptor; para el nivel 4 faltaría un ejemplo más completo.,suficiente,2026-08-30T22:50:00,RV-VAC-0045-1,CV-VAC-0045-1,synthetic,SYN-010853
ASM-01427,SES-00647,APP-00355,CRI-0222,EV-S3-02,4,20,[SINTÉTICO] Nivel 4: la evidencia registrada corresponde al descriptor; para el nivel 4 faltaría un ejemplo más completo.,parcial,2026-08-30T22:50:00,RV-VAC-0045-1,CV-VAC-0045-1,synthetic,SYN-010857
ASM-01428,SES-00648,APP-00356,CRI-0220,EV-S3-02,1,5,[SINTÉTICO] Nivel 1: la evidencia registrada corresponde al descriptor; para el nivel 2 faltaría un ejemplo más completo.,parcial,2026-08-26T13:15:00,RV-VAC-0045-1,CV-VAC-0045-1,synthetic,SYN-010862
ASM-01429,SES-00648,APP-00356,CRI-0221,EV-S3-02,1,5,[SINTÉTICO] Nivel 1: la evidencia registrada corresponde al descriptor; para el nivel 2 faltaría un ejemplo más completo.,insuficiente,2026-08-26T13:15:00,RV-VAC-0045-1,CV-VAC-0045-1,synthetic,SYN-010865
ASM-01430,SES-00648,APP-00356,CRI-0222,EV-S3-02,1,5,[SINTÉTICO] Nivel 1: la evidencia registrada corresponde al descriptor; para el nivel 2 faltaría un ejemplo más completo.,parcial,2026-08-26T13:15:00,RV-VAC-0045-1,CV-VAC-0045-1,synthetic,SYN-010866
ASM-01431,SES-00649,APP-00356,CRI-0223,EV-S3-01,1,5,[SINTÉTICO] Nivel 1: la evidencia registrada corresponde al descriptor; para el nivel 2 faltaría un ejemplo más completo.,parcial,2026-09-02T21:00:00,RV-VAC-0045-1,CV-VAC-0045-1,synthetic,SYN-010871
ASM-01432,SES-00649,APP-00356,CRI-0224,EV-S3-01,1,5,[SINTÉTICO] Nivel 1: la evidencia registrada corresponde al descriptor; para el nivel 2 faltaría un ejemplo más completo.,insuficiente,2026-09-02T21:00:00,RV-VAC-0045-1,CV-VAC-0045-1,synthetic,SYN-010873
ASM-01433,SES-00649,APP-00356,CRI-0225,EV-S3-01,1,5,[SINTÉTICO] Nivel 1: la evidencia registrada corresponde al descriptor; para el nivel 2 faltaría un ejemplo más completo.,parcial,2026-09-02T21:00:00,RV-VAC-0045-1,CV-VAC-0045-1,synthetic,SYN-010874
ASM-01434,SES-00650,APP-00357,CRI-0226,EV-S1-03,3,15,[SINTÉTICO] Nivel 3: la evidencia registrada corresponde al descriptor; para el nivel 4 faltaría un ejemplo más completo.,suficiente,2026-07-27T12:27:00,RV-VAC-0046-1,CV-VAC-0046-1,synthetic,SYN-010877
ASM-01435,SES-00650,APP-00357,CRI-0227,EV-S1-03,2,10,[SINTÉTICO] Nivel 2: la evidencia registrada corresponde al descriptor; para el nivel 3 faltaría un ejemplo más completo.,parcial,2026-07-27T12:27:00,RV-VAC-0046-1,CV-VAC-0046-1,synthetic,SYN-010880
ASM-01436,SES-00651,APP-00357,CRI-0228,EV-S1-01,2,10,[SINTÉTICO] Nivel 2: la evidencia registrada corresponde al descriptor; para el nivel 3 faltaría un ejemplo más completo.,parcial,2026-07-29T23:00:00,RV-VAC-0046-1,CV-VAC-0046-1,synthetic,SYN-010883
ASM-01437,SES-00651,APP-00357,CRI-0229,EV-S1-01,2,10,[SINTÉTICO] Nivel 2: la evidencia registrada corresponde al descriptor; para el nivel 3 faltaría un ejemplo más completo.,suficiente,2026-07-29T23:00:00,RV-VAC-0046-1,CV-VAC-0046-1,synthetic,SYN-010885
ASM-01438,SES-00652,APP-00358,CRI-0226,EV-S1-02,1,5,[SINTÉTICO] Nivel 1: la evidencia registrada corresponde al descriptor; para el nivel 2 faltaría un ejemplo más completo.,parcial,2026-08-02T17:35:00,RV-VAC-0046-1,CV-VAC-0046-1,synthetic,SYN-010890
ASM-01439,SES-00652,APP-00358,CRI-0227,EV-S1-02,1,5,[SINTÉTICO] Nivel 1: la evidencia registrada corresponde al descriptor; para el nivel 2 faltaría un ejemplo más completo.,insuficiente,2026-08-02T17:35:00,RV-VAC-0046-1,CV-VAC-0046-1,synthetic,SYN-010893
ASM-01440,SES-00653,APP-00358,CRI-0228,EV-S1-03,1,5,[SINTÉTICO] Nivel 1: la evidencia registrada corresponde al descriptor; para el nivel 2 faltaría un ejemplo más completo.,parcial,2026-08-04T00:00:00,RV-VAC-0046-1,CV-VAC-0046-1,synthetic,SYN-010895
ASM-01441,SES-00653,APP-00358,CRI-0229,EV-S1-03,3,15,[SINTÉTICO] Nivel 3: la evidencia registrada corresponde al descriptor; para el nivel 4 faltaría un ejemplo más completo.,suficiente,2026-08-04T00:00:00,RV-VAC-0046-1,CV-VAC-0046-1,synthetic,SYN-010899
ASM-01442,SES-00654,APP-00359,CRI-0226,EV-S1-03,2,10,[SINTÉTICO] Nivel 2: la evidencia registrada corresponde al descriptor; para el nivel 3 faltaría un ejemplo más completo.,parcial,2026-08-02T04:00:00,RV-VAC-0046-1,CV-VAC-0046-1,synthetic,SYN-010903
ASM-01443,SES-00654,APP-00359,CRI-0227,EV-S1-03,1,5,[SINTÉTICO] Nivel 1: la evidencia registrada corresponde al descriptor; para el nivel 2 faltaría un ejemplo más completo.,suficiente,2026-08-02T04:00:00,RV-VAC-0046-1,CV-VAC-0046-1,synthetic,SYN-010907
ASM-01444,SES-00655,APP-00359,CRI-0228,EV-S1-01,1,5,[SINTÉTICO] Nivel 1: la evidencia registrada corresponde al descriptor; para el nivel 2 faltaría un ejemplo más completo.,suficiente,2026-08-05T19:00:00,RV-VAC-0046-1,CV-VAC-0046-1,synthetic,SYN-010911
ASM-01445,SES-00655,APP-00359,CRI-0229,EV-S1-01,1,5,[SINTÉTICO] Nivel 1: la evidencia registrada corresponde al descriptor; para el nivel 2 faltaría un ejemplo más completo.,suficiente,2026-08-05T19:00:00,RV-VAC-0046-1,CV-VAC-0046-1,synthetic,SYN-010914
ASM-01446,SES-00656,APP-00361,CRI-0226,EV-S1-02,1,5,[SINTÉTICO] Nivel 1: la evidencia registrada corresponde al descriptor; para el nivel 2 faltaría un ejemplo más completo.,suficiente,2026-08-03T04:47:00,RV-VAC-0046-1,CV-VAC-0046-1,synthetic,SYN-010918
ASM-01447,SES-00656,APP-00361,CRI-0227,EV-S1-02,1,5,[SINTÉTICO] Nivel 1: la evidencia registrada corresponde al descriptor; para el nivel 2 faltaría un ejemplo más completo.,suficiente,2026-08-03T04:47:00,RV-VAC-0046-1,CV-VAC-0046-1,synthetic,SYN-010921
ASM-01448,SES-00657,APP-00362,CRI-0226,EV-S1-04,1,5,[SINTÉTICO] Nivel 1: la evidencia registrada corresponde al descriptor; para el nivel 2 faltaría un ejemplo más completo.,suficiente,2026-07-22T18:57:00,RV-VAC-0046-1,CV-VAC-0046-1,synthetic,SYN-010925
ASM-01449,SES-00657,APP-00362,CRI-0227,EV-S1-04,1,5,[SINTÉTICO] Nivel 1: la evidencia registrada corresponde al descriptor; para el nivel 2 faltaría un ejemplo más completo.,parcial,2026-07-22T18:57:00,RV-VAC-0046-1,CV-VAC-0046-1,synthetic,SYN-010928
ASM-01450,SES-00658,APP-00362,CRI-0228,EV-S1-01,2,10,[SINTÉTICO] Nivel 2: la evidencia registrada corresponde al descriptor; para el nivel 3 faltaría un ejemplo más completo.,suficiente,2026-07-28T16:00:00,RV-VAC-0046-1,CV-VAC-0046-1,synthetic,SYN-010931
ASM-01451,SES-00658,APP-00362,CRI-0229,EV-S1-01,1,5,[SINTÉTICO] Nivel 1: la evidencia registrada corresponde al descriptor; para el nivel 2 faltaría un ejemplo más completo.,parcial,2026-07-28T16:00:00,RV-VAC-0046-1,CV-VAC-0046-1,synthetic,SYN-010933
ASM-01452,SES-00659,APP-00363,CRI-0226,EV-S1-02,1,5,[SINTÉTICO] Nivel 1: la evidencia registrada corresponde al descriptor; para el nivel 2 faltaría un ejemplo más completo.,suficiente,2026-07-24T04:00:00,RV-VAC-0046-1,CV-VAC-0046-1,synthetic,SYN-010936
ASM-01453,SES-00659,APP-00363,CRI-0227,EV-S1-02,1,5,[SINTÉTICO] Nivel 1: la evidencia registrada corresponde al descriptor; para el nivel 2 faltaría un ejemplo más completo.,insuficiente,2026-07-24T04:00:00,RV-VAC-0046-1,CV-VAC-0046-1,synthetic,SYN-010940
ASM-01454,SES-00660,APP-00363,CRI-0228,EV-S1-01,1,5,[SINTÉTICO] Nivel 1: la evidencia registrada corresponde al descriptor; para el nivel 2 faltaría un ejemplo más completo.,insuficiente,2026-07-31T21:00:00,RV-VAC-0046-1,CV-VAC-0046-1,synthetic,SYN-010942
ASM-01455,SES-00660,APP-00363,CRI-0229,EV-S1-01,1,5,[SINTÉTICO] Nivel 1: la evidencia registrada corresponde al descriptor; para el nivel 2 faltaría un ejemplo más completo.,insuficiente,2026-07-31T21:00:00,RV-VAC-0046-1,CV-VAC-0046-1,synthetic,SYN-010943
ASM-01456,SES-00661,APP-00364,CRI-0230,EV-S2-01,1,5,[SINTÉTICO] Nivel 1: la evidencia registrada corresponde al descriptor; para el nivel 2 faltaría un ejemplo más completo.,parcial,2026-08-09T16:28:00,RV-VAC-0047-1,CV-VAC-0047-1,synthetic,SYN-010945
ASM-01457,SES-00661,APP-00364,CRI-0231,EV-S2-01,1,5,[SINTÉTICO] Nivel 1: la evidencia registrada corresponde al descriptor; para el nivel 2 faltaría un ejemplo más completo.,parcial,2026-08-09T16:28:00,RV-VAC-0047-1,CV-VAC-0047-1,synthetic,SYN-010949
ASM-01458,SES-00661,APP-00364,CRI-0232,EV-S2-01,1,5,[SINTÉTICO] Nivel 1: la evidencia registrada corresponde al descriptor; para el nivel 2 faltaría un ejemplo más completo.,insuficiente,2026-08-09T16:28:00,RV-VAC-0047-1,CV-VAC-0047-1,synthetic,SYN-010953
ASM-01459,SES-00662,APP-00365,CRI-0230,EV-S2-01,3,15,[SINTÉTICO] Nivel 3: la evidencia registrada corresponde al descriptor; para el nivel 4 faltaría un ejemplo más completo.,suficiente,2026-08-04T22:10:00,RV-VAC-0047-1,CV-VAC-0047-1,synthetic,SYN-010955
ASM-01460,SES-00662,APP-00365,CRI-0231,EV-S2-01,3,15,[SINTÉTICO] Nivel 3: la evidencia registrada corresponde al descriptor; para el nivel 4 faltaría un ejemplo más completo.,parcial,2026-08-04T22:10:00,RV-VAC-0047-1,CV-VAC-0047-1,synthetic,SYN-010958
ASM-01461,SES-00662,APP-00365,CRI-0232,EV-S2-01,2,10,[SINTÉTICO] Nivel 2: la evidencia registrada corresponde al descriptor; para el nivel 3 faltaría un ejemplo más completo.,parcial,2026-08-04T22:10:00,RV-VAC-0047-1,CV-VAC-0047-1,synthetic,SYN-010961
ASM-01462,SES-00663,APP-00365,CRI-0233,EV-S2-01,3,15,[SINTÉTICO] Nivel 3: la evidencia registrada corresponde al descriptor; para el nivel 4 faltaría un ejemplo más completo.,parcial,2026-08-07T10:00:00,RV-VAC-0047-1,CV-VAC-0047-1,synthetic,SYN-010965
ASM-01463,SES-00663,APP-00365,CRI-0234,EV-S2-01,4,20,[SINTÉTICO] Nivel 4: la evidencia registrada corresponde al descriptor; para el nivel 4 faltaría un ejemplo más completo.,insuficiente,2026-08-07T10:00:00,RV-VAC-0047-1,CV-VAC-0047-1,synthetic,SYN-010969
ASM-01464,SES-00663,APP-00365,CRI-0235,EV-S2-01,3,15,[SINTÉTICO] Nivel 3: la evidencia registrada corresponde al descriptor; para el nivel 4 faltaría un ejemplo más completo.,suficiente,2026-08-07T10:00:00,RV-VAC-0047-1,CV-VAC-0047-1,synthetic,SYN-010970
ASM-01465,SES-00664,APP-00366,CRI-0230,EV-S2-03,1,5,[SINTÉTICO] Nivel 1: la evidencia registrada corresponde al descriptor; para el nivel 2 faltaría un ejemplo más completo.,parcial,2026-08-02T06:44:00,RV-VAC-0047-1,CV-VAC-0047-1,synthetic,SYN-010974
ASM-01466,SES-00664,APP-00366,CRI-0231,EV-S2-03,1,5,[SINTÉTICO] Nivel 1: la evidencia registrada corresponde al descriptor; para el nivel 2 faltaría un ejemplo más completo.,parcial,2026-08-02T06:44:00,RV-VAC-0047-1,CV-VAC-0047-1,synthetic,SYN-010977
ASM-01467,SES-00664,APP-00366,CRI-0232,EV-S2-03,1,5,[SINTÉTICO] Nivel 1: la evidencia registrada corresponde al descriptor; para el nivel 2 faltaría un ejemplo más completo.,parcial,2026-08-02T06:44:00,RV-VAC-0047-1,CV-VAC-0047-1,synthetic,SYN-010980
ASM-01468,SES-00665,APP-00367,CRI-0230,EV-S2-02,4,20,[SINTÉTICO] Nivel 4: la evidencia registrada corresponde al descriptor; para el nivel 4 faltaría un ejemplo más completo.,suficiente,2026-08-02T06:05:00,RV-VAC-0047-1,CV-VAC-0047-1,synthetic,SYN-010983
ASM-01469,SES-00665,APP-00367,CRI-0231,EV-S2-02,4,20,[SINTÉTICO] Nivel 4: la evidencia registrada corresponde al descriptor; para el nivel 4 faltaría un ejemplo más completo.,suficiente,2026-08-02T06:05:00,RV-VAC-0047-1,CV-VAC-0047-1,synthetic,SYN-010986
ASM-01470,SES-00665,APP-00367,CRI-0232,EV-S2-02,4,20,[SINTÉTICO] Nivel 4: la evidencia registrada corresponde al descriptor; para el nivel 4 faltaría un ejemplo más completo.,suficiente,2026-08-02T06:05:00,RV-VAC-0047-1,CV-VAC-0047-1,synthetic,SYN-010990
ASM-01471,SES-00667,APP-00368,CRI-0230,EV-S2-01,2,10,[SINTÉTICO] Nivel 2: la evidencia registrada corresponde al descriptor; para el nivel 3 faltaría un ejemplo más completo.,parcial,2026-08-03T00:26:00,RV-VAC-0047-1,CV-VAC-0047-1,synthetic,SYN-010996
ASM-01472,SES-00667,APP-00368,CRI-0231,EV-S2-01,2,10,[SINTÉTICO] Nivel 2: la evidencia registrada corresponde al descriptor; para el nivel 3 faltaría un ejemplo más completo.,suficiente,2026-08-03T00:26:00,RV-VAC-0047-1,CV-VAC-0047-1,synthetic,SYN-011000
ASM-01473,SES-00667,APP-00368,CRI-0232,EV-S2-01,2,10,[SINTÉTICO] Nivel 2: la evidencia registrada corresponde al descriptor; para el nivel 3 faltaría un ejemplo más completo.,insuficiente,2026-08-03T00:26:00,RV-VAC-0047-1,CV-VAC-0047-1,synthetic,SYN-011004
ASM-01474,SES-00668,APP-00369,CRI-0230,EV-S2-04,1,5,[SINTÉTICO] Nivel 1: la evidencia registrada corresponde al descriptor; para el nivel 2 faltaría un ejemplo más completo.,parcial,2026-08-11T07:32:00,RV-VAC-0047-1,CV-VAC-0047-1,synthetic,SYN-011006
ASM-01475,SES-00668,APP-00369,CRI-0231,EV-S2-04,1,5,[SINTÉTICO] Nivel 1: la evidencia registrada corresponde al descriptor; para el nivel 2 faltaría un ejemplo más completo.,suficiente,2026-08-11T07:32:00,RV-VAC-0047-1,CV-VAC-0047-1,synthetic,SYN-011009
ASM-01476,SES-00668,APP-00369,CRI-0232,EV-S2-04,1,5,[SINTÉTICO] Nivel 1: la evidencia registrada corresponde al descriptor; para el nivel 2 faltaría un ejemplo más completo.,suficiente,2026-08-11T07:32:00,RV-VAC-0047-1,CV-VAC-0047-1,synthetic,SYN-011011
ASM-01477,SES-00669,APP-00369,CRI-0233,EV-S2-03,1,5,[SINTÉTICO] Nivel 1: la evidencia registrada corresponde al descriptor; para el nivel 2 faltaría un ejemplo más completo.,parcial,2026-08-19T15:00:00,RV-VAC-0047-1,CV-VAC-0047-1,synthetic,SYN-011016
ASM-01478,SES-00669,APP-00369,CRI-0234,EV-S2-03,1,5,[SINTÉTICO] Nivel 1: la evidencia registrada corresponde al descriptor; para el nivel 2 faltaría un ejemplo más completo.,parcial,2026-08-19T15:00:00,RV-VAC-0047-1,CV-VAC-0047-1,synthetic,SYN-011018
ASM-01479,SES-00669,APP-00369,CRI-0235,EV-S2-03,1,5,[SINTÉTICO] Nivel 1: la evidencia registrada corresponde al descriptor; para el nivel 2 faltaría un ejemplo más completo.,parcial,2026-08-19T15:00:00,RV-VAC-0047-1,CV-VAC-0047-1,synthetic,SYN-011020
ASM-01480,SES-00670,APP-00370,CRI-0230,EV-S2-01,4,20,[SINTÉTICO] Nivel 4: la evidencia registrada corresponde al descriptor; para el nivel 4 faltaría un ejemplo más completo.,parcial,2026-08-02T15:39:00,RV-VAC-0047-1,CV-VAC-0047-1,synthetic,SYN-011024
ASM-01481,SES-00670,APP-00370,CRI-0231,EV-S2-01,4,20,[SINTÉTICO] Nivel 4: la evidencia registrada corresponde al descriptor; para el nivel 4 faltaría un ejemplo más completo.,suficiente,2026-08-02T15:39:00,RV-VAC-0047-1,CV-VAC-0047-1,synthetic,SYN-011027
ASM-01482,SES-00670,APP-00370,CRI-0232,EV-S2-01,4,20,[SINTÉTICO] Nivel 4: la evidencia registrada corresponde al descriptor; para el nivel 4 faltaría un ejemplo más completo.,parcial,2026-08-02T15:39:00,RV-VAC-0047-1,CV-VAC-0047-1,synthetic,SYN-011031
ASM-01483,SES-00671,APP-00370,CRI-0230,EV-S2-04,3,15,[SINTÉTICO] Nivel 3: la evidencia registrada corresponde al descriptor; para el nivel 4 faltaría un ejemplo más completo.,suficiente,2026-08-11T21:39:00,RV-VAC-0047-1,CV-VAC-0047-1,synthetic,SYN-011035
ASM-01484,SES-00671,APP-00370,CRI-0231,EV-S2-04,4,20,[SINTÉTICO] Nivel 4: la evidencia registrada corresponde al descriptor; para el nivel 4 faltaría un ejemplo más completo.,suficiente,2026-08-11T21:39:00,RV-VAC-0047-1,CV-VAC-0047-1,synthetic,SYN-011039
ASM-01485,SES-00671,APP-00370,CRI-0232,EV-S2-04,4,20,[SINTÉTICO] Nivel 4: la evidencia registrada corresponde al descriptor; para el nivel 4 faltaría un ejemplo más completo.,suficiente,2026-08-11T21:39:00,RV-VAC-0047-1,CV-VAC-0047-1,synthetic,SYN-011043
ASM-01486,SES-00672,APP-00370,CRI-0233,EV-S2-02,4,20,[SINTÉTICO] Nivel 4: la evidencia registrada corresponde al descriptor; para el nivel 4 faltaría un ejemplo más completo.,suficiente,2026-08-17T15:00:00,RV-VAC-0047-1,CV-VAC-0047-1,synthetic,SYN-011046
ASM-01487,SES-00672,APP-00370,CRI-0234,EV-S2-02,4,20,[SINTÉTICO] Nivel 4: la evidencia registrada corresponde al descriptor; para el nivel 4 faltaría un ejemplo más completo.,suficiente,2026-08-17T15:00:00,RV-VAC-0047-1,CV-VAC-0047-1,synthetic,SYN-011048
ASM-01488,SES-00672,APP-00370,CRI-0235,EV-S2-02,4,20,[SINTÉTICO] Nivel 4: la evidencia registrada corresponde al descriptor; para el nivel 4 faltaría un ejemplo más completo.,suficiente,2026-08-17T15:00:00,RV-VAC-0047-1,CV-VAC-0047-1,synthetic,SYN-011052
ASM-01489,SES-00673,APP-00371,CRI-0230,EV-S2-02,2,10,[SINTÉTICO] Nivel 2: la evidencia registrada corresponde al descriptor; para el nivel 3 faltaría un ejemplo más completo.,suficiente,2026-08-10T16:18:00,RV-VAC-0047-1,CV-VAC-0047-1,synthetic,SYN-011057
ASM-01490,SES-00673,APP-00371,CRI-0231,EV-S2-02,3,15,[SINTÉTICO] Nivel 3: la evidencia registrada corresponde al descriptor; para el nivel 4 faltaría un ejemplo más completo.,parcial,2026-08-10T16:18:00,RV-VAC-0047-1,CV-VAC-0047-1,synthetic,SYN-011060
ASM-01491,SES-00673,APP-00371,CRI-0232,EV-S2-02,4,20,[SINTÉTICO] Nivel 4: la evidencia registrada corresponde al descriptor; para el nivel 4 faltaría un ejemplo más completo.,suficiente,2026-08-10T16:18:00,RV-VAC-0047-1,CV-VAC-0047-1,synthetic,SYN-011062
ASM-01492,SES-00674,APP-00372,CRI-0230,EV-S2-01,2,10,[SINTÉTICO] Nivel 2: la evidencia registrada corresponde al descriptor; para el nivel 3 faltaría un ejemplo más completo.,suficiente,2026-08-11T10:21:00,RV-VAC-0047-1,CV-VAC-0047-1,synthetic,SYN-011066
ASM-01493,SES-00674,APP-00372,CRI-0231,EV-S2-01,2,10,[SINTÉTICO] Nivel 2: la evidencia registrada corresponde al descriptor; para el nivel 3 faltaría un ejemplo más completo.,parcial,2026-08-11T10:21:00,RV-VAC-0047-1,CV-VAC-0047-1,synthetic,SYN-011070
ASM-01494,SES-00674,APP-00372,CRI-0232,EV-S2-01,1,5,[SINTÉTICO] Nivel 1: la evidencia registrada corresponde al descriptor; para el nivel 2 faltaría un ejemplo más completo.,suficiente,2026-08-11T10:21:00,RV-VAC-0047-1,CV-VAC-0047-1,synthetic,SYN-011073
ASM-01495,SES-00675,APP-00373,CRI-0230,EV-S2-02,1,5,[SINTÉTICO] Nivel 1: la evidencia registrada corresponde al descriptor; para el nivel 2 faltaría un ejemplo más completo.,parcial,2026-08-09T11:57:00,RV-VAC-0047-1,CV-VAC-0047-1,synthetic,SYN-011077
ASM-01496,SES-00675,APP-00373,CRI-0231,EV-S2-02,1,5,[SINTÉTICO] Nivel 1: la evidencia registrada corresponde al descriptor; para el nivel 2 faltaría un ejemplo más completo.,suficiente,2026-08-09T11:57:00,RV-VAC-0047-1,CV-VAC-0047-1,synthetic,SYN-011080
ASM-01497,SES-00675,APP-00373,CRI-0232,EV-S2-02,1,5,[SINTÉTICO] Nivel 1: la evidencia registrada corresponde al descriptor; para el nivel 2 faltaría un ejemplo más completo.,parcial,2026-08-09T11:57:00,RV-VAC-0047-1,CV-VAC-0047-1,synthetic,SYN-011083
ASM-01498,SES-00676,APP-00373,CRI-0233,EV-S2-02,1,5,[SINTÉTICO] Nivel 1: la evidencia registrada corresponde al descriptor; para el nivel 2 faltaría un ejemplo más completo.,parcial,2026-08-10T16:00:00,RV-VAC-0047-1,CV-VAC-0047-1,synthetic,SYN-011087
ASM-01499,SES-00676,APP-00373,CRI-0234,EV-S2-02,1,5,[SINTÉTICO] Nivel 1: la evidencia registrada corresponde al descriptor; para el nivel 2 faltaría un ejemplo más completo.,parcial,2026-08-10T16:00:00,RV-VAC-0047-1,CV-VAC-0047-1,synthetic,SYN-011089
ASM-01500,SES-00676,APP-00373,CRI-0235,EV-S2-02,2,10,[SINTÉTICO] Nivel 2: la evidencia registrada corresponde al descriptor; para el nivel 3 faltaría un ejemplo más completo.,suficiente,2026-08-10T16:00:00,RV-VAC-0047-1,CV-VAC-0047-1,synthetic,SYN-011093
ASM-01501,SES-00677,APP-00374,CRI-0230,EV-S2-04,4,20,[SINTÉTICO] Nivel 4: la evidencia registrada corresponde al descriptor; para el nivel 4 faltaría un ejemplo más completo.,suficiente,2026-08-11T08:52:00,RV-VAC-0047-1,CV-VAC-0047-1,synthetic,SYN-011097
ASM-01502,SES-00677,APP-00374,CRI-0231,EV-S2-04,3,15,[SINTÉTICO] Nivel 3: la evidencia registrada corresponde al descriptor; para el nivel 4 faltaría un ejemplo más completo.,parcial,2026-08-11T08:52:00,RV-VAC-0047-1,CV-VAC-0047-1,synthetic,SYN-011100
ASM-01503,SES-00677,APP-00374,CRI-0232,EV-S2-04,4,20,[SINTÉTICO] Nivel 4: la evidencia registrada corresponde al descriptor; para el nivel 4 faltaría un ejemplo más completo.,suficiente,2026-08-11T08:52:00,RV-VAC-0047-1,CV-VAC-0047-1,synthetic,SYN-011102
ASM-01504,SES-00678,APP-00374,CRI-0233,EV-S2-01,4,20,[SINTÉTICO] Nivel 4: la evidencia registrada corresponde al descriptor; para el nivel 4 faltaría un ejemplo más completo.,suficiente,2026-08-13T19:00:00,RV-VAC-0047-1,CV-VAC-0047-1,synthetic,SYN-011107
ASM-01505,SES-00678,APP-00374,CRI-0234,EV-S2-01,4,20,[SINTÉTICO] Nivel 4: la evidencia registrada corresponde al descriptor; para el nivel 4 faltaría un ejemplo más completo.,parcial,2026-08-13T19:00:00,RV-VAC-0047-1,CV-VAC-0047-1,synthetic,SYN-011109
ASM-01506,SES-00678,APP-00374,CRI-0235,EV-S2-01,4,20,[SINTÉTICO] Nivel 4: la evidencia registrada corresponde al descriptor; para el nivel 4 faltaría un ejemplo más completo.,suficiente,2026-08-13T19:00:00,RV-VAC-0047-1,CV-VAC-0047-1,synthetic,SYN-011112
ASM-01507,SES-00679,APP-00375,CRI-0230,EV-S2-03,3,15,[SINTÉTICO] Nivel 3: la evidencia registrada corresponde al descriptor; para el nivel 4 faltaría un ejemplo más completo.,parcial,2026-08-09T19:15:00,RV-VAC-0047-1,CV-VAC-0047-1,synthetic,SYN-011115
ASM-01508,SES-00679,APP-00375,CRI-0231,EV-S2-03,2,10,[SINTÉTICO] Nivel 2: la evidencia registrada corresponde al descriptor; para el nivel 3 faltaría un ejemplo más completo.,suficiente,2026-08-09T19:15:00,RV-VAC-0047-1,CV-VAC-0047-1,synthetic,SYN-011118
ASM-01509,SES-00679,APP-00375,CRI-0232,EV-S2-03,3,15,[SINTÉTICO] Nivel 3: la evidencia registrada corresponde al descriptor; para el nivel 4 faltaría un ejemplo más completo.,suficiente,2026-08-09T19:15:00,RV-VAC-0047-1,CV-VAC-0047-1,synthetic,SYN-011120
ASM-01510,SES-00680,APP-00375,CRI-0233,EV-S2-04,3,15,[SINTÉTICO] Nivel 3: la evidencia registrada corresponde al descriptor; para el nivel 4 faltaría un ejemplo más completo.,parcial,2026-08-08T18:00:00,RV-VAC-0047-1,CV-VAC-0047-1,synthetic,SYN-011125
ASM-01511,SES-00680,APP-00375,CRI-0234,EV-S2-04,3,15,[SINTÉTICO] Nivel 3: la evidencia registrada corresponde al descriptor; para el nivel 4 faltaría un ejemplo más completo.,parcial,2026-08-08T18:00:00,RV-VAC-0047-1,CV-VAC-0047-1,synthetic,SYN-011127
ASM-01512,SES-00680,APP-00375,CRI-0235,EV-S2-04,3,15,[SINTÉTICO] Nivel 3: la evidencia registrada corresponde al descriptor; para el nivel 4 faltaría un ejemplo más completo.,parcial,2026-08-08T18:00:00,RV-VAC-0047-1,CV-VAC-0047-1,synthetic,SYN-011131
ASM-01513,SES-00681,APP-00376,CRI-0236,EV-S3-03,3,15,[SINTÉTICO] Nivel 3: la evidencia registrada corresponde al descriptor; para el nivel 4 faltaría un ejemplo más completo.,parcial,2026-04-06T16:50:00,RV-VAC-0048-1,CV-VAC-0048-1,synthetic,SYN-011134
ASM-01514,SES-00681,APP-00376,CRI-0237,EV-S3-03,3,15,[SINTÉTICO] Nivel 3: la evidencia registrada corresponde al descriptor; para el nivel 4 faltaría un ejemplo más completo.,suficiente,2026-04-06T16:50:00,RV-VAC-0048-1,CV-VAC-0048-1,synthetic,SYN-011136
ASM-01515,SES-00682,APP-00376,CRI-0238,EV-S3-01,3,15,[SINTÉTICO] Nivel 3: la evidencia registrada corresponde al descriptor; para el nivel 4 faltaría un ejemplo más completo.,suficiente,2026-03-28T22:00:00,RV-VAC-0048-1,CV-VAC-0048-1,synthetic,SYN-011139
ASM-01516,SES-00682,APP-00376,CRI-0239,EV-S3-01,3,15,[SINTÉTICO] Nivel 3: la evidencia registrada corresponde al descriptor; para el nivel 4 faltaría un ejemplo más completo.,parcial,2026-03-28T22:00:00,RV-VAC-0048-1,CV-VAC-0048-1,synthetic,SYN-011143
ASM-01517,SES-00683,APP-00377,CRI-0236,EV-S3-03,4,20,[SINTÉTICO] Nivel 4: la evidencia registrada corresponde al descriptor; para el nivel 4 faltaría un ejemplo más completo.,parcial,2026-03-28T08:59:00,RV-VAC-0048-1,CV-VAC-0048-1,synthetic,SYN-011146
ASM-01518,SES-00683,APP-00377,CRI-0237,EV-S3-03,3,15,[SINTÉTICO] Nivel 3: la evidencia registrada corresponde al descriptor; para el nivel 4 faltaría un ejemplo más completo.,parcial,2026-03-28T08:59:00,RV-VAC-0048-1,CV-VAC-0048-1,synthetic,SYN-011148
ASM-01519,SES-00684,APP-00379,CRI-0236,EV-S3-03,4,20,[SINTÉTICO] Nivel 4: la evidencia registrada corresponde al descriptor; para el nivel 4 faltaría un ejemplo más completo.,parcial,2026-03-27T00:50:00,RV-VAC-0048-1,CV-VAC-0048-1,synthetic,SYN-011151
ASM-01520,SES-00684,APP-00379,CRI-0237,EV-S3-03,4,20,[SINTÉTICO] Nivel 4: la evidencia registrada corresponde al descriptor; para el nivel 4 faltaría un ejemplo más completo.,parcial,2026-03-27T00:50:00,RV-VAC-0048-1,CV-VAC-0048-1,synthetic,SYN-011154
ASM-01521,SES-00685,APP-00380,CRI-0236,EV-S3-02,4,20,[SINTÉTICO] Nivel 4: la evidencia registrada corresponde al descriptor; para el nivel 4 faltaría un ejemplo más completo.,suficiente,2026-03-25T05:28:00,RV-VAC-0048-1,CV-VAC-0048-1,synthetic,SYN-011158
ASM-01522,SES-00685,APP-00380,CRI-0237,EV-S3-02,4,20,[SINTÉTICO] Nivel 4: la evidencia registrada corresponde al descriptor; para el nivel 4 faltaría un ejemplo más completo.,parcial,2026-03-25T05:28:00,RV-VAC-0048-1,CV-VAC-0048-1,synthetic,SYN-011161
ASM-01523,SES-00687,APP-00381,CRI-0238,EV-S3-02,3,15,[SINTÉTICO] Nivel 3: la evidencia registrada corresponde al descriptor; para el nivel 4 faltaría un ejemplo más completo.,suficiente,2026-04-05T18:00:00,RV-VAC-0048-1,CV-VAC-0048-1,synthetic,SYN-011165
ASM-01524,SES-00687,APP-00381,CRI-0239,EV-S3-02,3,15,[SINTÉTICO] Nivel 3: la evidencia registrada corresponde al descriptor; para el nivel 4 faltaría un ejemplo más completo.,suficiente,2026-04-05T18:00:00,RV-VAC-0048-1,CV-VAC-0048-1,synthetic,SYN-011169
ASM-01525,SES-00688,APP-00382,CRI-0236,EV-S3-02,1,5,[SINTÉTICO] Nivel 1: la evidencia registrada corresponde al descriptor; para el nivel 2 faltaría un ejemplo más completo.,parcial,2026-04-09T04:23:00,RV-VAC-0048-1,CV-VAC-0048-1,synthetic,SYN-011174
ASM-01526,SES-00688,APP-00382,CRI-0237,EV-S3-02,1,5,[SINTÉTICO] Nivel 1: la evidencia registrada corresponde al descriptor; para el nivel 2 faltaría un ejemplo más completo.,suficiente,2026-04-09T04:23:00,RV-VAC-0048-1,CV-VAC-0048-1,synthetic,SYN-011176
ASM-01527,SES-00689,APP-00382,CRI-0238,EV-S3-03,1,5,[SINTÉTICO] Nivel 1: la evidencia registrada corresponde al descriptor; para el nivel 2 faltaría un ejemplo más completo.,suficiente,2026-03-30T20:00:00,RV-VAC-0048-1,CV-VAC-0048-1,synthetic,SYN-011180
ASM-01528,SES-00689,APP-00382,CRI-0239,EV-S3-03,1,5,[SINTÉTICO] Nivel 1: la evidencia registrada corresponde al descriptor; para el nivel 2 faltaría un ejemplo más completo.,suficiente,2026-03-30T20:00:00,RV-VAC-0048-1,CV-VAC-0048-1,synthetic,SYN-011182
ASM-01529,SES-00690,APP-00383,CRI-0240,EV-S1-01,2,10,[SINTÉTICO] Nivel 2: la evidencia registrada corresponde al descriptor; para el nivel 3 faltaría un ejemplo más completo.,suficiente,2026-03-04T02:00:00,RV-VAC-0049-1,CV-VAC-0049-1,synthetic,SYN-011187
ASM-01530,SES-00690,APP-00383,CRI-0241,EV-S1-01,2,10,[SINTÉTICO] Nivel 2: la evidencia registrada corresponde al descriptor; para el nivel 3 faltaría un ejemplo más completo.,parcial,2026-03-04T02:00:00,RV-VAC-0049-1,CV-VAC-0049-1,synthetic,SYN-011190
ASM-01531,SES-00691,APP-00383,CRI-0242,EV-S1-03,1,5,[SINTÉTICO] Nivel 1: la evidencia registrada corresponde al descriptor; para el nivel 2 faltaría un ejemplo más completo.,suficiente,2026-03-18T04:00:00,RV-VAC-0049-1,CV-VAC-0049-1,synthetic,SYN-011194
ASM-01532,SES-00691,APP-00383,CRI-0243,EV-S1-03,2,10,[SINTÉTICO] Nivel 2: la evidencia registrada corresponde al descriptor; para el nivel 3 faltaría un ejemplo más completo.,suficiente,2026-03-18T04:00:00,RV-VAC-0049-1,CV-VAC-0049-1,synthetic,SYN-011198
ASM-01533,SES-00692,APP-00384,CRI-0240,EV-S1-02,4,20,[SINTÉTICO] Nivel 4: la evidencia registrada corresponde al descriptor; para el nivel 4 faltaría un ejemplo más completo.,parcial,2026-03-03T13:43:00,RV-VAC-0049-1,CV-VAC-0049-1,synthetic,SYN-011201
ASM-01534,SES-00692,APP-00384,CRI-0241,EV-S1-02,3,15,[SINTÉTICO] Nivel 3: la evidencia registrada corresponde al descriptor; para el nivel 4 faltaría un ejemplo más completo.,suficiente,2026-03-03T13:43:00,RV-VAC-0049-1,CV-VAC-0049-1,synthetic,SYN-011205
ASM-01535,SES-00693,APP-00384,CRI-0242,EV-S1-02,3,15,[SINTÉTICO] Nivel 3: la evidencia registrada corresponde al descriptor; para el nivel 4 faltaría un ejemplo más completo.,parcial,2026-03-13T16:00:00,RV-VAC-0049-1,CV-VAC-0049-1,synthetic,SYN-011208
ASM-01536,SES-00693,APP-00384,CRI-0243,EV-S1-02,3,15,[SINTÉTICO] Nivel 3: la evidencia registrada corresponde al descriptor; para el nivel 4 faltaría un ejemplo más completo.,suficiente,2026-03-13T16:00:00,RV-VAC-0049-1,CV-VAC-0049-1,synthetic,SYN-011210
ASM-01537,SES-00694,APP-00385,CRI-0240,EV-S1-03,3,15,[SINTÉTICO] Nivel 3: la evidencia registrada corresponde al descriptor; para el nivel 4 faltaría un ejemplo más completo.,suficiente,2026-02-24T04:50:00,RV-VAC-0049-1,CV-VAC-0049-1,synthetic,SYN-011213
ASM-01538,SES-00694,APP-00385,CRI-0241,EV-S1-03,2,10,[SINTÉTICO] Nivel 2: la evidencia registrada corresponde al descriptor; para el nivel 3 faltaría un ejemplo más completo.,suficiente,2026-02-24T04:50:00,RV-VAC-0049-1,CV-VAC-0049-1,synthetic,SYN-011216
ASM-01539,SES-00695,APP-00385,CRI-0242,EV-S1-02,2,10,[SINTÉTICO] Nivel 2: la evidencia registrada corresponde al descriptor; para el nivel 3 faltaría un ejemplo más completo.,parcial,2026-03-09T16:00:00,RV-VAC-0049-1,CV-VAC-0049-1,synthetic,SYN-011220
ASM-01540,SES-00695,APP-00385,CRI-0243,EV-S1-02,2,10,[SINTÉTICO] Nivel 2: la evidencia registrada corresponde al descriptor; para el nivel 3 faltaría un ejemplo más completo.,suficiente,2026-03-09T16:00:00,RV-VAC-0049-1,CV-VAC-0049-1,synthetic,SYN-011224
ASM-01541,SES-00696,APP-00386,CRI-0240,EV-S1-03,2,10,[SINTÉTICO] Nivel 2: la evidencia registrada corresponde al descriptor; para el nivel 3 faltaría un ejemplo más completo.,suficiente,2026-03-16T22:27:00,RV-VAC-0049-1,CV-VAC-0049-1,synthetic,SYN-011229
ASM-01542,SES-00696,APP-00386,CRI-0241,EV-S1-03,3,15,[SINTÉTICO] Nivel 3: la evidencia registrada corresponde al descriptor; para el nivel 4 faltaría un ejemplo más completo.,parcial,2026-03-16T22:27:00,RV-VAC-0049-1,CV-VAC-0049-1,synthetic,SYN-011232
ASM-01543,SES-00697,APP-00386,CRI-0240,EV-S1-04,2,10,[SINTÉTICO] Nivel 2: la evidencia registrada corresponde al descriptor; para el nivel 3 faltaría un ejemplo más completo.,parcial,2026-03-04T02:00:00,RV-VAC-0049-1,CV-VAC-0049-1,synthetic,SYN-011235
ASM-01544,SES-00697,APP-00386,CRI-0241,EV-S1-04,3,15,[SINTÉTICO] Nivel 3: la evidencia registrada corresponde al descriptor; para el nivel 4 faltaría un ejemplo más completo.,suficiente,2026-03-04T02:00:00,RV-VAC-0049-1,CV-VAC-0049-1,synthetic,SYN-011240
ASM-01545,SES-00699,APP-00388,CRI-0240,EV-S1-02,2,10,[SINTÉTICO] Nivel 2: la evidencia registrada corresponde al descriptor; para el nivel 3 faltaría un ejemplo más completo.,suficiente,2026-03-08T16:27:00,RV-VAC-0049-1,CV-VAC-0049-1,synthetic,SYN-011246
ASM-01546,SES-00699,APP-00388,CRI-0241,EV-S1-02,2,10,[SINTÉTICO] Nivel 2: la evidencia registrada corresponde al descriptor; para el nivel 3 faltaría un ejemplo más completo.,parcial,2026-03-08T16:27:00,RV-VAC-0049-1,CV-VAC-0049-1,synthetic,SYN-011250
ASM-01547,SES-00700,APP-00388,CRI-0240,EV-S1-01,4,20,[SINTÉTICO] Nivel 4: la evidencia registrada corresponde al descriptor; para el nivel 4 faltaría un ejemplo más completo.,parcial,2026-03-14T20:27:00,RV-VAC-0049-1,CV-VAC-0049-1,synthetic,SYN-011253
ASM-01548,SES-00700,APP-00388,CRI-0241,EV-S1-01,2,10,[SINTÉTICO] Nivel 2: la evidencia registrada corresponde al descriptor; para el nivel 3 faltaría un ejemplo más completo.,suficiente,2026-03-14T20:27:00,RV-VAC-0049-1,CV-VAC-0049-1,synthetic,SYN-011256
ASM-01549,SES-00701,APP-00388,CRI-0242,EV-S1-02,2,10,[SINTÉTICO] Nivel 2: la evidencia registrada corresponde al descriptor; para el nivel 3 faltaría un ejemplo más completo.,suficiente,2026-03-16T16:00:00,RV-VAC-0049-1,CV-VAC-0049-1,synthetic,SYN-011260
ASM-01550,SES-00701,APP-00388,CRI-0243,EV-S1-02,2,10,[SINTÉTICO] Nivel 2: la evidencia registrada corresponde al descriptor; para el nivel 3 faltaría un ejemplo más completo.,suficiente,2026-03-16T16:00:00,RV-VAC-0049-1,CV-VAC-0049-1,synthetic,SYN-011264
ASM-01551,SES-00702,APP-00389,CRI-0240,EV-S1-03,2,10,[SINTÉTICO] Nivel 2: la evidencia registrada corresponde al descriptor; para el nivel 3 faltaría un ejemplo más completo.,parcial,2026-02-26T14:17:00,RV-VAC-0049-1,CV-VAC-0049-1,synthetic,SYN-011267
ASM-01552,SES-00702,APP-00389,CRI-0241,EV-S1-03,4,20,[SINTÉTICO] Nivel 4: la evidencia registrada corresponde al descriptor; para el nivel 4 faltaría un ejemplo más completo.,parcial,2026-02-26T14:17:00,RV-VAC-0049-1,CV-VAC-0049-1,synthetic,SYN-011269
ASM-01553,SES-00703,APP-00389,CRI-0242,EV-S1-01,3,15,[SINTÉTICO] Nivel 3: la evidencia registrada corresponde al descriptor; para el nivel 4 faltaría un ejemplo más completo.,suficiente,2026-03-13T02:00:00,RV-VAC-0049-1,CV-VAC-0049-1,synthetic,SYN-011274
ASM-01554,SES-00703,APP-00389,CRI-0243,EV-S1-01,2,10,[SINTÉTICO] Nivel 2: la evidencia registrada corresponde al descriptor; para el nivel 3 faltaría un ejemplo más completo.,suficiente,2026-03-13T02:00:00,RV-VAC-0049-1,CV-VAC-0049-1,synthetic,SYN-011278
ASM-01555,SES-00704,APP-00390,CRI-0240,EV-S1-02,1,5,[SINTÉTICO] Nivel 1: la evidencia registrada corresponde al descriptor; para el nivel 2 faltaría un ejemplo más completo.,suficiente,2026-02-27T02:22:00,RV-VAC-0049-1,CV-VAC-0049-1,synthetic,SYN-011281
ASM-01556,SES-00704,APP-00390,CRI-0241,EV-S1-02,1,5,[SINTÉTICO] Nivel 1: la evidencia registrada corresponde al descriptor; para el nivel 2 faltaría un ejemplo más completo.,parcial,2026-02-27T02:22:00,RV-VAC-0049-1,CV-VAC-0049-1,synthetic,SYN-011284
ASM-01557,SES-00705,APP-00390,CRI-0242,EV-S1-01,1,5,[SINTÉTICO] Nivel 1: la evidencia registrada corresponde al descriptor; para el nivel 2 faltaría un ejemplo más completo.,suficiente,2026-03-13T23:00:00,RV-VAC-0049-1,CV-VAC-0049-1,synthetic,SYN-011287
ASM-01558,SES-00705,APP-00390,CRI-0243,EV-S1-01,1,5,[SINTÉTICO] Nivel 1: la evidencia registrada corresponde al descriptor; para el nivel 2 faltaría un ejemplo más completo.,parcial,2026-03-13T23:00:00,RV-VAC-0049-1,CV-VAC-0049-1,synthetic,SYN-011289
ASM-01559,SES-00706,APP-00391,CRI-0244,EV-S2-01,1,5,[SINTÉTICO] Nivel 1: la evidencia registrada corresponde al descriptor; para el nivel 2 faltaría un ejemplo más completo.,insuficiente,2026-05-08T19:57:00,RV-VAC-0050-1,CV-VAC-0050-1,synthetic,SYN-011293
ASM-01560,SES-00706,APP-00391,CRI-0245,EV-S2-01,2,10,[SINTÉTICO] Nivel 2: la evidencia registrada corresponde al descriptor; para el nivel 3 faltaría un ejemplo más completo.,suficiente,2026-05-08T19:57:00,RV-VAC-0050-1,CV-VAC-0050-1,synthetic,SYN-011294
ASM-01561,SES-00707,APP-00392,CRI-0244,EV-S2-01,1,5,[SINTÉTICO] Nivel 1: la evidencia registrada corresponde al descriptor; para el nivel 2 faltaría un ejemplo más completo.,parcial,2026-05-08T00:18:00,RV-VAC-0050-1,CV-VAC-0050-1,synthetic,SYN-011298
ASM-01562,SES-00707,APP-00392,CRI-0245,EV-S2-01,2,10,[SINTÉTICO] Nivel 2: la evidencia registrada corresponde al descriptor; para el nivel 3 faltaría un ejemplo más completo.,parcial,2026-05-08T00:18:00,RV-VAC-0050-1,CV-VAC-0050-1,synthetic,SYN-011301
ASM-01563,SES-00708,APP-00392,CRI-0246,EV-S2-01,1,5,[SINTÉTICO] Nivel 1: la evidencia registrada corresponde al descriptor; para el nivel 2 faltaría un ejemplo más completo.,parcial,2026-05-08T16:00:00,RV-VAC-0050-1,CV-VAC-0050-1,synthetic,SYN-011306
ASM-01564,SES-00708,APP-00392,CRI-0247,EV-S2-01,1,5,[SINTÉTICO] Nivel 1: la evidencia registrada corresponde al descriptor; para el nivel 2 faltaría un ejemplo más completo.,parcial,2026-05-08T16:00:00,RV-VAC-0050-1,CV-VAC-0050-1,synthetic,SYN-011309
ASM-01565,SES-00709,APP-00394,CRI-0244,EV-S2-02,4,20,[SINTÉTICO] Nivel 4: la evidencia registrada corresponde al descriptor; para el nivel 4 faltaría un ejemplo más completo.,suficiente,2026-04-25T00:40:00,RV-VAC-0050-1,CV-VAC-0050-1,synthetic,SYN-011313
ASM-01566,SES-00709,APP-00394,CRI-0245,EV-S2-02,3,15,[SINTÉTICO] Nivel 3: la evidencia registrada corresponde al descriptor; para el nivel 4 faltaría un ejemplo más completo.,suficiente,2026-04-25T00:40:00,RV-VAC-0050-1,CV-VAC-0050-1,synthetic,SYN-011315
ASM-01567,SES-00710,APP-00394,CRI-0246,EV-S2-01,4,20,[SINTÉTICO] Nivel 4: la evidencia registrada corresponde al descriptor; para el nivel 4 faltaría un ejemplo más completo.,suficiente,2026-05-13T14:00:00,RV-VAC-0050-1,CV-VAC-0050-1,synthetic,SYN-011319
ASM-01568,SES-00710,APP-00394,CRI-0247,EV-S2-01,3,15,[SINTÉTICO] Nivel 3: la evidencia registrada corresponde al descriptor; para el nivel 4 faltaría un ejemplo más completo.,suficiente,2026-05-13T14:00:00,RV-VAC-0050-1,CV-VAC-0050-1,synthetic,SYN-011322
ASM-01569,SES-00711,APP-00395,CRI-0244,EV-S2-03,2,10,[SINTÉTICO] Nivel 2: la evidencia registrada corresponde al descriptor; para el nivel 3 faltaría un ejemplo más completo.,suficiente,2026-04-20T11:38:00,RV-VAC-0050-1,CV-VAC-0050-1,synthetic,SYN-011326
ASM-01570,SES-00711,APP-00395,CRI-0245,EV-S2-03,3,15,[SINTÉTICO] Nivel 3: la evidencia registrada corresponde al descriptor; para el nivel 4 faltaría un ejemplo más completo.,parcial,2026-04-20T11:38:00,RV-VAC-0050-1,CV-VAC-0050-1,synthetic,SYN-011328
ASM-01571,SES-00712,APP-00395,CRI-0246,EV-S2-01,2,10,[SINTÉTICO] Nivel 2: la evidencia registrada corresponde al descriptor; para el nivel 3 faltaría un ejemplo más completo.,suficiente,2026-05-15T20:00:00,RV-VAC-0050-1,CV-VAC-0050-1,synthetic,SYN-011332
ASM-01572,SES-00712,APP-00395,CRI-0247,EV-S2-01,2,10,[SINTÉTICO] Nivel 2: la evidencia registrada corresponde al descriptor; para el nivel 3 faltaría un ejemplo más completo.,parcial,2026-05-15T20:00:00,RV-VAC-0050-1,CV-VAC-0050-1,synthetic,SYN-011336
ASM-01573,SES-00713,APP-00396,CRI-0244,EV-S2-04,1,5,[SINTÉTICO] Nivel 1: la evidencia registrada corresponde al descriptor; para el nivel 2 faltaría un ejemplo más completo.,suficiente,2026-04-24T01:10:00,RV-VAC-0050-1,CV-VAC-0050-1,synthetic,SYN-011339
ASM-01574,SES-00713,APP-00396,CRI-0245,EV-S2-04,1,5,[SINTÉTICO] Nivel 1: la evidencia registrada corresponde al descriptor; para el nivel 2 faltaría un ejemplo más completo.,suficiente,2026-04-24T01:10:00,RV-VAC-0050-1,CV-VAC-0050-1,synthetic,SYN-011341
ASM-01575,SES-00714,APP-00396,CRI-0246,EV-S2-01,1,5,[SINTÉTICO] Nivel 1: la evidencia registrada corresponde al descriptor; para el nivel 2 faltaría un ejemplo más completo.,parcial,2026-05-03T20:00:00,RV-VAC-0050-1,CV-VAC-0050-1,synthetic,SYN-011344
ASM-01576,SES-00714,APP-00396,CRI-0247,EV-S2-01,1,5,[SINTÉTICO] Nivel 1: la evidencia registrada corresponde al descriptor; para el nivel 2 faltaría un ejemplo más completo.,suficiente,2026-05-03T20:00:00,RV-VAC-0050-1,CV-VAC-0050-1,synthetic,SYN-011348
ASM-01577,SES-00715,APP-00397,CRI-0244,EV-S2-01,2,10,[SINTÉTICO] Nivel 2: la evidencia registrada corresponde al descriptor; para el nivel 3 faltaría un ejemplo más completo.,parcial,2026-05-03T07:38:00,RV-VAC-0050-1,CV-VAC-0050-1,synthetic,SYN-011351
ASM-01578,SES-00715,APP-00397,CRI-0245,EV-S2-01,1,5,[SINTÉTICO] Nivel 1: la evidencia registrada corresponde al descriptor; para el nivel 2 faltaría un ejemplo más completo.,suficiente,2026-05-03T07:38:00,RV-VAC-0050-1,CV-VAC-0050-1,synthetic,SYN-011353
ASM-01579,SES-00716,APP-00398,CRI-0244,EV-S2-02,3,15,[SINTÉTICO] Nivel 3: la evidencia registrada corresponde al descriptor; para el nivel 4 faltaría un ejemplo más completo.,parcial,2026-05-11T03:00:00,RV-VAC-0050-1,CV-VAC-0050-1,synthetic,SYN-011357
ASM-01580,SES-00716,APP-00398,CRI-0245,EV-S2-02,4,20,[SINTÉTICO] Nivel 4: la evidencia registrada corresponde al descriptor; para el nivel 4 faltaría un ejemplo más completo.,suficiente,2026-05-11T03:00:00,RV-VAC-0050-1,CV-VAC-0050-1,synthetic,SYN-011360
ASM-01581,SES-00717,APP-00398,CRI-0246,EV-S2-04,3,15,[SINTÉTICO] Nivel 3: la evidencia registrada corresponde al descriptor; para el nivel 4 faltaría un ejemplo más completo.,parcial,2026-05-09T16:00:00,RV-VAC-0050-1,CV-VAC-0050-1,synthetic,SYN-011364
ASM-01582,SES-00717,APP-00398,CRI-0247,EV-S2-04,4,20,[SINTÉTICO] Nivel 4: la evidencia registrada corresponde al descriptor; para el nivel 4 faltaría un ejemplo más completo.,suficiente,2026-05-09T16:00:00,RV-VAC-0050-1,CV-VAC-0050-1,synthetic,SYN-011367
ASM-01583,SES-00718,APP-00399,CRI-0244,EV-S2-04,2,10,[SINTÉTICO] Nivel 2: la evidencia registrada corresponde al descriptor; para el nivel 3 faltaría un ejemplo más completo.,parcial,2026-04-23T03:09:00,RV-VAC-0050-1,CV-VAC-0050-1,synthetic,SYN-011371
ASM-01584,SES-00718,APP-00399,CRI-0245,EV-S2-04,1,5,[SINTÉTICO] Nivel 1: la evidencia registrada corresponde al descriptor; para el nivel 2 faltaría un ejemplo más completo.,suficiente,2026-04-23T03:09:00,RV-VAC-0050-1,CV-VAC-0050-1,synthetic,SYN-011374
ASM-01585,SES-00719,APP-00399,CRI-0246,EV-S2-03,1,5,[SINTÉTICO] Nivel 1: la evidencia registrada corresponde al descriptor; para el nivel 2 faltaría un ejemplo más completo.,parcial,2026-05-11T17:00:00,RV-VAC-0050-1,CV-VAC-0050-1,synthetic,SYN-011378
ASM-01586,SES-00719,APP-00399,CRI-0247,EV-S2-03,1,5,[SINTÉTICO] Nivel 1: la evidencia registrada corresponde al descriptor; para el nivel 2 faltaría un ejemplo más completo.,parcial,2026-05-11T17:00:00,RV-VAC-0050-1,CV-VAC-0050-1,synthetic,SYN-011382
ASM-01587,SES-00720,APP-00401,CRI-0244,EV-S2-02,3,15,[SINTÉTICO] Nivel 3: la evidencia registrada corresponde al descriptor; para el nivel 4 faltaría un ejemplo más completo.,suficiente,2026-04-26T10:25:00,RV-VAC-0050-1,CV-VAC-0050-1,synthetic,SYN-011387
ASM-01588,SES-00720,APP-00401,CRI-0245,EV-S2-02,3,15,[SINTÉTICO] Nivel 3: la evidencia registrada corresponde al descriptor; para el nivel 4 faltaría un ejemplo más completo.,parcial,2026-04-26T10:25:00,RV-VAC-0050-1,CV-VAC-0050-1,synthetic,SYN-011391
ASM-01589,SES-00721,APP-00401,CRI-0244,EV-S2-01,2,10,[SINTÉTICO] Nivel 2: la evidencia registrada corresponde al descriptor; para el nivel 3 faltaría un ejemplo más completo.,suficiente,2026-04-30T07:25:00,RV-VAC-0050-1,CV-VAC-0050-1,synthetic,SYN-011396
ASM-01590,SES-00721,APP-00401,CRI-0245,EV-S2-01,3,15,[SINTÉTICO] Nivel 3: la evidencia registrada corresponde al descriptor; para el nivel 4 faltaría un ejemplo más completo.,suficiente,2026-04-30T07:25:00,RV-VAC-0050-1,CV-VAC-0050-1,synthetic,SYN-011399
ASM-01591,SES-00722,APP-00402,CRI-0244,EV-S2-03,2,10,[SINTÉTICO] Nivel 2: la evidencia registrada corresponde al descriptor; para el nivel 3 faltaría un ejemplo más completo.,parcial,2026-05-10T18:29:00,RV-VAC-0050-1,CV-VAC-0050-1,synthetic,SYN-011404
ASM-01592,SES-00722,APP-00402,CRI-0245,EV-S2-03,2,10,[SINTÉTICO] Nivel 2: la evidencia registrada corresponde al descriptor; para el nivel 3 faltaría un ejemplo más completo.,suficiente,2026-05-10T18:29:00,RV-VAC-0050-1,CV-VAC-0050-1,synthetic,SYN-011406
ASM-01593,SES-00723,APP-00402,CRI-0246,EV-S2-01,2,10,[SINTÉTICO] Nivel 2: la evidencia registrada corresponde al descriptor; para el nivel 3 faltaría un ejemplo más completo.,parcial,2026-05-17T20:00:00,RV-VAC-0050-1,CV-VAC-0050-1,synthetic,SYN-011411
ASM-01594,SES-00723,APP-00402,CRI-0247,EV-S2-01,2,10,[SINTÉTICO] Nivel 2: la evidencia registrada corresponde al descriptor; para el nivel 3 faltaría un ejemplo más completo.,suficiente,2026-05-17T20:00:00,RV-VAC-0050-1,CV-VAC-0050-1,synthetic,SYN-011413
ASM-01595,SES-00724,APP-00404,CRI-0248,EV-S3-02,2,10,[SINTÉTICO] Nivel 2: la evidencia registrada corresponde al descriptor; para el nivel 3 faltaría un ejemplo más completo.,suficiente,2026-04-03T04:29:00,RV-VAC-0051-1,CV-VAC-0051-1,synthetic,SYN-011417
ASM-01596,SES-00724,APP-00404,CRI-0249,EV-S3-02,3,15,[SINTÉTICO] Nivel 3: la evidencia registrada corresponde al descriptor; para el nivel 4 faltaría un ejemplo más completo.,insuficiente,2026-04-03T04:29:00,RV-VAC-0051-1,CV-VAC-0051-1,synthetic,SYN-011420
ASM-01597,SES-00724,APP-00404,CRI-0250,EV-S3-02,2,10,[SINTÉTICO] Nivel 2: la evidencia registrada corresponde al descriptor; para el nivel 3 faltaría un ejemplo más completo.,suficiente,2026-04-03T04:29:00,RV-VAC-0051-1,CV-VAC-0051-1,synthetic,SYN-011421
ASM-01598,SES-00725,APP-00404,CRI-0251,EV-S3-01,2,10,[SINTÉTICO] Nivel 2: la evidencia registrada corresponde al descriptor; para el nivel 3 faltaría un ejemplo más completo.,suficiente,2026-04-14T15:00:00,RV-VAC-0051-1,CV-VAC-0051-1,synthetic,SYN-011424
ASM-01599,SES-00725,APP-00404,CRI-0252,EV-S3-01,2,10,[SINTÉTICO] Nivel 2: la evidencia registrada corresponde al descriptor; para el nivel 3 faltaría un ejemplo más completo.,suficiente,2026-04-14T15:00:00,RV-VAC-0051-1,CV-VAC-0051-1,synthetic,SYN-011428
ASM-01600,SES-00726,APP-00405,CRI-0248,EV-S3-03,3,15,[SINTÉTICO] Nivel 3: la evidencia registrada corresponde al descriptor; para el nivel 4 faltaría un ejemplo más completo.,parcial,2026-04-03T12:14:00,RV-VAC-0051-1,CV-VAC-0051-1,synthetic,SYN-011433
ASM-01601,SES-00726,APP-00405,CRI-0249,EV-S3-03,2,10,[SINTÉTICO] Nivel 2: la evidencia registrada corresponde al descriptor; para el nivel 3 faltaría un ejemplo más completo.,suficiente,2026-04-03T12:14:00,RV-VAC-0051-1,CV-VAC-0051-1,synthetic,SYN-011435
ASM-01602,SES-00726,APP-00405,CRI-0250,EV-S3-03,2,10,[SINTÉTICO] Nivel 2: la evidencia registrada corresponde al descriptor; para el nivel 3 faltaría un ejemplo más completo.,suficiente,2026-04-03T12:14:00,RV-VAC-0051-1,CV-VAC-0051-1,synthetic,SYN-011438
ASM-01603,SES-00727,APP-00405,CRI-0251,EV-S3-04,1,5,[SINTÉTICO] Nivel 1: la evidencia registrada corresponde al descriptor; para el nivel 2 faltaría un ejemplo más completo.,suficiente,2026-04-10T18:00:00,RV-VAC-0051-1,CV-VAC-0051-1,synthetic,SYN-011442
ASM-01604,SES-00727,APP-00405,CRI-0252,EV-S3-04,2,10,[SINTÉTICO] Nivel 2: la evidencia registrada corresponde al descriptor; para el nivel 3 faltaría un ejemplo más completo.,parcial,2026-04-10T18:00:00,RV-VAC-0051-1,CV-VAC-0051-1,synthetic,SYN-011444
ASM-01605,SES-00728,APP-00406,CRI-0253,EV-S1-02,4,20,[SINTÉTICO] Nivel 4: la evidencia registrada corresponde al descriptor; para el nivel 4 faltaría un ejemplo más completo.,suficiente,2026-06-07T20:15:00,RV-VAC-0052-1,CV-VAC-0052-1,synthetic,SYN-011448
ASM-01606,SES-00728,APP-00406,CRI-0254,EV-S1-02,4,20,[SINTÉTICO] Nivel 4: la evidencia registrada corresponde al descriptor; para el nivel 4 faltaría un ejemplo más completo.,parcial,2026-06-07T20:15:00,RV-VAC-0052-1,CV-VAC-0052-1,synthetic,SYN-011450
ASM-01607,SES-00729,APP-00406,CRI-0253,EV-S1-01,4,20,[SINTÉTICO] Nivel 4: la evidencia registrada corresponde al descriptor; para el nivel 4 faltaría un ejemplo más completo.,suficiente,2026-06-16T05:00:00,RV-VAC-0052-1,CV-VAC-0052-1,synthetic,SYN-011453
ASM-01608,SES-00729,APP-00406,CRI-0254,EV-S1-01,4,20,[SINTÉTICO] Nivel 4: la evidencia registrada corresponde al descriptor; para el nivel 4 faltaría un ejemplo más completo.,parcial,2026-06-16T05:00:00,RV-VAC-0052-1,CV-VAC-0052-1,synthetic,SYN-011455
ASM-01609,SES-00730,APP-00406,CRI-0255,EV-S1-01,4,20,[SINTÉTICO] Nivel 4: la evidencia registrada corresponde al descriptor; para el nivel 4 faltaría un ejemplo más completo.,parcial,2026-06-21T16:00:00,RV-VAC-0052-1,CV-VAC-0052-1,synthetic,SYN-011459
ASM-01610,SES-00730,APP-00406,CRI-0256,EV-S1-01,4,20,[SINTÉTICO] Nivel 4: la evidencia registrada corresponde al descriptor; para el nivel 4 faltaría un ejemplo más completo.,suficiente,2026-06-21T16:00:00,RV-VAC-0052-1,CV-VAC-0052-1,synthetic,SYN-011463
ASM-01611,SES-00731,APP-00407,CRI-0253,EV-S1-02,1,5,[SINTÉTICO] Nivel 1: la evidencia registrada corresponde al descriptor; para el nivel 2 faltaría un ejemplo más completo.,suficiente,2026-06-14T04:31:00,RV-VAC-0052-1,CV-VAC-0052-1,synthetic,SYN-011467
ASM-01612,SES-00731,APP-00407,CRI-0254,EV-S1-02,2,10,[SINTÉTICO] Nivel 2: la evidencia registrada corresponde al descriptor; para el nivel 3 faltaría un ejemplo más completo.,parcial,2026-06-14T04:31:00,RV-VAC-0052-1,CV-VAC-0052-1,synthetic,SYN-011469
ASM-01613,SES-00732,APP-00407,CRI-0255,EV-S1-01,1,5,[SINTÉTICO] Nivel 1: la evidencia registrada corresponde al descriptor; para el nivel 2 faltaría un ejemplo más completo.,suficiente,2026-06-17T16:00:00,RV-VAC-0052-1,CV-VAC-0052-1,synthetic,SYN-011472
ASM-01614,SES-00732,APP-00407,CRI-0256,EV-S1-01,1,5,[SINTÉTICO] Nivel 1: la evidencia registrada corresponde al descriptor; para el nivel 2 faltaría un ejemplo más completo.,suficiente,2026-06-17T16:00:00,RV-VAC-0052-1,CV-VAC-0052-1,synthetic,SYN-011474
ASM-01615,SES-00733,APP-00408,CRI-0253,EV-S1-04,4,20,[SINTÉTICO] Nivel 4: la evidencia registrada corresponde al descriptor; para el nivel 4 faltaría un ejemplo más completo.,parcial,2026-06-22T18:26:00,RV-VAC-0052-1,CV-VAC-0052-1,synthetic,SYN-011479
ASM-01616,SES-00733,APP-00408,CRI-0254,EV-S1-04,4,20,[SINTÉTICO] Nivel 4: la evidencia registrada corresponde al descriptor; para el nivel 4 faltaría un ejemplo más completo.,parcial,2026-06-22T18:26:00,RV-VAC-0052-1,CV-VAC-0052-1,synthetic,SYN-011483
ASM-01617,SES-00734,APP-00408,CRI-0255,EV-S1-03,4,20,[SINTÉTICO] Nivel 4: la evidencia registrada corresponde al descriptor; para el nivel 4 faltaría un ejemplo más completo.,insuficiente,2026-06-17T20:00:00,RV-VAC-0052-1,CV-VAC-0052-1,synthetic,SYN-011487
ASM-01618,SES-00734,APP-00408,CRI-0256,EV-S1-03,4,20,[SINTÉTICO] Nivel 4: la evidencia registrada corresponde al descriptor; para el nivel 4 faltaría un ejemplo más completo.,suficiente,2026-06-17T20:00:00,RV-VAC-0052-1,CV-VAC-0052-1,synthetic,SYN-011488
ASM-01619,SES-00735,APP-00409,CRI-0253,EV-S1-04,2,10,[SINTÉTICO] Nivel 2: la evidencia registrada corresponde al descriptor; para el nivel 3 faltaría un ejemplo más completo.,suficiente,2026-06-17T17:41:00,RV-VAC-0052-1,CV-VAC-0052-1,synthetic,SYN-011491
ASM-01620,SES-00735,APP-00409,CRI-0254,EV-S1-04,2,10,[SINTÉTICO] Nivel 2: la evidencia registrada corresponde al descriptor; para el nivel 3 faltaría un ejemplo más completo.,suficiente,2026-06-17T17:41:00,RV-VAC-0052-1,CV-VAC-0052-1,synthetic,SYN-011493
ASM-01621,SES-00736,APP-00409,CRI-0255,EV-S1-02,3,15,[SINTÉTICO] Nivel 3: la evidencia registrada corresponde al descriptor; para el nivel 4 faltaría un ejemplo más completo.,parcial,2026-06-14T12:00:00,RV-VAC-0052-1,CV-VAC-0052-1,synthetic,SYN-011497
ASM-01622,SES-00736,APP-00409,CRI-0256,EV-S1-02,2,10,[SINTÉTICO] Nivel 2: la evidencia registrada corresponde al descriptor; para el nivel 3 faltaría un ejemplo más completo.,parcial,2026-06-14T12:00:00,RV-VAC-0052-1,CV-VAC-0052-1,synthetic,SYN-011500
ASM-01623,SES-00737,APP-00410,CRI-0253,EV-S1-04,3,15,[SINTÉTICO] Nivel 3: la evidencia registrada corresponde al descriptor; para el nivel 4 faltaría un ejemplo más completo.,suficiente,2026-06-10T14:04:00,RV-VAC-0052-1,CV-VAC-0052-1,synthetic,SYN-011503
ASM-01624,SES-00737,APP-00410,CRI-0254,EV-S1-04,2,10,[SINTÉTICO] Nivel 2: la evidencia registrada corresponde al descriptor; para el nivel 3 faltaría un ejemplo más completo.,suficiente,2026-06-10T14:04:00,RV-VAC-0052-1,CV-VAC-0052-1,synthetic,SYN-011506
ASM-01625,SES-00740,APP-00412,CRI-0253,EV-S1-04,3,15,[SINTÉTICO] Nivel 3: la evidencia registrada corresponde al descriptor; para el nivel 4 faltaría un ejemplo más completo.,parcial,2026-06-16T01:28:00,RV-VAC-0052-1,CV-VAC-0052-1,synthetic,SYN-011512
ASM-01626,SES-00740,APP-00412,CRI-0254,EV-S1-04,3,15,[SINTÉTICO] Nivel 3: la evidencia registrada corresponde al descriptor; para el nivel 4 faltaría un ejemplo más completo.,suficiente,2026-06-16T01:28:00,RV-VAC-0052-1,CV-VAC-0052-1,synthetic,SYN-011514
ASM-01627,SES-00741,APP-00412,CRI-0253,EV-S1-02,2,10,[SINTÉTICO] Nivel 2: la evidencia registrada corresponde al descriptor; para el nivel 3 faltaría un ejemplo más completo.,suficiente,2026-06-22T04:28:00,RV-VAC-0052-1,CV-VAC-0052-1,synthetic,SYN-011518
ASM-01628,SES-00741,APP-00412,CRI-0254,EV-S1-02,4,20,[SINTÉTICO] Nivel 4: la evidencia registrada corresponde al descriptor; para el nivel 4 faltaría un ejemplo más completo.,parcial,2026-06-22T04:28:00,RV-VAC-0052-1,CV-VAC-0052-1,synthetic,SYN-011521
ASM-01629,SES-00742,APP-00413,CRI-0253,EV-S1-04,2,10,[SINTÉTICO] Nivel 2: la evidencia registrada corresponde al descriptor; para el nivel 3 faltaría un ejemplo más completo.,parcial,2026-06-11T19:50:00,RV-VAC-0052-1,CV-VAC-0052-1,synthetic,SYN-011526
ASM-01630,SES-00742,APP-00413,CRI-0254,EV-S1-04,3,15,[SINTÉTICO] Nivel 3: la evidencia registrada corresponde al descriptor; para el nivel 4 faltaría un ejemplo más completo.,suficiente,2026-06-11T19:50:00,RV-VAC-0052-1,CV-VAC-0052-1,synthetic,SYN-011529
ASM-01631,SES-00743,APP-00414,CRI-0253,EV-S1-02,3,15,[SINTÉTICO] Nivel 3: la evidencia registrada corresponde al descriptor; para el nivel 4 faltaría un ejemplo más completo.,suficiente,2026-06-17T10:05:00,RV-VAC-0052-1,CV-VAC-0052-1,synthetic,SYN-011532
ASM-01632,SES-00743,APP-00414,CRI-0254,EV-S1-02,2,10,[SINTÉTICO] Nivel 2: la evidencia registrada corresponde al descriptor; para el nivel 3 faltaría un ejemplo más completo.,parcial,2026-06-17T10:05:00,RV-VAC-0052-1,CV-VAC-0052-1,synthetic,SYN-011536
ASM-01633,SES-00744,APP-00414,CRI-0253,EV-S1-01,3,15,[SINTÉTICO] Nivel 3: la evidencia registrada corresponde al descriptor; para el nivel 4 faltaría un ejemplo más completo.,suficiente,2026-06-20T09:05:00,RV-VAC-0052-1,CV-VAC-0052-1,synthetic,SYN-011539
ASM-01634,SES-00744,APP-00414,CRI-0254,EV-S1-01,2,10,[SINTÉTICO] Nivel 2: la evidencia registrada corresponde al descriptor; para el nivel 3 faltaría un ejemplo más completo.,suficiente,2026-06-20T09:05:00,RV-VAC-0052-1,CV-VAC-0052-1,synthetic,SYN-011543
ASM-01635,SES-00746,APP-00415,CRI-0253,EV-S1-01,2,10,[SINTÉTICO] Nivel 2: la evidencia registrada corresponde al descriptor; para el nivel 3 faltaría un ejemplo más completo.,parcial,2026-06-18T11:55:00,RV-VAC-0052-1,CV-VAC-0052-1,synthetic,SYN-011548
ASM-01636,SES-00746,APP-00415,CRI-0254,EV-S1-01,1,5,[SINTÉTICO] Nivel 1: la evidencia registrada corresponde al descriptor; para el nivel 2 faltaría un ejemplo más completo.,suficiente,2026-06-18T11:55:00,RV-VAC-0052-1,CV-VAC-0052-1,synthetic,SYN-011552
ASM-01637,SES-00747,APP-00415,CRI-0255,EV-S1-03,1,5,[SINTÉTICO] Nivel 1: la evidencia registrada corresponde al descriptor; para el nivel 2 faltaría un ejemplo más completo.,parcial,2026-06-18T12:00:00,RV-VAC-0052-1,CV-VAC-0052-1,synthetic,SYN-011556
ASM-01638,SES-00747,APP-00415,CRI-0256,EV-S1-03,1,5,[SINTÉTICO] Nivel 1: la evidencia registrada corresponde al descriptor; para el nivel 2 faltaría un ejemplo más completo.,suficiente,2026-06-18T12:00:00,RV-VAC-0052-1,CV-VAC-0052-1,synthetic,SYN-011559
ASM-01639,SES-00748,APP-00417,CRI-0253,EV-S1-03,4,20,[SINTÉTICO] Nivel 4: la evidencia registrada corresponde al descriptor; para el nivel 4 faltaría un ejemplo más completo.,suficiente,2026-06-13T20:37:00,RV-VAC-0052-1,CV-VAC-0052-1,synthetic,SYN-011564
ASM-01640,SES-00748,APP-00417,CRI-0254,EV-S1-03,4,20,[SINTÉTICO] Nivel 4: la evidencia registrada corresponde al descriptor; para el nivel 4 faltaría un ejemplo más completo.,parcial,2026-06-13T20:37:00,RV-VAC-0052-1,CV-VAC-0052-1,synthetic,SYN-011567
ASM-01641,SES-00749,APP-00417,CRI-0255,EV-S1-02,4,20,[SINTÉTICO] Nivel 4: la evidencia registrada corresponde al descriptor; para el nivel 4 faltaría un ejemplo más completo.,suficiente,2026-06-21T16:00:00,RV-VAC-0052-1,CV-VAC-0052-1,synthetic,SYN-011572
ASM-01642,SES-00749,APP-00417,CRI-0256,EV-S1-02,4,20,[SINTÉTICO] Nivel 4: la evidencia registrada corresponde al descriptor; para el nivel 4 faltaría un ejemplo más completo.,suficiente,2026-06-21T16:00:00,RV-VAC-0052-1,CV-VAC-0052-1,synthetic,SYN-011576
ASM-01643,SES-00750,APP-00418,CRI-0257,EV-S2-02,2,10,[SINTÉTICO] Nivel 2: la evidencia registrada corresponde al descriptor; para el nivel 3 faltaría un ejemplo más completo.,parcial,2026-05-12T11:41:00,RV-VAC-0053-1,CV-VAC-0053-1,synthetic,SYN-011579
ASM-01644,SES-00750,APP-00418,CRI-0258,EV-S2-02,1,5,[SINTÉTICO] Nivel 1: la evidencia registrada corresponde al descriptor; para el nivel 2 faltaría un ejemplo más completo.,parcial,2026-05-12T11:41:00,RV-VAC-0053-1,CV-VAC-0053-1,synthetic,SYN-011581
ASM-01645,SES-00751,APP-00418,CRI-0259,EV-S2-03,2,10,[SINTÉTICO] Nivel 2: la evidencia registrada corresponde al descriptor; para el nivel 3 faltaría un ejemplo más completo.,suficiente,2026-05-17T02:00:00,RV-VAC-0053-1,CV-VAC-0053-1,synthetic,SYN-011584
ASM-01646,SES-00751,APP-00418,CRI-0260,EV-S2-03,1,5,[SINTÉTICO] Nivel 1: la evidencia registrada corresponde al descriptor; para el nivel 2 faltaría un ejemplo más completo.,suficiente,2026-05-17T02:00:00,RV-VAC-0053-1,CV-VAC-0053-1,synthetic,SYN-011587
ASM-01647,SES-00752,APP-00420,CRI-0257,EV-S2-02,3,15,[SINTÉTICO] Nivel 3: la evidencia registrada corresponde al descriptor; para el nivel 4 faltaría un ejemplo más completo.,parcial,2026-05-14T22:47:00,RV-VAC-0053-1,CV-VAC-0053-1,synthetic,SYN-011592
ASM-01648,SES-00752,APP-00420,CRI-0258,EV-S2-02,2,10,[SINTÉTICO] Nivel 2: la evidencia registrada corresponde al descriptor; para el nivel 3 faltaría un ejemplo más completo.,suficiente,2026-05-14T22:47:00,RV-VAC-0053-1,CV-VAC-0053-1,synthetic,SYN-011594
ASM-01649,SES-00753,APP-00420,CRI-0259,EV-S2-01,3,15,[SINTÉTICO] Nivel 3: la evidencia registrada corresponde al descriptor; para el nivel 4 faltaría un ejemplo más completo.,suficiente,2026-05-21T02:00:00,RV-VAC-0053-1,CV-VAC-0053-1,synthetic,SYN-011599
ASM-01650,SES-00753,APP-00420,CRI-0260,EV-S2-01,2,10,[SINTÉTICO] Nivel 2: la evidencia registrada corresponde al descriptor; para el nivel 3 faltaría un ejemplo más completo.,suficiente,2026-05-21T02:00:00,RV-VAC-0053-1,CV-VAC-0053-1,synthetic,SYN-011602
ASM-01651,SES-00754,APP-00421,CRI-0257,EV-S2-04,3,15,[SINTÉTICO] Nivel 3: la evidencia registrada corresponde al descriptor; para el nivel 4 faltaría un ejemplo más completo.,parcial,2026-05-08T23:36:00,RV-VAC-0053-1,CV-VAC-0053-1,synthetic,SYN-011606
ASM-01652,SES-00754,APP-00421,CRI-0258,EV-S2-04,2,10,[SINTÉTICO] Nivel 2: la evidencia registrada corresponde al descriptor; para el nivel 3 faltaría un ejemplo más completo.,suficiente,2026-05-08T23:36:00,RV-VAC-0053-1,CV-VAC-0053-1,synthetic,SYN-011608
ASM-01653,SES-00756,APP-00422,CRI-0257,EV-S2-04,4,20,[SINTÉTICO] Nivel 4: la evidencia registrada corresponde al descriptor; para el nivel 4 faltaría un ejemplo más completo.,suficiente,2026-05-14T12:36:00,RV-VAC-0053-1,CV-VAC-0053-1,synthetic,SYN-011614
ASM-01654,SES-00756,APP-00422,CRI-0258,EV-S2-04,3,15,[SINTÉTICO] Nivel 3: la evidencia registrada corresponde al descriptor; para el nivel 4 faltaría un ejemplo más completo.,suficiente,2026-05-14T12:36:00,RV-VAC-0053-1,CV-VAC-0053-1,synthetic,SYN-011617
ASM-01655,SES-00757,APP-00423,CRI-0257,EV-S2-04,4,20,[SINTÉTICO] Nivel 4: la evidencia registrada corresponde al descriptor; para el nivel 4 faltaría un ejemplo más completo.,parcial,2026-05-11T11:42:00,RV-VAC-0053-1,CV-VAC-0053-1,synthetic,SYN-011620
ASM-01656,SES-00757,APP-00423,CRI-0258,EV-S2-04,3,15,[SINTÉTICO] Nivel 3: la evidencia registrada corresponde al descriptor; para el nivel 4 faltaría un ejemplo más completo.,suficiente,2026-05-11T11:42:00,RV-VAC-0053-1,CV-VAC-0053-1,synthetic,SYN-011624
ASM-01657,SES-00758,APP-00423,CRI-0259,EV-S2-04,4,20,[SINTÉTICO] Nivel 4: la evidencia registrada corresponde al descriptor; para el nivel 4 faltaría un ejemplo más completo.,parcial,2026-05-12T23:00:00,RV-VAC-0053-1,CV-VAC-0053-1,synthetic,SYN-011629
ASM-01658,SES-00758,APP-00423,CRI-0260,EV-S2-04,4,20,[SINTÉTICO] Nivel 4: la evidencia registrada corresponde al descriptor; para el nivel 4 faltaría un ejemplo más completo.,suficiente,2026-05-12T23:00:00,RV-VAC-0053-1,CV-VAC-0053-1,synthetic,SYN-011632
ASM-01659,SES-00759,APP-00425,CRI-0257,EV-S2-04,4,20,[SINTÉTICO] Nivel 4: la evidencia registrada corresponde al descriptor; para el nivel 4 faltaría un ejemplo más completo.,parcial,2026-05-11T12:44:00,RV-VAC-0053-1,CV-VAC-0053-1,synthetic,SYN-011636
ASM-01660,SES-00759,APP-00425,CRI-0258,EV-S2-04,4,20,[SINTÉTICO] Nivel 4: la evidencia registrada corresponde al descriptor; para el nivel 4 faltaría un ejemplo más completo.,suficiente,2026-05-11T12:44:00,RV-VAC-0053-1,CV-VAC-0053-1,synthetic,SYN-011640
ASM-01661,SES-00760,APP-00425,CRI-0259,EV-S2-01,4,20,[SINTÉTICO] Nivel 4: la evidencia registrada corresponde al descriptor; para el nivel 4 faltaría un ejemplo más completo.,parcial,2026-05-30T00:00:00,RV-VAC-0053-1,CV-VAC-0053-1,synthetic,SYN-011645
ASM-01662,SES-00760,APP-00425,CRI-0260,EV-S2-01,4,20,[SINTÉTICO] Nivel 4: la evidencia registrada corresponde al descriptor; para el nivel 4 faltaría un ejemplo más completo.,suficiente,2026-05-30T00:00:00,RV-VAC-0053-1,CV-VAC-0053-1,synthetic,SYN-011648
ASM-01663,SES-00762,APP-00426,CRI-0259,EV-S2-03,2,10,[SINTÉTICO] Nivel 2: la evidencia registrada corresponde al descriptor; para el nivel 3 faltaría un ejemplo más completo.,parcial,2026-05-23T11:00:00,RV-VAC-0053-1,CV-VAC-0053-1,synthetic,SYN-011653
ASM-01664,SES-00762,APP-00426,CRI-0260,EV-S2-03,2,10,[SINTÉTICO] Nivel 2: la evidencia registrada corresponde al descriptor; para el nivel 3 faltaría un ejemplo más completo.,suficiente,2026-05-23T11:00:00,RV-VAC-0053-1,CV-VAC-0053-1,synthetic,SYN-011657
ASM-01665,SES-00763,APP-00427,CRI-0257,EV-S2-02,4,20,[SINTÉTICO] Nivel 4: la evidencia registrada corresponde al descriptor; para el nivel 4 faltaría un ejemplo más completo.,insuficiente,2026-05-17T18:48:00,RV-VAC-0053-1,CV-VAC-0053-1,synthetic,SYN-011661
ASM-01666,SES-00763,APP-00427,CRI-0258,EV-S2-02,4,20,[SINTÉTICO] Nivel 4: la evidencia registrada corresponde al descriptor; para el nivel 4 faltaría un ejemplo más completo.,insuficiente,2026-05-17T18:48:00,RV-VAC-0053-1,CV-VAC-0053-1,synthetic,SYN-011662
ASM-01667,SES-00764,APP-00427,CRI-0259,EV-S2-02,4,20,[SINTÉTICO] Nivel 4: la evidencia registrada corresponde al descriptor; para el nivel 4 faltaría un ejemplo más completo.,parcial,2026-05-13T12:00:00,RV-VAC-0053-1,CV-VAC-0053-1,synthetic,SYN-011664
ASM-01668,SES-00764,APP-00427,CRI-0260,EV-S2-02,4,20,[SINTÉTICO] Nivel 4: la evidencia registrada corresponde al descriptor; para el nivel 4 faltaría un ejemplo más completo.,suficiente,2026-05-13T12:00:00,RV-VAC-0053-1,CV-VAC-0053-1,synthetic,SYN-011666
ASM-01669,SES-00766,APP-00429,CRI-0257,EV-S2-02,4,20,[SINTÉTICO] Nivel 4: la evidencia registrada corresponde al descriptor; para el nivel 4 faltaría un ejemplo más completo.,parcial,2026-05-07T05:00:00,RV-VAC-0053-1,CV-VAC-0053-1,synthetic,SYN-011671
ASM-01670,SES-00766,APP-00429,CRI-0258,EV-S2-02,4,20,[SINTÉTICO] Nivel 4: la evidencia registrada corresponde al descriptor; para el nivel 4 faltaría un ejemplo más completo.,insuficiente,2026-05-07T05:00:00,RV-VAC-0053-1,CV-VAC-0053-1,synthetic,SYN-011675
ASM-01671,SES-00767,APP-00429,CRI-0259,EV-S2-04,4,20,[SINTÉTICO] Nivel 4: la evidencia registrada corresponde al descriptor; para el nivel 4 faltaría un ejemplo más completo.,insuficiente,2026-05-25T23:00:00,RV-VAC-0053-1,CV-VAC-0053-1,synthetic,SYN-011677
ASM-01672,SES-00767,APP-00429,CRI-0260,EV-S2-04,4,20,[SINTÉTICO] Nivel 4: la evidencia registrada corresponde al descriptor; para el nivel 4 faltaría un ejemplo más completo.,parcial,2026-05-25T23:00:00,RV-VAC-0053-1,CV-VAC-0053-1,synthetic,SYN-011678
ASM-01673,SES-00768,APP-00430,CRI-0257,EV-S2-02,4,20,[SINTÉTICO] Nivel 4: la evidencia registrada corresponde al descriptor; para el nivel 4 faltaría un ejemplo más completo.,parcial,2026-05-14T01:00:00,RV-VAC-0053-1,CV-VAC-0053-1,synthetic,SYN-011683
ASM-01674,SES-00768,APP-00430,CRI-0258,EV-S2-02,3,15,[SINTÉTICO] Nivel 3: la evidencia registrada corresponde al descriptor; para el nivel 4 faltaría un ejemplo más completo.,suficiente,2026-05-14T01:00:00,RV-VAC-0053-1,CV-VAC-0053-1,synthetic,SYN-011685
ASM-01675,SES-00769,APP-00430,CRI-0259,EV-S2-02,4,20,[SINTÉTICO] Nivel 4: la evidencia registrada corresponde al descriptor; para el nivel 4 faltaría un ejemplo más completo.,suficiente,2026-05-25T21:00:00,RV-VAC-0053-1,CV-VAC-0053-1,synthetic,SYN-011688
ASM-01676,SES-00769,APP-00430,CRI-0260,EV-S2-02,4,20,[SINTÉTICO] Nivel 4: la evidencia registrada corresponde al descriptor; para el nivel 4 faltaría un ejemplo más completo.,insuficiente,2026-05-25T21:00:00,RV-VAC-0053-1,CV-VAC-0053-1,synthetic,SYN-011692
ASM-01677,SES-00771,APP-00433,CRI-0261,EV-S3-02,2,10,[SINTÉTICO] Nivel 2: la evidencia registrada corresponde al descriptor; para el nivel 3 faltaría un ejemplo más completo.,parcial,2026-04-17T15:53:00,RV-VAC-0054-1,CV-VAC-0054-1,synthetic,SYN-011696
ASM-01678,SES-00771,APP-00433,CRI-0262,EV-S3-02,2,10,[SINTÉTICO] Nivel 2: la evidencia registrada corresponde al descriptor; para el nivel 3 faltaría un ejemplo más completo.,suficiente,2026-04-17T15:53:00,RV-VAC-0054-1,CV-VAC-0054-1,synthetic,SYN-011699
ASM-01679,SES-00772,APP-00433,CRI-0263,EV-S3-03,3,15,[SINTÉTICO] Nivel 3: la evidencia registrada corresponde al descriptor; para el nivel 4 faltaría un ejemplo más completo.,parcial,2026-05-07T16:00:00,RV-VAC-0054-1,CV-VAC-0054-1,synthetic,SYN-011703
ASM-01680,SES-00772,APP-00433,CRI-0264,EV-S3-03,2,10,[SINTÉTICO] Nivel 2: la evidencia registrada corresponde al descriptor; para el nivel 3 faltaría un ejemplo más completo.,insuficiente,2026-05-07T16:00:00,RV-VAC-0054-1,CV-VAC-0054-1,synthetic,SYN-011707
ASM-01681,SES-00773,APP-00434,CRI-0261,EV-S3-02,4,20,[SINTÉTICO] Nivel 4: la evidencia registrada corresponde al descriptor; para el nivel 4 faltaría un ejemplo más completo.,parcial,2026-05-06T09:51:00,RV-VAC-0054-1,CV-VAC-0054-1,synthetic,SYN-011710
ASM-01682,SES-00773,APP-00434,CRI-0262,EV-S3-02,4,20,[SINTÉTICO] Nivel 4: la evidencia registrada corresponde al descriptor; para el nivel 4 faltaría un ejemplo más completo.,suficiente,2026-05-06T09:51:00,RV-VAC-0054-1,CV-VAC-0054-1,synthetic,SYN-011713
ASM-01683,SES-00774,APP-00434,CRI-0263,EV-S3-04,4,20,[SINTÉTICO] Nivel 4: la evidencia registrada corresponde al descriptor; para el nivel 4 faltaría un ejemplo más completo.,suficiente,2026-05-06T16:00:00,RV-VAC-0054-1,CV-VAC-0054-1,synthetic,SYN-011718
ASM-01684,SES-00774,APP-00434,CRI-0264,EV-S3-04,4,20,[SINTÉTICO] Nivel 4: la evidencia registrada corresponde al descriptor; para el nivel 4 faltaría un ejemplo más completo.,parcial,2026-05-06T16:00:00,RV-VAC-0054-1,CV-VAC-0054-1,synthetic,SYN-011720
ASM-01685,SES-00775,APP-00435,CRI-0261,EV-S3-01,2,10,[SINTÉTICO] Nivel 2: la evidencia registrada corresponde al descriptor; para el nivel 3 faltaría un ejemplo más completo.,insuficiente,2026-04-19T10:21:00,RV-VAC-0054-1,CV-VAC-0054-1,synthetic,SYN-011723
ASM-01686,SES-00775,APP-00435,CRI-0262,EV-S3-01,1,5,[SINTÉTICO] Nivel 1: la evidencia registrada corresponde al descriptor; para el nivel 2 faltaría un ejemplo más completo.,parcial,2026-04-19T10:21:00,RV-VAC-0054-1,CV-VAC-0054-1,synthetic,SYN-011724
ASM-01687,SES-00776,APP-00435,CRI-0261,EV-S3-04,1,5,[SINTÉTICO] Nivel 1: la evidencia registrada corresponde al descriptor; para el nivel 2 faltaría un ejemplo más completo.,suficiente,2026-04-13T05:21:00,RV-VAC-0054-1,CV-VAC-0054-1,synthetic,SYN-011727
ASM-01688,SES-00776,APP-00435,CRI-0262,EV-S3-04,1,5,[SINTÉTICO] Nivel 1: la evidencia registrada corresponde al descriptor; para el nivel 2 faltaría un ejemplo más completo.,parcial,2026-04-13T05:21:00,RV-VAC-0054-1,CV-VAC-0054-1,synthetic,SYN-011732
ASM-01689,SES-00777,APP-00435,CRI-0263,EV-S3-02,3,15,[SINTÉTICO] Nivel 3: la evidencia registrada corresponde al descriptor; para el nivel 4 faltaría un ejemplo más completo.,parcial,2026-05-06T19:00:00,RV-VAC-0054-1,CV-VAC-0054-1,synthetic,SYN-011736
ASM-01690,SES-00777,APP-00435,CRI-0264,EV-S3-02,2,10,[SINTÉTICO] Nivel 2: la evidencia registrada corresponde al descriptor; para el nivel 3 faltaría un ejemplo más completo.,suficiente,2026-05-06T19:00:00,RV-VAC-0054-1,CV-VAC-0054-1,synthetic,SYN-011739
ASM-01691,SES-00778,APP-00436,CRI-0261,EV-S3-03,1,5,[SINTÉTICO] Nivel 1: la evidencia registrada corresponde al descriptor; para el nivel 2 faltaría un ejemplo más completo.,suficiente,2026-05-04T18:22:00,RV-VAC-0054-1,CV-VAC-0054-1,synthetic,SYN-011742
ASM-01692,SES-00778,APP-00436,CRI-0262,EV-S3-03,1,5,[SINTÉTICO] Nivel 1: la evidencia registrada corresponde al descriptor; para el nivel 2 faltaría un ejemplo más completo.,parcial,2026-05-04T18:22:00,RV-VAC-0054-1,CV-VAC-0054-1,synthetic,SYN-011745
ASM-01693,SES-00779,APP-00436,CRI-0263,EV-S3-03,1,5,[SINTÉTICO] Nivel 1: la evidencia registrada corresponde al descriptor; para el nivel 2 faltaría un ejemplo más completo.,suficiente,2026-04-29T16:00:00,RV-VAC-0054-1,CV-VAC-0054-1,synthetic,SYN-011748
ASM-01694,SES-00779,APP-00436,CRI-0264,EV-S3-03,1,5,[SINTÉTICO] Nivel 1: la evidencia registrada corresponde al descriptor; para el nivel 2 faltaría un ejemplo más completo.,parcial,2026-04-29T16:00:00,RV-VAC-0054-1,CV-VAC-0054-1,synthetic,SYN-011752
ASM-01695,SES-00780,APP-00437,CRI-0261,EV-S3-01,3,15,[SINTÉTICO] Nivel 3: la evidencia registrada corresponde al descriptor; para el nivel 4 faltaría un ejemplo más completo.,insuficiente,2026-04-13T05:31:00,RV-VAC-0054-1,CV-VAC-0054-1,synthetic,SYN-011757
ASM-01696,SES-00780,APP-00437,CRI-0262,EV-S3-01,1,5,[SINTÉTICO] Nivel 1: la evidencia registrada corresponde al descriptor; para el nivel 2 faltaría un ejemplo más completo.,suficiente,2026-04-13T05:31:00,RV-VAC-0054-1,CV-VAC-0054-1,synthetic,SYN-011759
ASM-01697,SES-00781,APP-00437,CRI-0261,EV-S3-03,3,15,[SINTÉTICO] Nivel 3: la evidencia registrada corresponde al descriptor; para el nivel 4 faltaría un ejemplo más completo.,suficiente,2026-04-15T23:31:00,RV-VAC-0054-1,CV-VAC-0054-1,synthetic,SYN-011762
ASM-01698,SES-00781,APP-00437,CRI-0262,EV-S3-03,1,5,[SINTÉTICO] Nivel 1: la evidencia registrada corresponde al descriptor; para el nivel 2 faltaría un ejemplo más completo.,parcial,2026-04-15T23:31:00,RV-VAC-0054-1,CV-VAC-0054-1,synthetic,SYN-011764
ASM-01699,SES-00782,APP-00437,CRI-0263,EV-S3-01,2,10,[SINTÉTICO] Nivel 2: la evidencia registrada corresponde al descriptor; para el nivel 3 faltaría un ejemplo más completo.,suficiente,2026-05-05T19:00:00,RV-VAC-0054-1,CV-VAC-0054-1,synthetic,SYN-011769
ASM-01700,SES-00782,APP-00437,CRI-0264,EV-S3-01,2,10,[SINTÉTICO] Nivel 2: la evidencia registrada corresponde al descriptor; para el nivel 3 faltaría un ejemplo más completo.,parcial,2026-05-05T19:00:00,RV-VAC-0054-1,CV-VAC-0054-1,synthetic,SYN-011773
ASM-01701,SES-00783,APP-00438,CRI-0265,EV-S1-02,1,5,[SINTÉTICO] Nivel 1: la evidencia registrada corresponde al descriptor; para el nivel 2 faltaría un ejemplo más completo.,suficiente,2026-07-01T11:52:00,RV-VAC-0055-1,CV-VAC-0055-1,synthetic,SYN-011778
ASM-01702,SES-00783,APP-00438,CRI-0266,EV-S1-02,1,5,[SINTÉTICO] Nivel 1: la evidencia registrada corresponde al descriptor; para el nivel 2 faltaría un ejemplo más completo.,suficiente,2026-07-01T11:52:00,RV-VAC-0055-1,CV-VAC-0055-1,synthetic,SYN-011780
ASM-01703,SES-00783,APP-00438,CRI-0267,EV-S1-02,1,5,[SINTÉTICO] Nivel 1: la evidencia registrada corresponde al descriptor; para el nivel 2 faltaría un ejemplo más completo.,insuficiente,2026-07-01T11:52:00,RV-VAC-0055-1,CV-VAC-0055-1,synthetic,SYN-011784
ASM-01704,SES-00784,APP-00440,CRI-0265,EV-S1-02,1,5,[SINTÉTICO] Nivel 1: la evidencia registrada corresponde al descriptor; para el nivel 2 faltaría un ejemplo más completo.,suficiente,2026-06-27T12:44:00,RV-VAC-0055-1,CV-VAC-0055-1,synthetic,SYN-011786
ASM-01705,SES-00784,APP-00440,CRI-0266,EV-S1-02,1,5,[SINTÉTICO] Nivel 1: la evidencia registrada corresponde al descriptor; para el nivel 2 faltaría un ejemplo más completo.,suficiente,2026-06-27T12:44:00,RV-VAC-0055-1,CV-VAC-0055-1,synthetic,SYN-011790
ASM-01706,SES-00784,APP-00440,CRI-0267,EV-S1-02,1,5,[SINTÉTICO] Nivel 1: la evidencia registrada corresponde al descriptor; para el nivel 2 faltaría un ejemplo más completo.,parcial,2026-06-27T12:44:00,RV-VAC-0055-1,CV-VAC-0055-1,synthetic,SYN-011793
ASM-01707,SES-00785,APP-00441,CRI-0265,EV-S1-02,4,20,[SINTÉTICO] Nivel 4: la evidencia registrada corresponde al descriptor; para el nivel 4 faltaría un ejemplo más completo.,parcial,2026-06-17T18:12:00,RV-VAC-0055-1,CV-VAC-0055-1,synthetic,SYN-011797
ASM-01708,SES-00785,APP-00441,CRI-0266,EV-S1-02,4,20,[SINTÉTICO] Nivel 4: la evidencia registrada corresponde al descriptor; para el nivel 4 faltaría un ejemplo más completo.,suficiente,2026-06-17T18:12:00,RV-VAC-0055-1,CV-VAC-0055-1,synthetic,SYN-011801
ASM-01709,SES-00785,APP-00441,CRI-0267,EV-S1-02,4,20,[SINTÉTICO] Nivel 4: la evidencia registrada corresponde al descriptor; para el nivel 4 faltaría un ejemplo más completo.,parcial,2026-06-17T18:12:00,RV-VAC-0055-1,CV-VAC-0055-1,synthetic,SYN-011804
ASM-01710,SES-00787,APP-00442,CRI-0265,EV-S1-03,3,15,[SINTÉTICO] Nivel 3: la evidencia registrada corresponde al descriptor; para el nivel 4 faltaría un ejemplo más completo.,suficiente,2026-07-04T21:41:00,RV-VAC-0055-1,CV-VAC-0055-1,synthetic,SYN-011812
ASM-01711,SES-00787,APP-00442,CRI-0266,EV-S1-03,3,15,[SINTÉTICO] Nivel 3: la evidencia registrada corresponde al descriptor; para el nivel 4 faltaría un ejemplo más completo.,parcial,2026-07-04T21:41:00,RV-VAC-0055-1,CV-VAC-0055-1,synthetic,SYN-011814
ASM-01712,SES-00787,APP-00442,CRI-0267,EV-S1-03,2,10,[SINTÉTICO] Nivel 2: la evidencia registrada corresponde al descriptor; para el nivel 3 faltaría un ejemplo más completo.,parcial,2026-07-04T21:41:00,RV-VAC-0055-1,CV-VAC-0055-1,synthetic,SYN-011818
ASM-01713,SES-00789,APP-00443,CRI-0268,EV-S1-04,2,10,[SINTÉTICO] Nivel 2: la evidencia registrada corresponde al descriptor; para el nivel 3 faltaría un ejemplo más completo.,parcial,2026-07-20T17:00:00,RV-VAC-0055-1,CV-VAC-0055-1,synthetic,SYN-011825
ASM-01714,SES-00789,APP-00443,CRI-0269,EV-S1-04,2,10,[SINTÉTICO] Nivel 2: la evidencia registrada corresponde al descriptor; para el nivel 3 faltaría un ejemplo más completo.,suficiente,2026-07-20T17:00:00,RV-VAC-0055-1,CV-VAC-0055-1,synthetic,SYN-011828
ASM-01715,SES-00790,APP-00444,CRI-0265,EV-S1-02,4,20,[SINTÉTICO] Nivel 4: la evidencia registrada corresponde al descriptor; para el nivel 4 faltaría un ejemplo más completo.,suficiente,2026-07-01T23:05:00,RV-VAC-0055-1,CV-VAC-0055-1,synthetic,SYN-011833
ASM-01716,SES-00790,APP-00444,CRI-0266,EV-S1-02,4,20,[SINTÉTICO] Nivel 4: la evidencia registrada corresponde al descriptor; para el nivel 4 faltaría un ejemplo más completo.,insuficiente,2026-07-01T23:05:00,RV-VAC-0055-1,CV-VAC-0055-1,synthetic,SYN-011837
ASM-01717,SES-00790,APP-00444,CRI-0267,EV-S1-02,4,20,[SINTÉTICO] Nivel 4: la evidencia registrada corresponde al descriptor; para el nivel 4 faltaría un ejemplo más completo.,parcial,2026-07-01T23:05:00,RV-VAC-0055-1,CV-VAC-0055-1,synthetic,SYN-011838
ASM-01718,SES-00791,APP-00444,CRI-0265,EV-S1-04,4,20,[SINTÉTICO] Nivel 4: la evidencia registrada corresponde al descriptor; para el nivel 4 faltaría un ejemplo más completo.,suficiente,2026-06-29T18:05:00,RV-VAC-0055-1,CV-VAC-0055-1,synthetic,SYN-011842
ASM-01719,SES-00791,APP-00444,CRI-0266,EV-S1-04,4,20,[SINTÉTICO] Nivel 4: la evidencia registrada corresponde al descriptor; para el nivel 4 faltaría un ejemplo más completo.,suficiente,2026-06-29T18:05:00,RV-VAC-0055-1,CV-VAC-0055-1,synthetic,SYN-011844
ASM-01720,SES-00791,APP-00444,CRI-0267,EV-S1-04,4,20,[SINTÉTICO] Nivel 4: la evidencia registrada corresponde al descriptor; para el nivel 4 faltaría un ejemplo más completo.,parcial,2026-06-29T18:05:00,RV-VAC-0055-1,CV-VAC-0055-1,synthetic,SYN-011847
ASM-01721,SES-00792,APP-00444,CRI-0268,EV-S1-04,4,20,[SINTÉTICO] Nivel 4: la evidencia registrada corresponde al descriptor; para el nivel 4 faltaría un ejemplo más completo.,suficiente,2026-07-08T21:00:00,RV-VAC-0055-1,CV-VAC-0055-1,synthetic,SYN-011850
ASM-01722,SES-00792,APP-00444,CRI-0269,EV-S1-04,4,20,[SINTÉTICO] Nivel 4: la evidencia registrada corresponde al descriptor; para el nivel 4 faltaría un ejemplo más completo.,parcial,2026-07-08T21:00:00,RV-VAC-0055-1,CV-VAC-0055-1,synthetic,SYN-011853
ASM-01723,SES-00793,APP-00445,CRI-0265,EV-S1-02,3,15,[SINTÉTICO] Nivel 3: la evidencia registrada corresponde al descriptor; para el nivel 4 faltaría un ejemplo más completo.,suficiente,2026-07-02T06:50:00,RV-VAC-0055-1,CV-VAC-0055-1,synthetic,SYN-011856
ASM-01724,SES-00793,APP-00445,CRI-0266,EV-S1-02,4,20,[SINTÉTICO] Nivel 4: la evidencia registrada corresponde al descriptor; para el nivel 4 faltaría un ejemplo más completo.,parcial,2026-07-02T06:50:00,RV-VAC-0055-1,CV-VAC-0055-1,synthetic,SYN-011859
ASM-01725,SES-00793,APP-00445,CRI-0267,EV-S1-02,4,20,[SINTÉTICO] Nivel 4: la evidencia registrada corresponde al descriptor; para el nivel 4 faltaría un ejemplo más completo.,suficiente,2026-07-02T06:50:00,RV-VAC-0055-1,CV-VAC-0055-1,synthetic,SYN-011862
ASM-01726,SES-00794,APP-00445,CRI-0268,EV-S1-01,4,20,[SINTÉTICO] Nivel 4: la evidencia registrada corresponde al descriptor; para el nivel 4 faltaría un ejemplo más completo.,parcial,2026-07-15T21:00:00,RV-VAC-0055-1,CV-VAC-0055-1,synthetic,SYN-011866
ASM-01727,SES-00794,APP-00445,CRI-0269,EV-S1-01,4,20,[SINTÉTICO] Nivel 4: la evidencia registrada corresponde al descriptor; para el nivel 4 faltaría un ejemplo más completo.,parcial,2026-07-15T21:00:00,RV-VAC-0055-1,CV-VAC-0055-1,synthetic,SYN-011868
ASM-01728,SES-00795,APP-00446,CRI-0270,EV-S2-04,3,15,[SINTÉTICO] Nivel 3: la evidencia registrada corresponde al descriptor; para el nivel 4 faltaría un ejemplo más completo.,parcial,2026-07-16T07:00:00,RV-VAC-0056-1,CV-VAC-0056-1,synthetic,SYN-011871
ASM-01729,SES-00795,APP-00446,CRI-0271,EV-S2-04,3,15,[SINTÉTICO] Nivel 3: la evidencia registrada corresponde al descriptor; para el nivel 4 faltaría un ejemplo más completo.,suficiente,2026-07-16T07:00:00,RV-VAC-0056-1,CV-VAC-0056-1,synthetic,SYN-011873
ASM-01730,SES-00795,APP-00446,CRI-0272,EV-S2-04,3,15,[SINTÉTICO] Nivel 3: la evidencia registrada corresponde al descriptor; para el nivel 4 faltaría un ejemplo más completo.,suficiente,2026-07-16T07:00:00,RV-VAC-0056-1,CV-VAC-0056-1,synthetic,SYN-011876
ASM-01731,SES-00796,APP-00446,CRI-0273,EV-S2-01,3,15,[SINTÉTICO] Nivel 3: la evidencia registrada corresponde al descriptor; para el nivel 4 faltaría un ejemplo más completo.,suficiente,2026-07-19T13:00:00,RV-VAC-0056-1,CV-VAC-0056-1,synthetic,SYN-011879
ASM-01732,SES-00796,APP-00446,CRI-0274,EV-S2-01,3,15,[SINTÉTICO] Nivel 3: la evidencia registrada corresponde al descriptor; para el nivel 4 faltaría un ejemplo más completo.,parcial,2026-07-19T13:00:00,RV-VAC-0056-1,CV-VAC-0056-1,synthetic,SYN-011882
ASM-01733,SES-00796,APP-00446,CRI-0275,EV-S2-01,3,15,[SINTÉTICO] Nivel 3: la evidencia registrada corresponde al descriptor; para el nivel 4 faltaría un ejemplo más completo.,parcial,2026-07-19T13:00:00,RV-VAC-0056-1,CV-VAC-0056-1,synthetic,SYN-011884
ASM-01734,SES-00797,APP-00447,CRI-0270,EV-S2-02,4,20,[SINTÉTICO] Nivel 4: la evidencia registrada corresponde al descriptor; para el nivel 4 faltaría un ejemplo más completo.,suficiente,2026-07-11T11:08:00,RV-VAC-0056-1,CV-VAC-0056-1,synthetic,SYN-011889
ASM-01735,SES-00797,APP-00447,CRI-0271,EV-S2-02,4,20,[SINTÉTICO] Nivel 4: la evidencia registrada corresponde al descriptor; para el nivel 4 faltaría un ejemplo más completo.,parcial,2026-07-11T11:08:00,RV-VAC-0056-1,CV-VAC-0056-1,synthetic,SYN-011891
ASM-01736,SES-00797,APP-00447,CRI-0272,EV-S2-02,4,20,[SINTÉTICO] Nivel 4: la evidencia registrada corresponde al descriptor; para el nivel 4 faltaría un ejemplo más completo.,suficiente,2026-07-11T11:08:00,RV-VAC-0056-1,CV-VAC-0056-1,synthetic,SYN-011895
ASM-01737,SES-00798,APP-00447,CRI-0273,EV-S2-01,4,20,[SINTÉTICO] Nivel 4: la evidencia registrada corresponde al descriptor; para el nivel 4 faltaría un ejemplo más completo.,suficiente,2026-07-18T19:00:00,RV-VAC-0056-1,CV-VAC-0056-1,synthetic,SYN-011899
ASM-01738,SES-00798,APP-00447,CRI-0274,EV-S2-01,3,15,[SINTÉTICO] Nivel 3: la evidencia registrada corresponde al descriptor; para el nivel 4 faltaría un ejemplo más completo.,parcial,2026-07-18T19:00:00,RV-VAC-0056-1,CV-VAC-0056-1,synthetic,SYN-011903
ASM-01739,SES-00798,APP-00447,CRI-0275,EV-S2-01,4,20,[SINTÉTICO] Nivel 4: la evidencia registrada corresponde al descriptor; para el nivel 4 faltaría un ejemplo más completo.,parcial,2026-07-18T19:00:00,RV-VAC-0056-1,CV-VAC-0056-1,synthetic,SYN-011905
ASM-01740,SES-00799,APP-00448,CRI-0270,EV-S2-02,4,20,[SINTÉTICO] Nivel 4: la evidencia registrada corresponde al descriptor; para el nivel 4 faltaría un ejemplo más completo.,insuficiente,2026-06-30T17:51:00,RV-VAC-0056-1,CV-VAC-0056-1,synthetic,SYN-011908
ASM-01741,SES-00799,APP-00448,CRI-0271,EV-S2-02,3,15,[SINTÉTICO] Nivel 3: la evidencia registrada corresponde al descriptor; para el nivel 4 faltaría un ejemplo más completo.,suficiente,2026-06-30T17:51:00,RV-VAC-0056-1,CV-VAC-0056-1,synthetic,SYN-011910
ASM-01742,SES-00799,APP-00448,CRI-0272,EV-S2-02,3,15,[SINTÉTICO] Nivel 3: la evidencia registrada corresponde al descriptor; para el nivel 4 faltaría un ejemplo más completo.,parcial,2026-06-30T17:51:00,RV-VAC-0056-1,CV-VAC-0056-1,synthetic,SYN-011913
ASM-01743,SES-00800,APP-00448,CRI-0270,EV-S2-01,4,20,[SINTÉTICO] Nivel 4: la evidencia registrada corresponde al descriptor; para el nivel 4 faltaría un ejemplo más completo.,insuficiente,2026-06-29T13:51:00,RV-VAC-0056-1,CV-VAC-0056-1,synthetic,SYN-011917
ASM-01744,SES-00800,APP-00448,CRI-0271,EV-S2-01,3,15,[SINTÉTICO] Nivel 3: la evidencia registrada corresponde al descriptor; para el nivel 4 faltaría un ejemplo más completo.,suficiente,2026-06-29T13:51:00,RV-VAC-0056-1,CV-VAC-0056-1,synthetic,SYN-011918
ASM-01745,SES-00800,APP-00448,CRI-0272,EV-S2-01,3,15,[SINTÉTICO] Nivel 3: la evidencia registrada corresponde al descriptor; para el nivel 4 faltaría un ejemplo más completo.,parcial,2026-06-29T13:51:00,RV-VAC-0056-1,CV-VAC-0056-1,synthetic,SYN-011921
ASM-01746,SES-00801,APP-00448,CRI-0273,EV-S2-02,3,15,[SINTÉTICO] Nivel 3: la evidencia registrada corresponde al descriptor; para el nivel 4 faltaría un ejemplo más completo.,insuficiente,2026-07-14T19:00:00,RV-VAC-0056-1,CV-VAC-0056-1,synthetic,SYN-011925
ASM-01747,SES-00801,APP-00448,CRI-0274,EV-S2-02,3,15,[SINTÉTICO] Nivel 3: la evidencia registrada corresponde al descriptor; para el nivel 4 faltaría un ejemplo más completo.,parcial,2026-07-14T19:00:00,RV-VAC-0056-1,CV-VAC-0056-1,synthetic,SYN-011926
ASM-01748,SES-00801,APP-00448,CRI-0275,EV-S2-02,3,15,[SINTÉTICO] Nivel 3: la evidencia registrada corresponde al descriptor; para el nivel 4 faltaría un ejemplo más completo.,suficiente,2026-07-14T19:00:00,RV-VAC-0056-1,CV-VAC-0056-1,synthetic,SYN-011928
ASM-01749,SES-00804,APP-00452,CRI-0270,EV-S2-04,1,5,[SINTÉTICO] Nivel 1: la evidencia registrada corresponde al descriptor; para el nivel 2 faltaría un ejemplo más completo.,parcial,2026-07-10T03:41:00,RV-VAC-0056-1,CV-VAC-0056-1,synthetic,SYN-011936
ASM-01750,SES-00804,APP-00452,CRI-0271,EV-S2-04,1,5,[SINTÉTICO] Nivel 1: la evidencia registrada corresponde al descriptor; para el nivel 2 faltaría un ejemplo más completo.,suficiente,2026-07-10T03:41:00,RV-VAC-0056-1,CV-VAC-0056-1,synthetic,SYN-011938
ASM-01751,SES-00804,APP-00452,CRI-0272,EV-S2-04,2,10,[SINTÉTICO] Nivel 2: la evidencia registrada corresponde al descriptor; para el nivel 3 faltaría un ejemplo más completo.,suficiente,2026-07-10T03:41:00,RV-VAC-0056-1,CV-VAC-0056-1,synthetic,SYN-011942
ASM-01752,SES-00805,APP-00452,CRI-0273,EV-S2-02,1,5,[SINTÉTICO] Nivel 1: la evidencia registrada corresponde al descriptor; para el nivel 2 faltaría un ejemplo más completo.,parcial,2026-07-20T16:00:00,RV-VAC-0056-1,CV-VAC-0056-1,synthetic,SYN-011946
ASM-01753,SES-00805,APP-00452,CRI-0274,EV-S2-02,2,10,[SINTÉTICO] Nivel 2: la evidencia registrada corresponde al descriptor; para el nivel 3 faltaría un ejemplo más completo.,suficiente,2026-07-20T16:00:00,RV-VAC-0056-1,CV-VAC-0056-1,synthetic,SYN-011948
ASM-01754,SES-00805,APP-00452,CRI-0275,EV-S2-02,1,5,[SINTÉTICO] Nivel 1: la evidencia registrada corresponde al descriptor; para el nivel 2 faltaría un ejemplo más completo.,suficiente,2026-07-20T16:00:00,RV-VAC-0056-1,CV-VAC-0056-1,synthetic,SYN-011950
ASM-01755,SES-00806,APP-00453,CRI-0270,EV-S2-04,2,10,[SINTÉTICO] Nivel 2: la evidencia registrada corresponde al descriptor; para el nivel 3 faltaría un ejemplo más completo.,parcial,2026-07-08T09:17:00,RV-VAC-0056-1,CV-VAC-0056-1,synthetic,SYN-011954
ASM-01756,SES-00806,APP-00453,CRI-0271,EV-S2-04,2,10,[SINTÉTICO] Nivel 2: la evidencia registrada corresponde al descriptor; para el nivel 3 faltaría un ejemplo más completo.,suficiente,2026-07-08T09:17:00,RV-VAC-0056-1,CV-VAC-0056-1,synthetic,SYN-011956
ASM-01757,SES-00806,APP-00453,CRI-0272,EV-S2-04,2,10,[SINTÉTICO] Nivel 2: la evidencia registrada corresponde al descriptor; para el nivel 3 faltaría un ejemplo más completo.,parcial,2026-07-08T09:17:00,RV-VAC-0056-1,CV-VAC-0056-1,synthetic,SYN-011959
ASM-01758,SES-00807,APP-00453,CRI-0273,EV-S2-02,3,15,[SINTÉTICO] Nivel 3: la evidencia registrada corresponde al descriptor; para el nivel 4 faltaría un ejemplo más completo.,suficiente,2026-07-11T17:00:00,RV-VAC-0056-1,CV-VAC-0056-1,synthetic,SYN-011963
ASM-01759,SES-00807,APP-00453,CRI-0274,EV-S2-02,2,10,[SINTÉTICO] Nivel 2: la evidencia registrada corresponde al descriptor; para el nivel 3 faltaría un ejemplo más completo.,suficiente,2026-07-11T17:00:00,RV-VAC-0056-1,CV-VAC-0056-1,synthetic,SYN-011966
ASM-01760,SES-00807,APP-00453,CRI-0275,EV-S2-02,2,10,[SINTÉTICO] Nivel 2: la evidencia registrada corresponde al descriptor; para el nivel 3 faltaría un ejemplo más completo.,suficiente,2026-07-11T17:00:00,RV-VAC-0056-1,CV-VAC-0056-1,synthetic,SYN-011968
ASM-01761,SES-00808,APP-00454,CRI-0270,EV-S2-01,3,15,[SINTÉTICO] Nivel 3: la evidencia registrada corresponde al descriptor; para el nivel 4 faltaría un ejemplo más completo.,suficiente,2026-07-08T01:53:00,RV-VAC-0056-1,CV-VAC-0056-1,synthetic,SYN-011972
ASM-01762,SES-00808,APP-00454,CRI-0271,EV-S2-01,4,20,[SINTÉTICO] Nivel 4: la evidencia registrada corresponde al descriptor; para el nivel 4 faltaría un ejemplo más completo.,suficiente,2026-07-08T01:53:00,RV-VAC-0056-1,CV-VAC-0056-1,synthetic,SYN-011975
ASM-01763,SES-00808,APP-00454,CRI-0272,EV-S2-01,3,15,[SINTÉTICO] Nivel 3: la evidencia registrada corresponde al descriptor; para el nivel 4 faltaría un ejemplo más completo.,insuficiente,2026-07-08T01:53:00,RV-VAC-0056-1,CV-VAC-0056-1,synthetic,SYN-011977
ASM-01764,SES-00809,APP-00454,CRI-0270,EV-S2-04,3,15,[SINTÉTICO] Nivel 3: la evidencia registrada corresponde al descriptor; para el nivel 4 faltaría un ejemplo más completo.,parcial,2026-06-26T03:53:00,RV-VAC-0056-1,CV-VAC-0056-1,synthetic,SYN-011979
ASM-01765,SES-00809,APP-00454,CRI-0271,EV-S2-04,4,20,[SINTÉTICO] Nivel 4: la evidencia registrada corresponde al descriptor; para el nivel 4 faltaría un ejemplo más completo.,suficiente,2026-06-26T03:53:00,RV-VAC-0056-1,CV-VAC-0056-1,synthetic,SYN-011981
ASM-01766,SES-00809,APP-00454,CRI-0272,EV-S2-04,3,15,[SINTÉTICO] Nivel 3: la evidencia registrada corresponde al descriptor; para el nivel 4 faltaría un ejemplo más completo.,suficiente,2026-06-26T03:53:00,RV-VAC-0056-1,CV-VAC-0056-1,synthetic,SYN-011985
ASM-01767,SES-00810,APP-00454,CRI-0273,EV-S2-04,3,15,[SINTÉTICO] Nivel 3: la evidencia registrada corresponde al descriptor; para el nivel 4 faltaría un ejemplo más completo.,suficiente,2026-07-11T19:00:00,RV-VAC-0056-1,CV-VAC-0056-1,synthetic,SYN-011988
ASM-01768,SES-00810,APP-00454,CRI-0274,EV-S2-04,2,10,[SINTÉTICO] Nivel 2: la evidencia registrada corresponde al descriptor; para el nivel 3 faltaría un ejemplo más completo.,parcial,2026-07-11T19:00:00,RV-VAC-0056-1,CV-VAC-0056-1,synthetic,SYN-011992
ASM-01769,SES-00810,APP-00454,CRI-0275,EV-S2-04,3,15,[SINTÉTICO] Nivel 3: la evidencia registrada corresponde al descriptor; para el nivel 4 faltaría un ejemplo más completo.,suficiente,2026-07-11T19:00:00,RV-VAC-0056-1,CV-VAC-0056-1,synthetic,SYN-011994
ASM-01770,SES-00811,APP-00455,CRI-0270,EV-S2-02,3,15,[SINTÉTICO] Nivel 3: la evidencia registrada corresponde al descriptor; para el nivel 4 faltaría un ejemplo más completo.,suficiente,2026-07-13T14:39:00,RV-VAC-0056-1,CV-VAC-0056-1,synthetic,SYN-011998
ASM-01771,SES-00811,APP-00455,CRI-0271,EV-S2-02,2,10,[SINTÉTICO] Nivel 2: la evidencia registrada corresponde al descriptor; para el nivel 3 faltaría un ejemplo más completo.,parcial,2026-07-13T14:39:00,RV-VAC-0056-1,CV-VAC-0056-1,synthetic,SYN-012001
ASM-01772,SES-00811,APP-00455,CRI-0272,EV-S2-02,3,15,[SINTÉTICO] Nivel 3: la evidencia registrada corresponde al descriptor; para el nivel 4 faltaría un ejemplo más completo.,parcial,2026-07-13T14:39:00,RV-VAC-0056-1,CV-VAC-0056-1,synthetic,SYN-012003
ASM-01773,SES-00812,APP-00455,CRI-0273,EV-S2-01,2,10,[SINTÉTICO] Nivel 2: la evidencia registrada corresponde al descriptor; para el nivel 3 faltaría un ejemplo más completo.,parcial,2026-07-20T16:00:00,RV-VAC-0056-1,CV-VAC-0056-1,synthetic,SYN-012007
ASM-01774,SES-00812,APP-00455,CRI-0274,EV-S2-01,3,15,[SINTÉTICO] Nivel 3: la evidencia registrada corresponde al descriptor; para el nivel 4 faltaría un ejemplo más completo.,parcial,2026-07-20T16:00:00,RV-VAC-0056-1,CV-VAC-0056-1,synthetic,SYN-012009
ASM-01775,SES-00812,APP-00455,CRI-0275,EV-S2-01,3,15,[SINTÉTICO] Nivel 3: la evidencia registrada corresponde al descriptor; para el nivel 4 faltaría un ejemplo más completo.,suficiente,2026-07-20T16:00:00,RV-VAC-0056-1,CV-VAC-0056-1,synthetic,SYN-012012
ASM-01776,SES-00813,APP-00456,CRI-0270,EV-S2-02,3,15,[SINTÉTICO] Nivel 3: la evidencia registrada corresponde al descriptor; para el nivel 4 faltaría un ejemplo más completo.,parcial,2026-07-04T18:02:00,RV-VAC-0056-1,CV-VAC-0056-1,synthetic,SYN-012016
ASM-01777,SES-00813,APP-00456,CRI-0271,EV-S2-02,3,15,[SINTÉTICO] Nivel 3: la evidencia registrada corresponde al descriptor; para el nivel 4 faltaría un ejemplo más completo.,parcial,2026-07-04T18:02:00,RV-VAC-0056-1,CV-VAC-0056-1,synthetic,SYN-012019
ASM-01778,SES-00813,APP-00456,CRI-0272,EV-S2-02,2,10,[SINTÉTICO] Nivel 2: la evidencia registrada corresponde al descriptor; para el nivel 3 faltaría un ejemplo más completo.,suficiente,2026-07-04T18:02:00,RV-VAC-0056-1,CV-VAC-0056-1,synthetic,SYN-012022
ASM-01779,SES-00814,APP-00456,CRI-0273,EV-S2-02,3,15,[SINTÉTICO] Nivel 3: la evidencia registrada corresponde al descriptor; para el nivel 4 faltaría un ejemplo más completo.,parcial,2026-07-20T18:00:00,RV-VAC-0056-1,CV-VAC-0056-1,synthetic,SYN-012026
ASM-01780,SES-00814,APP-00456,CRI-0274,EV-S2-02,3,15,[SINTÉTICO] Nivel 3: la evidencia registrada corresponde al descriptor; para el nivel 4 faltaría un ejemplo más completo.,parcial,2026-07-20T18:00:00,RV-VAC-0056-1,CV-VAC-0056-1,synthetic,SYN-012029
ASM-01781,SES-00814,APP-00456,CRI-0275,EV-S2-02,3,15,[SINTÉTICO] Nivel 3: la evidencia registrada corresponde al descriptor; para el nivel 4 faltaría un ejemplo más completo.,parcial,2026-07-20T18:00:00,RV-VAC-0056-1,CV-VAC-0056-1,synthetic,SYN-012031
ASM-01782,SES-00815,APP-00457,CRI-0270,EV-S2-02,1,5,[SINTÉTICO] Nivel 1: la evidencia registrada corresponde al descriptor; para el nivel 2 faltaría un ejemplo más completo.,parcial,2026-07-17T21:02:00,RV-VAC-0056-1,CV-VAC-0056-1,synthetic,SYN-012036
ASM-01783,SES-00815,APP-00457,CRI-0271,EV-S2-02,2,10,[SINTÉTICO] Nivel 2: la evidencia registrada corresponde al descriptor; para el nivel 3 faltaría un ejemplo más completo.,suficiente,2026-07-17T21:02:00,RV-VAC-0056-1,CV-VAC-0056-1,synthetic,SYN-012039
ASM-01784,SES-00815,APP-00457,CRI-0272,EV-S2-02,1,5,[SINTÉTICO] Nivel 1: la evidencia registrada corresponde al descriptor; para el nivel 2 faltaría un ejemplo más completo.,parcial,2026-07-17T21:02:00,RV-VAC-0056-1,CV-VAC-0056-1,synthetic,SYN-012042
ASM-01785,SES-00816,APP-00457,CRI-0273,EV-S2-02,1,5,[SINTÉTICO] Nivel 1: la evidencia registrada corresponde al descriptor; para el nivel 2 faltaría un ejemplo más completo.,insuficiente,2026-07-16T20:00:00,RV-VAC-0056-1,CV-VAC-0056-1,synthetic,SYN-012045
ASM-01786,SES-00816,APP-00457,CRI-0274,EV-S2-02,1,5,[SINTÉTICO] Nivel 1: la evidencia registrada corresponde al descriptor; para el nivel 2 faltaría un ejemplo más completo.,insuficiente,2026-07-16T20:00:00,RV-VAC-0056-1,CV-VAC-0056-1,synthetic,SYN-012046
ASM-01787,SES-00816,APP-00457,CRI-0275,EV-S2-02,2,10,[SINTÉTICO] Nivel 2: la evidencia registrada corresponde al descriptor; para el nivel 3 faltaría un ejemplo más completo.,parcial,2026-07-16T20:00:00,RV-VAC-0056-1,CV-VAC-0056-1,synthetic,SYN-012048
ASM-01788,SES-00817,APP-00458,CRI-0270,EV-S2-03,3,15,[SINTÉTICO] Nivel 3: la evidencia registrada corresponde al descriptor; para el nivel 4 faltaría un ejemplo más completo.,insuficiente,2026-07-08T18:50:00,RV-VAC-0056-1,CV-VAC-0056-1,synthetic,SYN-012052
ASM-01789,SES-00817,APP-00458,CRI-0271,EV-S2-03,2,10,[SINTÉTICO] Nivel 2: la evidencia registrada corresponde al descriptor; para el nivel 3 faltaría un ejemplo más completo.,suficiente,2026-07-08T18:50:00,RV-VAC-0056-1,CV-VAC-0056-1,synthetic,SYN-012053
ASM-01790,SES-00817,APP-00458,CRI-0272,EV-S2-03,2,10,[SINTÉTICO] Nivel 2: la evidencia registrada corresponde al descriptor; para el nivel 3 faltaría un ejemplo más completo.,suficiente,2026-07-08T18:50:00,RV-VAC-0056-1,CV-VAC-0056-1,synthetic,SYN-012056
ASM-01791,SES-00818,APP-00458,CRI-0273,EV-S2-02,2,10,[SINTÉTICO] Nivel 2: la evidencia registrada corresponde al descriptor; para el nivel 3 faltaría un ejemplo más completo.,suficiente,2026-07-15T21:00:00,RV-VAC-0056-1,CV-VAC-0056-1,synthetic,SYN-012059
ASM-01792,SES-00818,APP-00458,CRI-0274,EV-S2-02,2,10,[SINTÉTICO] Nivel 2: la evidencia registrada corresponde al descriptor; para el nivel 3 faltaría un ejemplo más completo.,suficiente,2026-07-15T21:00:00,RV-VAC-0056-1,CV-VAC-0056-1,synthetic,SYN-012062
ASM-01793,SES-00818,APP-00458,CRI-0275,EV-S2-02,2,10,[SINTÉTICO] Nivel 2: la evidencia registrada corresponde al descriptor; para el nivel 3 faltaría un ejemplo más completo.,suficiente,2026-07-15T21:00:00,RV-VAC-0056-1,CV-VAC-0056-1,synthetic,SYN-012066
ASM-01794,SES-00820,APP-00460,CRI-0276,EV-S3-04,1,5,[SINTÉTICO] Nivel 1: la evidencia registrada corresponde al descriptor; para el nivel 2 faltaría un ejemplo más completo.,suficiente,2026-06-09T14:40:00,RV-VAC-0057-1,CV-VAC-0057-1,synthetic,SYN-012070
ASM-01795,SES-00820,APP-00460,CRI-0277,EV-S3-04,2,10,[SINTÉTICO] Nivel 2: la evidencia registrada corresponde al descriptor; para el nivel 3 faltaría un ejemplo más completo.,parcial,2026-06-09T14:40:00,RV-VAC-0057-1,CV-VAC-0057-1,synthetic,SYN-012072
ASM-01796,SES-00821,APP-00460,CRI-0278,EV-S3-04,2,10,[SINTÉTICO] Nivel 2: la evidencia registrada corresponde al descriptor; para el nivel 3 faltaría un ejemplo más completo.,parcial,2026-06-16T19:00:00,RV-VAC-0057-1,CV-VAC-0057-1,synthetic,SYN-012077
ASM-01797,SES-00821,APP-00460,CRI-0279,EV-S3-04,2,10,[SINTÉTICO] Nivel 2: la evidencia registrada corresponde al descriptor; para el nivel 3 faltaría un ejemplo más completo.,suficiente,2026-06-16T19:00:00,RV-VAC-0057-1,CV-VAC-0057-1,synthetic,SYN-012079
ASM-01798,SES-00822,APP-00461,CRI-0276,EV-S3-04,3,15,[SINTÉTICO] Nivel 3: la evidencia registrada corresponde al descriptor; para el nivel 4 faltaría un ejemplo más completo.,suficiente,2026-06-17T08:28:00,RV-VAC-0057-1,CV-VAC-0057-1,synthetic,SYN-012083
ASM-01799,SES-00822,APP-00461,CRI-0277,EV-S3-04,2,10,[SINTÉTICO] Nivel 2: la evidencia registrada corresponde al descriptor; para el nivel 3 faltaría un ejemplo más completo.,parcial,2026-06-17T08:28:00,RV-VAC-0057-1,CV-VAC-0057-1,synthetic,SYN-012086
ASM-01800,SES-00824,APP-00462,CRI-0276,EV-S3-04,2,10,[SINTÉTICO] Nivel 2: la evidencia registrada corresponde al descriptor; para el nivel 3 faltaría un ejemplo más completo.,parcial,2026-06-10T11:20:00,RV-VAC-0057-1,CV-VAC-0057-1,synthetic,SYN-012093
ASM-01801,SES-00824,APP-00462,CRI-0277,EV-S3-04,2,10,[SINTÉTICO] Nivel 2: la evidencia registrada corresponde al descriptor; para el nivel 3 faltaría un ejemplo más completo.,suficiente,2026-06-10T11:20:00,RV-VAC-0057-1,CV-VAC-0057-1,synthetic,SYN-012096
ASM-01802,SES-00825,APP-00462,CRI-0276,EV-S3-03,2,10,[SINTÉTICO] Nivel 2: la evidencia registrada corresponde al descriptor; para el nivel 3 faltaría un ejemplo más completo.,parcial,2026-06-07T10:20:00,RV-VAC-0057-1,CV-VAC-0057-1,synthetic,SYN-012100
ASM-01803,SES-00825,APP-00462,CRI-0277,EV-S3-03,3,15,[SINTÉTICO] Nivel 3: la evidencia registrada corresponde al descriptor; para el nivel 4 faltaría un ejemplo más completo.,parcial,2026-06-07T10:20:00,RV-VAC-0057-1,CV-VAC-0057-1,synthetic,SYN-012104
ASM-01804,SES-00826,APP-00462,CRI-0278,EV-S3-04,2,10,[SINTÉTICO] Nivel 2: la evidencia registrada corresponde al descriptor; para el nivel 3 faltaría un ejemplo más completo.,suficiente,2026-06-12T20:00:00,RV-VAC-0057-1,CV-VAC-0057-1,synthetic,SYN-012108
ASM-01805,SES-00826,APP-00462,CRI-0279,EV-S3-04,2,10,[SINTÉTICO] Nivel 2: la evidencia registrada corresponde al descriptor; para el nivel 3 faltaría un ejemplo más completo.,suficiente,2026-06-12T20:00:00,RV-VAC-0057-1,CV-VAC-0057-1,synthetic,SYN-012112
ASM-01806,SES-00827,APP-00463,CRI-0276,EV-S3-04,2,10,[SINTÉTICO] Nivel 2: la evidencia registrada corresponde al descriptor; para el nivel 3 faltaría un ejemplo más completo.,parcial,2026-06-09T21:11:00,RV-VAC-0057-1,CV-VAC-0057-1,synthetic,SYN-012117
ASM-01807,SES-00827,APP-00463,CRI-0277,EV-S3-04,2,10,[SINTÉTICO] Nivel 2: la evidencia registrada corresponde al descriptor; para el nivel 3 faltaría un ejemplo más completo.,parcial,2026-06-09T21:11:00,RV-VAC-0057-1,CV-VAC-0057-1,synthetic,SYN-012120
ASM-01808,SES-00829,APP-00463,CRI-0278,EV-S3-01,2,10,[SINTÉTICO] Nivel 2: la evidencia registrada corresponde al descriptor; para el nivel 3 faltaría un ejemplo más completo.,parcial,2026-06-11T22:00:00,RV-VAC-0057-1,CV-VAC-0057-1,synthetic,SYN-012125
ASM-01809,SES-00829,APP-00463,CRI-0279,EV-S3-01,2,10,[SINTÉTICO] Nivel 2: la evidencia registrada corresponde al descriptor; para el nivel 3 faltaría un ejemplo más completo.,parcial,2026-06-11T22:00:00,RV-VAC-0057-1,CV-VAC-0057-1,synthetic,SYN-012129
ASM-01810,SES-00830,APP-00464,CRI-0276,EV-S3-03,4,20,[SINTÉTICO] Nivel 4: la evidencia registrada corresponde al descriptor; para el nivel 4 faltaría un ejemplo más completo.,parcial,2026-06-12T05:00:00,RV-VAC-0057-1,CV-VAC-0057-1,synthetic,SYN-012132
ASM-01811,SES-00830,APP-00464,CRI-0277,EV-S3-03,4,20,[SINTÉTICO] Nivel 4: la evidencia registrada corresponde al descriptor; para el nivel 4 faltaría un ejemplo más completo.,parcial,2026-06-12T05:00:00,RV-VAC-0057-1,CV-VAC-0057-1,synthetic,SYN-012136
ASM-01812,SES-00831,APP-00464,CRI-0278,EV-S3-01,3,15,[SINTÉTICO] Nivel 3: la evidencia registrada corresponde al descriptor; para el nivel 4 faltaría un ejemplo más completo.,suficiente,2026-06-10T19:00:00,RV-VAC-0057-1,CV-VAC-0057-1,synthetic,SYN-012141
ASM-01813,SES-00831,APP-00464,CRI-0279,EV-S3-01,4,20,[SINTÉTICO] Nivel 4: la evidencia registrada corresponde al descriptor; para el nivel 4 faltaría un ejemplo más completo.,suficiente,2026-06-10T19:00:00,RV-VAC-0057-1,CV-VAC-0057-1,synthetic,SYN-012144
ASM-01814,SES-00832,APP-00465,CRI-0276,EV-S3-03,1,5,[SINTÉTICO] Nivel 1: la evidencia registrada corresponde al descriptor; para el nivel 2 faltaría un ejemplo más completo.,suficiente,2026-06-08T06:36:00,RV-VAC-0057-1,CV-VAC-0057-1,synthetic,SYN-012147
ASM-01815,SES-00832,APP-00465,CRI-0277,EV-S3-03,2,10,[SINTÉTICO] Nivel 2: la evidencia registrada corresponde al descriptor; para el nivel 3 faltaría un ejemplo más completo.,suficiente,2026-06-08T06:36:00,RV-VAC-0057-1,CV-VAC-0057-1,synthetic,SYN-012151
ASM-01816,SES-00833,APP-00465,CRI-0278,EV-S3-01,2,10,[SINTÉTICO] Nivel 2: la evidencia registrada corresponde al descriptor; para el nivel 3 faltaría un ejemplo más completo.,suficiente,2026-06-15T19:00:00,RV-VAC-0057-1,CV-VAC-0057-1,synthetic,SYN-012155
ASM-01817,SES-00833,APP-00465,CRI-0279,EV-S3-01,2,10,[SINTÉTICO] Nivel 2: la evidencia registrada corresponde al descriptor; para el nivel 3 faltaría un ejemplo más completo.,parcial,2026-06-15T19:00:00,RV-VAC-0057-1,CV-VAC-0057-1,synthetic,SYN-012159
ASM-01818,SES-00834,APP-00466,CRI-0280,EV-S1-02,1,5,[SINTÉTICO] Nivel 1: la evidencia registrada corresponde al descriptor; para el nivel 2 faltaría un ejemplo más completo.,suficiente,2026-05-23T16:05:00,RV-VAC-0058-1,CV-VAC-0058-1,synthetic,SYN-012164
ASM-01819,SES-00834,APP-00466,CRI-0281,EV-S1-02,2,10,[SINTÉTICO] Nivel 2: la evidencia registrada corresponde al descriptor; para el nivel 3 faltaría un ejemplo más completo.,parcial,2026-05-23T16:05:00,RV-VAC-0058-1,CV-VAC-0058-1,synthetic,SYN-012168
ASM-01820,SES-00835,APP-00466,CRI-0280,EV-S1-03,1,5,[SINTÉTICO] Nivel 1: la evidencia registrada corresponde al descriptor; para el nivel 2 faltaría un ejemplo más completo.,suficiente,2026-05-23T01:05:00,RV-VAC-0058-1,CV-VAC-0058-1,synthetic,SYN-012172
ASM-01821,SES-00835,APP-00466,CRI-0281,EV-S1-03,2,10,[SINTÉTICO] Nivel 2: la evidencia registrada corresponde al descriptor; para el nivel 3 faltaría un ejemplo más completo.,parcial,2026-05-23T01:05:00,RV-VAC-0058-1,CV-VAC-0058-1,synthetic,SYN-012174
ASM-01822,SES-00836,APP-00466,CRI-0282,EV-S1-04,1,5,[SINTÉTICO] Nivel 1: la evidencia registrada corresponde al descriptor; para el nivel 2 faltaría un ejemplo más completo.,suficiente,2026-06-01T22:00:00,RV-VAC-0058-1,CV-VAC-0058-1,synthetic,SYN-012178
ASM-01823,SES-00836,APP-00466,CRI-0283,EV-S1-04,2,10,[SINTÉTICO] Nivel 2: la evidencia registrada corresponde al descriptor; para el nivel 3 faltaría un ejemplo más completo.,suficiente,2026-06-01T22:00:00,RV-VAC-0058-1,CV-VAC-0058-1,synthetic,SYN-012181
ASM-01824,SES-00837,APP-00467,CRI-0280,EV-S1-01,1,5,[SINTÉTICO] Nivel 1: la evidencia registrada corresponde al descriptor; para el nivel 2 faltaría un ejemplo más completo.,suficiente,2026-05-20T20:29:00,RV-VAC-0058-1,CV-VAC-0058-1,synthetic,SYN-012184
ASM-01825,SES-00837,APP-00467,CRI-0281,EV-S1-01,1,5,[SINTÉTICO] Nivel 1: la evidencia registrada corresponde al descriptor; para el nivel 2 faltaría un ejemplo más completo.,insuficiente,2026-05-20T20:29:00,RV-VAC-0058-1,CV-VAC-0058-1,synthetic,SYN-012187
ASM-01826,SES-00838,APP-00467,CRI-0282,EV-S1-02,1,5,[SINTÉTICO] Nivel 1: la evidencia registrada corresponde al descriptor; para el nivel 2 faltaría un ejemplo más completo.,parcial,2026-05-28T20:00:00,RV-VAC-0058-1,CV-VAC-0058-1,synthetic,SYN-012189
ASM-01827,SES-00838,APP-00467,CRI-0283,EV-S1-02,1,5,[SINTÉTICO] Nivel 1: la evidencia registrada corresponde al descriptor; para el nivel 2 faltaría un ejemplo más completo.,suficiente,2026-05-28T20:00:00,RV-VAC-0058-1,CV-VAC-0058-1,synthetic,SYN-012191
ASM-01828,SES-00839,APP-00468,CRI-0280,EV-S1-04,1,5,[SINTÉTICO] Nivel 1: la evidencia registrada corresponde al descriptor; para el nivel 2 faltaría un ejemplo más completo.,suficiente,2026-05-25T08:55:00,RV-VAC-0058-1,CV-VAC-0058-1,synthetic,SYN-012194
ASM-01829,SES-00839,APP-00468,CRI-0281,EV-S1-04,2,10,[SINTÉTICO] Nivel 2: la evidencia registrada corresponde al descriptor; para el nivel 3 faltaría un ejemplo más completo.,suficiente,2026-05-25T08:55:00,RV-VAC-0058-1,CV-VAC-0058-1,synthetic,SYN-012196
ASM-01830,SES-00840,APP-00468,CRI-0282,EV-S1-03,2,10,[SINTÉTICO] Nivel 2: la evidencia registrada corresponde al descriptor; para el nivel 3 faltaría un ejemplo más completo.,suficiente,2026-05-26T19:00:00,RV-VAC-0058-1,CV-VAC-0058-1,synthetic,SYN-012200
ASM-01831,SES-00840,APP-00468,CRI-0283,EV-S1-03,2,10,[SINTÉTICO] Nivel 2: la evidencia registrada corresponde al descriptor; para el nivel 3 faltaría un ejemplo más completo.,parcial,2026-05-26T19:00:00,RV-VAC-0058-1,CV-VAC-0058-1,synthetic,SYN-012203
ASM-01832,SES-00841,APP-00469,CRI-0280,EV-S1-02,3,15,[SINTÉTICO] Nivel 3: la evidencia registrada corresponde al descriptor; para el nivel 4 faltaría un ejemplo más completo.,suficiente,2026-05-15T13:04:00,RV-VAC-0058-1,CV-VAC-0058-1,synthetic,SYN-012206
ASM-01833,SES-00841,APP-00469,CRI-0281,EV-S1-02,3,15,[SINTÉTICO] Nivel 3: la evidencia registrada corresponde al descriptor; para el nivel 4 faltaría un ejemplo más completo.,suficiente,2026-05-15T13:04:00,RV-VAC-0058-1,CV-VAC-0058-1,synthetic,SYN-012209
ASM-01834,SES-00842,APP-00469,CRI-0282,EV-S1-02,3,15,[SINTÉTICO] Nivel 3: la evidencia registrada corresponde al descriptor; para el nivel 4 faltaría un ejemplo más completo.,parcial,2026-05-30T18:00:00,RV-VAC-0058-1,CV-VAC-0058-1,synthetic,SYN-012213
ASM-01835,SES-00842,APP-00469,CRI-0283,EV-S1-02,4,20,[SINTÉTICO] Nivel 4: la evidencia registrada corresponde al descriptor; para el nivel 4 faltaría un ejemplo más completo.,suficiente,2026-05-30T18:00:00,RV-VAC-0058-1,CV-VAC-0058-1,synthetic,SYN-012218
ASM-01836,SES-00843,APP-00470,CRI-0280,EV-S1-04,2,10,[SINTÉTICO] Nivel 2: la evidencia registrada corresponde al descriptor; para el nivel 3 faltaría un ejemplo más completo.,suficiente,2026-05-24T07:00:00,RV-VAC-0058-1,CV-VAC-0058-1,synthetic,SYN-012222
ASM-01837,SES-00843,APP-00470,CRI-0281,EV-S1-04,2,10,[SINTÉTICO] Nivel 2: la evidencia registrada corresponde al descriptor; para el nivel 3 faltaría un ejemplo más completo.,parcial,2026-05-24T07:00:00,RV-VAC-0058-1,CV-VAC-0058-1,synthetic,SYN-012225
ASM-01838,SES-00844,APP-00471,CRI-0280,EV-S1-03,3,15,[SINTÉTICO] Nivel 3: la evidencia registrada corresponde al descriptor; para el nivel 4 faltaría un ejemplo más completo.,suficiente,2026-05-15T02:00:00,RV-VAC-0058-1,CV-VAC-0058-1,synthetic,SYN-012229
ASM-01839,SES-00844,APP-00471,CRI-0281,EV-S1-03,3,15,[SINTÉTICO] Nivel 3: la evidencia registrada corresponde al descriptor; para el nivel 4 faltaría un ejemplo más completo.,suficiente,2026-05-15T02:00:00,RV-VAC-0058-1,CV-VAC-0058-1,synthetic,SYN-012232
ASM-01840,SES-00846,APP-00472,CRI-0280,EV-S1-03,1,5,[SINTÉTICO] Nivel 1: la evidencia registrada corresponde al descriptor; para el nivel 2 faltaría un ejemplo más completo.,parcial,2026-05-28T06:00:00,RV-VAC-0058-1,CV-VAC-0058-1,synthetic,SYN-012238
ASM-01841,SES-00846,APP-00472,CRI-0281,EV-S1-03,1,5,[SINTÉTICO] Nivel 1: la evidencia registrada corresponde al descriptor; para el nivel 2 faltaría un ejemplo más completo.,suficiente,2026-05-28T06:00:00,RV-VAC-0058-1,CV-VAC-0058-1,synthetic,SYN-012242
ASM-01842,SES-00849,APP-00474,CRI-0280,EV-S1-04,3,15,[SINTÉTICO] Nivel 3: la evidencia registrada corresponde al descriptor; para el nivel 4 faltaría un ejemplo más completo.,suficiente,2026-05-16T16:26:00,RV-VAC-0058-1,CV-VAC-0058-1,synthetic,SYN-012248
ASM-01843,SES-00849,APP-00474,CRI-0281,EV-S1-04,2,10,[SINTÉTICO] Nivel 2: la evidencia registrada corresponde al descriptor; para el nivel 3 faltaría un ejemplo más completo.,suficiente,2026-05-16T16:26:00,RV-VAC-0058-1,CV-VAC-0058-1,synthetic,SYN-012252
ASM-01844,SES-00850,APP-00475,CRI-0284,EV-S2-02,1,5,[SINTÉTICO] Nivel 1: la evidencia registrada corresponde al descriptor; para el nivel 2 faltaría un ejemplo más completo.,suficiente,2026-04-07T22:37:00,RV-VAC-0059-1,CV-VAC-0059-1,synthetic,SYN-012256
ASM-01845,SES-00850,APP-00475,CRI-0285,EV-S2-02,1,5,[SINTÉTICO] Nivel 1: la evidencia registrada corresponde al descriptor; para el nivel 2 faltaría un ejemplo más completo.,suficiente,2026-04-07T22:37:00,RV-VAC-0059-1,CV-VAC-0059-1,synthetic,SYN-012259
ASM-01846,SES-00850,APP-00475,CRI-0286,EV-S2-02,1,5,[SINTÉTICO] Nivel 1: la evidencia registrada corresponde al descriptor; para el nivel 2 faltaría un ejemplo más completo.,suficiente,2026-04-07T22:37:00,RV-VAC-0059-1,CV-VAC-0059-1,synthetic,SYN-012261
ASM-01847,SES-00851,APP-00475,CRI-0287,EV-S2-01,1,5,[SINTÉTICO] Nivel 1: la evidencia registrada corresponde al descriptor; para el nivel 2 faltaría un ejemplo más completo.,parcial,2026-04-07T17:00:00,RV-VAC-0059-1,CV-VAC-0059-1,synthetic,SYN-012264
ASM-01848,SES-00851,APP-00475,CRI-0288,EV-S2-01,1,5,[SINTÉTICO] Nivel 1: la evidencia registrada corresponde al descriptor; para el nivel 2 faltaría un ejemplo más completo.,suficiente,2026-04-07T17:00:00,RV-VAC-0059-1,CV-VAC-0059-1,synthetic,SYN-012268
ASM-01849,SES-00852,APP-00477,CRI-0284,EV-S2-03,3,15,[SINTÉTICO] Nivel 3: la evidencia registrada corresponde al descriptor; para el nivel 4 faltaría un ejemplo más completo.,parcial,2026-04-08T13:36:00,RV-VAC-0059-1,CV-VAC-0059-1,synthetic,SYN-012271
ASM-01850,SES-00852,APP-00477,CRI-0285,EV-S2-03,3,15,[SINTÉTICO] Nivel 3: la evidencia registrada corresponde al descriptor; para el nivel 4 faltaría un ejemplo más completo.,parcial,2026-04-08T13:36:00,RV-VAC-0059-1,CV-VAC-0059-1,synthetic,SYN-012274
ASM-01851,SES-00852,APP-00477,CRI-0286,EV-S2-03,4,20,[SINTÉTICO] Nivel 4: la evidencia registrada corresponde al descriptor; para el nivel 4 faltaría un ejemplo más completo.,parcial,2026-04-08T13:36:00,RV-VAC-0059-1,CV-VAC-0059-1,synthetic,SYN-012277
ASM-01852,SES-00854,APP-00479,CRI-0284,EV-S2-02,1,5,[SINTÉTICO] Nivel 1: la evidencia registrada corresponde al descriptor; para el nivel 2 faltaría un ejemplo más completo.,insuficiente,2026-04-04T23:10:00,RV-VAC-0059-1,CV-VAC-0059-1,synthetic,SYN-012281
ASM-01853,SES-00854,APP-00479,CRI-0285,EV-S2-02,1,5,[SINTÉTICO] Nivel 1: la evidencia registrada corresponde al descriptor; para el nivel 2 faltaría un ejemplo más completo.,parcial,2026-04-04T23:10:00,RV-VAC-0059-1,CV-VAC-0059-1,synthetic,SYN-012282
ASM-01854,SES-00854,APP-00479,CRI-0286,EV-S2-02,1,5,[SINTÉTICO] Nivel 1: la evidencia registrada corresponde al descriptor; para el nivel 2 faltaría un ejemplo más completo.,suficiente,2026-04-04T23:10:00,RV-VAC-0059-1,CV-VAC-0059-1,synthetic,SYN-012284
ASM-01855,SES-00855,APP-00479,CRI-0287,EV-S2-04,1,5,[SINTÉTICO] Nivel 1: la evidencia registrada corresponde al descriptor; para el nivel 2 faltaría un ejemplo más completo.,suficiente,2026-04-15T19:00:00,RV-VAC-0059-1,CV-VAC-0059-1,synthetic,SYN-012287
ASM-01856,SES-00855,APP-00479,CRI-0288,EV-S2-04,1,5,[SINTÉTICO] Nivel 1: la evidencia registrada corresponde al descriptor; para el nivel 2 faltaría un ejemplo más completo.,parcial,2026-04-15T19:00:00,RV-VAC-0059-1,CV-VAC-0059-1,synthetic,SYN-012291
ASM-01857,SES-00856,APP-00480,CRI-0284,EV-S2-03,4,20,[SINTÉTICO] Nivel 4: la evidencia registrada corresponde al descriptor; para el nivel 4 faltaría un ejemplo más completo.,suficiente,2026-04-14T15:30:00,RV-VAC-0059-1,CV-VAC-0059-1,synthetic,SYN-012295
ASM-01858,SES-00856,APP-00480,CRI-0285,EV-S2-03,4,20,[SINTÉTICO] Nivel 4: la evidencia registrada corresponde al descriptor; para el nivel 4 faltaría un ejemplo más completo.,suficiente,2026-04-14T15:30:00,RV-VAC-0059-1,CV-VAC-0059-1,synthetic,SYN-012298
ASM-01859,SES-00856,APP-00480,CRI-0286,EV-S2-03,4,20,[SINTÉTICO] Nivel 4: la evidencia registrada corresponde al descriptor; para el nivel 4 faltaría un ejemplo más completo.,suficiente,2026-04-14T15:30:00,RV-VAC-0059-1,CV-VAC-0059-1,synthetic,SYN-012301
ASM-01860,SES-00858,APP-00481,CRI-0287,EV-S2-01,4,20,[SINTÉTICO] Nivel 4: la evidencia registrada corresponde al descriptor; para el nivel 4 faltaría un ejemplo más completo.,parcial,2026-04-12T21:00:00,RV-VAC-0059-1,CV-VAC-0059-1,synthetic,SYN-012307
ASM-01861,SES-00858,APP-00481,CRI-0288,EV-S2-01,4,20,[SINTÉTICO] Nivel 4: la evidencia registrada corresponde al descriptor; para el nivel 4 faltaría un ejemplo más completo.,suficiente,2026-04-12T21:00:00,RV-VAC-0059-1,CV-VAC-0059-1,synthetic,SYN-012310
ASM-01862,SES-00859,APP-00482,CRI-0284,EV-S2-02,3,15,[SINTÉTICO] Nivel 3: la evidencia registrada corresponde al descriptor; para el nivel 4 faltaría un ejemplo más completo.,parcial,2026-04-05T03:34:00,RV-VAC-0059-1,CV-VAC-0059-1,synthetic,SYN-012314
ASM-01863,SES-00859,APP-00482,CRI-0285,EV-S2-02,3,15,[SINTÉTICO] Nivel 3: la evidencia registrada corresponde al descriptor; para el nivel 4 faltaría un ejemplo más completo.,suficiente,2026-04-05T03:34:00,RV-VAC-0059-1,CV-VAC-0059-1,synthetic,SYN-012317
ASM-01864,SES-00859,APP-00482,CRI-0286,EV-S2-02,4,20,[SINTÉTICO] Nivel 4: la evidencia registrada corresponde al descriptor; para el nivel 4 faltaría un ejemplo más completo.,suficiente,2026-04-05T03:34:00,RV-VAC-0059-1,CV-VAC-0059-1,synthetic,SYN-012320
ASM-01865,SES-00861,APP-00483,CRI-0284,EV-S2-04,2,10,[SINTÉTICO] Nivel 2: la evidencia registrada corresponde al descriptor; para el nivel 3 faltaría un ejemplo más completo.,suficiente,2026-04-10T05:54:00,RV-VAC-0059-1,CV-VAC-0059-1,synthetic,SYN-012324
ASM-01866,SES-00861,APP-00483,CRI-0285,EV-S2-04,2,10,[SINTÉTICO] Nivel 2: la evidencia registrada corresponde al descriptor; para el nivel 3 faltaría un ejemplo más completo.,suficiente,2026-04-10T05:54:00,RV-VAC-0059-1,CV-VAC-0059-1,synthetic,SYN-012328
ASM-01867,SES-00861,APP-00483,CRI-0286,EV-S2-04,2,10,[SINTÉTICO] Nivel 2: la evidencia registrada corresponde al descriptor; para el nivel 3 faltaría un ejemplo más completo.,suficiente,2026-04-10T05:54:00,RV-VAC-0059-1,CV-VAC-0059-1,synthetic,SYN-012332
ASM-01868,SES-00863,APP-00484,CRI-0284,EV-S2-02,1,5,[SINTÉTICO] Nivel 1: la evidencia registrada corresponde al descriptor; para el nivel 2 faltaría un ejemplo más completo.,parcial,2026-04-14T11:11:00,RV-VAC-0059-1,CV-VAC-0059-1,synthetic,SYN-012339
ASM-01869,SES-00863,APP-00484,CRI-0285,EV-S2-02,2,10,[SINTÉTICO] Nivel 2: la evidencia registrada corresponde al descriptor; para el nivel 3 faltaría un ejemplo más completo.,parcial,2026-04-14T11:11:00,RV-VAC-0059-1,CV-VAC-0059-1,synthetic,SYN-012342
ASM-01870,SES-00863,APP-00484,CRI-0286,EV-S2-02,2,10,[SINTÉTICO] Nivel 2: la evidencia registrada corresponde al descriptor; para el nivel 3 faltaría un ejemplo más completo.,suficiente,2026-04-14T11:11:00,RV-VAC-0059-1,CV-VAC-0059-1,synthetic,SYN-012345
ASM-01871,SES-00864,APP-00484,CRI-0284,EV-S2-04,1,5,[SINTÉTICO] Nivel 1: la evidencia registrada corresponde al descriptor; para el nivel 2 faltaría un ejemplo más completo.,parcial,2026-04-04T05:11:00,RV-VAC-0059-1,CV-VAC-0059-1,synthetic,SYN-012348
ASM-01872,SES-00864,APP-00484,CRI-0285,EV-S2-04,1,5,[SINTÉTICO] Nivel 1: la evidencia registrada corresponde al descriptor; para el nivel 2 faltaría un ejemplo más completo.,suficiente,2026-04-04T05:11:00,RV-VAC-0059-1,CV-VAC-0059-1,synthetic,SYN-012351
ASM-01873,SES-00864,APP-00484,CRI-0286,EV-S2-04,2,10,[SINTÉTICO] Nivel 2: la evidencia registrada corresponde al descriptor; para el nivel 3 faltaría un ejemplo más completo.,suficiente,2026-04-04T05:11:00,RV-VAC-0059-1,CV-VAC-0059-1,synthetic,SYN-012355
ASM-01874,SES-00865,APP-00484,CRI-0287,EV-S2-03,2,10,[SINTÉTICO] Nivel 2: la evidencia registrada corresponde al descriptor; para el nivel 3 faltaría un ejemplo más completo.,suficiente,2026-04-09T23:00:00,RV-VAC-0059-1,CV-VAC-0059-1,synthetic,SYN-012359
ASM-01875,SES-00865,APP-00484,CRI-0288,EV-S2-03,1,5,[SINTÉTICO] Nivel 1: la evidencia registrada corresponde al descriptor; para el nivel 2 faltaría un ejemplo más completo.,parcial,2026-04-09T23:00:00,RV-VAC-0059-1,CV-VAC-0059-1,synthetic,SYN-012362
ASM-01876,SES-00866,APP-00485,CRI-0289,EV-S3-04,4,20,[SINTÉTICO] Nivel 4: la evidencia registrada corresponde al descriptor; para el nivel 4 faltaría un ejemplo más completo.,parcial,2026-03-17T09:51:00,RV-VAC-0060-1,CV-VAC-0060-1,synthetic,SYN-012367
ASM-01877,SES-00866,APP-00485,CRI-0290,EV-S3-04,4,20,[SINTÉTICO] Nivel 4: la evidencia registrada corresponde al descriptor; para el nivel 4 faltaría un ejemplo más completo.,parcial,2026-03-17T09:51:00,RV-VAC-0060-1,CV-VAC-0060-1,synthetic,SYN-012371
ASM-01878,SES-00868,APP-00486,CRI-0289,EV-S3-01,1,5,[SINTÉTICO] Nivel 1: la evidencia registrada corresponde al descriptor; para el nivel 2 faltaría un ejemplo más completo.,parcial,2026-03-25T06:00:00,RV-VAC-0060-1,CV-VAC-0060-1,synthetic,SYN-012378
ASM-01879,SES-00868,APP-00486,CRI-0290,EV-S3-01,1,5,[SINTÉTICO] Nivel 1: la evidencia registrada corresponde al descriptor; para el nivel 2 faltaría un ejemplo más completo.,parcial,2026-03-25T06:00:00,RV-VAC-0060-1,CV-VAC-0060-1,synthetic,SYN-012380
ASM-01880,SES-00869,APP-00486,CRI-0291,EV-S3-04,1,5,[SINTÉTICO] Nivel 1: la evidencia registrada corresponde al descriptor; para el nivel 2 faltaría un ejemplo más completo.,suficiente,2026-03-22T20:00:00,RV-VAC-0060-1,CV-VAC-0060-1,synthetic,SYN-012383
ASM-01881,SES-00869,APP-00486,CRI-0292,EV-S3-04,1,5,[SINTÉTICO] Nivel 1: la evidencia registrada corresponde al descriptor; para el nivel 2 faltaría un ejemplo más completo.,suficiente,2026-03-22T20:00:00,RV-VAC-0060-1,CV-VAC-0060-1,synthetic,SYN-012386
ASM-01882,SES-00870,APP-00487,CRI-0289,EV-S3-01,1,5,[SINTÉTICO] Nivel 1: la evidencia registrada corresponde al descriptor; para el nivel 2 faltaría un ejemplo más completo.,suficiente,2026-03-23T07:00:00,RV-VAC-0060-1,CV-VAC-0060-1,synthetic,SYN-012390
ASM-01883,SES-00870,APP-00487,CRI-0290,EV-S3-01,1,5,[SINTÉTICO] Nivel 1: la evidencia registrada corresponde al descriptor; para el nivel 2 faltaría un ejemplo más completo.,suficiente,2026-03-23T07:00:00,RV-VAC-0060-1,CV-VAC-0060-1,synthetic,SYN-012392
ASM-01884,SES-00871,APP-00487,CRI-0291,EV-S3-03,1,5,[SINTÉTICO] Nivel 1: la evidencia registrada corresponde al descriptor; para el nivel 2 faltaría un ejemplo más completo.,insuficiente,2026-03-19T13:00:00,RV-VAC-0060-1,CV-VAC-0060-1,synthetic,SYN-012396
ASM-01885,SES-00871,APP-00487,CRI-0292,EV-S3-03,1,5,[SINTÉTICO] Nivel 1: la evidencia registrada corresponde al descriptor; para el nivel 2 faltaría un ejemplo más completo.,suficiente,2026-03-19T13:00:00,RV-VAC-0060-1,CV-VAC-0060-1,synthetic,SYN-012397
ASM-01886,SES-00872,APP-00488,CRI-0289,EV-S3-02,2,10,[SINTÉTICO] Nivel 2: la evidencia registrada corresponde al descriptor; para el nivel 3 faltaría un ejemplo más completo.,insuficiente,2026-03-22T23:10:00,RV-VAC-0060-1,CV-VAC-0060-1,synthetic,SYN-012402
ASM-01887,SES-00872,APP-00488,CRI-0290,EV-S3-02,2,10,[SINTÉTICO] Nivel 2: la evidencia registrada corresponde al descriptor; para el nivel 3 faltaría un ejemplo más completo.,parcial,2026-03-22T23:10:00,RV-VAC-0060-1,CV-VAC-0060-1,synthetic,SYN-012403
ASM-01888,SES-00873,APP-00488,CRI-0291,EV-S3-02,1,5,[SINTÉTICO] Nivel 1: la evidencia registrada corresponde al descriptor; para el nivel 2 faltaría un ejemplo más completo.,suficiente,2026-03-24T16:00:00,RV-VAC-0060-1,CV-VAC-0060-1,synthetic,SYN-012407
ASM-01889,SES-00873,APP-00488,CRI-0292,EV-S3-02,2,10,[SINTÉTICO] Nivel 2: la evidencia registrada corresponde al descriptor; para el nivel 3 faltaría un ejemplo más completo.,suficiente,2026-03-24T16:00:00,RV-VAC-0060-1,CV-VAC-0060-1,synthetic,SYN-012410
ASM-01890,SES-00874,APP-00489,CRI-0289,EV-S3-03,4,20,[SINTÉTICO] Nivel 4: la evidencia registrada corresponde al descriptor; para el nivel 4 faltaría un ejemplo más completo.,suficiente,2026-03-27T01:06:00,RV-VAC-0060-1,CV-VAC-0060-1,synthetic,SYN-012413
ASM-01891,SES-00874,APP-00489,CRI-0290,EV-S3-03,4,20,[SINTÉTICO] Nivel 4: la evidencia registrada corresponde al descriptor; para el nivel 4 faltaría un ejemplo más completo.,suficiente,2026-03-27T01:06:00,RV-VAC-0060-1,CV-VAC-0060-1,synthetic,SYN-012416
ASM-01892,SES-00875,APP-00489,CRI-0291,EV-S3-02,4,20,[SINTÉTICO] Nivel 4: la evidencia registrada corresponde al descriptor; para el nivel 4 faltaría un ejemplo más completo.,parcial,2026-03-22T19:00:00,RV-VAC-0060-1,CV-VAC-0060-1,synthetic,SYN-012420
ASM-01893,SES-00875,APP-00489,CRI-0292,EV-S3-02,4,20,[SINTÉTICO] Nivel 4: la evidencia registrada corresponde al descriptor; para el nivel 4 faltaría un ejemplo más completo.,parcial,2026-03-22T19:00:00,RV-VAC-0060-1,CV-VAC-0060-1,synthetic,SYN-012422
ASM-01894,SES-00876,APP-00490,CRI-0289,EV-S3-03,2,10,[SINTÉTICO] Nivel 2: la evidencia registrada corresponde al descriptor; para el nivel 3 faltaría un ejemplo más completo.,suficiente,2026-03-22T21:56:00,RV-VAC-0060-1,CV-VAC-0060-1,synthetic,SYN-012427
ASM-01895,SES-00876,APP-00490,CRI-0290,EV-S3-03,3,15,[SINTÉTICO] Nivel 3: la evidencia registrada corresponde al descriptor; para el nivel 4 faltaría un ejemplo más completo.,suficiente,2026-03-22T21:56:00,RV-VAC-0060-1,CV-VAC-0060-1,synthetic,SYN-012430
ASM-01896,SES-00877,APP-00491,CRI-0289,EV-S3-01,2,10,[SINTÉTICO] Nivel 2: la evidencia registrada corresponde al descriptor; para el nivel 3 faltaría un ejemplo más completo.,insuficiente,2026-03-24T04:35:00,RV-VAC-0060-1,CV-VAC-0060-1,synthetic,SYN-012434
ASM-01897,SES-00877,APP-00491,CRI-0290,EV-S3-01,3,15,[SINTÉTICO] Nivel 3: la evidencia registrada corresponde al descriptor; para el nivel 4 faltaría un ejemplo más completo.,suficiente,2026-03-24T04:35:00,RV-VAC-0060-1,CV-VAC-0060-1,synthetic,SYN-012435
ASM-01898,SES-00878,APP-00491,CRI-0291,EV-S3-04,3,15,[SINTÉTICO] Nivel 3: la evidencia registrada corresponde al descriptor; para el nivel 4 faltaría un ejemplo más completo.,insuficiente,2026-03-26T16:00:00,RV-VAC-0060-1,CV-VAC-0060-1,synthetic,SYN-012440
ASM-01899,SES-00878,APP-00491,CRI-0292,EV-S3-04,3,15,[SINTÉTICO] Nivel 3: la evidencia registrada corresponde al descriptor; para el nivel 4 faltaría un ejemplo más completo.,suficiente,2026-03-26T16:00:00,RV-VAC-0060-1,CV-VAC-0060-1,synthetic,SYN-012441
ASM-01900,SES-00879,APP-00492,CRI-0289,EV-S3-03,4,20,[SINTÉTICO] Nivel 4: la evidencia registrada corresponde al descriptor; para el nivel 4 faltaría un ejemplo más completo.,suficiente,2026-03-22T13:24:00,RV-VAC-0060-1,CV-VAC-0060-1,synthetic,SYN-012446
ASM-01901,SES-00879,APP-00492,CRI-0290,EV-S3-03,4,20,[SINTÉTICO] Nivel 4: la evidencia registrada corresponde al descriptor; para el nivel 4 faltaría un ejemplo más completo.,insuficiente,2026-03-22T13:24:00,RV-VAC-0060-1,CV-VAC-0060-1,synthetic,SYN-012448
ASM-01902,SES-00880,APP-00492,CRI-0291,EV-S3-03,4,20,[SINTÉTICO] Nivel 4: la evidencia registrada corresponde al descriptor; para el nivel 4 faltaría un ejemplo más completo.,suficiente,2026-03-30T19:00:00,RV-VAC-0060-1,CV-VAC-0060-1,synthetic,SYN-012450
ASM-01903,SES-00880,APP-00492,CRI-0292,EV-S3-03,4,20,[SINTÉTICO] Nivel 4: la evidencia registrada corresponde al descriptor; para el nivel 4 faltaría un ejemplo más completo.,suficiente,2026-03-30T19:00:00,RV-VAC-0060-1,CV-VAC-0060-1,synthetic,SYN-012453
ASM-01904,SES-00881,APP-00493,CRI-0293,EV-S1-03,4,20,[SINTÉTICO] Nivel 4: la evidencia registrada corresponde al descriptor; para el nivel 4 faltaría un ejemplo más completo.,suficiente,2026-07-03T07:54:00,RV-VAC-0061-1,CV-VAC-0061-1,synthetic,SYN-012457
ASM-01905,SES-00881,APP-00493,CRI-0294,EV-S1-03,4,20,[SINTÉTICO] Nivel 4: la evidencia registrada corresponde al descriptor; para el nivel 4 faltaría un ejemplo más completo.,suficiente,2026-07-03T07:54:00,RV-VAC-0061-1,CV-VAC-0061-1,synthetic,SYN-012461
ASM-01906,SES-00881,APP-00493,CRI-0295,EV-S1-03,4,20,[SINTÉTICO] Nivel 4: la evidencia registrada corresponde al descriptor; para el nivel 4 faltaría un ejemplo más completo.,parcial,2026-07-03T07:54:00,RV-VAC-0061-1,CV-VAC-0061-1,synthetic,SYN-012465
ASM-01907,SES-00882,APP-00493,CRI-0296,EV-S1-04,4,20,[SINTÉTICO] Nivel 4: la evidencia registrada corresponde al descriptor; para el nivel 4 faltaría un ejemplo más completo.,parcial,2026-07-06T10:00:00,RV-VAC-0061-1,CV-VAC-0061-1,synthetic,SYN-012468
ASM-01908,SES-00882,APP-00493,CRI-0297,EV-S1-04,4,20,[SINTÉTICO] Nivel 4: la evidencia registrada corresponde al descriptor; para el nivel 4 faltaría un ejemplo más completo.,suficiente,2026-07-06T10:00:00,RV-VAC-0061-1,CV-VAC-0061-1,synthetic,SYN-012471
ASM-01909,SES-00882,APP-00493,CRI-0298,EV-S1-04,4,20,[SINTÉTICO] Nivel 4: la evidencia registrada corresponde al descriptor; para el nivel 4 faltaría un ejemplo más completo.,suficiente,2026-07-06T10:00:00,RV-VAC-0061-1,CV-VAC-0061-1,synthetic,SYN-012475
ASM-01910,SES-00884,APP-00495,CRI-0296,EV-S1-03,1,5,[SINTÉTICO] Nivel 1: la evidencia registrada corresponde al descriptor; para el nivel 2 faltaría un ejemplo más completo.,suficiente,2026-07-11T22:00:00,RV-VAC-0061-1,CV-VAC-0061-1,synthetic,SYN-012479
ASM-01911,SES-00884,APP-00495,CRI-0297,EV-S1-03,1,5,[SINTÉTICO] Nivel 1: la evidencia registrada corresponde al descriptor; para el nivel 2 faltaría un ejemplo más completo.,parcial,2026-07-11T22:00:00,RV-VAC-0061-1,CV-VAC-0061-1,synthetic,SYN-012482
ASM-01912,SES-00884,APP-00495,CRI-0298,EV-S1-03,1,5,[SINTÉTICO] Nivel 1: la evidencia registrada corresponde al descriptor; para el nivel 2 faltaría un ejemplo más completo.,suficiente,2026-07-11T22:00:00,RV-VAC-0061-1,CV-VAC-0061-1,synthetic,SYN-012486
ASM-01913,SES-00885,APP-00496,CRI-0293,EV-S1-01,2,10,[SINTÉTICO] Nivel 2: la evidencia registrada corresponde al descriptor; para el nivel 3 faltaría un ejemplo más completo.,parcial,2026-07-05T05:42:00,RV-VAC-0061-1,CV-VAC-0061-1,synthetic,SYN-012490
ASM-01914,SES-00885,APP-00496,CRI-0294,EV-S1-01,2,10,[SINTÉTICO] Nivel 2: la evidencia registrada corresponde al descriptor; para el nivel 3 faltaría un ejemplo más completo.,suficiente,2026-07-05T05:42:00,RV-VAC-0061-1,CV-VAC-0061-1,synthetic,SYN-012493
ASM-01915,SES-00885,APP-00496,CRI-0295,EV-S1-01,2,10,[SINTÉTICO] Nivel 2: la evidencia registrada corresponde al descriptor; para el nivel 3 faltaría un ejemplo más completo.,insuficiente,2026-07-05T05:42:00,RV-VAC-0061-1,CV-VAC-0061-1,synthetic,SYN-012496
ASM-01916,SES-00886,APP-00496,CRI-0296,EV-S1-04,3,15,[SINTÉTICO] Nivel 3: la evidencia registrada corresponde al descriptor; para el nivel 4 faltaría un ejemplo más completo.,suficiente,2026-07-09T21:00:00,RV-VAC-0061-1,CV-VAC-0061-1,synthetic,SYN-012498
ASM-01917,SES-00886,APP-00496,CRI-0297,EV-S1-04,1,5,[SINTÉTICO] Nivel 1: la evidencia registrada corresponde al descriptor; para el nivel 2 faltaría un ejemplo más completo.,suficiente,2026-07-09T21:00:00,RV-VAC-0061-1,CV-VAC-0061-1,synthetic,SYN-012502
ASM-01918,SES-00886,APP-00496,CRI-0298,EV-S1-04,2,10,[SINTÉTICO] Nivel 2: la evidencia registrada corresponde al descriptor; para el nivel 3 faltaría un ejemplo más completo.,suficiente,2026-07-09T21:00:00,RV-VAC-0061-1,CV-VAC-0061-1,synthetic,SYN-012506
ASM-01919,SES-00887,APP-00497,CRI-0293,EV-S1-01,2,10,[SINTÉTICO] Nivel 2: la evidencia registrada corresponde al descriptor; para el nivel 3 faltaría un ejemplo más completo.,parcial,2026-07-01T06:49:00,RV-VAC-0061-1,CV-VAC-0061-1,synthetic,SYN-012511
ASM-01920,SES-00887,APP-00497,CRI-0294,EV-S1-01,1,5,[SINTÉTICO] Nivel 1: la evidencia registrada corresponde al descriptor; para el nivel 2 faltaría un ejemplo más completo.,suficiente,2026-07-01T06:49:00,RV-VAC-0061-1,CV-VAC-0061-1,synthetic,SYN-012514
ASM-01921,SES-00887,APP-00497,CRI-0295,EV-S1-01,2,10,[SINTÉTICO] Nivel 2: la evidencia registrada corresponde al descriptor; para el nivel 3 faltaría un ejemplo más completo.,insuficiente,2026-07-01T06:49:00,RV-VAC-0061-1,CV-VAC-0061-1,synthetic,SYN-012517
ASM-01922,SES-00888,APP-00497,CRI-0296,EV-S1-02,1,5,[SINTÉTICO] Nivel 1: la evidencia registrada corresponde al descriptor; para el nivel 2 faltaría un ejemplo más completo.,suficiente,2026-07-05T15:00:00,RV-VAC-0061-1,CV-VAC-0061-1,synthetic,SYN-012519
ASM-01923,SES-00888,APP-00497,CRI-0297,EV-S1-02,1,5,[SINTÉTICO] Nivel 1: la evidencia registrada corresponde al descriptor; para el nivel 2 faltaría un ejemplo más completo.,parcial,2026-07-05T15:00:00,RV-VAC-0061-1,CV-VAC-0061-1,synthetic,SYN-012521
ASM-01924,SES-00888,APP-00497,CRI-0298,EV-S1-02,1,5,[SINTÉTICO] Nivel 1: la evidencia registrada corresponde al descriptor; para el nivel 2 faltaría un ejemplo más completo.,suficiente,2026-07-05T15:00:00,RV-VAC-0061-1,CV-VAC-0061-1,synthetic,SYN-012523
ASM-01925,SES-00890,APP-00498,CRI-0293,EV-S1-04,2,10,[SINTÉTICO] Nivel 2: la evidencia registrada corresponde al descriptor; para el nivel 3 faltaría un ejemplo más completo.,suficiente,2026-06-25T05:42:00,RV-VAC-0061-1,CV-VAC-0061-1,synthetic,SYN-012528
ASM-01926,SES-00890,APP-00498,CRI-0294,EV-S1-04,2,10,[SINTÉTICO] Nivel 2: la evidencia registrada corresponde al descriptor; para el nivel 3 faltaría un ejemplo más completo.,parcial,2026-06-25T05:42:00,RV-VAC-0061-1,CV-VAC-0061-1,synthetic,SYN-012531
ASM-01927,SES-00890,APP-00498,CRI-0295,EV-S1-04,2,10,[SINTÉTICO] Nivel 2: la evidencia registrada corresponde al descriptor; para el nivel 3 faltaría un ejemplo más completo.,parcial,2026-06-25T05:42:00,RV-VAC-0061-1,CV-VAC-0061-1,synthetic,SYN-012534
ASM-01928,SES-00891,APP-00498,CRI-0296,EV-S1-03,2,10,[SINTÉTICO] Nivel 2: la evidencia registrada corresponde al descriptor; para el nivel 3 faltaría un ejemplo más completo.,parcial,2026-07-10T23:00:00,RV-VAC-0061-1,CV-VAC-0061-1,synthetic,SYN-012537
ASM-01929,SES-00891,APP-00498,CRI-0297,EV-S1-03,3,15,[SINTÉTICO] Nivel 3: la evidencia registrada corresponde al descriptor; para el nivel 4 faltaría un ejemplo más completo.,parcial,2026-07-10T23:00:00,RV-VAC-0061-1,CV-VAC-0061-1,synthetic,SYN-012539
ASM-01930,SES-00891,APP-00498,CRI-0298,EV-S1-03,3,15,[SINTÉTICO] Nivel 3: la evidencia registrada corresponde al descriptor; para el nivel 4 faltaría un ejemplo más completo.,parcial,2026-07-10T23:00:00,RV-VAC-0061-1,CV-VAC-0061-1,synthetic,SYN-012541
ASM-01931,SES-00892,APP-00499,CRI-0293,EV-S1-03,1,5,[SINTÉTICO] Nivel 1: la evidencia registrada corresponde al descriptor; para el nivel 2 faltaría un ejemplo más completo.,insuficiente,2026-07-01T03:30:00,RV-VAC-0061-1,CV-VAC-0061-1,synthetic,SYN-012544
ASM-01932,SES-00892,APP-00499,CRI-0294,EV-S1-03,1,5,[SINTÉTICO] Nivel 1: la evidencia registrada corresponde al descriptor; para el nivel 2 faltaría un ejemplo más completo.,parcial,2026-07-01T03:30:00,RV-VAC-0061-1,CV-VAC-0061-1,synthetic,SYN-012545
ASM-01933,SES-00892,APP-00499,CRI-0295,EV-S1-03,1,5,[SINTÉTICO] Nivel 1: la evidencia registrada corresponde al descriptor; para el nivel 2 faltaría un ejemplo más completo.,suficiente,2026-07-01T03:30:00,RV-VAC-0061-1,CV-VAC-0061-1,synthetic,SYN-012548
ASM-01934,SES-00893,APP-00499,CRI-0296,EV-S1-02,1,5,[SINTÉTICO] Nivel 1: la evidencia registrada corresponde al descriptor; para el nivel 2 faltaría un ejemplo más completo.,suficiente,2026-07-02T20:00:00,RV-VAC-0061-1,CV-VAC-0061-1,synthetic,SYN-012552
ASM-01935,SES-00893,APP-00499,CRI-0297,EV-S1-02,1,5,[SINTÉTICO] Nivel 1: la evidencia registrada corresponde al descriptor; para el nivel 2 faltaría un ejemplo más completo.,suficiente,2026-07-02T20:00:00,RV-VAC-0061-1,CV-VAC-0061-1,synthetic,SYN-012556
ASM-01936,SES-00893,APP-00499,CRI-0298,EV-S1-02,1,5,[SINTÉTICO] Nivel 1: la evidencia registrada corresponde al descriptor; para el nivel 2 faltaría un ejemplo más completo.,parcial,2026-07-02T20:00:00,RV-VAC-0061-1,CV-VAC-0061-1,synthetic,SYN-012559
ASM-01937,SES-00894,APP-00500,CRI-0299,EV-S2-01,4,20,[SINTÉTICO] Nivel 4: la evidencia registrada corresponde al descriptor; para el nivel 4 faltaría un ejemplo más completo.,parcial,2026-07-07T15:51:00,RV-VAC-0062-1,CV-VAC-0062-1,synthetic,SYN-012562
ASM-01938,SES-00894,APP-00500,CRI-0300,EV-S2-01,4,20,[SINTÉTICO] Nivel 4: la evidencia registrada corresponde al descriptor; para el nivel 4 faltaría un ejemplo más completo.,parcial,2026-07-07T15:51:00,RV-VAC-0062-1,CV-VAC-0062-1,synthetic,SYN-012565
ASM-01939,SES-00895,APP-00500,CRI-0301,EV-S2-04,4,20,[SINTÉTICO] Nivel 4: la evidencia registrada corresponde al descriptor; para el nivel 4 faltaría un ejemplo más completo.,suficiente,2026-07-22T17:00:00,RV-VAC-0062-1,CV-VAC-0062-1,synthetic,SYN-012569
ASM-01940,SES-00895,APP-00500,CRI-0302,EV-S2-04,4,20,[SINTÉTICO] Nivel 4: la evidencia registrada corresponde al descriptor; para el nivel 4 faltaría un ejemplo más completo.,suficiente,2026-07-22T17:00:00,RV-VAC-0062-1,CV-VAC-0062-1,synthetic,SYN-012572
ASM-01941,SES-00896,APP-00501,CRI-0299,EV-S2-02,3,15,[SINTÉTICO] Nivel 3: la evidencia registrada corresponde al descriptor; para el nivel 4 faltaría un ejemplo más completo.,suficiente,2026-07-17T05:24:00,RV-VAC-0062-1,CV-VAC-0062-1,synthetic,SYN-012575
ASM-01942,SES-00896,APP-00501,CRI-0300,EV-S2-02,3,15,[SINTÉTICO] Nivel 3: la evidencia registrada corresponde al descriptor; para el nivel 4 faltaría un ejemplo más completo.,suficiente,2026-07-17T05:24:00,RV-VAC-0062-1,CV-VAC-0062-1,synthetic,SYN-012579
ASM-01943,SES-00897,APP-00502,CRI-0299,EV-S2-01,3,15,[SINTÉTICO] Nivel 3: la evidencia registrada corresponde al descriptor; para el nivel 4 faltaría un ejemplo más completo.,suficiente,2026-07-23T02:00:00,RV-VAC-0062-1,CV-VAC-0062-1,synthetic,SYN-012584
ASM-01944,SES-00897,APP-00502,CRI-0300,EV-S2-01,3,15,[SINTÉTICO] Nivel 3: la evidencia registrada corresponde al descriptor; para el nivel 4 faltaría un ejemplo más completo.,suficiente,2026-07-23T02:00:00,RV-VAC-0062-1,CV-VAC-0062-1,synthetic,SYN-012587
ASM-01945,SES-00898,APP-00502,CRI-0301,EV-S2-03,3,15,[SINTÉTICO] Nivel 3: la evidencia registrada corresponde al descriptor; para el nivel 4 faltaría un ejemplo más completo.,suficiente,2026-07-18T19:00:00,RV-VAC-0062-1,CV-VAC-0062-1,synthetic,SYN-012591
ASM-01946,SES-00898,APP-00502,CRI-0302,EV-S2-03,3,15,[SINTÉTICO] Nivel 3: la evidencia registrada corresponde al descriptor; para el nivel 4 faltaría un ejemplo más completo.,parcial,2026-07-18T19:00:00,RV-VAC-0062-1,CV-VAC-0062-1,synthetic,SYN-012595
ASM-01947,SES-00899,APP-00503,CRI-0299,EV-S2-03,4,20,[SINTÉTICO] Nivel 4: la evidencia registrada corresponde al descriptor; para el nivel 4 faltaría un ejemplo más completo.,suficiente,2026-07-20T08:11:00,RV-VAC-0062-1,CV-VAC-0062-1,synthetic,SYN-012600
ASM-01948,SES-00899,APP-00503,CRI-0300,EV-S2-03,4,20,[SINTÉTICO] Nivel 4: la evidencia registrada corresponde al descriptor; para el nivel 4 faltaría un ejemplo más completo.,suficiente,2026-07-20T08:11:00,RV-VAC-0062-1,CV-VAC-0062-1,synthetic,SYN-012603
ASM-01949,SES-00900,APP-00503,CRI-0301,EV-S2-01,4,20,[SINTÉTICO] Nivel 4: la evidencia registrada corresponde al descriptor; para el nivel 4 faltaría un ejemplo más completo.,insuficiente,2026-07-23T01:00:00,RV-VAC-0062-1,CV-VAC-0062-1,synthetic,SYN-012607
ASM-01950,SES-00900,APP-00503,CRI-0302,EV-S2-01,3,15,[SINTÉTICO] Nivel 3: la evidencia registrada corresponde al descriptor; para el nivel 4 faltaría un ejemplo más completo.,parcial,2026-07-23T01:00:00,RV-VAC-0062-1,CV-VAC-0062-1,synthetic,SYN-012608
ASM-01951,SES-00901,APP-00504,CRI-0299,EV-S2-01,2,10,[SINTÉTICO] Nivel 2: la evidencia registrada corresponde al descriptor; para el nivel 3 faltaría un ejemplo más completo.,suficiente,2026-07-15T05:22:00,RV-VAC-0062-1,CV-VAC-0062-1,synthetic,SYN-012612
ASM-01952,SES-00901,APP-00504,CRI-0300,EV-S2-01,3,15,[SINTÉTICO] Nivel 3: la evidencia registrada corresponde al descriptor; para el nivel 4 faltaría un ejemplo más completo.,suficiente,2026-07-15T05:22:00,RV-VAC-0062-1,CV-VAC-0062-1,synthetic,SYN-012614
ASM-01953,SES-00902,APP-00504,CRI-0301,EV-S2-03,4,20,[SINTÉTICO] Nivel 4: la evidencia registrada corresponde al descriptor; para el nivel 4 faltaría un ejemplo más completo.,suficiente,2026-07-17T15:00:00,RV-VAC-0062-1,CV-VAC-0062-1,synthetic,SYN-012619
ASM-01954,SES-00902,APP-00504,CRI-0302,EV-S2-03,2,10,[SINTÉTICO] Nivel 2: la evidencia registrada corresponde al descriptor; para el nivel 3 faltaría un ejemplo más completo.,parcial,2026-07-17T15:00:00,RV-VAC-0062-1,CV-VAC-0062-1,synthetic,SYN-012622
ASM-01955,SES-00903,APP-00505,CRI-0299,EV-S2-04,1,5,[SINTÉTICO] Nivel 1: la evidencia registrada corresponde al descriptor; para el nivel 2 faltaría un ejemplo más completo.,insuficiente,2026-07-10T12:56:00,RV-VAC-0062-1,CV-VAC-0062-1,synthetic,SYN-012627
ASM-01956,SES-00903,APP-00505,CRI-0300,EV-S2-04,1,5,[SINTÉTICO] Nivel 1: la evidencia registrada corresponde al descriptor; para el nivel 2 faltaría un ejemplo más completo.,suficiente,2026-07-10T12:56:00,RV-VAC-0062-1,CV-VAC-0062-1,synthetic,SYN-012629
ASM-01957,SES-00904,APP-00506,CRI-0299,EV-S2-04,4,20,[SINTÉTICO] Nivel 4: la evidencia registrada corresponde al descriptor; para el nivel 4 faltaría un ejemplo más completo.,suficiente,2026-07-10T10:48:00,RV-VAC-0062-1,CV-VAC-0062-1,synthetic,SYN-012633
ASM-01958,SES-00904,APP-00506,CRI-0300,EV-S2-04,4,20,[SINTÉTICO] Nivel 4: la evidencia registrada corresponde al descriptor; para el nivel 4 faltaría un ejemplo más completo.,parcial,2026-07-10T10:48:00,RV-VAC-0062-1,CV-VAC-0062-1,synthetic,SYN-012635
ASM-01959,SES-00905,APP-00506,CRI-0299,EV-S2-02,4,20,[SINTÉTICO] Nivel 4: la evidencia registrada corresponde al descriptor; para el nivel 4 faltaría un ejemplo más completo.,suficiente,2026-07-08T05:00:00,RV-VAC-0062-1,CV-VAC-0062-1,synthetic,SYN-012638
ASM-01960,SES-00905,APP-00506,CRI-0300,EV-S2-02,4,20,[SINTÉTICO] Nivel 4: la evidencia registrada corresponde al descriptor; para el nivel 4 faltaría un ejemplo más completo.,parcial,2026-07-08T05:00:00,RV-VAC-0062-1,CV-VAC-0062-1,synthetic,SYN-012640
ASM-01961,SES-00906,APP-00506,CRI-0301,EV-S2-01,4,20,[SINTÉTICO] Nivel 4: la evidencia registrada corresponde al descriptor; para el nivel 4 faltaría un ejemplo más completo.,parcial,2026-07-28T22:00:00,RV-VAC-0062-1,CV-VAC-0062-1,synthetic,SYN-012643
ASM-01962,SES-00906,APP-00506,CRI-0302,EV-S2-01,3,15,[SINTÉTICO] Nivel 3: la evidencia registrada corresponde al descriptor; para el nivel 4 faltaría un ejemplo más completo.,parcial,2026-07-28T22:00:00,RV-VAC-0062-1,CV-VAC-0062-1,synthetic,SYN-012647
ASM-01963,SES-00907,APP-00508,CRI-0303,EV-S3-03,3,15,[SINTÉTICO] Nivel 3: la evidencia registrada corresponde al descriptor; para el nivel 4 faltaría un ejemplo más completo.,parcial,2026-04-05T17:47:00,RV-VAC-0063-1,CV-VAC-0063-1,synthetic,SYN-012650
ASM-01964,SES-00907,APP-00508,CRI-0304,EV-S3-03,3,15,[SINTÉTICO] Nivel 3: la evidencia registrada corresponde al descriptor; para el nivel 4 faltaría un ejemplo más completo.,suficiente,2026-04-05T17:47:00,RV-VAC-0063-1,CV-VAC-0063-1,synthetic,SYN-012652
ASM-01965,SES-00907,APP-00508,CRI-0305,EV-S3-03,3,15,[SINTÉTICO] Nivel 3: la evidencia registrada corresponde al descriptor; para el nivel 4 faltaría un ejemplo más completo.,parcial,2026-04-05T17:47:00,RV-VAC-0063-1,CV-VAC-0063-1,synthetic,SYN-012656
ASM-01966,SES-00908,APP-00510,CRI-0303,EV-S3-02,4,20,[SINTÉTICO] Nivel 4: la evidencia registrada corresponde al descriptor; para el nivel 4 faltaría un ejemplo más completo.,parcial,2026-04-04T08:59:00,RV-VAC-0063-1,CV-VAC-0063-1,synthetic,SYN-012661
ASM-01967,SES-00908,APP-00510,CRI-0304,EV-S3-02,3,15,[SINTÉTICO] Nivel 3: la evidencia registrada corresponde al descriptor; para el nivel 4 faltaría un ejemplo más completo.,suficiente,2026-04-04T08:59:00,RV-VAC-0063-1,CV-VAC-0063-1,synthetic,SYN-012665
ASM-01968,SES-00908,APP-00510,CRI-0305,EV-S3-02,4,20,[SINTÉTICO] Nivel 4: la evidencia registrada corresponde al descriptor; para el nivel 4 faltaría un ejemplo más completo.,parcial,2026-04-04T08:59:00,RV-VAC-0063-1,CV-VAC-0063-1,synthetic,SYN-012669
ASM-01969,SES-00909,APP-00510,CRI-0306,EV-S3-04,4,20,[SINTÉTICO] Nivel 4: la evidencia registrada corresponde al descriptor; para el nivel 4 faltaría un ejemplo más completo.,parcial,2026-04-13T17:00:00,RV-VAC-0063-1,CV-VAC-0063-1,synthetic,SYN-012672
ASM-01970,SES-00909,APP-00510,CRI-0307,EV-S3-04,4,20,[SINTÉTICO] Nivel 4: la evidencia registrada corresponde al descriptor; para el nivel 4 faltaría un ejemplo más completo.,parcial,2026-04-13T17:00:00,RV-VAC-0063-1,CV-VAC-0063-1,synthetic,SYN-012674
ASM-01971,SES-00910,APP-00512,CRI-0303,EV-S3-02,1,5,[SINTÉTICO] Nivel 1: la evidencia registrada corresponde al descriptor; para el nivel 2 faltaría un ejemplo más completo.,parcial,2026-04-06T05:00:00,RV-VAC-0063-1,CV-VAC-0063-1,synthetic,SYN-012678
ASM-01972,SES-00910,APP-00512,CRI-0304,EV-S3-02,1,5,[SINTÉTICO] Nivel 1: la evidencia registrada corresponde al descriptor; para el nivel 2 faltaría un ejemplo más completo.,suficiente,2026-04-06T05:00:00,RV-VAC-0063-1,CV-VAC-0063-1,synthetic,SYN-012680
ASM-01973,SES-00910,APP-00512,CRI-0305,EV-S3-02,1,5,[SINTÉTICO] Nivel 1: la evidencia registrada corresponde al descriptor; para el nivel 2 faltaría un ejemplo más completo.,parcial,2026-04-06T05:00:00,RV-VAC-0063-1,CV-VAC-0063-1,synthetic,SYN-012682
ASM-01974,SES-00911,APP-00514,CRI-0303,EV-S3-04,2,10,[SINTÉTICO] Nivel 2: la evidencia registrada corresponde al descriptor; para el nivel 3 faltaría un ejemplo más completo.,suficiente,2026-04-07T01:22:00,RV-VAC-0063-1,CV-VAC-0063-1,synthetic,SYN-012685
ASM-01975,SES-00911,APP-00514,CRI-0304,EV-S3-04,2,10,[SINTÉTICO] Nivel 2: la evidencia registrada corresponde al descriptor; para el nivel 3 faltaría un ejemplo más completo.,suficiente,2026-04-07T01:22:00,RV-VAC-0063-1,CV-VAC-0063-1,synthetic,SYN-012689
ASM-01976,SES-00911,APP-00514,CRI-0305,EV-S3-04,2,10,[SINTÉTICO] Nivel 2: la evidencia registrada corresponde al descriptor; para el nivel 3 faltaría un ejemplo más completo.,parcial,2026-04-07T01:22:00,RV-VAC-0063-1,CV-VAC-0063-1,synthetic,SYN-012692
ASM-01977,SES-00912,APP-00514,CRI-0306,EV-S3-03,2,10,[SINTÉTICO] Nivel 2: la evidencia registrada corresponde al descriptor; para el nivel 3 faltaría un ejemplo más completo.,parcial,2026-04-15T17:00:00,RV-VAC-0063-1,CV-VAC-0063-1,synthetic,SYN-012695
ASM-01978,SES-00912,APP-00514,CRI-0307,EV-S3-03,1,5,[SINTÉTICO] Nivel 1: la evidencia registrada corresponde al descriptor; para el nivel 2 faltaría un ejemplo más completo.,suficiente,2026-04-15T17:00:00,RV-VAC-0063-1,CV-VAC-0063-1,synthetic,SYN-012697
ASM-01979,SES-00914,APP-00515,CRI-0306,EV-S3-01,2,10,[SINTÉTICO] Nivel 2: la evidencia registrada corresponde al descriptor; para el nivel 3 faltaría un ejemplo más completo.,parcial,2026-04-10T20:00:00,RV-VAC-0063-1,CV-VAC-0063-1,synthetic,SYN-012703
ASM-01980,SES-00914,APP-00515,CRI-0307,EV-S3-01,2,10,[SINTÉTICO] Nivel 2: la evidencia registrada corresponde al descriptor; para el nivel 3 faltaría un ejemplo más completo.,suficiente,2026-04-10T20:00:00,RV-VAC-0063-1,CV-VAC-0063-1,synthetic,SYN-012706
ASM-01981,SES-00915,APP-00516,CRI-0303,EV-S3-02,4,20,[SINTÉTICO] Nivel 4: la evidencia registrada corresponde al descriptor; para el nivel 4 faltaría un ejemplo más completo.,suficiente,2026-03-23T00:43:00,RV-VAC-0063-1,CV-VAC-0063-1,synthetic,SYN-012709
ASM-01982,SES-00915,APP-00516,CRI-0304,EV-S3-02,3,15,[SINTÉTICO] Nivel 3: la evidencia registrada corresponde al descriptor; para el nivel 4 faltaría un ejemplo más completo.,parcial,2026-03-23T00:43:00,RV-VAC-0063-1,CV-VAC-0063-1,synthetic,SYN-012713
ASM-01983,SES-00915,APP-00516,CRI-0305,EV-S3-02,2,10,[SINTÉTICO] Nivel 2: la evidencia registrada corresponde al descriptor; para el nivel 3 faltaría un ejemplo más completo.,parcial,2026-03-23T00:43:00,RV-VAC-0063-1,CV-VAC-0063-1,synthetic,SYN-012715
ASM-01984,SES-00919,APP-00519,CRI-0303,EV-S3-04,1,5,[SINTÉTICO] Nivel 1: la evidencia registrada corresponde al descriptor; para el nivel 2 faltaría un ejemplo más completo.,suficiente,2026-04-01T09:39:00,RV-VAC-0063-1,CV-VAC-0063-1,synthetic,SYN-012725
ASM-01985,SES-00919,APP-00519,CRI-0304,EV-S3-04,2,10,[SINTÉTICO] Nivel 2: la evidencia registrada corresponde al descriptor; para el nivel 3 faltaría un ejemplo más completo.,suficiente,2026-04-01T09:39:00,RV-VAC-0063-1,CV-VAC-0063-1,synthetic,SYN-012728
ASM-01986,SES-00919,APP-00519,CRI-0305,EV-S3-04,3,15,[SINTÉTICO] Nivel 3: la evidencia registrada corresponde al descriptor; para el nivel 4 faltaría un ejemplo más completo.,suficiente,2026-04-01T09:39:00,RV-VAC-0063-1,CV-VAC-0063-1,synthetic,SYN-012731
ASM-01987,SES-00920,APP-00519,CRI-0306,EV-S3-03,2,10,[SINTÉTICO] Nivel 2: la evidencia registrada corresponde al descriptor; para el nivel 3 faltaría un ejemplo más completo.,parcial,2026-04-08T02:00:00,RV-VAC-0063-1,CV-VAC-0063-1,synthetic,SYN-012735
ASM-01988,SES-00920,APP-00519,CRI-0307,EV-S3-03,2,10,[SINTÉTICO] Nivel 2: la evidencia registrada corresponde al descriptor; para el nivel 3 faltaría un ejemplo más completo.,suficiente,2026-04-08T02:00:00,RV-VAC-0063-1,CV-VAC-0063-1,synthetic,SYN-012737
ASM-01989,SES-00921,APP-00520,CRI-0303,EV-S3-03,2,10,[SINTÉTICO] Nivel 2: la evidencia registrada corresponde al descriptor; para el nivel 3 faltaría un ejemplo más completo.,suficiente,2026-04-03T04:36:00,RV-VAC-0063-1,CV-VAC-0063-1,synthetic,SYN-012741
ASM-01990,SES-00921,APP-00520,CRI-0304,EV-S3-03,3,15,[SINTÉTICO] Nivel 3: la evidencia registrada corresponde al descriptor; para el nivel 4 faltaría un ejemplo más completo.,insuficiente,2026-04-03T04:36:00,RV-VAC-0063-1,CV-VAC-0063-1,synthetic,SYN-012744
ASM-01991,SES-00921,APP-00520,CRI-0305,EV-S3-03,2,10,[SINTÉTICO] Nivel 2: la evidencia registrada corresponde al descriptor; para el nivel 3 faltaría un ejemplo más completo.,parcial,2026-04-03T04:36:00,RV-VAC-0063-1,CV-VAC-0063-1,synthetic,SYN-012746
ASM-01992,SES-00923,APP-00521,CRI-0308,EV-S1-04,1,5,[SINTÉTICO] Nivel 1: la evidencia registrada corresponde al descriptor; para el nivel 2 faltaría un ejemplo más completo.,suficiente,2026-03-25T21:47:00,RV-VAC-0064-1,CV-VAC-0064-1,synthetic,SYN-012751
ASM-01993,SES-00923,APP-00521,CRI-0309,EV-S1-04,1,5,[SINTÉTICO] Nivel 1: la evidencia registrada corresponde al descriptor; para el nivel 2 faltaría un ejemplo más completo.,suficiente,2026-03-25T21:47:00,RV-VAC-0064-1,CV-VAC-0064-1,synthetic,SYN-012754
ASM-01994,SES-00924,APP-00521,CRI-0310,EV-S1-01,2,10,[SINTÉTICO] Nivel 2: la evidencia registrada corresponde al descriptor; para el nivel 3 faltaría un ejemplo más completo.,suficiente,2026-04-06T19:00:00,RV-VAC-0064-1,CV-VAC-0064-1,synthetic,SYN-012758
ASM-01995,SES-00924,APP-00521,CRI-0311,EV-S1-01,1,5,[SINTÉTICO] Nivel 1: la evidencia registrada corresponde al descriptor; para el nivel 2 faltaría un ejemplo más completo.,suficiente,2026-04-06T19:00:00,RV-VAC-0064-1,CV-VAC-0064-1,synthetic,SYN-012760
ASM-01996,SES-00925,APP-00522,CRI-0308,EV-S1-02,3,15,[SINTÉTICO] Nivel 3: la evidencia registrada corresponde al descriptor; para el nivel 4 faltaría un ejemplo más completo.,insuficiente,2026-04-15T02:47:00,RV-VAC-0064-1,CV-VAC-0064-1,synthetic,SYN-012765
ASM-01997,SES-00925,APP-00522,CRI-0309,EV-S1-02,3,15,[SINTÉTICO] Nivel 3: la evidencia registrada corresponde al descriptor; para el nivel 4 faltaría un ejemplo más completo.,parcial,2026-04-15T02:47:00,RV-VAC-0064-1,CV-VAC-0064-1,synthetic,SYN-012766
ASM-01998,SES-00926,APP-00522,CRI-0310,EV-S1-02,2,10,[SINTÉTICO] Nivel 2: la evidencia registrada corresponde al descriptor; para el nivel 3 faltaría un ejemplo más completo.,parcial,2026-04-12T21:00:00,RV-VAC-0064-1,CV-VAC-0064-1,synthetic,SYN-012770
ASM-01999,SES-00926,APP-00522,CRI-0311,EV-S1-02,3,15,[SINTÉTICO] Nivel 3: la evidencia registrada corresponde al descriptor; para el nivel 4 faltaría un ejemplo más completo.,suficiente,2026-04-12T21:00:00,RV-VAC-0064-1,CV-VAC-0064-1,synthetic,SYN-012773
ASM-02000,SES-00927,APP-00523,CRI-0308,EV-S1-04,3,15,[SINTÉTICO] Nivel 3: la evidencia registrada corresponde al descriptor; para el nivel 4 faltaría un ejemplo más completo.,suficiente,2026-03-28T20:53:00,RV-VAC-0064-1,CV-VAC-0064-1,synthetic,SYN-012778
ASM-02001,SES-00927,APP-00523,CRI-0309,EV-S1-04,4,20,[SINTÉTICO] Nivel 4: la evidencia registrada corresponde al descriptor; para el nivel 4 faltaría un ejemplo más completo.,suficiente,2026-03-28T20:53:00,RV-VAC-0064-1,CV-VAC-0064-1,synthetic,SYN-012782
ASM-02002,SES-00928,APP-00523,CRI-0310,EV-S1-04,4,20,[SINTÉTICO] Nivel 4: la evidencia registrada corresponde al descriptor; para el nivel 4 faltaría un ejemplo más completo.,suficiente,2026-04-03T16:00:00,RV-VAC-0064-1,CV-VAC-0064-1,synthetic,SYN-012787
ASM-02003,SES-00928,APP-00523,CRI-0311,EV-S1-04,4,20,[SINTÉTICO] Nivel 4: la evidencia registrada corresponde al descriptor; para el nivel 4 faltaría un ejemplo más completo.,suficiente,2026-04-03T16:00:00,RV-VAC-0064-1,CV-VAC-0064-1,synthetic,SYN-012790
ASM-02004,SES-00929,APP-00524,CRI-0312,EV-S2-03,2,10,[SINTÉTICO] Nivel 2: la evidencia registrada corresponde al descriptor; para el nivel 3 faltaría un ejemplo más completo.,parcial,2026-07-22T16:19:00,RV-VAC-0065-1,CV-VAC-0065-1,synthetic,SYN-012795
ASM-02005,SES-00929,APP-00524,CRI-0313,EV-S2-03,1,5,[SINTÉTICO] Nivel 1: la evidencia registrada corresponde al descriptor; para el nivel 2 faltaría un ejemplo más completo.,suficiente,2026-07-22T16:19:00,RV-VAC-0065-1,CV-VAC-0065-1,synthetic,SYN-012798
ASM-02006,SES-00930,APP-00524,CRI-0312,EV-S2-04,2,10,[SINTÉTICO] Nivel 2: la evidencia registrada corresponde al descriptor; para el nivel 3 faltaría un ejemplo más completo.,suficiente,2026-07-15T11:19:00,RV-VAC-0065-1,CV-VAC-0065-1,synthetic,SYN-012803
ASM-02007,SES-00930,APP-00524,CRI-0313,EV-S2-04,1,5,[SINTÉTICO] Nivel 1: la evidencia registrada corresponde al descriptor; para el nivel 2 faltaría un ejemplo más completo.,insuficiente,2026-07-15T11:19:00,RV-VAC-0065-1,CV-VAC-0065-1,synthetic,SYN-012807
ASM-02008,SES-00931,APP-00524,CRI-0314,EV-S2-02,1,5,[SINTÉTICO] Nivel 1: la evidencia registrada corresponde al descriptor; para el nivel 2 faltaría un ejemplo más completo.,insuficiente,2026-07-22T14:00:00,RV-VAC-0065-1,CV-VAC-0065-1,synthetic,SYN-012809
ASM-02009,SES-00931,APP-00524,CRI-0315,EV-S2-02,1,5,[SINTÉTICO] Nivel 1: la evidencia registrada corresponde al descriptor; para el nivel 2 faltaría un ejemplo más completo.,suficiente,2026-07-22T14:00:00,RV-VAC-0065-1,CV-VAC-0065-1,synthetic,SYN-012810
ASM-02010,SES-00932,APP-00525,CRI-0312,EV-S2-04,4,20,[SINTÉTICO] Nivel 4: la evidencia registrada corresponde al descriptor; para el nivel 4 faltaría un ejemplo más completo.,suficiente,2026-07-12T20:49:00,RV-VAC-0065-1,CV-VAC-0065-1,synthetic,SYN-012815
ASM-02011,SES-00932,APP-00525,CRI-0313,EV-S2-04,4,20,[SINTÉTICO] Nivel 4: la evidencia registrada corresponde al descriptor; para el nivel 4 faltaría un ejemplo más completo.,insuficiente,2026-07-12T20:49:00,RV-VAC-0065-1,CV-VAC-0065-1,synthetic,SYN-012817
ASM-02012,SES-00933,APP-00526,CRI-0312,EV-S2-04,4,20,[SINTÉTICO] Nivel 4: la evidencia registrada corresponde al descriptor; para el nivel 4 faltaría un ejemplo más completo.,insuficiente,2026-07-16T22:17:00,RV-VAC-0065-1,CV-VAC-0065-1,synthetic,SYN-012819
ASM-02013,SES-00933,APP-00526,CRI-0313,EV-S2-04,4,20,[SINTÉTICO] Nivel 4: la evidencia registrada corresponde al descriptor; para el nivel 4 faltaría un ejemplo más completo.,parcial,2026-07-16T22:17:00,RV-VAC-0065-1,CV-VAC-0065-1,synthetic,SYN-012820
ASM-02014,SES-00936,APP-00528,CRI-0312,EV-S2-02,2,10,[SINTÉTICO] Nivel 2: la evidencia registrada corresponde al descriptor; para el nivel 3 faltaría un ejemplo más completo.,suficiente,2026-07-08T00:35:00,RV-VAC-0065-1,CV-VAC-0065-1,synthetic,SYN-012827
ASM-02015,SES-00936,APP-00528,CRI-0313,EV-S2-02,2,10,[SINTÉTICO] Nivel 2: la evidencia registrada corresponde al descriptor; para el nivel 3 faltaría un ejemplo más completo.,suficiente,2026-07-08T00:35:00,RV-VAC-0065-1,CV-VAC-0065-1,synthetic,SYN-012830
ASM-02016,SES-00937,APP-00528,CRI-0314,EV-S2-01,2,10,[SINTÉTICO] Nivel 2: la evidencia registrada corresponde al descriptor; para el nivel 3 faltaría un ejemplo más completo.,suficiente,2026-07-16T19:00:00,RV-VAC-0065-1,CV-VAC-0065-1,synthetic,SYN-012834
ASM-02017,SES-00937,APP-00528,CRI-0315,EV-S2-01,4,20,[SINTÉTICO] Nivel 4: la evidencia registrada corresponde al descriptor; para el nivel 4 faltaría un ejemplo más completo.,parcial,2026-07-16T19:00:00,RV-VAC-0065-1,CV-VAC-0065-1,synthetic,SYN-012836
ASM-02018,SES-00938,APP-00529,CRI-0312,EV-S2-04,4,20,[SINTÉTICO] Nivel 4: la evidencia registrada corresponde al descriptor; para el nivel 4 faltaría un ejemplo más completo.,suficiente,2026-07-07T16:01:00,RV-VAC-0065-1,CV-VAC-0065-1,synthetic,SYN-012840
ASM-02019,SES-00938,APP-00529,CRI-0313,EV-S2-04,3,15,[SINTÉTICO] Nivel 3: la evidencia registrada corresponde al descriptor; para el nivel 4 faltaría un ejemplo más completo.,suficiente,2026-07-07T16:01:00,RV-VAC-0065-1,CV-VAC-0065-1,synthetic,SYN-012842
ASM-02020,SES-00939,APP-00529,CRI-0314,EV-S2-03,4,20,[SINTÉTICO] Nivel 4: la evidencia registrada corresponde al descriptor; para el nivel 4 faltaría un ejemplo más completo.,suficiente,2026-07-23T00:00:00,RV-VAC-0065-1,CV-VAC-0065-1,synthetic,SYN-012845
ASM-02021,SES-00939,APP-00529,CRI-0315,EV-S2-03,2,10,[SINTÉTICO] Nivel 2: la evidencia registrada corresponde al descriptor; para el nivel 3 faltaría un ejemplo más completo.,parcial,2026-07-23T00:00:00,RV-VAC-0065-1,CV-VAC-0065-1,synthetic,SYN-012849
ASM-02022,SES-00940,APP-00530,CRI-0312,EV-S2-01,1,5,[SINTÉTICO] Nivel 1: la evidencia registrada corresponde al descriptor; para el nivel 2 faltaría un ejemplo más completo.,parcial,2026-07-07T19:57:00,RV-VAC-0065-1,CV-VAC-0065-1,synthetic,SYN-012853
ASM-02023,SES-00940,APP-00530,CRI-0313,EV-S2-01,2,10,[SINTÉTICO] Nivel 2: la evidencia registrada corresponde al descriptor; para el nivel 3 faltaría un ejemplo más completo.,parcial,2026-07-07T19:57:00,RV-VAC-0065-1,CV-VAC-0065-1,synthetic,SYN-012855
ASM-02024,SES-00942,APP-00531,CRI-0312,EV-S2-03,2,10,[SINTÉTICO] Nivel 2: la evidencia registrada corresponde al descriptor; para el nivel 3 faltaría un ejemplo más completo.,insuficiente,2026-07-21T09:00:00,RV-VAC-0065-1,CV-VAC-0065-1,synthetic,SYN-012861
ASM-02025,SES-00942,APP-00531,CRI-0313,EV-S2-03,2,10,[SINTÉTICO] Nivel 2: la evidencia registrada corresponde al descriptor; para el nivel 3 faltaría un ejemplo más completo.,suficiente,2026-07-21T09:00:00,RV-VAC-0065-1,CV-VAC-0065-1,synthetic,SYN-012862
ASM-02026,SES-00943,APP-00531,CRI-0314,EV-S2-01,2,10,[SINTÉTICO] Nivel 2: la evidencia registrada corresponde al descriptor; para el nivel 3 faltaría un ejemplo más completo.,parcial,2026-07-19T01:00:00,RV-VAC-0065-1,CV-VAC-0065-1,synthetic,SYN-012866
ASM-02027,SES-00943,APP-00531,CRI-0315,EV-S2-01,2,10,[SINTÉTICO] Nivel 2: la evidencia registrada corresponde al descriptor; para el nivel 3 faltaría un ejemplo más completo.,suficiente,2026-07-19T01:00:00,RV-VAC-0065-1,CV-VAC-0065-1,synthetic,SYN-012870
ASM-02028,SES-00944,APP-00532,CRI-0312,EV-S2-02,1,5,[SINTÉTICO] Nivel 1: la evidencia registrada corresponde al descriptor; para el nivel 2 faltaría un ejemplo más completo.,suficiente,2026-07-04T22:30:00,RV-VAC-0065-1,CV-VAC-0065-1,synthetic,SYN-012874
ASM-02029,SES-00944,APP-00532,CRI-0313,EV-S2-02,1,5,[SINTÉTICO] Nivel 1: la evidencia registrada corresponde al descriptor; para el nivel 2 faltaría un ejemplo más completo.,parcial,2026-07-04T22:30:00,RV-VAC-0065-1,CV-VAC-0065-1,synthetic,SYN-012878
ASM-02030,SES-00945,APP-00532,CRI-0314,EV-S2-02,2,10,[SINTÉTICO] Nivel 2: la evidencia registrada corresponde al descriptor; para el nivel 3 faltaría un ejemplo más completo.,suficiente,2026-07-21T16:00:00,RV-VAC-0065-1,CV-VAC-0065-1,synthetic,SYN-012882
ASM-02031,SES-00945,APP-00532,CRI-0315,EV-S2-02,1,5,[SINTÉTICO] Nivel 1: la evidencia registrada corresponde al descriptor; para el nivel 2 faltaría un ejemplo más completo.,suficiente,2026-07-21T16:00:00,RV-VAC-0065-1,CV-VAC-0065-1,synthetic,SYN-012884
ASM-02032,SES-00946,APP-00533,CRI-0312,EV-S2-03,3,15,[SINTÉTICO] Nivel 3: la evidencia registrada corresponde al descriptor; para el nivel 4 faltaría un ejemplo más completo.,suficiente,2026-07-07T21:49:00,RV-VAC-0065-1,CV-VAC-0065-1,synthetic,SYN-012888
ASM-02033,SES-00946,APP-00533,CRI-0313,EV-S2-03,3,15,[SINTÉTICO] Nivel 3: la evidencia registrada corresponde al descriptor; para el nivel 4 faltaría un ejemplo más completo.,suficiente,2026-07-07T21:49:00,RV-VAC-0065-1,CV-VAC-0065-1,synthetic,SYN-012891
ASM-02034,SES-00947,APP-00533,CRI-0314,EV-S2-04,4,20,[SINTÉTICO] Nivel 4: la evidencia registrada corresponde al descriptor; para el nivel 4 faltaría un ejemplo más completo.,suficiente,2026-07-24T03:00:00,RV-VAC-0065-1,CV-VAC-0065-1,synthetic,SYN-012895
ASM-02035,SES-00947,APP-00533,CRI-0315,EV-S2-04,3,15,[SINTÉTICO] Nivel 3: la evidencia registrada corresponde al descriptor; para el nivel 4 faltaría un ejemplo más completo.,parcial,2026-07-24T03:00:00,RV-VAC-0065-1,CV-VAC-0065-1,synthetic,SYN-012897
ASM-02036,SES-00948,APP-00534,CRI-0312,EV-S2-04,1,5,[SINTÉTICO] Nivel 1: la evidencia registrada corresponde al descriptor; para el nivel 2 faltaría un ejemplo más completo.,parcial,2026-07-14T03:23:00,RV-VAC-0065-1,CV-VAC-0065-1,synthetic,SYN-012901
ASM-02037,SES-00948,APP-00534,CRI-0313,EV-S2-04,2,10,[SINTÉTICO] Nivel 2: la evidencia registrada corresponde al descriptor; para el nivel 3 faltaría un ejemplo más completo.,parcial,2026-07-14T03:23:00,RV-VAC-0065-1,CV-VAC-0065-1,synthetic,SYN-012904
ASM-02038,SES-00949,APP-00535,CRI-0316,EV-S3-01,1,5,[SINTÉTICO] Nivel 1: la evidencia registrada corresponde al descriptor; para el nivel 2 faltaría un ejemplo más completo.,parcial,2026-04-26T04:37:00,RV-VAC-0066-1,CV-VAC-0066-1,synthetic,SYN-012908
ASM-02039,SES-00949,APP-00535,CRI-0317,EV-S3-01,1,5,[SINTÉTICO] Nivel 1: la evidencia registrada corresponde al descriptor; para el nivel 2 faltaría un ejemplo más completo.,parcial,2026-04-26T04:37:00,RV-VAC-0066-1,CV-VAC-0066-1,synthetic,SYN-012910
ASM-02040,SES-00950,APP-00535,CRI-0318,EV-S3-03,1,5,[SINTÉTICO] Nivel 1: la evidencia registrada corresponde al descriptor; para el nivel 2 faltaría un ejemplo más completo.,suficiente,2026-04-30T17:00:00,RV-VAC-0066-1,CV-VAC-0066-1,synthetic,SYN-012913
ASM-02041,SES-00950,APP-00535,CRI-0319,EV-S3-03,1,5,[SINTÉTICO] Nivel 1: la evidencia registrada corresponde al descriptor; para el nivel 2 faltaría un ejemplo más completo.,suficiente,2026-04-30T17:00:00,RV-VAC-0066-1,CV-VAC-0066-1,synthetic,SYN-012916
ASM-02042,SES-00951,APP-00536,CRI-0316,EV-S3-03,3,15,[SINTÉTICO] Nivel 3: la evidencia registrada corresponde al descriptor; para el nivel 4 faltaría un ejemplo más completo.,suficiente,2026-04-20T05:00:00,RV-VAC-0066-1,CV-VAC-0066-1,synthetic,SYN-012921
ASM-02043,SES-00951,APP-00536,CRI-0317,EV-S3-03,2,10,[SINTÉTICO] Nivel 2: la evidencia registrada corresponde al descriptor; para el nivel 3 faltaría un ejemplo más completo.,suficiente,2026-04-20T05:00:00,RV-VAC-0066-1,CV-VAC-0066-1,synthetic,SYN-012925
ASM-02044,SES-00952,APP-00536,CRI-0318,EV-S3-01,1,5,[SINTÉTICO] Nivel 1: la evidencia registrada corresponde al descriptor; para el nivel 2 faltaría un ejemplo más completo.,suficiente,2026-05-04T21:00:00,RV-VAC-0066-1,CV-VAC-0066-1,synthetic,SYN-012928
ASM-02045,SES-00952,APP-00536,CRI-0319,EV-S3-01,2,10,[SINTÉTICO] Nivel 2: la evidencia registrada corresponde al descriptor; para el nivel 3 faltaría un ejemplo más completo.,suficiente,2026-05-04T21:00:00,RV-VAC-0066-1,CV-VAC-0066-1,synthetic,SYN-012931
ASM-02046,SES-00953,APP-00538,CRI-0316,EV-S3-03,2,10,[SINTÉTICO] Nivel 2: la evidencia registrada corresponde al descriptor; para el nivel 3 faltaría un ejemplo más completo.,suficiente,2026-04-17T19:34:00,RV-VAC-0066-1,CV-VAC-0066-1,synthetic,SYN-012935
ASM-02047,SES-00953,APP-00538,CRI-0317,EV-S3-03,2,10,[SINTÉTICO] Nivel 2: la evidencia registrada corresponde al descriptor; para el nivel 3 faltaría un ejemplo más completo.,insuficiente,2026-04-17T19:34:00,RV-VAC-0066-1,CV-VAC-0066-1,synthetic,SYN-012939
ASM-02048,SES-00954,APP-00538,CRI-0318,EV-S3-02,1,5,[SINTÉTICO] Nivel 1: la evidencia registrada corresponde al descriptor; para el nivel 2 faltaría un ejemplo más completo.,parcial,2026-05-01T23:00:00,RV-VAC-0066-1,CV-VAC-0066-1,synthetic,SYN-012941
ASM-02049,SES-00954,APP-00538,CRI-0319,EV-S3-02,1,5,[SINTÉTICO] Nivel 1: la evidencia registrada corresponde al descriptor; para el nivel 2 faltaría un ejemplo más completo.,suficiente,2026-05-01T23:00:00,RV-VAC-0066-1,CV-VAC-0066-1,synthetic,SYN-012944
ASM-02050,SES-00955,APP-00540,CRI-0316,EV-S3-01,3,15,[SINTÉTICO] Nivel 3: la evidencia registrada corresponde al descriptor; para el nivel 4 faltaría un ejemplo más completo.,suficiente,2026-04-18T05:00:00,RV-VAC-0066-1,CV-VAC-0066-1,synthetic,SYN-012948
ASM-02051,SES-00955,APP-00540,CRI-0317,EV-S3-01,4,20,[SINTÉTICO] Nivel 4: la evidencia registrada corresponde al descriptor; para el nivel 4 faltaría un ejemplo más completo.,suficiente,2026-04-18T05:00:00,RV-VAC-0066-1,CV-VAC-0066-1,synthetic,SYN-012951
ASM-02052,SES-00956,APP-00540,CRI-0318,EV-S3-03,3,15,[SINTÉTICO] Nivel 3: la evidencia registrada corresponde al descriptor; para el nivel 4 faltaría un ejemplo más completo.,suficiente,2026-05-02T21:00:00,RV-VAC-0066-1,CV-VAC-0066-1,synthetic,SYN-012954
ASM-02053,SES-00956,APP-00540,CRI-0319,EV-S3-03,3,15,[SINTÉTICO] Nivel 3: la evidencia registrada corresponde al descriptor; para el nivel 4 faltaría un ejemplo más completo.,suficiente,2026-05-02T21:00:00,RV-VAC-0066-1,CV-VAC-0066-1,synthetic,SYN-012958
ASM-02054,SES-00957,APP-00541,CRI-0320,EV-S1-04,1,5,[SINTÉTICO] Nivel 1: la evidencia registrada corresponde al descriptor; para el nivel 2 faltaría un ejemplo más completo.,parcial,2026-07-19T17:32:00,RV-VAC-0067-1,CV-VAC-0067-1,synthetic,SYN-012962
ASM-02055,SES-00957,APP-00541,CRI-0321,EV-S1-04,1,5,[SINTÉTICO] Nivel 1: la evidencia registrada corresponde al descriptor; para el nivel 2 faltaría un ejemplo más completo.,suficiente,2026-07-19T17:32:00,RV-VAC-0067-1,CV-VAC-0067-1,synthetic,SYN-012965
ASM-02056,SES-00958,APP-00542,CRI-0320,EV-S1-02,4,20,[SINTÉTICO] Nivel 4: la evidencia registrada corresponde al descriptor; para el nivel 4 faltaría un ejemplo más completo.,suficiente,2026-07-21T14:22:00,RV-VAC-0067-1,CV-VAC-0067-1,synthetic,SYN-012969
ASM-02057,SES-00958,APP-00542,CRI-0321,EV-S1-02,4,20,[SINTÉTICO] Nivel 4: la evidencia registrada corresponde al descriptor; para el nivel 4 faltaría un ejemplo más completo.,parcial,2026-07-21T14:22:00,RV-VAC-0067-1,CV-VAC-0067-1,synthetic,SYN-012972
ASM-02058,SES-00959,APP-00542,CRI-0322,EV-S1-02,4,20,[SINTÉTICO] Nivel 4: la evidencia registrada corresponde al descriptor; para el nivel 4 faltaría un ejemplo más completo.,insuficiente,2026-07-21T19:00:00,RV-VAC-0067-1,CV-VAC-0067-1,synthetic,SYN-012975
ASM-02059,SES-00959,APP-00542,CRI-0323,EV-S1-02,4,20,[SINTÉTICO] Nivel 4: la evidencia registrada corresponde al descriptor; para el nivel 4 faltaría un ejemplo más completo.,suficiente,2026-07-21T19:00:00,RV-VAC-0067-1,CV-VAC-0067-1,synthetic,SYN-012976
ASM-02060,SES-00960,APP-00543,CRI-0320,EV-S1-02,4,20,[SINTÉTICO] Nivel 4: la evidencia registrada corresponde al descriptor; para el nivel 4 faltaría un ejemplo más completo.,suficiente,2026-07-13T11:57:00,RV-VAC-0067-1,CV-VAC-0067-1,synthetic,SYN-012982
ASM-02061,SES-00960,APP-00543,CRI-0321,EV-S1-02,4,20,[SINTÉTICO] Nivel 4: la evidencia registrada corresponde al descriptor; para el nivel 4 faltaría un ejemplo más completo.,suficiente,2026-07-13T11:57:00,RV-VAC-0067-1,CV-VAC-0067-1,synthetic,SYN-012986
ASM-02062,SES-00961,APP-00543,CRI-0320,EV-S1-03,4,20,[SINTÉTICO] Nivel 4: la evidencia registrada corresponde al descriptor; para el nivel 4 faltaría un ejemplo más completo.,insuficiente,2026-07-22T14:57:00,RV-VAC-0067-1,CV-VAC-0067-1,synthetic,SYN-012990
ASM-02063,SES-00961,APP-00543,CRI-0321,EV-S1-03,4,20,[SINTÉTICO] Nivel 4: la evidencia registrada corresponde al descriptor; para el nivel 4 faltaría un ejemplo más completo.,suficiente,2026-07-22T14:57:00,RV-VAC-0067-1,CV-VAC-0067-1,synthetic,SYN-012991
ASM-02064,SES-00962,APP-00544,CRI-0320,EV-S1-02,1,5,[SINTÉTICO] Nivel 1: la evidencia registrada corresponde al descriptor; para el nivel 2 faltaría un ejemplo más completo.,parcial,2026-07-17T09:51:00,RV-VAC-0067-1,CV-VAC-0067-1,synthetic,SYN-012996
ASM-02065,SES-00962,APP-00544,CRI-0321,EV-S1-02,1,5,[SINTÉTICO] Nivel 1: la evidencia registrada corresponde al descriptor; para el nivel 2 faltaría un ejemplo más completo.,parcial,2026-07-17T09:51:00,RV-VAC-0067-1,CV-VAC-0067-1,synthetic,SYN-012998
ASM-02066,SES-00964,APP-00544,CRI-0322,EV-S1-02,1,5,[SINTÉTICO] Nivel 1: la evidencia registrada corresponde al descriptor; para el nivel 2 faltaría un ejemplo más completo.,suficiente,2026-07-26T19:00:00,RV-VAC-0067-1,CV-VAC-0067-1,synthetic,SYN-013002
ASM-02067,SES-00964,APP-00544,CRI-0323,EV-S1-02,1,5,[SINTÉTICO] Nivel 1: la evidencia registrada corresponde al descriptor; para el nivel 2 faltaría un ejemplo más completo.,suficiente,2026-07-26T19:00:00,RV-VAC-0067-1,CV-VAC-0067-1,synthetic,SYN-013006
ASM-02068,SES-00965,APP-00545,CRI-0320,EV-S1-02,4,20,[SINTÉTICO] Nivel 4: la evidencia registrada corresponde al descriptor; para el nivel 4 faltaría un ejemplo más completo.,insuficiente,2026-07-07T12:48:00,RV-VAC-0067-1,CV-VAC-0067-1,synthetic,SYN-013012
ASM-02069,SES-00965,APP-00545,CRI-0321,EV-S1-02,4,20,[SINTÉTICO] Nivel 4: la evidencia registrada corresponde al descriptor; para el nivel 4 faltaría un ejemplo más completo.,insuficiente,2026-07-07T12:48:00,RV-VAC-0067-1,CV-VAC-0067-1,synthetic,SYN-013013
ASM-02070,SES-00966,APP-00545,CRI-0322,EV-S1-04,4,20,[SINTÉTICO] Nivel 4: la evidencia registrada corresponde al descriptor; para el nivel 4 faltaría un ejemplo más completo.,parcial,2026-07-27T03:00:00,RV-VAC-0067-1,CV-VAC-0067-1,synthetic,SYN-013015
ASM-02071,SES-00966,APP-00545,CRI-0323,EV-S1-04,4,20,[SINTÉTICO] Nivel 4: la evidencia registrada corresponde al descriptor; para el nivel 4 faltaría un ejemplo más completo.,suficiente,2026-07-27T03:00:00,RV-VAC-0067-1,CV-VAC-0067-1,synthetic,SYN-013018
ASM-02072,SES-00967,APP-00546,CRI-0320,EV-S1-04,2,10,[SINTÉTICO] Nivel 2: la evidencia registrada corresponde al descriptor; para el nivel 3 faltaría un ejemplo más completo.,suficiente,2026-07-05T01:57:00,RV-VAC-0067-1,CV-VAC-0067-1,synthetic,SYN-013023
ASM-02073,SES-00967,APP-00546,CRI-0321,EV-S1-04,3,15,[SINTÉTICO] Nivel 3: la evidencia registrada corresponde al descriptor; para el nivel 4 faltaría un ejemplo más completo.,parcial,2026-07-05T01:57:00,RV-VAC-0067-1,CV-VAC-0067-1,synthetic,SYN-013025
ASM-02074,SES-00968,APP-00546,CRI-0322,EV-S1-02,2,10,[SINTÉTICO] Nivel 2: la evidencia registrada corresponde al descriptor; para el nivel 3 faltaría un ejemplo más completo.,suficiente,2026-07-17T02:00:00,RV-VAC-0067-1,CV-VAC-0067-1,synthetic,SYN-013030
ASM-02075,SES-00968,APP-00546,CRI-0323,EV-S1-02,2,10,[SINTÉTICO] Nivel 2: la evidencia registrada corresponde al descriptor; para el nivel 3 faltaría un ejemplo más completo.,insuficiente,2026-07-17T02:00:00,RV-VAC-0067-1,CV-VAC-0067-1,synthetic,SYN-013032
ASM-02076,SES-00969,APP-00547,CRI-0320,EV-S1-02,4,20,[SINTÉTICO] Nivel 4: la evidencia registrada corresponde al descriptor; para el nivel 4 faltaría un ejemplo más completo.,suficiente,2026-07-04T23:15:00,RV-VAC-0067-1,CV-VAC-0067-1,synthetic,SYN-013034
ASM-02077,SES-00969,APP-00547,CRI-0321,EV-S1-02,4,20,[SINTÉTICO] Nivel 4: la evidencia registrada corresponde al descriptor; para el nivel 4 faltaría un ejemplo más completo.,suficiente,2026-07-04T23:15:00,RV-VAC-0067-1,CV-VAC-0067-1,synthetic,SYN-013036
ASM-02078,SES-00970,APP-00547,CRI-0322,EV-S1-03,4,20,[SINTÉTICO] Nivel 4: la evidencia registrada corresponde al descriptor; para el nivel 4 faltaría un ejemplo más completo.,suficiente,2026-07-22T17:00:00,RV-VAC-0067-1,CV-VAC-0067-1,synthetic,SYN-013040
ASM-02079,SES-00970,APP-00547,CRI-0323,EV-S1-03,4,20,[SINTÉTICO] Nivel 4: la evidencia registrada corresponde al descriptor; para el nivel 4 faltaría un ejemplo más completo.,suficiente,2026-07-22T17:00:00,RV-VAC-0067-1,CV-VAC-0067-1,synthetic,SYN-013043
ASM-02080,SES-00971,APP-00548,CRI-0320,EV-S1-02,4,20,[SINTÉTICO] Nivel 4: la evidencia registrada corresponde al descriptor; para el nivel 4 faltaría un ejemplo más completo.,parcial,2026-07-16T02:50:00,RV-VAC-0067-1,CV-VAC-0067-1,synthetic,SYN-013047
ASM-02081,SES-00971,APP-00548,CRI-0321,EV-S1-02,4,20,[SINTÉTICO] Nivel 4: la evidencia registrada corresponde al descriptor; para el nivel 4 faltaría un ejemplo más completo.,parcial,2026-07-16T02:50:00,RV-VAC-0067-1,CV-VAC-0067-1,synthetic,SYN-013049
ASM-02082,SES-00972,APP-00549,CRI-0324,EV-S2-02,2,10,[SINTÉTICO] Nivel 2: la evidencia registrada corresponde al descriptor; para el nivel 3 faltaría un ejemplo más completo.,suficiente,2026-04-26T03:25:00,RV-VAC-0068-1,CV-VAC-0068-1,synthetic,SYN-013052
ASM-02083,SES-00972,APP-00549,CRI-0325,EV-S2-02,1,5,[SINTÉTICO] Nivel 1: la evidencia registrada corresponde al descriptor; para el nivel 2 faltaría un ejemplo más completo.,parcial,2026-04-26T03:25:00,RV-VAC-0068-1,CV-VAC-0068-1,synthetic,SYN-013056
ASM-02084,SES-00973,APP-00549,CRI-0326,EV-S2-03,2,10,[SINTÉTICO] Nivel 2: la evidencia registrada corresponde al descriptor; para el nivel 3 faltaría un ejemplo más completo.,suficiente,2026-05-02T23:00:00,RV-VAC-0068-1,CV-VAC-0068-1,synthetic,SYN-013061
ASM-02085,SES-00973,APP-00549,CRI-0327,EV-S2-03,2,10,[SINTÉTICO] Nivel 2: la evidencia registrada corresponde al descriptor; para el nivel 3 faltaría un ejemplo más completo.,parcial,2026-05-02T23:00:00,RV-VAC-0068-1,CV-VAC-0068-1,synthetic,SYN-013065
ASM-02086,SES-00974,APP-00551,CRI-0324,EV-S2-04,3,15,[SINTÉTICO] Nivel 3: la evidencia registrada corresponde al descriptor; para el nivel 4 faltaría un ejemplo más completo.,suficiente,2026-05-02T04:00:00,RV-VAC-0068-1,CV-VAC-0068-1,synthetic,SYN-013068
ASM-02087,SES-00974,APP-00551,CRI-0325,EV-S2-04,4,20,[SINTÉTICO] Nivel 4: la evidencia registrada corresponde al descriptor; para el nivel 4 faltaría un ejemplo más completo.,suficiente,2026-05-02T04:00:00,RV-VAC-0068-1,CV-VAC-0068-1,synthetic,SYN-013071
ASM-02088,SES-00975,APP-00551,CRI-0326,EV-S2-04,4,20,[SINTÉTICO] Nivel 4: la evidencia registrada corresponde al descriptor; para el nivel 4 faltaría un ejemplo más completo.,parcial,2026-05-13T17:00:00,RV-VAC-0068-1,CV-VAC-0068-1,synthetic,SYN-013075
ASM-02089,SES-00975,APP-00551,CRI-0327,EV-S2-04,4,20,[SINTÉTICO] Nivel 4: la evidencia registrada corresponde al descriptor; para el nivel 4 faltaría un ejemplo más completo.,parcial,2026-05-13T17:00:00,RV-VAC-0068-1,CV-VAC-0068-1,synthetic,SYN-013077
ASM-02090,SES-00976,APP-00553,CRI-0328,EV-S3-01,1,5,[SINTÉTICO] Nivel 1: la evidencia registrada corresponde al descriptor; para el nivel 2 faltaría un ejemplo más completo.,suficiente,2026-01-26T06:00:00,RV-VAC-0069-1,CV-VAC-0069-1,synthetic,SYN-013080
ASM-02091,SES-00976,APP-00553,CRI-0329,EV-S3-01,1,5,[SINTÉTICO] Nivel 1: la evidencia registrada corresponde al descriptor; para el nivel 2 faltaría un ejemplo más completo.,suficiente,2026-01-26T06:00:00,RV-VAC-0069-1,CV-VAC-0069-1,synthetic,SYN-013082
ASM-02092,SES-00977,APP-00554,CRI-0328,EV-S3-04,1,5,[SINTÉTICO] Nivel 1: la evidencia registrada corresponde al descriptor; para el nivel 2 faltaría un ejemplo más completo.,parcial,2026-02-05T19:06:00,RV-VAC-0069-1,CV-VAC-0069-1,synthetic,SYN-013086
ASM-02093,SES-00977,APP-00554,CRI-0329,EV-S3-04,1,5,[SINTÉTICO] Nivel 1: la evidencia registrada corresponde al descriptor; para el nivel 2 faltaría un ejemplo más completo.,parcial,2026-02-05T19:06:00,RV-VAC-0069-1,CV-VAC-0069-1,synthetic,SYN-013089
ASM-02094,SES-00978,APP-00554,CRI-0330,EV-S3-03,1,5,[SINTÉTICO] Nivel 1: la evidencia registrada corresponde al descriptor; para el nivel 2 faltaría un ejemplo más completo.,suficiente,2026-01-30T21:00:00,RV-VAC-0069-1,CV-VAC-0069-1,synthetic,SYN-013092
ASM-02095,SES-00978,APP-00554,CRI-0331,EV-S3-03,1,5,[SINTÉTICO] Nivel 1: la evidencia registrada corresponde al descriptor; para el nivel 2 faltaría un ejemplo más completo.,parcial,2026-01-30T21:00:00,RV-VAC-0069-1,CV-VAC-0069-1,synthetic,SYN-013096
ASM-02096,SES-00979,APP-00555,CRI-0328,EV-S3-03,4,20,[SINTÉTICO] Nivel 4: la evidencia registrada corresponde al descriptor; para el nivel 4 faltaría un ejemplo más completo.,parcial,2026-01-23T17:27:00,RV-VAC-0069-1,CV-VAC-0069-1,synthetic,SYN-013100
ASM-02097,SES-00979,APP-00555,CRI-0329,EV-S3-03,3,15,[SINTÉTICO] Nivel 3: la evidencia registrada corresponde al descriptor; para el nivel 4 faltaría un ejemplo más completo.,suficiente,2026-01-23T17:27:00,RV-VAC-0069-1,CV-VAC-0069-1,synthetic,SYN-013102
ASM-02098,SES-00980,APP-00555,CRI-0330,EV-S3-02,4,20,[SINTÉTICO] Nivel 4: la evidencia registrada corresponde al descriptor; para el nivel 4 faltaría un ejemplo más completo.,parcial,2026-01-30T21:00:00,RV-VAC-0069-1,CV-VAC-0069-1,synthetic,SYN-013106
ASM-02099,SES-00980,APP-00555,CRI-0331,EV-S3-02,3,15,[SINTÉTICO] Nivel 3: la evidencia registrada corresponde al descriptor; para el nivel 4 faltaría un ejemplo más completo.,suficiente,2026-01-30T21:00:00,RV-VAC-0069-1,CV-VAC-0069-1,synthetic,SYN-013109
ASM-02100,SES-00981,APP-00556,CRI-0328,EV-S3-01,4,20,[SINTÉTICO] Nivel 4: la evidencia registrada corresponde al descriptor; para el nivel 4 faltaría un ejemplo más completo.,suficiente,2026-01-29T04:35:00,RV-VAC-0069-1,CV-VAC-0069-1,synthetic,SYN-013112
ASM-02101,SES-00981,APP-00556,CRI-0329,EV-S3-01,4,20,[SINTÉTICO] Nivel 4: la evidencia registrada corresponde al descriptor; para el nivel 4 faltaría un ejemplo más completo.,suficiente,2026-01-29T04:35:00,RV-VAC-0069-1,CV-VAC-0069-1,synthetic,SYN-013114
ASM-02102,SES-00982,APP-00556,CRI-0328,EV-S3-03,3,15,[SINTÉTICO] Nivel 3: la evidencia registrada corresponde al descriptor; para el nivel 4 faltaría un ejemplo más completo.,insuficiente,2026-01-25T03:00:00,RV-VAC-0069-1,CV-VAC-0069-1,synthetic,SYN-013118
ASM-02103,SES-00982,APP-00556,CRI-0329,EV-S3-03,4,20,[SINTÉTICO] Nivel 4: la evidencia registrada corresponde al descriptor; para el nivel 4 faltaría un ejemplo más completo.,parcial,2026-01-25T03:00:00,RV-VAC-0069-1,CV-VAC-0069-1,synthetic,SYN-013119
ASM-02104,SES-00983,APP-00556,CRI-0330,EV-S3-04,4,20,[SINTÉTICO] Nivel 4: la evidencia registrada corresponde al descriptor; para el nivel 4 faltaría un ejemplo más completo.,suficiente,2026-02-04T18:00:00,RV-VAC-0069-1,CV-VAC-0069-1,synthetic,SYN-013123
ASM-02105,SES-00983,APP-00556,CRI-0331,EV-S3-04,4,20,[SINTÉTICO] Nivel 4: la evidencia registrada corresponde al descriptor; para el nivel 4 faltaría un ejemplo más completo.,parcial,2026-02-04T18:00:00,RV-VAC-0069-1,CV-VAC-0069-1,synthetic,SYN-013126
ASM-02106,SES-00984,APP-00557,CRI-0332,EV-S1-03,2,10,[SINTÉTICO] Nivel 2: la evidencia registrada corresponde al descriptor; para el nivel 3 faltaría un ejemplo más completo.,parcial,2026-04-27T15:42:00,RV-VAC-0070-1,CV-VAC-0070-1,synthetic,SYN-013129
ASM-02107,SES-00984,APP-00557,CRI-0333,EV-S1-03,2,10,[SINTÉTICO] Nivel 2: la evidencia registrada corresponde al descriptor; para el nivel 3 faltaría un ejemplo más completo.,suficiente,2026-04-27T15:42:00,RV-VAC-0070-1,CV-VAC-0070-1,synthetic,SYN-013132
ASM-02108,SES-00985,APP-00557,CRI-0334,EV-S1-01,2,10,[SINTÉTICO] Nivel 2: la evidencia registrada corresponde al descriptor; para el nivel 3 faltaría un ejemplo más completo.,parcial,2026-04-29T15:00:00,RV-VAC-0070-1,CV-VAC-0070-1,synthetic,SYN-013137
ASM-02109,SES-00985,APP-00557,CRI-0335,EV-S1-01,3,15,[SINTÉTICO] Nivel 3: la evidencia registrada corresponde al descriptor; para el nivel 4 faltaría un ejemplo más completo.,suficiente,2026-04-29T15:00:00,RV-VAC-0070-1,CV-VAC-0070-1,synthetic,SYN-013141
ASM-02110,SES-00986,APP-00558,CRI-0332,EV-S1-03,2,10,[SINTÉTICO] Nivel 2: la evidencia registrada corresponde al descriptor; para el nivel 3 faltaría un ejemplo más completo.,suficiente,2026-04-23T01:00:00,RV-VAC-0070-1,CV-VAC-0070-1,synthetic,SYN-013145
ASM-02111,SES-00986,APP-00558,CRI-0333,EV-S1-03,3,15,[SINTÉTICO] Nivel 3: la evidencia registrada corresponde al descriptor; para el nivel 4 faltaría un ejemplo más completo.,suficiente,2026-04-23T01:00:00,RV-VAC-0070-1,CV-VAC-0070-1,synthetic,SYN-013147
ASM-02112,SES-00987,APP-00558,CRI-0334,EV-S1-02,3,15,[SINTÉTICO] Nivel 3: la evidencia registrada corresponde al descriptor; para el nivel 4 faltaría un ejemplo más completo.,suficiente,2026-05-06T15:00:00,RV-VAC-0070-1,CV-VAC-0070-1,synthetic,SYN-013150
ASM-02113,SES-00987,APP-00558,CRI-0335,EV-S1-02,2,10,[SINTÉTICO] Nivel 2: la evidencia registrada corresponde al descriptor; para el nivel 3 faltaría un ejemplo más completo.,suficiente,2026-05-06T15:00:00,RV-VAC-0070-1,CV-VAC-0070-1,synthetic,SYN-013153
ASM-02114,SES-00989,APP-00559,CRI-0334,EV-S1-02,3,15,[SINTÉTICO] Nivel 3: la evidencia registrada corresponde al descriptor; para el nivel 4 faltaría un ejemplo más completo.,suficiente,2026-04-30T20:00:00,RV-VAC-0070-1,CV-VAC-0070-1,synthetic,SYN-013158
ASM-02115,SES-00989,APP-00559,CRI-0335,EV-S1-02,2,10,[SINTÉTICO] Nivel 2: la evidencia registrada corresponde al descriptor; para el nivel 3 faltaría un ejemplo más completo.,parcial,2026-04-30T20:00:00,RV-VAC-0070-1,CV-VAC-0070-1,synthetic,SYN-013161
ASM-02116,SES-00990,APP-00560,CRI-0332,EV-S1-01,3,15,[SINTÉTICO] Nivel 3: la evidencia registrada corresponde al descriptor; para el nivel 4 faltaría un ejemplo más completo.,parcial,2026-04-24T01:00:00,RV-VAC-0070-1,CV-VAC-0070-1,synthetic,SYN-013164
ASM-02117,SES-00990,APP-00560,CRI-0333,EV-S1-01,4,20,[SINTÉTICO] Nivel 4: la evidencia registrada corresponde al descriptor; para el nivel 4 faltaría un ejemplo más completo.,parcial,2026-04-24T01:00:00,RV-VAC-0070-1,CV-VAC-0070-1,synthetic,SYN-013169
ASM-02118,SES-00991,APP-00560,CRI-0334,EV-S1-04,4,20,[SINTÉTICO] Nivel 4: la evidencia registrada corresponde al descriptor; para el nivel 4 faltaría un ejemplo más completo.,insuficiente,2026-05-03T14:00:00,RV-VAC-0070-1,CV-VAC-0070-1,synthetic,SYN-013172
ASM-02119,SES-00991,APP-00560,CRI-0335,EV-S1-04,4,20,[SINTÉTICO] Nivel 4: la evidencia registrada corresponde al descriptor; para el nivel 4 faltaría un ejemplo más completo.,suficiente,2026-05-03T14:00:00,RV-VAC-0070-1,CV-VAC-0070-1,synthetic,SYN-013173
ASM-02120,SES-00992,APP-00561,CRI-0332,EV-S1-01,4,20,[SINTÉTICO] Nivel 4: la evidencia registrada corresponde al descriptor; para el nivel 4 faltaría un ejemplo más completo.,suficiente,2026-04-24T11:59:00,RV-VAC-0070-1,CV-VAC-0070-1,synthetic,SYN-013177
ASM-02121,SES-00992,APP-00561,CRI-0333,EV-S1-01,4,20,[SINTÉTICO] Nivel 4: la evidencia registrada corresponde al descriptor; para el nivel 4 faltaría un ejemplo más completo.,suficiente,2026-04-24T11:59:00,RV-VAC-0070-1,CV-VAC-0070-1,synthetic,SYN-013180
ASM-02122,SES-00993,APP-00561,CRI-0334,EV-S1-04,4,20,[SINTÉTICO] Nivel 4: la evidencia registrada corresponde al descriptor; para el nivel 4 faltaría un ejemplo más completo.,suficiente,2026-05-08T13:00:00,RV-VAC-0070-1,CV-VAC-0070-1,synthetic,SYN-013183
ASM-02123,SES-00993,APP-00561,CRI-0335,EV-S1-04,4,20,[SINTÉTICO] Nivel 4: la evidencia registrada corresponde al descriptor; para el nivel 4 faltaría un ejemplo más completo.,suficiente,2026-05-08T13:00:00,RV-VAC-0070-1,CV-VAC-0070-1,synthetic,SYN-013185
ASM-02124,SES-00995,APP-00562,CRI-0334,EV-S1-01,4,20,[SINTÉTICO] Nivel 4: la evidencia registrada corresponde al descriptor; para el nivel 4 faltaría un ejemplo más completo.,suficiente,2026-05-05T00:00:00,RV-VAC-0070-1,CV-VAC-0070-1,synthetic,SYN-013191
ASM-02125,SES-00995,APP-00562,CRI-0335,EV-S1-01,4,20,[SINTÉTICO] Nivel 4: la evidencia registrada corresponde al descriptor; para el nivel 4 faltaría un ejemplo más completo.,parcial,2026-05-05T00:00:00,RV-VAC-0070-1,CV-VAC-0070-1,synthetic,SYN-013194
ASM-02126,SES-00996,APP-00563,CRI-0332,EV-S1-01,1,5,[SINTÉTICO] Nivel 1: la evidencia registrada corresponde al descriptor; para el nivel 2 faltaría un ejemplo más completo.,suficiente,2026-04-22T15:54:00,RV-VAC-0070-1,CV-VAC-0070-1,synthetic,SYN-013197
ASM-02127,SES-00996,APP-00563,CRI-0333,EV-S1-01,1,5,[SINTÉTICO] Nivel 1: la evidencia registrada corresponde al descriptor; para el nivel 2 faltaría un ejemplo más completo.,suficiente,2026-04-22T15:54:00,RV-VAC-0070-1,CV-VAC-0070-1,synthetic,SYN-013200
ASM-02128,SES-00997,APP-00563,CRI-0334,EV-S1-04,2,10,[SINTÉTICO] Nivel 2: la evidencia registrada corresponde al descriptor; para el nivel 3 faltaría un ejemplo más completo.,suficiente,2026-04-28T23:00:00,RV-VAC-0070-1,CV-VAC-0070-1,synthetic,SYN-013204
ASM-02129,SES-00997,APP-00563,CRI-0335,EV-S1-04,1,5,[SINTÉTICO] Nivel 1: la evidencia registrada corresponde al descriptor; para el nivel 2 faltaría un ejemplo más completo.,suficiente,2026-04-28T23:00:00,RV-VAC-0070-1,CV-VAC-0070-1,synthetic,SYN-013206
ASM-02130,SES-00998,APP-00564,CRI-0332,EV-S1-01,2,10,[SINTÉTICO] Nivel 2: la evidencia registrada corresponde al descriptor; para el nivel 3 faltaría un ejemplo más completo.,insuficiente,2026-04-30T11:57:00,RV-VAC-0070-1,CV-VAC-0070-1,synthetic,SYN-013210
ASM-02131,SES-00998,APP-00564,CRI-0333,EV-S1-01,3,15,[SINTÉTICO] Nivel 3: la evidencia registrada corresponde al descriptor; para el nivel 4 faltaría un ejemplo más completo.,suficiente,2026-04-30T11:57:00,RV-VAC-0070-1,CV-VAC-0070-1,synthetic,SYN-013211
ASM-02132,SES-00999,APP-00564,CRI-0334,EV-S1-02,2,10,[SINTÉTICO] Nivel 2: la evidencia registrada corresponde al descriptor; para el nivel 3 faltaría un ejemplo más completo.,suficiente,2026-05-05T02:00:00,RV-VAC-0070-1,CV-VAC-0070-1,synthetic,SYN-013214
ASM-02133,SES-00999,APP-00564,CRI-0335,EV-S1-02,3,15,[SINTÉTICO] Nivel 3: la evidencia registrada corresponde al descriptor; para el nivel 4 faltaría un ejemplo más completo.,suficiente,2026-05-05T02:00:00,RV-VAC-0070-1,CV-VAC-0070-1,synthetic,SYN-013216
ASM-02134,SES-01000,APP-00565,CRI-0332,EV-S1-02,2,10,[SINTÉTICO] Nivel 2: la evidencia registrada corresponde al descriptor; para el nivel 3 faltaría un ejemplo más completo.,parcial,2026-04-16T19:11:00,RV-VAC-0070-1,CV-VAC-0070-1,synthetic,SYN-013219
ASM-02135,SES-01000,APP-00565,CRI-0333,EV-S1-02,4,20,[SINTÉTICO] Nivel 4: la evidencia registrada corresponde al descriptor; para el nivel 4 faltaría un ejemplo más completo.,suficiente,2026-04-16T19:11:00,RV-VAC-0070-1,CV-VAC-0070-1,synthetic,SYN-013223
ASM-02136,SES-01001,APP-00565,CRI-0334,EV-S1-02,3,15,[SINTÉTICO] Nivel 3: la evidencia registrada corresponde al descriptor; para el nivel 4 faltaría un ejemplo más completo.,suficiente,2026-04-29T18:00:00,RV-VAC-0070-1,CV-VAC-0070-1,synthetic,SYN-013226
ASM-02137,SES-01001,APP-00565,CRI-0335,EV-S1-02,3,15,[SINTÉTICO] Nivel 3: la evidencia registrada corresponde al descriptor; para el nivel 4 faltaría un ejemplo más completo.,suficiente,2026-04-29T18:00:00,RV-VAC-0070-1,CV-VAC-0070-1,synthetic,SYN-013230
ASM-02138,SES-01002,APP-00566,CRI-0336,EV-S2-02,4,20,[SINTÉTICO] Nivel 4: la evidencia registrada corresponde al descriptor; para el nivel 4 faltaría un ejemplo más completo.,suficiente,2026-03-16T11:52:00,RV-VAC-0071-1,CV-VAC-0071-1,synthetic,SYN-013235
ASM-02139,SES-01002,APP-00566,CRI-0337,EV-S2-02,4,20,[SINTÉTICO] Nivel 4: la evidencia registrada corresponde al descriptor; para el nivel 4 faltaría un ejemplo más completo.,insuficiente,2026-03-16T11:52:00,RV-VAC-0071-1,CV-VAC-0071-1,synthetic,SYN-013238
ASM-02140,SES-01002,APP-00566,CRI-0338,EV-S2-02,4,20,[SINTÉTICO] Nivel 4: la evidencia registrada corresponde al descriptor; para el nivel 4 faltaría un ejemplo más completo.,suficiente,2026-03-16T11:52:00,RV-VAC-0071-1,CV-VAC-0071-1,synthetic,SYN-013240
ASM-02141,SES-01003,APP-00566,CRI-0336,EV-S2-01,4,20,[SINTÉTICO] Nivel 4: la evidencia registrada corresponde al descriptor; para el nivel 4 faltaría un ejemplo más completo.,parcial,2026-03-24T14:52:00,RV-VAC-0071-1,CV-VAC-0071-1,synthetic,SYN-013243
ASM-02142,SES-01003,APP-00566,CRI-0337,EV-S2-01,4,20,[SINTÉTICO] Nivel 4: la evidencia registrada corresponde al descriptor; para el nivel 4 faltaría un ejemplo más completo.,parcial,2026-03-24T14:52:00,RV-VAC-0071-1,CV-VAC-0071-1,synthetic,SYN-013245
ASM-02143,SES-01003,APP-00566,CRI-0338,EV-S2-01,4,20,[SINTÉTICO] Nivel 4: la evidencia registrada corresponde al descriptor; para el nivel 4 faltaría un ejemplo más completo.,parcial,2026-03-24T14:52:00,RV-VAC-0071-1,CV-VAC-0071-1,synthetic,SYN-013248
ASM-02144,SES-01004,APP-00566,CRI-0339,EV-S2-01,4,20,[SINTÉTICO] Nivel 4: la evidencia registrada corresponde al descriptor; para el nivel 4 faltaría un ejemplo más completo.,parcial,2026-03-30T02:00:00,RV-VAC-0071-1,CV-VAC-0071-1,synthetic,SYN-013252
ASM-02145,SES-01004,APP-00566,CRI-0340,EV-S2-01,4,20,[SINTÉTICO] Nivel 4: la evidencia registrada corresponde al descriptor; para el nivel 4 faltaría un ejemplo más completo.,suficiente,2026-03-30T02:00:00,RV-VAC-0071-1,CV-VAC-0071-1,synthetic,SYN-013254
ASM-02146,SES-01004,APP-00566,CRI-0341,EV-S2-01,4,20,[SINTÉTICO] Nivel 4: la evidencia registrada corresponde al descriptor; para el nivel 4 faltaría un ejemplo más completo.,parcial,2026-03-30T02:00:00,RV-VAC-0071-1,CV-VAC-0071-1,synthetic,SYN-013257
ASM-02147,SES-01006,APP-00568,CRI-0336,EV-S2-04,1,5,[SINTÉTICO] Nivel 1: la evidencia registrada corresponde al descriptor; para el nivel 2 faltaría un ejemplo más completo.,suficiente,2026-03-21T08:34:00,RV-VAC-0071-1,CV-VAC-0071-1,synthetic,SYN-013263
ASM-02148,SES-01006,APP-00568,CRI-0337,EV-S2-04,1,5,[SINTÉTICO] Nivel 1: la evidencia registrada corresponde al descriptor; para el nivel 2 faltaría un ejemplo más completo.,suficiente,2026-03-21T08:34:00,RV-VAC-0071-1,CV-VAC-0071-1,synthetic,SYN-013265
ASM-02149,SES-01006,APP-00568,CRI-0338,EV-S2-04,1,5,[SINTÉTICO] Nivel 1: la evidencia registrada corresponde al descriptor; para el nivel 2 faltaría un ejemplo más completo.,insuficiente,2026-03-21T08:34:00,RV-VAC-0071-1,CV-VAC-0071-1,synthetic,SYN-013269
ASM-02150,SES-01008,APP-00569,CRI-0336,EV-S2-01,2,10,[SINTÉTICO] Nivel 2: la evidencia registrada corresponde al descriptor; para el nivel 3 faltaría un ejemplo más completo.,suficiente,2026-03-25T19:24:00,RV-VAC-0071-1,CV-VAC-0071-1,synthetic,SYN-013274
ASM-02151,SES-01008,APP-00569,CRI-0337,EV-S2-01,2,10,[SINTÉTICO] Nivel 2: la evidencia registrada corresponde al descriptor; para el nivel 3 faltaría un ejemplo más completo.,suficiente,2026-03-25T19:24:00,RV-VAC-0071-1,CV-VAC-0071-1,synthetic,SYN-013276
ASM-02152,SES-01008,APP-00569,CRI-0338,EV-S2-01,1,5,[SINTÉTICO] Nivel 1: la evidencia registrada corresponde al descriptor; para el nivel 2 faltaría un ejemplo más completo.,parcial,2026-03-25T19:24:00,RV-VAC-0071-1,CV-VAC-0071-1,synthetic,SYN-013278
ASM-02153,SES-01009,APP-00569,CRI-0339,EV-S2-04,1,5,[SINTÉTICO] Nivel 1: la evidencia registrada corresponde al descriptor; para el nivel 2 faltaría un ejemplo más completo.,suficiente,2026-04-04T13:00:00,RV-VAC-0071-1,CV-VAC-0071-1,synthetic,SYN-013282
ASM-02154,SES-01009,APP-00569,CRI-0340,EV-S2-04,1,5,[SINTÉTICO] Nivel 1: la evidencia registrada corresponde al descriptor; para el nivel 2 faltaría un ejemplo más completo.,parcial,2026-04-04T13:00:00,RV-VAC-0071-1,CV-VAC-0071-1,synthetic,SYN-013284
ASM-02155,SES-01009,APP-00569,CRI-0341,EV-S2-04,1,5,[SINTÉTICO] Nivel 1: la evidencia registrada corresponde al descriptor; para el nivel 2 faltaría un ejemplo más completo.,suficiente,2026-04-04T13:00:00,RV-VAC-0071-1,CV-VAC-0071-1,synthetic,SYN-013287
ASM-02156,SES-01010,APP-00570,CRI-0336,EV-S2-01,2,10,[SINTÉTICO] Nivel 2: la evidencia registrada corresponde al descriptor; para el nivel 3 faltaría un ejemplo más completo.,insuficiente,2026-03-25T21:01:00,RV-VAC-0071-1,CV-VAC-0071-1,synthetic,SYN-013291
ASM-02157,SES-01010,APP-00570,CRI-0337,EV-S2-01,1,5,[SINTÉTICO] Nivel 1: la evidencia registrada corresponde al descriptor; para el nivel 2 faltaría un ejemplo más completo.,insuficiente,2026-03-25T21:01:00,RV-VAC-0071-1,CV-VAC-0071-1,synthetic,SYN-013292
ASM-02158,SES-01010,APP-00570,CRI-0338,EV-S2-01,3,15,[SINTÉTICO] Nivel 3: la evidencia registrada corresponde al descriptor; para el nivel 4 faltaría un ejemplo más completo.,parcial,2026-03-25T21:01:00,RV-VAC-0071-1,CV-VAC-0071-1,synthetic,SYN-013293
ASM-02159,SES-01011,APP-00570,CRI-0339,EV-S2-03,3,15,[SINTÉTICO] Nivel 3: la evidencia registrada corresponde al descriptor; para el nivel 4 faltaría un ejemplo más completo.,suficiente,2026-04-03T16:00:00,RV-VAC-0071-1,CV-VAC-0071-1,synthetic,SYN-013298
ASM-02160,SES-01011,APP-00570,CRI-0340,EV-S2-03,2,10,[SINTÉTICO] Nivel 2: la evidencia registrada corresponde al descriptor; para el nivel 3 faltaría un ejemplo más completo.,suficiente,2026-04-03T16:00:00,RV-VAC-0071-1,CV-VAC-0071-1,synthetic,SYN-013302
ASM-02161,SES-01011,APP-00570,CRI-0341,EV-S2-03,2,10,[SINTÉTICO] Nivel 2: la evidencia registrada corresponde al descriptor; para el nivel 3 faltaría un ejemplo más completo.,parcial,2026-04-03T16:00:00,RV-VAC-0071-1,CV-VAC-0071-1,synthetic,SYN-013305
ASM-02162,SES-01012,APP-00571,CRI-0336,EV-S2-02,3,15,[SINTÉTICO] Nivel 3: la evidencia registrada corresponde al descriptor; para el nivel 4 faltaría un ejemplo más completo.,parcial,2026-03-20T02:00:00,RV-VAC-0071-1,CV-VAC-0071-1,synthetic,SYN-013308
ASM-02163,SES-01012,APP-00571,CRI-0337,EV-S2-02,2,10,[SINTÉTICO] Nivel 2: la evidencia registrada corresponde al descriptor; para el nivel 3 faltaría un ejemplo más completo.,suficiente,2026-03-20T02:00:00,RV-VAC-0071-1,CV-VAC-0071-1,synthetic,SYN-013310
ASM-02164,SES-01012,APP-00571,CRI-0338,EV-S2-02,3,15,[SINTÉTICO] Nivel 3: la evidencia registrada corresponde al descriptor; para el nivel 4 faltaría un ejemplo más completo.,parcial,2026-03-20T02:00:00,RV-VAC-0071-1,CV-VAC-0071-1,synthetic,SYN-013315
ASM-02165,SES-01013,APP-00571,CRI-0339,EV-S2-04,3,15,[SINTÉTICO] Nivel 3: la evidencia registrada corresponde al descriptor; para el nivel 4 faltaría un ejemplo más completo.,suficiente,2026-03-28T01:00:00,RV-VAC-0071-1,CV-VAC-0071-1,synthetic,SYN-013319
ASM-02166,SES-01013,APP-00571,CRI-0340,EV-S2-04,3,15,[SINTÉTICO] Nivel 3: la evidencia registrada corresponde al descriptor; para el nivel 4 faltaría un ejemplo más completo.,suficiente,2026-03-28T01:00:00,RV-VAC-0071-1,CV-VAC-0071-1,synthetic,SYN-013323
ASM-02167,SES-01013,APP-00571,CRI-0341,EV-S2-04,3,15,[SINTÉTICO] Nivel 3: la evidencia registrada corresponde al descriptor; para el nivel 4 faltaría un ejemplo más completo.,suficiente,2026-03-28T01:00:00,RV-VAC-0071-1,CV-VAC-0071-1,synthetic,SYN-013326
ASM-02168,SES-01014,APP-00572,CRI-0336,EV-S2-01,4,20,[SINTÉTICO] Nivel 4: la evidencia registrada corresponde al descriptor; para el nivel 4 faltaría un ejemplo más completo.,suficiente,2026-03-19T18:15:00,RV-VAC-0071-1,CV-VAC-0071-1,synthetic,SYN-013330
ASM-02169,SES-01014,APP-00572,CRI-0337,EV-S2-01,4,20,[SINTÉTICO] Nivel 4: la evidencia registrada corresponde al descriptor; para el nivel 4 faltaría un ejemplo más completo.,suficiente,2026-03-19T18:15:00,RV-VAC-0071-1,CV-VAC-0071-1,synthetic,SYN-013333
ASM-02170,SES-01014,APP-00572,CRI-0338,EV-S2-01,4,20,[SINTÉTICO] Nivel 4: la evidencia registrada corresponde al descriptor; para el nivel 4 faltaría un ejemplo más completo.,insuficiente,2026-03-19T18:15:00,RV-VAC-0071-1,CV-VAC-0071-1,synthetic,SYN-013336
ASM-02171,SES-01015,APP-00572,CRI-0339,EV-S2-04,4,20,[SINTÉTICO] Nivel 4: la evidencia registrada corresponde al descriptor; para el nivel 4 faltaría un ejemplo más completo.,suficiente,2026-03-27T23:00:00,RV-VAC-0071-1,CV-VAC-0071-1,synthetic,SYN-013338
ASM-02172,SES-01015,APP-00572,CRI-0340,EV-S2-04,4,20,[SINTÉTICO] Nivel 4: la evidencia registrada corresponde al descriptor; para el nivel 4 faltaría un ejemplo más completo.,parcial,2026-03-27T23:00:00,RV-VAC-0071-1,CV-VAC-0071-1,synthetic,SYN-013341
ASM-02173,SES-01015,APP-00572,CRI-0341,EV-S2-04,4,20,[SINTÉTICO] Nivel 4: la evidencia registrada corresponde al descriptor; para el nivel 4 faltaría un ejemplo más completo.,suficiente,2026-03-27T23:00:00,RV-VAC-0071-1,CV-VAC-0071-1,synthetic,SYN-013343
ASM-02174,SES-01016,APP-00573,CRI-0336,EV-S2-01,4,20,[SINTÉTICO] Nivel 4: la evidencia registrada corresponde al descriptor; para el nivel 4 faltaría un ejemplo más completo.,suficiente,2026-03-18T14:18:00,RV-VAC-0071-1,CV-VAC-0071-1,synthetic,SYN-013347
ASM-02175,SES-01016,APP-00573,CRI-0337,EV-S2-01,4,20,[SINTÉTICO] Nivel 4: la evidencia registrada corresponde al descriptor; para el nivel 4 faltaría un ejemplo más completo.,suficiente,2026-03-18T14:18:00,RV-VAC-0071-1,CV-VAC-0071-1,synthetic,SYN-013350
ASM-02176,SES-01016,APP-00573,CRI-0338,EV-S2-01,4,20,[SINTÉTICO] Nivel 4: la evidencia registrada corresponde al descriptor; para el nivel 4 faltaría un ejemplo más completo.,parcial,2026-03-18T14:18:00,RV-VAC-0071-1,CV-VAC-0071-1,synthetic,SYN-013354
ASM-02177,SES-01017,APP-00574,CRI-0336,EV-S2-02,3,15,[SINTÉTICO] Nivel 3: la evidencia registrada corresponde al descriptor; para el nivel 4 faltaría un ejemplo más completo.,parcial,2026-03-17T05:00:00,RV-VAC-0071-1,CV-VAC-0071-1,synthetic,SYN-013359
ASM-02178,SES-01017,APP-00574,CRI-0337,EV-S2-02,2,10,[SINTÉTICO] Nivel 2: la evidencia registrada corresponde al descriptor; para el nivel 3 faltaría un ejemplo más completo.,suficiente,2026-03-17T05:00:00,RV-VAC-0071-1,CV-VAC-0071-1,synthetic,SYN-013361
ASM-02179,SES-01017,APP-00574,CRI-0338,EV-S2-02,3,15,[SINTÉTICO] Nivel 3: la evidencia registrada corresponde al descriptor; para el nivel 4 faltaría un ejemplo más completo.,insuficiente,2026-03-17T05:00:00,RV-VAC-0071-1,CV-VAC-0071-1,synthetic,SYN-013365
ASM-02180,SES-01018,APP-00574,CRI-0339,EV-S2-03,3,15,[SINTÉTICO] Nivel 3: la evidencia registrada corresponde al descriptor; para el nivel 4 faltaría un ejemplo más completo.,suficiente,2026-03-30T17:00:00,RV-VAC-0071-1,CV-VAC-0071-1,synthetic,SYN-013368
ASM-02181,SES-01018,APP-00574,CRI-0340,EV-S2-03,3,15,[SINTÉTICO] Nivel 3: la evidencia registrada corresponde al descriptor; para el nivel 4 faltaría un ejemplo más completo.,suficiente,2026-03-30T17:00:00,RV-VAC-0071-1,CV-VAC-0071-1,synthetic,SYN-013371
ASM-02182,SES-01018,APP-00574,CRI-0341,EV-S2-03,3,15,[SINTÉTICO] Nivel 3: la evidencia registrada corresponde al descriptor; para el nivel 4 faltaría un ejemplo más completo.,parcial,2026-03-30T17:00:00,RV-VAC-0071-1,CV-VAC-0071-1,synthetic,SYN-013375
ASM-02183,SES-01019,APP-00575,CRI-0336,EV-S2-03,4,20,[SINTÉTICO] Nivel 4: la evidencia registrada corresponde al descriptor; para el nivel 4 faltaría un ejemplo más completo.,suficiente,2026-03-18T01:00:00,RV-VAC-0071-1,CV-VAC-0071-1,synthetic,SYN-013379
ASM-02184,SES-01019,APP-00575,CRI-0337,EV-S2-03,4,20,[SINTÉTICO] Nivel 4: la evidencia registrada corresponde al descriptor; para el nivel 4 faltaría un ejemplo más completo.,suficiente,2026-03-18T01:00:00,RV-VAC-0071-1,CV-VAC-0071-1,synthetic,SYN-013382
ASM-02185,SES-01019,APP-00575,CRI-0338,EV-S2-03,4,20,[SINTÉTICO] Nivel 4: la evidencia registrada corresponde al descriptor; para el nivel 4 faltaría un ejemplo más completo.,suficiente,2026-03-18T01:00:00,RV-VAC-0071-1,CV-VAC-0071-1,synthetic,SYN-013386
ASM-02186,SES-01020,APP-00575,CRI-0336,EV-S2-02,4,20,[SINTÉTICO] Nivel 4: la evidencia registrada corresponde al descriptor; para el nivel 4 faltaría un ejemplo más completo.,parcial,2026-03-21T09:53:00,RV-VAC-0071-1,CV-VAC-0071-1,synthetic,SYN-013389
ASM-02187,SES-01020,APP-00575,CRI-0337,EV-S2-02,4,20,[SINTÉTICO] Nivel 4: la evidencia registrada corresponde al descriptor; para el nivel 4 faltaría un ejemplo más completo.,suficiente,2026-03-21T09:53:00,RV-VAC-0071-1,CV-VAC-0071-1,synthetic,SYN-013393
ASM-02188,SES-01020,APP-00575,CRI-0338,EV-S2-02,4,20,[SINTÉTICO] Nivel 4: la evidencia registrada corresponde al descriptor; para el nivel 4 faltaría un ejemplo más completo.,suficiente,2026-03-21T09:53:00,RV-VAC-0071-1,CV-VAC-0071-1,synthetic,SYN-013396
ASM-02189,SES-01021,APP-00575,CRI-0339,EV-S2-02,4,20,[SINTÉTICO] Nivel 4: la evidencia registrada corresponde al descriptor; para el nivel 4 faltaría un ejemplo más completo.,parcial,2026-04-08T18:00:00,RV-VAC-0071-1,CV-VAC-0071-1,synthetic,SYN-013400
ASM-02190,SES-01021,APP-00575,CRI-0340,EV-S2-02,4,20,[SINTÉTICO] Nivel 4: la evidencia registrada corresponde al descriptor; para el nivel 4 faltaría un ejemplo más completo.,suficiente,2026-04-08T18:00:00,RV-VAC-0071-1,CV-VAC-0071-1,synthetic,SYN-013403
ASM-02191,SES-01021,APP-00575,CRI-0341,EV-S2-02,4,20,[SINTÉTICO] Nivel 4: la evidencia registrada corresponde al descriptor; para el nivel 4 faltaría un ejemplo más completo.,parcial,2026-04-08T18:00:00,RV-VAC-0071-1,CV-VAC-0071-1,synthetic,SYN-013406
ASM-02192,SES-01022,APP-00577,CRI-0336,EV-S2-04,4,20,[SINTÉTICO] Nivel 4: la evidencia registrada corresponde al descriptor; para el nivel 4 faltaría un ejemplo más completo.,parcial,2026-03-25T09:00:00,RV-VAC-0071-1,CV-VAC-0071-1,synthetic,SYN-013409
ASM-02193,SES-01022,APP-00577,CRI-0337,EV-S2-04,4,20,[SINTÉTICO] Nivel 4: la evidencia registrada corresponde al descriptor; para el nivel 4 faltaría un ejemplo más completo.,suficiente,2026-03-25T09:00:00,RV-VAC-0071-1,CV-VAC-0071-1,synthetic,SYN-013412
ASM-02194,SES-01022,APP-00577,CRI-0338,EV-S2-04,4,20,[SINTÉTICO] Nivel 4: la evidencia registrada corresponde al descriptor; para el nivel 4 faltaría un ejemplo más completo.,parcial,2026-03-25T09:00:00,RV-VAC-0071-1,CV-VAC-0071-1,synthetic,SYN-013416
ASM-02195,SES-01023,APP-00577,CRI-0339,EV-S2-02,4,20,[SINTÉTICO] Nivel 4: la evidencia registrada corresponde al descriptor; para el nivel 4 faltaría un ejemplo más completo.,parcial,2026-03-27T15:00:00,RV-VAC-0071-1,CV-VAC-0071-1,synthetic,SYN-013419
ASM-02196,SES-01023,APP-00577,CRI-0340,EV-S2-02,4,20,[SINTÉTICO] Nivel 4: la evidencia registrada corresponde al descriptor; para el nivel 4 faltaría un ejemplo más completo.,suficiente,2026-03-27T15:00:00,RV-VAC-0071-1,CV-VAC-0071-1,synthetic,SYN-013421
ASM-02197,SES-01023,APP-00577,CRI-0341,EV-S2-02,4,20,[SINTÉTICO] Nivel 4: la evidencia registrada corresponde al descriptor; para el nivel 4 faltaría un ejemplo más completo.,suficiente,2026-03-27T15:00:00,RV-VAC-0071-1,CV-VAC-0071-1,synthetic,SYN-013423
ASM-02198,SES-01024,APP-00578,CRI-0336,EV-S2-03,1,5,[SINTÉTICO] Nivel 1: la evidencia registrada corresponde al descriptor; para el nivel 2 faltaría un ejemplo más completo.,parcial,2026-03-22T23:02:00,RV-VAC-0071-1,CV-VAC-0071-1,synthetic,SYN-013427
ASM-02199,SES-01024,APP-00578,CRI-0337,EV-S2-03,1,5,[SINTÉTICO] Nivel 1: la evidencia registrada corresponde al descriptor; para el nivel 2 faltaría un ejemplo más completo.,parcial,2026-03-22T23:02:00,RV-VAC-0071-1,CV-VAC-0071-1,synthetic,SYN-013429
ASM-02200,SES-01024,APP-00578,CRI-0338,EV-S2-03,1,5,[SINTÉTICO] Nivel 1: la evidencia registrada corresponde al descriptor; para el nivel 2 faltaría un ejemplo más completo.,parcial,2026-03-22T23:02:00,RV-VAC-0071-1,CV-VAC-0071-1,synthetic,SYN-013432
ASM-02201,SES-01025,APP-00578,CRI-0339,EV-S2-01,1,5,[SINTÉTICO] Nivel 1: la evidencia registrada corresponde al descriptor; para el nivel 2 faltaría un ejemplo más completo.,parcial,2026-04-02T01:00:00,RV-VAC-0071-1,CV-VAC-0071-1,synthetic,SYN-013435
ASM-02202,SES-01025,APP-00578,CRI-0340,EV-S2-01,1,5,[SINTÉTICO] Nivel 1: la evidencia registrada corresponde al descriptor; para el nivel 2 faltaría un ejemplo más completo.,suficiente,2026-04-02T01:00:00,RV-VAC-0071-1,CV-VAC-0071-1,synthetic,SYN-013438
ASM-02203,SES-01025,APP-00578,CRI-0341,EV-S2-01,1,5,[SINTÉTICO] Nivel 1: la evidencia registrada corresponde al descriptor; para el nivel 2 faltaría un ejemplo más completo.,insuficiente,2026-04-02T01:00:00,RV-VAC-0071-1,CV-VAC-0071-1,synthetic,SYN-013442
ASM-02204,SES-01026,APP-00579,CRI-0342,EV-S3-02,1,5,[SINTÉTICO] Nivel 1: la evidencia registrada corresponde al descriptor; para el nivel 2 faltaría un ejemplo más completo.,parcial,2026-04-13T19:00:00,RV-VAC-0072-1,CV-VAC-0072-1,synthetic,SYN-013444
ASM-02205,SES-01026,APP-00579,CRI-0343,EV-S3-02,1,5,[SINTÉTICO] Nivel 1: la evidencia registrada corresponde al descriptor; para el nivel 2 faltaría un ejemplo más completo.,suficiente,2026-04-13T19:00:00,RV-VAC-0072-1,CV-VAC-0072-1,synthetic,SYN-013446
ASM-02206,SES-01027,APP-00580,CRI-0342,EV-S3-01,3,15,[SINTÉTICO] Nivel 3: la evidencia registrada corresponde al descriptor; para el nivel 4 faltaría un ejemplo más completo.,parcial,2026-04-24T17:16:00,RV-VAC-0072-1,CV-VAC-0072-1,synthetic,SYN-013449
ASM-02207,SES-01027,APP-00580,CRI-0343,EV-S3-01,4,20,[SINTÉTICO] Nivel 4: la evidencia registrada corresponde al descriptor; para el nivel 4 faltaría un ejemplo más completo.,suficiente,2026-04-24T17:16:00,RV-VAC-0072-1,CV-VAC-0072-1,synthetic,SYN-013452
ASM-02208,SES-01029,APP-00581,CRI-0342,EV-S3-01,3,15,[SINTÉTICO] Nivel 3: la evidencia registrada corresponde al descriptor; para el nivel 4 faltaría un ejemplo más completo.,suficiente,2026-04-20T07:42:00,RV-VAC-0072-1,CV-VAC-0072-1,synthetic,SYN-013457
ASM-02209,SES-01029,APP-00581,CRI-0343,EV-S3-01,3,15,[SINTÉTICO] Nivel 3: la evidencia registrada corresponde al descriptor; para el nivel 4 faltaría un ejemplo más completo.,suficiente,2026-04-20T07:42:00,RV-VAC-0072-1,CV-VAC-0072-1,synthetic,SYN-013461
ASM-02210,SES-01031,APP-00582,CRI-0346,EV-S1-01,2,10,[SINTÉTICO] Nivel 2: la evidencia registrada corresponde al descriptor; para el nivel 3 faltaría un ejemplo más completo.,suficiente,2026-05-18T11:12:00,RV-VAC-0073-1,CV-VAC-0073-1,synthetic,SYN-013466
ASM-02211,SES-01031,APP-00582,CRI-0347,EV-S1-01,3,15,[SINTÉTICO] Nivel 3: la evidencia registrada corresponde al descriptor; para el nivel 4 faltaría un ejemplo más completo.,suficiente,2026-05-18T11:12:00,RV-VAC-0073-1,CV-VAC-0073-1,synthetic,SYN-013469
ASM-02212,SES-01031,APP-00582,CRI-0348,EV-S1-01,3,15,[SINTÉTICO] Nivel 3: la evidencia registrada corresponde al descriptor; para el nivel 4 faltaría un ejemplo más completo.,suficiente,2026-05-18T11:12:00,RV-VAC-0073-1,CV-VAC-0073-1,synthetic,SYN-013473
ASM-02213,SES-01033,APP-00583,CRI-0346,EV-S1-02,2,10,[SINTÉTICO] Nivel 2: la evidencia registrada corresponde al descriptor; para el nivel 3 faltaría un ejemplo más completo.,suficiente,2026-05-07T14:06:00,RV-VAC-0073-1,CV-VAC-0073-1,synthetic,SYN-013480
ASM-02214,SES-01033,APP-00583,CRI-0347,EV-S1-02,2,10,[SINTÉTICO] Nivel 2: la evidencia registrada corresponde al descriptor; para el nivel 3 faltaría un ejemplo más completo.,suficiente,2026-05-07T14:06:00,RV-VAC-0073-1,CV-VAC-0073-1,synthetic,SYN-013484
ASM-02215,SES-01033,APP-00583,CRI-0348,EV-S1-02,2,10,[SINTÉTICO] Nivel 2: la evidencia registrada corresponde al descriptor; para el nivel 3 faltaría un ejemplo más completo.,insuficiente,2026-05-07T14:06:00,RV-VAC-0073-1,CV-VAC-0073-1,synthetic,SYN-013487
ASM-02216,SES-01034,APP-00583,CRI-0349,EV-S1-04,1,5,[SINTÉTICO] Nivel 1: la evidencia registrada corresponde al descriptor; para el nivel 2 faltaría un ejemplo más completo.,parcial,2026-05-06T22:00:00,RV-VAC-0073-1,CV-VAC-0073-1,synthetic,SYN-013489
ASM-02217,SES-01034,APP-00583,CRI-0350,EV-S1-04,1,5,[SINTÉTICO] Nivel 1: la evidencia registrada corresponde al descriptor; para el nivel 2 faltaría un ejemplo más completo.,suficiente,2026-05-06T22:00:00,RV-VAC-0073-1,CV-VAC-0073-1,synthetic,SYN-013491
ASM-02218,SES-01035,APP-00584,CRI-0346,EV-S1-04,2,10,[SINTÉTICO] Nivel 2: la evidencia registrada corresponde al descriptor; para el nivel 3 faltaría un ejemplo más completo.,suficiente,2026-05-13T01:59:00,RV-VAC-0073-1,CV-VAC-0073-1,synthetic,SYN-013495
ASM-02219,SES-01035,APP-00584,CRI-0347,EV-S1-04,2,10,[SINTÉTICO] Nivel 2: la evidencia registrada corresponde al descriptor; para el nivel 3 faltaría un ejemplo más completo.,suficiente,2026-05-13T01:59:00,RV-VAC-0073-1,CV-VAC-0073-1,synthetic,SYN-013498
ASM-02220,SES-01035,APP-00584,CRI-0348,EV-S1-04,2,10,[SINTÉTICO] Nivel 2: la evidencia registrada corresponde al descriptor; para el nivel 3 faltaría un ejemplo más completo.,suficiente,2026-05-13T01:59:00,RV-VAC-0073-1,CV-VAC-0073-1,synthetic,SYN-013501
ASM-02221,SES-01036,APP-00584,CRI-0349,EV-S1-04,2,10,[SINTÉTICO] Nivel 2: la evidencia registrada corresponde al descriptor; para el nivel 3 faltaría un ejemplo más completo.,parcial,2026-05-18T21:00:00,RV-VAC-0073-1,CV-VAC-0073-1,synthetic,SYN-013505
ASM-02222,SES-01036,APP-00584,CRI-0350,EV-S1-04,2,10,[SINTÉTICO] Nivel 2: la evidencia registrada corresponde al descriptor; para el nivel 3 faltaría un ejemplo más completo.,suficiente,2026-05-18T21:00:00,RV-VAC-0073-1,CV-VAC-0073-1,synthetic,SYN-013508
ASM-02223,SES-01037,APP-00585,CRI-0346,EV-S1-04,3,15,[SINTÉTICO] Nivel 3: la evidencia registrada corresponde al descriptor; para el nivel 4 faltaría un ejemplo más completo.,suficiente,2026-05-10T05:47:00,RV-VAC-0073-1,CV-VAC-0073-1,synthetic,SYN-013511
ASM-02224,SES-01037,APP-00585,CRI-0347,EV-S1-04,2,10,[SINTÉTICO] Nivel 2: la evidencia registrada corresponde al descriptor; para el nivel 3 faltaría un ejemplo más completo.,suficiente,2026-05-10T05:47:00,RV-VAC-0073-1,CV-VAC-0073-1,synthetic,SYN-013515
ASM-02225,SES-01037,APP-00585,CRI-0348,EV-S1-04,3,15,[SINTÉTICO] Nivel 3: la evidencia registrada corresponde al descriptor; para el nivel 4 faltaría un ejemplo más completo.,suficiente,2026-05-10T05:47:00,RV-VAC-0073-1,CV-VAC-0073-1,synthetic,SYN-013519
ASM-02226,SES-01038,APP-00586,CRI-0346,EV-S1-03,4,20,[SINTÉTICO] Nivel 4: la evidencia registrada corresponde al descriptor; para el nivel 4 faltaría un ejemplo más completo.,suficiente,2026-05-14T16:07:00,RV-VAC-0073-1,CV-VAC-0073-1,synthetic,SYN-013524
ASM-02227,SES-01038,APP-00586,CRI-0347,EV-S1-03,4,20,[SINTÉTICO] Nivel 4: la evidencia registrada corresponde al descriptor; para el nivel 4 faltaría un ejemplo más completo.,suficiente,2026-05-14T16:07:00,RV-VAC-0073-1,CV-VAC-0073-1,synthetic,SYN-013528
ASM-02228,SES-01038,APP-00586,CRI-0348,EV-S1-03,4,20,[SINTÉTICO] Nivel 4: la evidencia registrada corresponde al descriptor; para el nivel 4 faltaría un ejemplo más completo.,parcial,2026-05-14T16:07:00,RV-VAC-0073-1,CV-VAC-0073-1,synthetic,SYN-013531
ASM-02229,SES-01039,APP-00586,CRI-0349,EV-S1-02,4,20,[SINTÉTICO] Nivel 4: la evidencia registrada corresponde al descriptor; para el nivel 4 faltaría un ejemplo más completo.,suficiente,2026-05-13T00:00:00,RV-VAC-0073-1,CV-VAC-0073-1,synthetic,SYN-013536
ASM-02230,SES-01039,APP-00586,CRI-0350,EV-S1-02,4,20,[SINTÉTICO] Nivel 4: la evidencia registrada corresponde al descriptor; para el nivel 4 faltaría un ejemplo más completo.,suficiente,2026-05-13T00:00:00,RV-VAC-0073-1,CV-VAC-0073-1,synthetic,SYN-013540
ASM-02231,SES-01040,APP-00587,CRI-0346,EV-S1-02,4,20,[SINTÉTICO] Nivel 4: la evidencia registrada corresponde al descriptor; para el nivel 4 faltaría un ejemplo más completo.,suficiente,2026-05-09T19:03:00,RV-VAC-0073-1,CV-VAC-0073-1,synthetic,SYN-013543
ASM-02232,SES-01040,APP-00587,CRI-0347,EV-S1-02,4,20,[SINTÉTICO] Nivel 4: la evidencia registrada corresponde al descriptor; para el nivel 4 faltaría un ejemplo más completo.,suficiente,2026-05-09T19:03:00,RV-VAC-0073-1,CV-VAC-0073-1,synthetic,SYN-013547
ASM-02233,SES-01040,APP-00587,CRI-0348,EV-S1-02,4,20,[SINTÉTICO] Nivel 4: la evidencia registrada corresponde al descriptor; para el nivel 4 faltaría un ejemplo más completo.,suficiente,2026-05-09T19:03:00,RV-VAC-0073-1,CV-VAC-0073-1,synthetic,SYN-013549
ASM-02234,SES-01041,APP-00587,CRI-0349,EV-S1-03,4,20,[SINTÉTICO] Nivel 4: la evidencia registrada corresponde al descriptor; para el nivel 4 faltaría un ejemplo más completo.,insuficiente,2026-05-20T21:00:00,RV-VAC-0073-1,CV-VAC-0073-1,synthetic,SYN-013553
ASM-02235,SES-01041,APP-00587,CRI-0350,EV-S1-03,4,20,[SINTÉTICO] Nivel 4: la evidencia registrada corresponde al descriptor; para el nivel 4 faltaría un ejemplo más completo.,insuficiente,2026-05-20T21:00:00,RV-VAC-0073-1,CV-VAC-0073-1,synthetic,SYN-013554
ASM-02236,SES-01042,APP-00588,CRI-0346,EV-S1-01,4,20,[SINTÉTICO] Nivel 4: la evidencia registrada corresponde al descriptor; para el nivel 4 faltaría un ejemplo más completo.,insuficiente,2026-05-01T14:51:00,RV-VAC-0073-1,CV-VAC-0073-1,synthetic,SYN-013556
ASM-02237,SES-01042,APP-00588,CRI-0347,EV-S1-01,4,20,[SINTÉTICO] Nivel 4: la evidencia registrada corresponde al descriptor; para el nivel 4 faltaría un ejemplo más completo.,suficiente,2026-05-01T14:51:00,RV-VAC-0073-1,CV-VAC-0073-1,synthetic,SYN-013557
ASM-02238,SES-01042,APP-00588,CRI-0348,EV-S1-01,4,20,[SINTÉTICO] Nivel 4: la evidencia registrada corresponde al descriptor; para el nivel 4 faltaría un ejemplo más completo.,parcial,2026-05-01T14:51:00,RV-VAC-0073-1,CV-VAC-0073-1,synthetic,SYN-013560
ASM-02239,SES-01044,APP-00589,CRI-0346,EV-S1-01,4,20,[SINTÉTICO] Nivel 4: la evidencia registrada corresponde al descriptor; para el nivel 4 faltaría un ejemplo más completo.,suficiente,2026-05-09T12:06:00,RV-VAC-0073-1,CV-VAC-0073-1,synthetic,SYN-013566
ASM-02240,SES-01044,APP-00589,CRI-0347,EV-S1-01,4,20,[SINTÉTICO] Nivel 4: la evidencia registrada corresponde al descriptor; para el nivel 4 faltaría un ejemplo más completo.,suficiente,2026-05-09T12:06:00,RV-VAC-0073-1,CV-VAC-0073-1,synthetic,SYN-013568
ASM-02241,SES-01044,APP-00589,CRI-0348,EV-S1-01,4,20,[SINTÉTICO] Nivel 4: la evidencia registrada corresponde al descriptor; para el nivel 4 faltaría un ejemplo más completo.,suficiente,2026-05-09T12:06:00,RV-VAC-0073-1,CV-VAC-0073-1,synthetic,SYN-013570
ASM-02242,SES-01045,APP-00589,CRI-0349,EV-S1-01,4,20,[SINTÉTICO] Nivel 4: la evidencia registrada corresponde al descriptor; para el nivel 4 faltaría un ejemplo más completo.,parcial,2026-05-14T19:00:00,RV-VAC-0073-1,CV-VAC-0073-1,synthetic,SYN-013575
ASM-02243,SES-01045,APP-00589,CRI-0350,EV-S1-01,4,20,[SINTÉTICO] Nivel 4: la evidencia registrada corresponde al descriptor; para el nivel 4 faltaría un ejemplo más completo.,parcial,2026-05-14T19:00:00,RV-VAC-0073-1,CV-VAC-0073-1,synthetic,SYN-013578
ASM-02244,SES-01046,APP-00590,CRI-0346,EV-S1-04,4,20,[SINTÉTICO] Nivel 4: la evidencia registrada corresponde al descriptor; para el nivel 4 faltaría un ejemplo más completo.,suficiente,2026-05-07T04:00:00,RV-VAC-0073-1,CV-VAC-0073-1,synthetic,SYN-013581
ASM-02245,SES-01046,APP-00590,CRI-0347,EV-S1-04,4,20,[SINTÉTICO] Nivel 4: la evidencia registrada corresponde al descriptor; para el nivel 4 faltaría un ejemplo más completo.,suficiente,2026-05-07T04:00:00,RV-VAC-0073-1,CV-VAC-0073-1,synthetic,SYN-013584
ASM-02246,SES-01046,APP-00590,CRI-0348,EV-S1-04,4,20,[SINTÉTICO] Nivel 4: la evidencia registrada corresponde al descriptor; para el nivel 4 faltaría un ejemplo más completo.,suficiente,2026-05-07T04:00:00,RV-VAC-0073-1,CV-VAC-0073-1,synthetic,SYN-013587
ASM-02247,SES-01048,APP-00590,CRI-0349,EV-S1-04,4,20,[SINTÉTICO] Nivel 4: la evidencia registrada corresponde al descriptor; para el nivel 4 faltaría un ejemplo más completo.,suficiente,2026-05-17T17:00:00,RV-VAC-0073-1,CV-VAC-0073-1,synthetic,SYN-013593
ASM-02248,SES-01048,APP-00590,CRI-0350,EV-S1-04,4,20,[SINTÉTICO] Nivel 4: la evidencia registrada corresponde al descriptor; para el nivel 4 faltaría un ejemplo más completo.,insuficiente,2026-05-17T17:00:00,RV-VAC-0073-1,CV-VAC-0073-1,synthetic,SYN-013595
ASM-02249,SES-01049,APP-00591,CRI-0351,EV-S2-02,1,5,[SINTÉTICO] Nivel 1: la evidencia registrada corresponde al descriptor; para el nivel 2 faltaría un ejemplo más completo.,parcial,2026-09-10T21:43:00,RV-VAC-0074-1,CV-VAC-0074-1,synthetic,SYN-013597
ASM-02250,SES-01049,APP-00591,CRI-0352,EV-S2-02,1,5,[SINTÉTICO] Nivel 1: la evidencia registrada corresponde al descriptor; para el nivel 2 faltaría un ejemplo más completo.,suficiente,2026-09-10T21:43:00,RV-VAC-0074-1,CV-VAC-0074-1,synthetic,SYN-013599
ASM-02251,SES-01049,APP-00591,CRI-0353,EV-S2-02,1,5,[SINTÉTICO] Nivel 1: la evidencia registrada corresponde al descriptor; para el nivel 2 faltaría un ejemplo más completo.,parcial,2026-09-10T21:43:00,RV-VAC-0074-1,CV-VAC-0074-1,synthetic,SYN-013603
ASM-02252,SES-01050,APP-00591,CRI-0351,EV-S2-03,1,5,[SINTÉTICO] Nivel 1: la evidencia registrada corresponde al descriptor; para el nivel 2 faltaría un ejemplo más completo.,suficiente,2026-09-15T01:43:00,RV-VAC-0074-1,CV-VAC-0074-1,synthetic,SYN-013606
ASM-02253,SES-01050,APP-00591,CRI-0352,EV-S2-03,1,5,[SINTÉTICO] Nivel 1: la evidencia registrada corresponde al descriptor; para el nivel 2 faltaría un ejemplo más completo.,suficiente,2026-09-15T01:43:00,RV-VAC-0074-1,CV-VAC-0074-1,synthetic,SYN-013608
ASM-02254,SES-01050,APP-00591,CRI-0353,EV-S2-03,1,5,[SINTÉTICO] Nivel 1: la evidencia registrada corresponde al descriptor; para el nivel 2 faltaría un ejemplo más completo.,suficiente,2026-09-15T01:43:00,RV-VAC-0074-1,CV-VAC-0074-1,synthetic,SYN-013611
ASM-02255,SES-01051,APP-00591,CRI-0354,EV-S2-04,1,5,[SINTÉTICO] Nivel 1: la evidencia registrada corresponde al descriptor; para el nivel 2 faltaría un ejemplo más completo.,insuficiente,2026-09-17T18:00:00,RV-VAC-0074-1,CV-VAC-0074-1,synthetic,SYN-013614
ASM-02256,SES-01051,APP-00591,CRI-0355,EV-S2-04,1,5,[SINTÉTICO] Nivel 1: la evidencia registrada corresponde al descriptor; para el nivel 2 faltaría un ejemplo más completo.,suficiente,2026-09-17T18:00:00,RV-VAC-0074-1,CV-VAC-0074-1,synthetic,SYN-013615
ASM-02257,SES-01052,APP-00592,CRI-0351,EV-S2-01,3,15,[SINTÉTICO] Nivel 3: la evidencia registrada corresponde al descriptor; para el nivel 4 faltaría un ejemplo más completo.,parcial,2026-09-05T02:57:00,RV-VAC-0074-1,CV-VAC-0074-1,synthetic,SYN-013618
ASM-02258,SES-01052,APP-00592,CRI-0352,EV-S2-01,2,10,[SINTÉTICO] Nivel 2: la evidencia registrada corresponde al descriptor; para el nivel 3 faltaría un ejemplo más completo.,suficiente,2026-09-05T02:57:00,RV-VAC-0074-1,CV-VAC-0074-1,synthetic,SYN-013621
ASM-02259,SES-01052,APP-00592,CRI-0353,EV-S2-01,3,15,[SINTÉTICO] Nivel 3: la evidencia registrada corresponde al descriptor; para el nivel 4 faltaría un ejemplo más completo.,suficiente,2026-09-05T02:57:00,RV-VAC-0074-1,CV-VAC-0074-1,synthetic,SYN-013623
ASM-02260,SES-01053,APP-00592,CRI-0351,EV-S2-03,1,5,[SINTÉTICO] Nivel 1: la evidencia registrada corresponde al descriptor; para el nivel 2 faltaría un ejemplo más completo.,suficiente,2026-09-08T04:57:00,RV-VAC-0074-1,CV-VAC-0074-1,synthetic,SYN-013626
ASM-02261,SES-01053,APP-00592,CRI-0352,EV-S2-03,2,10,[SINTÉTICO] Nivel 2: la evidencia registrada corresponde al descriptor; para el nivel 3 faltaría un ejemplo más completo.,parcial,2026-09-08T04:57:00,RV-VAC-0074-1,CV-VAC-0074-1,synthetic,SYN-013630
ASM-02262,SES-01053,APP-00592,CRI-0353,EV-S2-03,4,20,[SINTÉTICO] Nivel 4: la evidencia registrada corresponde al descriptor; para el nivel 4 faltaría un ejemplo más completo.,suficiente,2026-09-08T04:57:00,RV-VAC-0074-1,CV-VAC-0074-1,synthetic,SYN-013632
ASM-02263,SES-01054,APP-00592,CRI-0354,EV-S2-01,3,15,[SINTÉTICO] Nivel 3: la evidencia registrada corresponde al descriptor; para el nivel 4 faltaría un ejemplo más completo.,suficiente,2026-09-15T16:00:00,RV-VAC-0074-1,CV-VAC-0074-1,synthetic,SYN-013636
ASM-02264,SES-01054,APP-00592,CRI-0355,EV-S2-01,3,15,[SINTÉTICO] Nivel 3: la evidencia registrada corresponde al descriptor; para el nivel 4 faltaría un ejemplo más completo.,suficiente,2026-09-15T16:00:00,RV-VAC-0074-1,CV-VAC-0074-1,synthetic,SYN-013638
ASM-02265,SES-01055,APP-00593,CRI-0351,EV-S2-01,4,20,[SINTÉTICO] Nivel 4: la evidencia registrada corresponde al descriptor; para el nivel 4 faltaría un ejemplo más completo.,suficiente,2026-09-10T00:58:00,RV-VAC-0074-1,CV-VAC-0074-1,synthetic,SYN-013641
ASM-02266,SES-01055,APP-00593,CRI-0352,EV-S2-01,3,15,[SINTÉTICO] Nivel 3: la evidencia registrada corresponde al descriptor; para el nivel 4 faltaría un ejemplo más completo.,suficiente,2026-09-10T00:58:00,RV-VAC-0074-1,CV-VAC-0074-1,synthetic,SYN-013644
ASM-02267,SES-01055,APP-00593,CRI-0353,EV-S2-01,4,20,[SINTÉTICO] Nivel 4: la evidencia registrada corresponde al descriptor; para el nivel 4 faltaría un ejemplo más completo.,insuficiente,2026-09-10T00:58:00,RV-VAC-0074-1,CV-VAC-0074-1,synthetic,SYN-013646
ASM-02268,SES-01056,APP-00593,CRI-0354,EV-S2-04,4,20,[SINTÉTICO] Nivel 4: la evidencia registrada corresponde al descriptor; para el nivel 4 faltaría un ejemplo más completo.,insuficiente,2026-09-12T17:00:00,RV-VAC-0074-1,CV-VAC-0074-1,synthetic,SYN-013648
ASM-02269,SES-01056,APP-00593,CRI-0355,EV-S2-04,4,20,[SINTÉTICO] Nivel 4: la evidencia registrada corresponde al descriptor; para el nivel 4 faltaría un ejemplo más completo.,insuficiente,2026-09-12T17:00:00,RV-VAC-0074-1,CV-VAC-0074-1,synthetic,SYN-013649
ASM-02270,SES-01057,APP-00594,CRI-0351,EV-S2-02,1,5,[SINTÉTICO] Nivel 1: la evidencia registrada corresponde al descriptor; para el nivel 2 faltaría un ejemplo más completo.,parcial,2026-09-06T01:30:00,RV-VAC-0074-1,CV-VAC-0074-1,synthetic,SYN-013651
ASM-02271,SES-01057,APP-00594,CRI-0352,EV-S2-02,2,10,[SINTÉTICO] Nivel 2: la evidencia registrada corresponde al descriptor; para el nivel 3 faltaría un ejemplo más completo.,parcial,2026-09-06T01:30:00,RV-VAC-0074-1,CV-VAC-0074-1,synthetic,SYN-013654
ASM-02272,SES-01057,APP-00594,CRI-0353,EV-S2-02,1,5,[SINTÉTICO] Nivel 1: la evidencia registrada corresponde al descriptor; para el nivel 2 faltaría un ejemplo más completo.,suficiente,2026-09-06T01:30:00,RV-VAC-0074-1,CV-VAC-0074-1,synthetic,SYN-013656
ASM-02273,SES-01058,APP-00594,CRI-0354,EV-S2-01,1,5,[SINTÉTICO] Nivel 1: la evidencia registrada corresponde al descriptor; para el nivel 2 faltaría un ejemplo más completo.,suficiente,2026-09-10T01:00:00,RV-VAC-0074-1,CV-VAC-0074-1,synthetic,SYN-013659
ASM-02274,SES-01058,APP-00594,CRI-0355,EV-S2-01,1,5,[SINTÉTICO] Nivel 1: la evidencia registrada corresponde al descriptor; para el nivel 2 faltaría un ejemplo más completo.,suficiente,2026-09-10T01:00:00,RV-VAC-0074-1,CV-VAC-0074-1,synthetic,SYN-013661
ASM-02275,SES-01059,APP-00595,CRI-0351,EV-S2-03,4,20,[SINTÉTICO] Nivel 4: la evidencia registrada corresponde al descriptor; para el nivel 4 faltaría un ejemplo más completo.,suficiente,2026-09-01T02:00:00,RV-VAC-0074-1,CV-VAC-0074-1,synthetic,SYN-013666
ASM-02276,SES-01059,APP-00595,CRI-0352,EV-S2-03,4,20,[SINTÉTICO] Nivel 4: la evidencia registrada corresponde al descriptor; para el nivel 4 faltaría un ejemplo más completo.,suficiente,2026-09-01T02:00:00,RV-VAC-0074-1,CV-VAC-0074-1,synthetic,SYN-013668
ASM-02277,SES-01059,APP-00595,CRI-0353,EV-S2-03,4,20,[SINTÉTICO] Nivel 4: la evidencia registrada corresponde al descriptor; para el nivel 4 faltaría un ejemplo más completo.,suficiente,2026-09-01T02:00:00,RV-VAC-0074-1,CV-VAC-0074-1,synthetic,SYN-013672
ASM-02278,SES-01060,APP-00595,CRI-0354,EV-S2-02,3,15,[SINTÉTICO] Nivel 3: la evidencia registrada corresponde al descriptor; para el nivel 4 faltaría un ejemplo más completo.,suficiente,2026-09-09T20:00:00,RV-VAC-0074-1,CV-VAC-0074-1,synthetic,SYN-013677
ASM-02279,SES-01060,APP-00595,CRI-0355,EV-S2-02,4,20,[SINTÉTICO] Nivel 4: la evidencia registrada corresponde al descriptor; para el nivel 4 faltaría un ejemplo más completo.,suficiente,2026-09-09T20:00:00,RV-VAC-0074-1,CV-VAC-0074-1,synthetic,SYN-013680
ASM-02280,SES-01061,APP-00596,CRI-0351,EV-S2-04,1,5,[SINTÉTICO] Nivel 1: la evidencia registrada corresponde al descriptor; para el nivel 2 faltaría un ejemplo más completo.,parcial,2026-09-14T00:04:00,RV-VAC-0074-1,CV-VAC-0074-1,synthetic,SYN-013684
ASM-02281,SES-01061,APP-00596,CRI-0352,EV-S2-04,2,10,[SINTÉTICO] Nivel 2: la evidencia registrada corresponde al descriptor; para el nivel 3 faltaría un ejemplo más completo.,suficiente,2026-09-14T00:04:00,RV-VAC-0074-1,CV-VAC-0074-1,synthetic,SYN-013687
ASM-02282,SES-01061,APP-00596,CRI-0353,EV-S2-04,1,5,[SINTÉTICO] Nivel 1: la evidencia registrada corresponde al descriptor; para el nivel 2 faltaría un ejemplo más completo.,insuficiente,2026-09-14T00:04:00,RV-VAC-0074-1,CV-VAC-0074-1,synthetic,SYN-013690
ASM-02283,SES-01062,APP-00596,CRI-0354,EV-S2-01,1,5,[SINTÉTICO] Nivel 1: la evidencia registrada corresponde al descriptor; para el nivel 2 faltaría un ejemplo más completo.,parcial,2026-09-10T16:00:00,RV-VAC-0074-1,CV-VAC-0074-1,synthetic,SYN-013692
ASM-02284,SES-01062,APP-00596,CRI-0355,EV-S2-01,1,5,[SINTÉTICO] Nivel 1: la evidencia registrada corresponde al descriptor; para el nivel 2 faltaría un ejemplo más completo.,suficiente,2026-09-10T16:00:00,RV-VAC-0074-1,CV-VAC-0074-1,synthetic,SYN-013696
ASM-02285,SES-01063,APP-00598,CRI-0351,EV-S2-02,3,15,[SINTÉTICO] Nivel 3: la evidencia registrada corresponde al descriptor; para el nivel 4 faltaría un ejemplo más completo.,suficiente,2026-09-11T05:33:00,RV-VAC-0074-1,CV-VAC-0074-1,synthetic,SYN-013701
ASM-02286,SES-01063,APP-00598,CRI-0352,EV-S2-02,3,15,[SINTÉTICO] Nivel 3: la evidencia registrada corresponde al descriptor; para el nivel 4 faltaría un ejemplo más completo.,suficiente,2026-09-11T05:33:00,RV-VAC-0074-1,CV-VAC-0074-1,synthetic,SYN-013703
ASM-02287,SES-01063,APP-00598,CRI-0353,EV-S2-02,3,15,[SINTÉTICO] Nivel 3: la evidencia registrada corresponde al descriptor; para el nivel 4 faltaría un ejemplo más completo.,parcial,2026-09-11T05:33:00,RV-VAC-0074-1,CV-VAC-0074-1,synthetic,SYN-013705
ASM-02288,SES-01064,APP-00599,CRI-0351,EV-S2-02,4,20,[SINTÉTICO] Nivel 4: la evidencia registrada corresponde al descriptor; para el nivel 4 faltaría un ejemplo más completo.,suficiente,2026-09-07T01:28:00,RV-VAC-0074-1,CV-VAC-0074-1,synthetic,SYN-013708
ASM-02289,SES-01064,APP-00599,CRI-0352,EV-S2-02,3,15,[SINTÉTICO] Nivel 3: la evidencia registrada corresponde al descriptor; para el nivel 4 faltaría un ejemplo más completo.,suficiente,2026-09-07T01:28:00,RV-VAC-0074-1,CV-VAC-0074-1,synthetic,SYN-013712
ASM-02290,SES-01064,APP-00599,CRI-0353,EV-S2-02,3,15,[SINTÉTICO] Nivel 3: la evidencia registrada corresponde al descriptor; para el nivel 4 faltaría un ejemplo más completo.,suficiente,2026-09-07T01:28:00,RV-VAC-0074-1,CV-VAC-0074-1,synthetic,SYN-013714
ASM-02291,SES-01065,APP-00599,CRI-0354,EV-S2-02,2,10,[SINTÉTICO] Nivel 2: la evidencia registrada corresponde al descriptor; para el nivel 3 faltaría un ejemplo más completo.,suficiente,2026-09-15T23:00:00,RV-VAC-0074-1,CV-VAC-0074-1,synthetic,SYN-013717
ASM-02292,SES-01065,APP-00599,CRI-0355,EV-S2-02,2,10,[SINTÉTICO] Nivel 2: la evidencia registrada corresponde al descriptor; para el nivel 3 faltaría un ejemplo más completo.,suficiente,2026-09-15T23:00:00,RV-VAC-0074-1,CV-VAC-0074-1,synthetic,SYN-013720
ASM-02293,SES-01066,APP-00600,CRI-0351,EV-S2-04,4,20,[SINTÉTICO] Nivel 4: la evidencia registrada corresponde al descriptor; para el nivel 4 faltaría un ejemplo más completo.,suficiente,2026-09-09T16:02:00,RV-VAC-0074-1,CV-VAC-0074-1,synthetic,SYN-013724
ASM-02294,SES-01066,APP-00600,CRI-0352,EV-S2-04,4,20,[SINTÉTICO] Nivel 4: la evidencia registrada corresponde al descriptor; para el nivel 4 faltaría un ejemplo más completo.,suficiente,2026-09-09T16:02:00,RV-VAC-0074-1,CV-VAC-0074-1,synthetic,SYN-013727
ASM-02295,SES-01066,APP-00600,CRI-0353,EV-S2-04,3,15,[SINTÉTICO] Nivel 3: la evidencia registrada corresponde al descriptor; para el nivel 4 faltaría un ejemplo más completo.,suficiente,2026-09-09T16:02:00,RV-VAC-0074-1,CV-VAC-0074-1,synthetic,SYN-013730
ASM-02296,SES-01068,APP-00601,CRI-0356,EV-S3-03,3,15,[SINTÉTICO] Nivel 3: la evidencia registrada corresponde al descriptor; para el nivel 4 faltaría un ejemplo más completo.,parcial,2026-06-30T15:21:00,RV-VAC-0075-1,CV-VAC-0075-1,synthetic,SYN-013736
ASM-02297,SES-01068,APP-00601,CRI-0357,EV-S3-03,3,15,[SINTÉTICO] Nivel 3: la evidencia registrada corresponde al descriptor; para el nivel 4 faltaría un ejemplo más completo.,suficiente,2026-06-30T15:21:00,RV-VAC-0075-1,CV-VAC-0075-1,synthetic,SYN-013738
ASM-02298,SES-01068,APP-00601,CRI-0358,EV-S3-03,3,15,[SINTÉTICO] Nivel 3: la evidencia registrada corresponde al descriptor; para el nivel 4 faltaría un ejemplo más completo.,suficiente,2026-06-30T15:21:00,RV-VAC-0075-1,CV-VAC-0075-1,synthetic,SYN-013741
ASM-02299,SES-01069,APP-00601,CRI-0359,EV-S3-01,3,15,[SINTÉTICO] Nivel 3: la evidencia registrada corresponde al descriptor; para el nivel 4 faltaría un ejemplo más completo.,suficiente,2026-07-02T15:00:00,RV-VAC-0075-1,CV-VAC-0075-1,synthetic,SYN-013746
ASM-02300,SES-01069,APP-00601,CRI-0360,EV-S3-01,3,15,[SINTÉTICO] Nivel 3: la evidencia registrada corresponde al descriptor; para el nivel 4 faltaría un ejemplo más completo.,parcial,2026-07-02T15:00:00,RV-VAC-0075-1,CV-VAC-0075-1,synthetic,SYN-013750
ASM-02301,SES-01070,APP-00602,CRI-0356,EV-S3-03,2,10,[SINTÉTICO] Nivel 2: la evidencia registrada corresponde al descriptor; para el nivel 3 faltaría un ejemplo más completo.,suficiente,2026-07-05T09:02:00,RV-VAC-0075-1,CV-VAC-0075-1,synthetic,SYN-013753
ASM-02302,SES-01070,APP-00602,CRI-0357,EV-S3-03,2,10,[SINTÉTICO] Nivel 2: la evidencia registrada corresponde al descriptor; para el nivel 3 faltaría un ejemplo más completo.,suficiente,2026-07-05T09:02:00,RV-VAC-0075-1,CV-VAC-0075-1,synthetic,SYN-013756
ASM-02303,SES-01070,APP-00602,CRI-0358,EV-S3-03,2,10,[SINTÉTICO] Nivel 2: la evidencia registrada corresponde al descriptor; para el nivel 3 faltaría un ejemplo más completo.,parcial,2026-07-05T09:02:00,RV-VAC-0075-1,CV-VAC-0075-1,synthetic,SYN-013759
ASM-02304,SES-01071,APP-00602,CRI-0359,EV-S3-03,2,10,[SINTÉTICO] Nivel 2: la evidencia registrada corresponde al descriptor; para el nivel 3 faltaría un ejemplo más completo.,parcial,2026-07-14T00:00:00,RV-VAC-0075-1,CV-VAC-0075-1,synthetic,SYN-013762
ASM-02305,SES-01071,APP-00602,CRI-0360,EV-S3-03,1,5,[SINTÉTICO] Nivel 1: la evidencia registrada corresponde al descriptor; para el nivel 2 faltaría un ejemplo más completo.,suficiente,2026-07-14T00:00:00,RV-VAC-0075-1,CV-VAC-0075-1,synthetic,SYN-013764
ASM-02306,SES-01072,APP-00603,CRI-0361,EV-S1-01,2,10,[SINTÉTICO] Nivel 2: la evidencia registrada corresponde al descriptor; para el nivel 3 faltaría un ejemplo más completo.,parcial,2026-07-27T00:56:00,RV-VAC-0076-1,CV-VAC-0076-1,synthetic,SYN-013767
ASM-02307,SES-01072,APP-00603,CRI-0362,EV-S1-01,2,10,[SINTÉTICO] Nivel 2: la evidencia registrada corresponde al descriptor; para el nivel 3 faltaría un ejemplo más completo.,insuficiente,2026-07-27T00:56:00,RV-VAC-0076-1,CV-VAC-0076-1,synthetic,SYN-013769
ASM-02308,SES-01073,APP-00603,CRI-0363,EV-S1-04,2,10,[SINTÉTICO] Nivel 2: la evidencia registrada corresponde al descriptor; para el nivel 3 faltaría un ejemplo más completo.,suficiente,2026-08-08T00:00:00,RV-VAC-0076-1,CV-VAC-0076-1,synthetic,SYN-013771
ASM-02309,SES-01073,APP-00603,CRI-0364,EV-S1-04,2,10,[SINTÉTICO] Nivel 2: la evidencia registrada corresponde al descriptor; para el nivel 3 faltaría un ejemplo más completo.,parcial,2026-08-08T00:00:00,RV-VAC-0076-1,CV-VAC-0076-1,synthetic,SYN-013774
ASM-02310,SES-01074,APP-00604,CRI-0361,EV-S1-04,2,10,[SINTÉTICO] Nivel 2: la evidencia registrada corresponde al descriptor; para el nivel 3 faltaría un ejemplo más completo.,parcial,2026-07-26T04:16:00,RV-VAC-0076-1,CV-VAC-0076-1,synthetic,SYN-013777
ASM-02311,SES-01074,APP-00604,CRI-0362,EV-S1-04,3,15,[SINTÉTICO] Nivel 3: la evidencia registrada corresponde al descriptor; para el nivel 4 faltaría un ejemplo más completo.,suficiente,2026-07-26T04:16:00,RV-VAC-0076-1,CV-VAC-0076-1,synthetic,SYN-013780
ASM-02312,SES-01075,APP-00604,CRI-0363,EV-S1-01,2,10,[SINTÉTICO] Nivel 2: la evidencia registrada corresponde al descriptor; para el nivel 3 faltaría un ejemplo más completo.,insuficiente,2026-07-31T20:00:00,RV-VAC-0076-1,CV-VAC-0076-1,synthetic,SYN-013785
ASM-02313,SES-01075,APP-00604,CRI-0364,EV-S1-01,2,10,[SINTÉTICO] Nivel 2: la evidencia registrada corresponde al descriptor; para el nivel 3 faltaría un ejemplo más completo.,insuficiente,2026-07-31T20:00:00,RV-VAC-0076-1,CV-VAC-0076-1,synthetic,SYN-013786
ASM-02314,SES-01076,APP-00605,CRI-0361,EV-S1-04,4,20,[SINTÉTICO] Nivel 4: la evidencia registrada corresponde al descriptor; para el nivel 4 faltaría un ejemplo más completo.,suficiente,2026-07-29T05:58:00,RV-VAC-0076-1,CV-VAC-0076-1,synthetic,SYN-013788
ASM-02315,SES-01076,APP-00605,CRI-0362,EV-S1-04,4,20,[SINTÉTICO] Nivel 4: la evidencia registrada corresponde al descriptor; para el nivel 4 faltaría un ejemplo más completo.,suficiente,2026-07-29T05:58:00,RV-VAC-0076-1,CV-VAC-0076-1,synthetic,SYN-013791
ASM-02316,SES-01077,APP-00606,CRI-0361,EV-S1-02,4,20,[SINTÉTICO] Nivel 4: la evidencia registrada corresponde al descriptor; para el nivel 4 faltaría un ejemplo más completo.,parcial,2026-08-06T03:15:00,RV-VAC-0076-1,CV-VAC-0076-1,synthetic,SYN-013794
ASM-02317,SES-01077,APP-00606,CRI-0362,EV-S1-02,4,20,[SINTÉTICO] Nivel 4: la evidencia registrada corresponde al descriptor; para el nivel 4 faltaría un ejemplo más completo.,suficiente,2026-08-06T03:15:00,RV-VAC-0076-1,CV-VAC-0076-1,synthetic,SYN-013798
ASM-02318,SES-01078,APP-00606,CRI-0363,EV-S1-01,3,15,[SINTÉTICO] Nivel 3: la evidencia registrada corresponde al descriptor; para el nivel 4 faltaría un ejemplo más completo.,suficiente,2026-08-02T22:00:00,RV-VAC-0076-1,CV-VAC-0076-1,synthetic,SYN-013803
ASM-02319,SES-01078,APP-00606,CRI-0364,EV-S1-01,4,20,[SINTÉTICO] Nivel 4: la evidencia registrada corresponde al descriptor; para el nivel 4 faltaría un ejemplo más completo.,parcial,2026-08-02T22:00:00,RV-VAC-0076-1,CV-VAC-0076-1,synthetic,SYN-013806
ASM-02320,SES-01079,APP-00607,CRI-0361,EV-S1-03,3,15,[SINTÉTICO] Nivel 3: la evidencia registrada corresponde al descriptor; para el nivel 4 faltaría un ejemplo más completo.,suficiente,2026-07-17T08:29:00,RV-VAC-0076-1,CV-VAC-0076-1,synthetic,SYN-013809
ASM-02321,SES-01079,APP-00607,CRI-0362,EV-S1-03,4,20,[SINTÉTICO] Nivel 4: la evidencia registrada corresponde al descriptor; para el nivel 4 faltaría un ejemplo más completo.,suficiente,2026-07-17T08:29:00,RV-VAC-0076-1,CV-VAC-0076-1,synthetic,SYN-013813
ASM-02322,SES-01080,APP-00608,CRI-0361,EV-S1-02,1,5,[SINTÉTICO] Nivel 1: la evidencia registrada corresponde al descriptor; para el nivel 2 faltaría un ejemplo más completo.,suficiente,2026-07-22T04:00:00,RV-VAC-0076-1,CV-VAC-0076-1,synthetic,SYN-013817
ASM-02323,SES-01080,APP-00608,CRI-0362,EV-S1-02,1,5,[SINTÉTICO] Nivel 1: la evidencia registrada corresponde al descriptor; para el nivel 2 faltaría un ejemplo más completo.,suficiente,2026-07-22T04:00:00,RV-VAC-0076-1,CV-VAC-0076-1,synthetic,SYN-013820
ASM-02324,SES-01081,APP-00608,CRI-0363,EV-S1-04,1,5,[SINTÉTICO] Nivel 1: la evidencia registrada corresponde al descriptor; para el nivel 2 faltaría un ejemplo más completo.,suficiente,2026-08-07T21:00:00,RV-VAC-0076-1,CV-VAC-0076-1,synthetic,SYN-013823
ASM-02325,SES-01081,APP-00608,CRI-0364,EV-S1-04,1,5,[SINTÉTICO] Nivel 1: la evidencia registrada corresponde al descriptor; para el nivel 2 faltaría un ejemplo más completo.,suficiente,2026-08-07T21:00:00,RV-VAC-0076-1,CV-VAC-0076-1,synthetic,SYN-013826
ASM-02326,SES-01082,APP-00609,CRI-0361,EV-S1-03,1,5,[SINTÉTICO] Nivel 1: la evidencia registrada corresponde al descriptor; para el nivel 2 faltaría un ejemplo más completo.,insuficiente,2026-07-20T02:22:00,RV-VAC-0076-1,CV-VAC-0076-1,synthetic,SYN-013830
ASM-02327,SES-01082,APP-00609,CRI-0362,EV-S1-03,1,5,[SINTÉTICO] Nivel 1: la evidencia registrada corresponde al descriptor; para el nivel 2 faltaría un ejemplo más completo.,suficiente,2026-07-20T02:22:00,RV-VAC-0076-1,CV-VAC-0076-1,synthetic,SYN-013831
ASM-02328,SES-01084,APP-00610,CRI-0365,EV-S2-01,2,10,[SINTÉTICO] Nivel 2: la evidencia registrada corresponde al descriptor; para el nivel 3 faltaría un ejemplo más completo.,suficiente,2026-08-25T00:56:00,RV-VAC-0077-1,CV-VAC-0077-1,synthetic,SYN-013837
ASM-02329,SES-01084,APP-00610,CRI-0366,EV-S2-01,2,10,[SINTÉTICO] Nivel 2: la evidencia registrada corresponde al descriptor; para el nivel 3 faltaría un ejemplo más completo.,insuficiente,2026-08-25T00:56:00,RV-VAC-0077-1,CV-VAC-0077-1,synthetic,SYN-013841
ASM-02330,SES-01085,APP-00610,CRI-0367,EV-S2-03,2,10,[SINTÉTICO] Nivel 2: la evidencia registrada corresponde al descriptor; para el nivel 3 faltaría un ejemplo más completo.,suficiente,2026-09-10T23:00:00,RV-VAC-0077-1,CV-VAC-0077-1,synthetic,SYN-013843
ASM-02331,SES-01085,APP-00610,CRI-0368,EV-S2-03,2,10,[SINTÉTICO] Nivel 2: la evidencia registrada corresponde al descriptor; para el nivel 3 faltaría un ejemplo más completo.,parcial,2026-09-10T23:00:00,RV-VAC-0077-1,CV-VAC-0077-1,synthetic,SYN-013846
ASM-02332,SES-01086,APP-00611,CRI-0365,EV-S2-01,2,10,[SINTÉTICO] Nivel 2: la evidencia registrada corresponde al descriptor; para el nivel 3 faltaría un ejemplo más completo.,parcial,2026-08-22T01:00:00,RV-VAC-0077-1,CV-VAC-0077-1,synthetic,SYN-013849
ASM-02333,SES-01086,APP-00611,CRI-0366,EV-S2-01,3,15,[SINTÉTICO] Nivel 3: la evidencia registrada corresponde al descriptor; para el nivel 4 faltaría un ejemplo más completo.,parcial,2026-08-22T01:00:00,RV-VAC-0077-1,CV-VAC-0077-1,synthetic,SYN-013851
ASM-02334,SES-01087,APP-00611,CRI-0365,EV-S2-04,2,10,[SINTÉTICO] Nivel 2: la evidencia registrada corresponde al descriptor; para el nivel 3 faltaría un ejemplo más completo.,parcial,2026-08-25T07:07:00,RV-VAC-0077-1,CV-VAC-0077-1,synthetic,SYN-013855
ASM-02335,SES-01087,APP-00611,CRI-0366,EV-S2-04,3,15,[SINTÉTICO] Nivel 3: la evidencia registrada corresponde al descriptor; para el nivel 4 faltaría un ejemplo más completo.,suficiente,2026-08-25T07:07:00,RV-VAC-0077-1,CV-VAC-0077-1,synthetic,SYN-013859
ASM-02336,SES-01089,APP-00612,CRI-0369,EV-S3-01,3,15,[SINTÉTICO] Nivel 3: la evidencia registrada corresponde al descriptor; para el nivel 4 faltaría un ejemplo más completo.,suficiente,2026-08-26T04:02:00,RV-VAC-0078-1,CV-VAC-0078-1,synthetic,SYN-013865
ASM-02337,SES-01089,APP-00612,CRI-0370,EV-S3-01,4,20,[SINTÉTICO] Nivel 4: la evidencia registrada corresponde al descriptor; para el nivel 4 faltaría un ejemplo más completo.,insuficiente,2026-08-26T04:02:00,RV-VAC-0078-1,CV-VAC-0078-1,synthetic,SYN-013869
ASM-02338,SES-01091,APP-00613,CRI-0369,EV-S3-03,1,5,[SINTÉTICO] Nivel 1: la evidencia registrada corresponde al descriptor; para el nivel 2 faltaría un ejemplo más completo.,parcial,2026-08-17T21:43:00,RV-VAC-0078-1,CV-VAC-0078-1,synthetic,SYN-013873
ASM-02339,SES-01091,APP-00613,CRI-0370,EV-S3-03,1,5,[SINTÉTICO] Nivel 1: la evidencia registrada corresponde al descriptor; para el nivel 2 faltaría un ejemplo más completo.,parcial,2026-08-17T21:43:00,RV-VAC-0078-1,CV-VAC-0078-1,synthetic,SYN-013877
ASM-02340,SES-01092,APP-00613,CRI-0371,EV-S3-04,1,5,[SINTÉTICO] Nivel 1: la evidencia registrada corresponde al descriptor; para el nivel 2 faltaría un ejemplo más completo.,suficiente,2026-09-04T19:00:00,RV-VAC-0078-1,CV-VAC-0078-1,synthetic,SYN-013881
ASM-02341,SES-01092,APP-00613,CRI-0372,EV-S3-04,1,5,[SINTÉTICO] Nivel 1: la evidencia registrada corresponde al descriptor; para el nivel 2 faltaría un ejemplo más completo.,parcial,2026-09-04T19:00:00,RV-VAC-0078-1,CV-VAC-0078-1,synthetic,SYN-013884
ASM-02342,SES-01093,APP-00615,CRI-0373,EV-S1-02,2,10,[SINTÉTICO] Nivel 2: la evidencia registrada corresponde al descriptor; para el nivel 3 faltaría un ejemplo más completo.,suficiente,2026-02-14T18:54:00,RV-VAC-0079-1,CV-VAC-0079-1,synthetic,SYN-013889
ASM-02343,SES-01093,APP-00615,CRI-0374,EV-S1-02,1,5,[SINTÉTICO] Nivel 1: la evidencia registrada corresponde al descriptor; para el nivel 2 faltaría un ejemplo más completo.,parcial,2026-02-14T18:54:00,RV-VAC-0079-1,CV-VAC-0079-1,synthetic,SYN-013894
ASM-02344,SES-01093,APP-00615,CRI-0375,EV-S1-02,1,5,[SINTÉTICO] Nivel 1: la evidencia registrada corresponde al descriptor; para el nivel 2 faltaría un ejemplo más completo.,suficiente,2026-02-14T18:54:00,RV-VAC-0079-1,CV-VAC-0079-1,synthetic,SYN-013897
ASM-02345,SES-01094,APP-00615,CRI-0373,EV-S1-01,2,10,[SINTÉTICO] Nivel 2: la evidencia registrada corresponde al descriptor; para el nivel 3 faltaría un ejemplo más completo.,suficiente,2026-02-16T17:54:00,RV-VAC-0079-1,CV-VAC-0079-1,synthetic,SYN-013901
ASM-02346,SES-01094,APP-00615,CRI-0374,EV-S1-01,1,5,[SINTÉTICO] Nivel 1: la evidencia registrada corresponde al descriptor; para el nivel 2 faltaría un ejemplo más completo.,parcial,2026-02-16T17:54:00,RV-VAC-0079-1,CV-VAC-0079-1,synthetic,SYN-013904
ASM-02347,SES-01094,APP-00615,CRI-0375,EV-S1-01,1,5,[SINTÉTICO] Nivel 1: la evidencia registrada corresponde al descriptor; para el nivel 2 faltaría un ejemplo más completo.,suficiente,2026-02-16T17:54:00,RV-VAC-0079-1,CV-VAC-0079-1,synthetic,SYN-013908
ASM-02348,SES-01095,APP-00616,CRI-0373,EV-S1-04,1,5,[SINTÉTICO] Nivel 1: la evidencia registrada corresponde al descriptor; para el nivel 2 faltaría un ejemplo más completo.,suficiente,2026-01-25T07:07:00,RV-VAC-0079-1,CV-VAC-0079-1,synthetic,SYN-013912
ASM-02349,SES-01095,APP-00616,CRI-0374,EV-S1-04,1,5,[SINTÉTICO] Nivel 1: la evidencia registrada corresponde al descriptor; para el nivel 2 faltaría un ejemplo más completo.,parcial,2026-01-25T07:07:00,RV-VAC-0079-1,CV-VAC-0079-1,synthetic,SYN-013914
ASM-02350,SES-01095,APP-00616,CRI-0375,EV-S1-04,1,5,[SINTÉTICO] Nivel 1: la evidencia registrada corresponde al descriptor; para el nivel 2 faltaría un ejemplo más completo.,parcial,2026-01-25T07:07:00,RV-VAC-0079-1,CV-VAC-0079-1,synthetic,SYN-013917
ASM-02351,SES-01096,APP-00617,CRI-0373,EV-S1-04,3,15,[SINTÉTICO] Nivel 3: la evidencia registrada corresponde al descriptor; para el nivel 4 faltaría un ejemplo más completo.,suficiente,2026-02-04T00:36:00,RV-VAC-0079-1,CV-VAC-0079-1,synthetic,SYN-013921
ASM-02352,SES-01096,APP-00617,CRI-0374,EV-S1-04,3,15,[SINTÉTICO] Nivel 3: la evidencia registrada corresponde al descriptor; para el nivel 4 faltaría un ejemplo más completo.,suficiente,2026-02-04T00:36:00,RV-VAC-0079-1,CV-VAC-0079-1,synthetic,SYN-013924
ASM-02353,SES-01096,APP-00617,CRI-0375,EV-S1-04,3,15,[SINTÉTICO] Nivel 3: la evidencia registrada corresponde al descriptor; para el nivel 4 faltaría un ejemplo más completo.,suficiente,2026-02-04T00:36:00,RV-VAC-0079-1,CV-VAC-0079-1,synthetic,SYN-013927
ASM-02354,SES-01098,APP-00618,CRI-0373,EV-S1-03,4,20,[SINTÉTICO] Nivel 4: la evidencia registrada corresponde al descriptor; para el nivel 4 faltaría un ejemplo más completo.,suficiente,2026-02-11T23:21:00,RV-VAC-0079-1,CV-VAC-0079-1,synthetic,SYN-013933
ASM-02355,SES-01098,APP-00618,CRI-0374,EV-S1-03,4,20,[SINTÉTICO] Nivel 4: la evidencia registrada corresponde al descriptor; para el nivel 4 faltaría un ejemplo más completo.,insuficiente,2026-02-11T23:21:00,RV-VAC-0079-1,CV-VAC-0079-1,synthetic,SYN-013936
ASM-02356,SES-01098,APP-00618,CRI-0375,EV-S1-03,4,20,[SINTÉTICO] Nivel 4: la evidencia registrada corresponde al descriptor; para el nivel 4 faltaría un ejemplo más completo.,suficiente,2026-02-11T23:21:00,RV-VAC-0079-1,CV-VAC-0079-1,synthetic,SYN-013937
ASM-02357,SES-01099,APP-00618,CRI-0376,EV-S1-01,4,20,[SINTÉTICO] Nivel 4: la evidencia registrada corresponde al descriptor; para el nivel 4 faltaría un ejemplo más completo.,parcial,2026-02-11T15:00:00,RV-VAC-0079-1,CV-VAC-0079-1,synthetic,SYN-013942
ASM-02358,SES-01099,APP-00618,CRI-0377,EV-S1-01,4,20,[SINTÉTICO] Nivel 4: la evidencia registrada corresponde al descriptor; para el nivel 4 faltaría un ejemplo más completo.,suficiente,2026-02-11T15:00:00,RV-VAC-0079-1,CV-VAC-0079-1,synthetic,SYN-013946
ASM-02359,SES-01099,APP-00618,CRI-0378,EV-S1-01,4,20,[SINTÉTICO] Nivel 4: la evidencia registrada corresponde al descriptor; para el nivel 4 faltaría un ejemplo más completo.,parcial,2026-02-11T15:00:00,RV-VAC-0079-1,CV-VAC-0079-1,synthetic,SYN-013949
ASM-02360,SES-01100,APP-00619,CRI-0373,EV-S1-03,4,20,[SINTÉTICO] Nivel 4: la evidencia registrada corresponde al descriptor; para el nivel 4 faltaría un ejemplo más completo.,suficiente,2026-01-30T19:38:00,RV-VAC-0079-1,CV-VAC-0079-1,synthetic,SYN-013952
ASM-02361,SES-01100,APP-00619,CRI-0374,EV-S1-03,3,15,[SINTÉTICO] Nivel 3: la evidencia registrada corresponde al descriptor; para el nivel 4 faltaría un ejemplo más completo.,parcial,2026-01-30T19:38:00,RV-VAC-0079-1,CV-VAC-0079-1,synthetic,SYN-013955
ASM-02362,SES-01100,APP-00619,CRI-0375,EV-S1-03,3,15,[SINTÉTICO] Nivel 3: la evidencia registrada corresponde al descriptor; para el nivel 4 faltaría un ejemplo más completo.,suficiente,2026-01-30T19:38:00,RV-VAC-0079-1,CV-VAC-0079-1,synthetic,SYN-013959
ASM-02363,SES-01101,APP-00619,CRI-0376,EV-S1-04,3,15,[SINTÉTICO] Nivel 3: la evidencia registrada corresponde al descriptor; para el nivel 4 faltaría un ejemplo más completo.,suficiente,2026-02-19T19:00:00,RV-VAC-0079-1,CV-VAC-0079-1,synthetic,SYN-013963
ASM-02364,SES-01101,APP-00619,CRI-0377,EV-S1-04,3,15,[SINTÉTICO] Nivel 3: la evidencia registrada corresponde al descriptor; para el nivel 4 faltaría un ejemplo más completo.,suficiente,2026-02-19T19:00:00,RV-VAC-0079-1,CV-VAC-0079-1,synthetic,SYN-013965
ASM-02365,SES-01101,APP-00619,CRI-0378,EV-S1-04,4,20,[SINTÉTICO] Nivel 4: la evidencia registrada corresponde al descriptor; para el nivel 4 faltaría un ejemplo más completo.,insuficiente,2026-02-19T19:00:00,RV-VAC-0079-1,CV-VAC-0079-1,synthetic,SYN-013969
ASM-02366,SES-01102,APP-00620,CRI-0373,EV-S1-03,4,20,[SINTÉTICO] Nivel 4: la evidencia registrada corresponde al descriptor; para el nivel 4 faltaría un ejemplo más completo.,suficiente,2026-02-13T16:54:00,RV-VAC-0079-1,CV-VAC-0079-1,synthetic,SYN-013971
ASM-02367,SES-01102,APP-00620,CRI-0374,EV-S1-03,4,20,[SINTÉTICO] Nivel 4: la evidencia registrada corresponde al descriptor; para el nivel 4 faltaría un ejemplo más completo.,parcial,2026-02-13T16:54:00,RV-VAC-0079-1,CV-VAC-0079-1,synthetic,SYN-013974
ASM-02368,SES-01102,APP-00620,CRI-0375,EV-S1-03,4,20,[SINTÉTICO] Nivel 4: la evidencia registrada corresponde al descriptor; para el nivel 4 faltaría un ejemplo más completo.,suficiente,2026-02-13T16:54:00,RV-VAC-0079-1,CV-VAC-0079-1,synthetic,SYN-013977
ASM-02369,SES-01103,APP-00621,CRI-0373,EV-S1-01,2,10,[SINTÉTICO] Nivel 2: la evidencia registrada corresponde al descriptor; para el nivel 3 faltaría un ejemplo más completo.,suficiente,2026-02-13T05:02:00,RV-VAC-0079-1,CV-VAC-0079-1,synthetic,SYN-013981
ASM-02370,SES-01103,APP-00621,CRI-0374,EV-S1-01,3,15,[SINTÉTICO] Nivel 3: la evidencia registrada corresponde al descriptor; para el nivel 4 faltaría un ejemplo más completo.,insuficiente,2026-02-13T05:02:00,RV-VAC-0079-1,CV-VAC-0079-1,synthetic,SYN-013984
ASM-02371,SES-01103,APP-00621,CRI-0375,EV-S1-01,3,15,[SINTÉTICO] Nivel 3: la evidencia registrada corresponde al descriptor; para el nivel 4 faltaría un ejemplo más completo.,parcial,2026-02-13T05:02:00,RV-VAC-0079-1,CV-VAC-0079-1,synthetic,SYN-013985
ASM-02372,SES-01105,APP-00622,CRI-0373,EV-S1-03,2,10,[SINTÉTICO] Nivel 2: la evidencia registrada corresponde al descriptor; para el nivel 3 faltaría un ejemplo más completo.,suficiente,2026-02-11T06:06:00,RV-VAC-0079-1,CV-VAC-0079-1,synthetic,SYN-013991
ASM-02373,SES-01105,APP-00622,CRI-0374,EV-S1-03,3,15,[SINTÉTICO] Nivel 3: la evidencia registrada corresponde al descriptor; para el nivel 4 faltaría un ejemplo más completo.,parcial,2026-02-11T06:06:00,RV-VAC-0079-1,CV-VAC-0079-1,synthetic,SYN-013993
ASM-02374,SES-01105,APP-00622,CRI-0375,EV-S1-03,4,20,[SINTÉTICO] Nivel 4: la evidencia registrada corresponde al descriptor; para el nivel 4 faltaría un ejemplo más completo.,parcial,2026-02-11T06:06:00,RV-VAC-0079-1,CV-VAC-0079-1,synthetic,SYN-013995
ASM-02375,SES-01106,APP-00623,CRI-0373,EV-S1-02,1,5,[SINTÉTICO] Nivel 1: la evidencia registrada corresponde al descriptor; para el nivel 2 faltaría un ejemplo más completo.,suficiente,2026-01-31T04:31:00,RV-VAC-0079-1,CV-VAC-0079-1,synthetic,SYN-013999
ASM-02376,SES-01106,APP-00623,CRI-0374,EV-S1-02,1,5,[SINTÉTICO] Nivel 1: la evidencia registrada corresponde al descriptor; para el nivel 2 faltaría un ejemplo más completo.,suficiente,2026-01-31T04:31:00,RV-VAC-0079-1,CV-VAC-0079-1,synthetic,SYN-014001
ASM-02377,SES-01106,APP-00623,CRI-0375,EV-S1-02,1,5,[SINTÉTICO] Nivel 1: la evidencia registrada corresponde al descriptor; para el nivel 2 faltaría un ejemplo más completo.,parcial,2026-01-31T04:31:00,RV-VAC-0079-1,CV-VAC-0079-1,synthetic,SYN-014003
ASM-02378,SES-01107,APP-00624,CRI-0373,EV-S1-02,4,20,[SINTÉTICO] Nivel 4: la evidencia registrada corresponde al descriptor; para el nivel 4 faltaría un ejemplo más completo.,suficiente,2026-02-06T09:42:00,RV-VAC-0079-1,CV-VAC-0079-1,synthetic,SYN-014007
ASM-02379,SES-01107,APP-00624,CRI-0374,EV-S1-02,3,15,[SINTÉTICO] Nivel 3: la evidencia registrada corresponde al descriptor; para el nivel 4 faltaría un ejemplo más completo.,insuficiente,2026-02-06T09:42:00,RV-VAC-0079-1,CV-VAC-0079-1,synthetic,SYN-014010
ASM-02380,SES-01107,APP-00624,CRI-0375,EV-S1-02,3,15,[SINTÉTICO] Nivel 3: la evidencia registrada corresponde al descriptor; para el nivel 4 faltaría un ejemplo más completo.,suficiente,2026-02-06T09:42:00,RV-VAC-0079-1,CV-VAC-0079-1,synthetic,SYN-014011
ASM-02381,SES-01108,APP-00624,CRI-0376,EV-S1-01,4,20,[SINTÉTICO] Nivel 4: la evidencia registrada corresponde al descriptor; para el nivel 4 faltaría un ejemplo más completo.,suficiente,2026-02-18T20:00:00,RV-VAC-0079-1,CV-VAC-0079-1,synthetic,SYN-014016
ASM-02382,SES-01108,APP-00624,CRI-0377,EV-S1-01,3,15,[SINTÉTICO] Nivel 3: la evidencia registrada corresponde al descriptor; para el nivel 4 faltaría un ejemplo más completo.,suficiente,2026-02-18T20:00:00,RV-VAC-0079-1,CV-VAC-0079-1,synthetic,SYN-014018
ASM-02383,SES-01108,APP-00624,CRI-0378,EV-S1-01,4,20,[SINTÉTICO] Nivel 4: la evidencia registrada corresponde al descriptor; para el nivel 4 faltaría un ejemplo más completo.,suficiente,2026-02-18T20:00:00,RV-VAC-0079-1,CV-VAC-0079-1,synthetic,SYN-014021
ASM-02384,SES-01109,APP-00625,CRI-0379,EV-S2-04,2,10,[SINTÉTICO] Nivel 2: la evidencia registrada corresponde al descriptor; para el nivel 3 faltaría un ejemplo más completo.,suficiente,2026-03-21T07:24:00,RV-VAC-0080-1,CV-VAC-0080-1,synthetic,SYN-014026
ASM-02385,SES-01109,APP-00625,CRI-0380,EV-S2-04,2,10,[SINTÉTICO] Nivel 2: la evidencia registrada corresponde al descriptor; para el nivel 3 faltaría un ejemplo más completo.,suficiente,2026-03-21T07:24:00,RV-VAC-0080-1,CV-VAC-0080-1,synthetic,SYN-014030
ASM-02386,SES-01109,APP-00625,CRI-0381,EV-S2-04,2,10,[SINTÉTICO] Nivel 2: la evidencia registrada corresponde al descriptor; para el nivel 3 faltaría un ejemplo más completo.,suficiente,2026-03-21T07:24:00,RV-VAC-0080-1,CV-VAC-0080-1,synthetic,SYN-014033
ASM-02387,SES-01110,APP-00625,CRI-0379,EV-S2-02,2,10,[SINTÉTICO] Nivel 2: la evidencia registrada corresponde al descriptor; para el nivel 3 faltaría un ejemplo más completo.,suficiente,2026-03-19T07:24:00,RV-VAC-0080-1,CV-VAC-0080-1,synthetic,SYN-014037
ASM-02388,SES-01110,APP-00625,CRI-0380,EV-S2-02,1,5,[SINTÉTICO] Nivel 1: la evidencia registrada corresponde al descriptor; para el nivel 2 faltaría un ejemplo más completo.,parcial,2026-03-19T07:24:00,RV-VAC-0080-1,CV-VAC-0080-1,synthetic,SYN-014041
ASM-02389,SES-01110,APP-00625,CRI-0381,EV-S2-02,2,10,[SINTÉTICO] Nivel 2: la evidencia registrada corresponde al descriptor; para el nivel 3 faltaría un ejemplo más completo.,suficiente,2026-03-19T07:24:00,RV-VAC-0080-1,CV-VAC-0080-1,synthetic,SYN-014043
ASM-02390,SES-01111,APP-00625,CRI-0382,EV-S2-04,2,10,[SINTÉTICO] Nivel 2: la evidencia registrada corresponde al descriptor; para el nivel 3 faltaría un ejemplo más completo.,suficiente,2026-03-19T13:00:00,RV-VAC-0080-1,CV-VAC-0080-1,synthetic,SYN-014046
ASM-02391,SES-01111,APP-00625,CRI-0383,EV-S2-04,2,10,[SINTÉTICO] Nivel 2: la evidencia registrada corresponde al descriptor; para el nivel 3 faltaría un ejemplo más completo.,suficiente,2026-03-19T13:00:00,RV-VAC-0080-1,CV-VAC-0080-1,synthetic,SYN-014049
ASM-02392,SES-01112,APP-00626,CRI-0379,EV-S2-03,1,5,[SINTÉTICO] Nivel 1: la evidencia registrada corresponde al descriptor; para el nivel 2 faltaría un ejemplo más completo.,suficiente,2026-03-07T22:11:00,RV-VAC-0080-1,CV-VAC-0080-1,synthetic,SYN-014054
ASM-02393,SES-01112,APP-00626,CRI-0380,EV-S2-03,1,5,[SINTÉTICO] Nivel 1: la evidencia registrada corresponde al descriptor; para el nivel 2 faltaría un ejemplo más completo.,insuficiente,2026-03-07T22:11:00,RV-VAC-0080-1,CV-VAC-0080-1,synthetic,SYN-014057
ASM-02394,SES-01112,APP-00626,CRI-0381,EV-S2-03,1,5,[SINTÉTICO] Nivel 1: la evidencia registrada corresponde al descriptor; para el nivel 2 faltaría un ejemplo más completo.,suficiente,2026-03-07T22:11:00,RV-VAC-0080-1,CV-VAC-0080-1,synthetic,SYN-014058
ASM-02395,SES-01113,APP-00626,CRI-0382,EV-S2-01,1,5,[SINTÉTICO] Nivel 1: la evidencia registrada corresponde al descriptor; para el nivel 2 faltaría un ejemplo más completo.,suficiente,2026-03-22T18:00:00,RV-VAC-0080-1,CV-VAC-0080-1,synthetic,SYN-014062
ASM-02396,SES-01113,APP-00626,CRI-0383,EV-S2-01,1,5,[SINTÉTICO] Nivel 1: la evidencia registrada corresponde al descriptor; para el nivel 2 faltaría un ejemplo más completo.,suficiente,2026-03-22T18:00:00,RV-VAC-0080-1,CV-VAC-0080-1,synthetic,SYN-014064
ASM-02397,SES-01114,APP-00627,CRI-0379,EV-S2-02,2,10,[SINTÉTICO] Nivel 2: la evidencia registrada corresponde al descriptor; para el nivel 3 faltaría un ejemplo más completo.,suficiente,2026-03-18T19:33:00,RV-VAC-0080-1,CV-VAC-0080-1,synthetic,SYN-014067
ASM-02398,SES-01114,APP-00627,CRI-0380,EV-S2-02,2,10,[SINTÉTICO] Nivel 2: la evidencia registrada corresponde al descriptor; para el nivel 3 faltaría un ejemplo más completo.,suficiente,2026-03-18T19:33:00,RV-VAC-0080-1,CV-VAC-0080-1,synthetic,SYN-014070
ASM-02399,SES-01114,APP-00627,CRI-0381,EV-S2-02,2,10,[SINTÉTICO] Nivel 2: la evidencia registrada corresponde al descriptor; para el nivel 3 faltaría un ejemplo más completo.,parcial,2026-03-18T19:33:00,RV-VAC-0080-1,CV-VAC-0080-1,synthetic,SYN-014073
ASM-02400,SES-01115,APP-00627,CRI-0382,EV-S2-02,3,15,[SINTÉTICO] Nivel 3: la evidencia registrada corresponde al descriptor; para el nivel 4 faltaría un ejemplo más completo.,suficiente,2026-03-19T21:00:00,RV-VAC-0080-1,CV-VAC-0080-1,synthetic,SYN-014078
ASM-02401,SES-01115,APP-00627,CRI-0383,EV-S2-02,3,15,[SINTÉTICO] Nivel 3: la evidencia registrada corresponde al descriptor; para el nivel 4 faltaría un ejemplo más completo.,suficiente,2026-03-19T21:00:00,RV-VAC-0080-1,CV-VAC-0080-1,synthetic,SYN-014081
ASM-02402,SES-01116,APP-00628,CRI-0379,EV-S2-04,4,20,[SINTÉTICO] Nivel 4: la evidencia registrada corresponde al descriptor; para el nivel 4 faltaría un ejemplo más completo.,suficiente,2026-03-17T17:50:00,RV-VAC-0080-1,CV-VAC-0080-1,synthetic,SYN-014085
ASM-02403,SES-01116,APP-00628,CRI-0380,EV-S2-04,4,20,[SINTÉTICO] Nivel 4: la evidencia registrada corresponde al descriptor; para el nivel 4 faltaría un ejemplo más completo.,parcial,2026-03-17T17:50:00,RV-VAC-0080-1,CV-VAC-0080-1,synthetic,SYN-014088
ASM-02404,SES-01116,APP-00628,CRI-0381,EV-S2-04,4,20,[SINTÉTICO] Nivel 4: la evidencia registrada corresponde al descriptor; para el nivel 4 faltaría un ejemplo más completo.,suficiente,2026-03-17T17:50:00,RV-VAC-0080-1,CV-VAC-0080-1,synthetic,SYN-014092
ASM-02405,SES-01117,APP-00629,CRI-0379,EV-S2-04,4,20,[SINTÉTICO] Nivel 4: la evidencia registrada corresponde al descriptor; para el nivel 4 faltaría un ejemplo más completo.,parcial,2026-03-14T20:16:00,RV-VAC-0080-1,CV-VAC-0080-1,synthetic,SYN-014098
ASM-02406,SES-01117,APP-00629,CRI-0380,EV-S2-04,4,20,[SINTÉTICO] Nivel 4: la evidencia registrada corresponde al descriptor; para el nivel 4 faltaría un ejemplo más completo.,parcial,2026-03-14T20:16:00,RV-VAC-0080-1,CV-VAC-0080-1,synthetic,SYN-014102
ASM-02407,SES-01117,APP-00629,CRI-0381,EV-S2-04,4,20,[SINTÉTICO] Nivel 4: la evidencia registrada corresponde al descriptor; para el nivel 4 faltaría un ejemplo más completo.,parcial,2026-03-14T20:16:00,RV-VAC-0080-1,CV-VAC-0080-1,synthetic,SYN-014105
ASM-02408,SES-01118,APP-00629,CRI-0382,EV-S2-04,4,20,[SINTÉTICO] Nivel 4: la evidencia registrada corresponde al descriptor; para el nivel 4 faltaría un ejemplo más completo.,suficiente,2026-03-22T16:00:00,RV-VAC-0080-1,CV-VAC-0080-1,synthetic,SYN-014109
ASM-02409,SES-01118,APP-00629,CRI-0383,EV-S2-04,4,20,[SINTÉTICO] Nivel 4: la evidencia registrada corresponde al descriptor; para el nivel 4 faltaría un ejemplo más completo.,parcial,2026-03-22T16:00:00,RV-VAC-0080-1,CV-VAC-0080-1,synthetic,SYN-014112
ASM-02410,SES-01119,APP-00630,CRI-0384,EV-S3-02,3,15,[SINTÉTICO] Nivel 3: la evidencia registrada corresponde al descriptor; para el nivel 4 faltaría un ejemplo más completo.,suficiente,2026-08-24T05:54:00,RV-VAC-0081-1,CV-VAC-0081-1,synthetic,SYN-014115
ASM-02411,SES-01119,APP-00630,CRI-0385,EV-S3-02,2,10,[SINTÉTICO] Nivel 2: la evidencia registrada corresponde al descriptor; para el nivel 3 faltaría un ejemplo más completo.,suficiente,2026-08-24T05:54:00,RV-VAC-0081-1,CV-VAC-0081-1,synthetic,SYN-014119
ASM-02412,SES-01119,APP-00630,CRI-0386,EV-S3-02,2,10,[SINTÉTICO] Nivel 2: la evidencia registrada corresponde al descriptor; para el nivel 3 faltaría un ejemplo más completo.,suficiente,2026-08-24T05:54:00,RV-VAC-0081-1,CV-VAC-0081-1,synthetic,SYN-014122
ASM-02413,SES-01120,APP-00630,CRI-0384,EV-S3-04,3,15,[SINTÉTICO] Nivel 3: la evidencia registrada corresponde al descriptor; para el nivel 4 faltaría un ejemplo más completo.,suficiente,2026-08-26T03:54:00,RV-VAC-0081-1,CV-VAC-0081-1,synthetic,SYN-014126
ASM-02414,SES-01120,APP-00630,CRI-0385,EV-S3-04,2,10,[SINTÉTICO] Nivel 2: la evidencia registrada corresponde al descriptor; para el nivel 3 faltaría un ejemplo más completo.,suficiente,2026-08-26T03:54:00,RV-VAC-0081-1,CV-VAC-0081-1,synthetic,SYN-014130
ASM-02415,SES-01120,APP-00630,CRI-0386,EV-S3-04,1,5,[SINTÉTICO] Nivel 1: la evidencia registrada corresponde al descriptor; para el nivel 2 faltaría un ejemplo más completo.,suficiente,2026-08-26T03:54:00,RV-VAC-0081-1,CV-VAC-0081-1,synthetic,SYN-014133
ASM-02416,SES-01121,APP-00630,CRI-0387,EV-S3-04,3,15,[SINTÉTICO] Nivel 3: la evidencia registrada corresponde al descriptor; para el nivel 4 faltaría un ejemplo más completo.,suficiente,2026-08-24T12:00:00,RV-VAC-0081-1,CV-VAC-0081-1,synthetic,SYN-014137
ASM-02417,SES-01121,APP-00630,CRI-0388,EV-S3-04,3,15,[SINTÉTICO] Nivel 3: la evidencia registrada corresponde al descriptor; para el nivel 4 faltaría un ejemplo más completo.,suficiente,2026-08-24T12:00:00,RV-VAC-0081-1,CV-VAC-0081-1,synthetic,SYN-014141
ASM-02418,SES-01122,APP-00631,CRI-0384,EV-S3-02,3,15,[SINTÉTICO] Nivel 3: la evidencia registrada corresponde al descriptor; para el nivel 4 faltaría un ejemplo más completo.,suficiente,2026-09-01T00:58:00,RV-VAC-0081-1,CV-VAC-0081-1,synthetic,SYN-014146
ASM-02419,SES-01122,APP-00631,CRI-0385,EV-S3-02,3,15,[SINTÉTICO] Nivel 3: la evidencia registrada corresponde al descriptor; para el nivel 4 faltaría un ejemplo más completo.,parcial,2026-09-01T00:58:00,RV-VAC-0081-1,CV-VAC-0081-1,synthetic,SYN-014148
ASM-02420,SES-01122,APP-00631,CRI-0386,EV-S3-02,1,5,[SINTÉTICO] Nivel 1: la evidencia registrada corresponde al descriptor; para el nivel 2 faltaría un ejemplo más completo.,suficiente,2026-09-01T00:58:00,RV-VAC-0081-1,CV-VAC-0081-1,synthetic,SYN-014151
ASM-02421,SES-01123,APP-00631,CRI-0387,EV-S3-02,2,10,[SINTÉTICO] Nivel 2: la evidencia registrada corresponde al descriptor; para el nivel 3 faltaría un ejemplo más completo.,suficiente,2026-08-30T16:00:00,RV-VAC-0081-1,CV-VAC-0081-1,synthetic,SYN-014155
ASM-02422,SES-01123,APP-00631,CRI-0388,EV-S3-02,1,5,[SINTÉTICO] Nivel 1: la evidencia registrada corresponde al descriptor; para el nivel 2 faltaría un ejemplo más completo.,suficiente,2026-08-30T16:00:00,RV-VAC-0081-1,CV-VAC-0081-1,synthetic,SYN-014158
ASM-02423,SES-01124,APP-00632,CRI-0389,EV-S1-04,2,10,[SINTÉTICO] Nivel 2: la evidencia registrada corresponde al descriptor; para el nivel 3 faltaría un ejemplo más completo.,parcial,2026-06-19T04:04:00,RV-VAC-0082-1,CV-VAC-0082-1,synthetic,SYN-014162
ASM-02424,SES-01124,APP-00632,CRI-0390,EV-S1-04,4,20,[SINTÉTICO] Nivel 4: la evidencia registrada corresponde al descriptor; para el nivel 4 faltaría un ejemplo más completo.,parcial,2026-06-19T04:04:00,RV-VAC-0082-1,CV-VAC-0082-1,synthetic,SYN-014166
ASM-02425,SES-01125,APP-00632,CRI-0391,EV-S1-02,3,15,[SINTÉTICO] Nivel 3: la evidencia registrada corresponde al descriptor; para el nivel 4 faltaría un ejemplo más completo.,parcial,2026-07-04T00:00:00,RV-VAC-0082-1,CV-VAC-0082-1,synthetic,SYN-014169
ASM-02426,SES-01125,APP-00632,CRI-0392,EV-S1-02,3,15,[SINTÉTICO] Nivel 3: la evidencia registrada corresponde al descriptor; para el nivel 4 faltaría un ejemplo más completo.,insuficiente,2026-07-04T00:00:00,RV-VAC-0082-1,CV-VAC-0082-1,synthetic,SYN-014171
ASM-02427,SES-01126,APP-00633,CRI-0389,EV-S1-03,1,5,[SINTÉTICO] Nivel 1: la evidencia registrada corresponde al descriptor; para el nivel 2 faltaría un ejemplo más completo.,suficiente,2026-06-15T15:08:00,RV-VAC-0082-1,CV-VAC-0082-1,synthetic,SYN-014173
ASM-02428,SES-01126,APP-00633,CRI-0390,EV-S1-03,1,5,[SINTÉTICO] Nivel 1: la evidencia registrada corresponde al descriptor; para el nivel 2 faltaría un ejemplo más completo.,suficiente,2026-06-15T15:08:00,RV-VAC-0082-1,CV-VAC-0082-1,synthetic,SYN-014176
ASM-02429,SES-01127,APP-00633,CRI-0391,EV-S1-02,2,10,[SINTÉTICO] Nivel 2: la evidencia registrada corresponde al descriptor; para el nivel 3 faltaría un ejemplo más completo.,suficiente,2026-07-06T23:00:00,RV-VAC-0082-1,CV-VAC-0082-1,synthetic,SYN-014181
ASM-02430,SES-01127,APP-00633,CRI-0392,EV-S1-02,1,5,[SINTÉTICO] Nivel 1: la evidencia registrada corresponde al descriptor; para el nivel 2 faltaría un ejemplo más completo.,suficiente,2026-07-06T23:00:00,RV-VAC-0082-1,CV-VAC-0082-1,synthetic,SYN-014184
ASM-02431,SES-01128,APP-00634,CRI-0389,EV-S1-03,4,20,[SINTÉTICO] Nivel 4: la evidencia registrada corresponde al descriptor; para el nivel 4 faltaría un ejemplo más completo.,parcial,2026-06-24T00:12:00,RV-VAC-0082-1,CV-VAC-0082-1,synthetic,SYN-014187
ASM-02432,SES-01128,APP-00634,CRI-0390,EV-S1-03,4,20,[SINTÉTICO] Nivel 4: la evidencia registrada corresponde al descriptor; para el nivel 4 faltaría un ejemplo más completo.,parcial,2026-06-24T00:12:00,RV-VAC-0082-1,CV-VAC-0082-1,synthetic,SYN-014190
ASM-02433,SES-01129,APP-00634,CRI-0391,EV-S1-02,4,20,[SINTÉTICO] Nivel 4: la evidencia registrada corresponde al descriptor; para el nivel 4 faltaría un ejemplo más completo.,suficiente,2026-06-24T17:00:00,RV-VAC-0082-1,CV-VAC-0082-1,synthetic,SYN-014194
ASM-02434,SES-01129,APP-00634,CRI-0392,EV-S1-02,4,20,[SINTÉTICO] Nivel 4: la evidencia registrada corresponde al descriptor; para el nivel 4 faltaría un ejemplo más completo.,suficiente,2026-06-24T17:00:00,RV-VAC-0082-1,CV-VAC-0082-1,synthetic,SYN-014196
ASM-02435,SES-01130,APP-00635,CRI-0389,EV-S1-04,2,10,[SINTÉTICO] Nivel 2: la evidencia registrada corresponde al descriptor; para el nivel 3 faltaría un ejemplo más completo.,parcial,2026-06-29T12:31:00,RV-VAC-0082-1,CV-VAC-0082-1,synthetic,SYN-014200
ASM-02436,SES-01130,APP-00635,CRI-0390,EV-S1-04,2,10,[SINTÉTICO] Nivel 2: la evidencia registrada corresponde al descriptor; para el nivel 3 faltaría un ejemplo más completo.,parcial,2026-06-29T12:31:00,RV-VAC-0082-1,CV-VAC-0082-1,synthetic,SYN-014202
ASM-02437,SES-01134,APP-00637,CRI-0393,EV-S2-03,2,10,[SINTÉTICO] Nivel 2: la evidencia registrada corresponde al descriptor; para el nivel 3 faltaría un ejemplo más completo.,suficiente,2026-04-05T09:39:00,RV-VAC-0083-1,CV-VAC-0083-1,synthetic,SYN-014212
ASM-02438,SES-01134,APP-00637,CRI-0394,EV-S2-03,2,10,[SINTÉTICO] Nivel 2: la evidencia registrada corresponde al descriptor; para el nivel 3 faltaría un ejemplo más completo.,suficiente,2026-04-05T09:39:00,RV-VAC-0083-1,CV-VAC-0083-1,synthetic,SYN-014215
ASM-02439,SES-01134,APP-00637,CRI-0395,EV-S2-03,2,10,[SINTÉTICO] Nivel 2: la evidencia registrada corresponde al descriptor; para el nivel 3 faltaría un ejemplo más completo.,suficiente,2026-04-05T09:39:00,RV-VAC-0083-1,CV-VAC-0083-1,synthetic,SYN-014218
ASM-02440,SES-01135,APP-00637,CRI-0393,EV-S2-04,4,20,[SINTÉTICO] Nivel 4: la evidencia registrada corresponde al descriptor; para el nivel 4 faltaría un ejemplo más completo.,insuficiente,2026-04-09T14:39:00,RV-VAC-0083-1,CV-VAC-0083-1,synthetic,SYN-014222
ASM-02441,SES-01135,APP-00637,CRI-0394,EV-S2-04,2,10,[SINTÉTICO] Nivel 2: la evidencia registrada corresponde al descriptor; para el nivel 3 faltaría un ejemplo más completo.,parcial,2026-04-09T14:39:00,RV-VAC-0083-1,CV-VAC-0083-1,synthetic,SYN-014223
ASM-02442,SES-01135,APP-00637,CRI-0395,EV-S2-04,3,15,[SINTÉTICO] Nivel 3: la evidencia registrada corresponde al descriptor; para el nivel 4 faltaría un ejemplo más completo.,suficiente,2026-04-09T14:39:00,RV-VAC-0083-1,CV-VAC-0083-1,synthetic,SYN-014225
ASM-02443,SES-01137,APP-00638,CRI-0393,EV-S2-03,1,5,[SINTÉTICO] Nivel 1: la evidencia registrada corresponde al descriptor; para el nivel 2 faltaría un ejemplo más completo.,suficiente,2026-04-05T22:39:00,RV-VAC-0083-1,CV-VAC-0083-1,synthetic,SYN-014232
ASM-02444,SES-01137,APP-00638,CRI-0394,EV-S2-03,2,10,[SINTÉTICO] Nivel 2: la evidencia registrada corresponde al descriptor; para el nivel 3 faltaría un ejemplo más completo.,suficiente,2026-04-05T22:39:00,RV-VAC-0083-1,CV-VAC-0083-1,synthetic,SYN-014235
ASM-02445,SES-01137,APP-00638,CRI-0395,EV-S2-03,2,10,[SINTÉTICO] Nivel 2: la evidencia registrada corresponde al descriptor; para el nivel 3 faltaría un ejemplo más completo.,insuficiente,2026-04-05T22:39:00,RV-VAC-0083-1,CV-VAC-0083-1,synthetic,SYN-014238
ASM-02446,SES-01138,APP-00638,CRI-0393,EV-S2-01,1,5,[SINTÉTICO] Nivel 1: la evidencia registrada corresponde al descriptor; para el nivel 2 faltaría un ejemplo más completo.,suficiente,2026-04-09T19:39:00,RV-VAC-0083-1,CV-VAC-0083-1,synthetic,SYN-014240
ASM-02447,SES-01138,APP-00638,CRI-0394,EV-S2-01,2,10,[SINTÉTICO] Nivel 2: la evidencia registrada corresponde al descriptor; para el nivel 3 faltaría un ejemplo más completo.,suficiente,2026-04-09T19:39:00,RV-VAC-0083-1,CV-VAC-0083-1,synthetic,SYN-014243
ASM-02448,SES-01138,APP-00638,CRI-0395,EV-S2-01,2,10,[SINTÉTICO] Nivel 2: la evidencia registrada corresponde al descriptor; para el nivel 3 faltaría un ejemplo más completo.,suficiente,2026-04-09T19:39:00,RV-VAC-0083-1,CV-VAC-0083-1,synthetic,SYN-014245
ASM-02449,SES-01139,APP-00638,CRI-0396,EV-S2-03,1,5,[SINTÉTICO] Nivel 1: la evidencia registrada corresponde al descriptor; para el nivel 2 faltaría un ejemplo más completo.,parcial,2026-04-09T18:00:00,RV-VAC-0083-1,CV-VAC-0083-1,synthetic,SYN-014249
ASM-02450,SES-01139,APP-00638,CRI-0397,EV-S2-03,2,10,[SINTÉTICO] Nivel 2: la evidencia registrada corresponde al descriptor; para el nivel 3 faltaría un ejemplo más completo.,suficiente,2026-04-09T18:00:00,RV-VAC-0083-1,CV-VAC-0083-1,synthetic,SYN-014251
ASM-02451,SES-01140,APP-00639,CRI-0393,EV-S2-01,4,20,[SINTÉTICO] Nivel 4: la evidencia registrada corresponde al descriptor; para el nivel 4 faltaría un ejemplo más completo.,suficiente,2026-04-06T00:57:00,RV-VAC-0083-1,CV-VAC-0083-1,synthetic,SYN-014254
ASM-02452,SES-01140,APP-00639,CRI-0394,EV-S2-01,4,20,[SINTÉTICO] Nivel 4: la evidencia registrada corresponde al descriptor; para el nivel 4 faltaría un ejemplo más completo.,suficiente,2026-04-06T00:57:00,RV-VAC-0083-1,CV-VAC-0083-1,synthetic,SYN-014257
ASM-02453,SES-01140,APP-00639,CRI-0395,EV-S2-01,4,20,[SINTÉTICO] Nivel 4: la evidencia registrada corresponde al descriptor; para el nivel 4 faltaría un ejemplo más completo.,suficiente,2026-04-06T00:57:00,RV-VAC-0083-1,CV-VAC-0083-1,synthetic,SYN-014261
ASM-02454,SES-01141,APP-00639,CRI-0396,EV-S2-04,4,20,[SINTÉTICO] Nivel 4: la evidencia registrada corresponde al descriptor; para el nivel 4 faltaría un ejemplo más completo.,parcial,2026-04-09T16:00:00,RV-VAC-0083-1,CV-VAC-0083-1,synthetic,SYN-014264
ASM-02455,SES-01141,APP-00639,CRI-0397,EV-S2-04,4,20,[SINTÉTICO] Nivel 4: la evidencia registrada corresponde al descriptor; para el nivel 4 faltaría un ejemplo más completo.,suficiente,2026-04-09T16:00:00,RV-VAC-0083-1,CV-VAC-0083-1,synthetic,SYN-014267
ASM-02456,SES-01142,APP-00640,CRI-0393,EV-S2-01,4,20,[SINTÉTICO] Nivel 4: la evidencia registrada corresponde al descriptor; para el nivel 4 faltaría un ejemplo más completo.,suficiente,2026-04-07T21:14:00,RV-VAC-0083-1,CV-VAC-0083-1,synthetic,SYN-014270
ASM-02457,SES-01142,APP-00640,CRI-0394,EV-S2-01,3,15,[SINTÉTICO] Nivel 3: la evidencia registrada corresponde al descriptor; para el nivel 4 faltaría un ejemplo más completo.,parcial,2026-04-07T21:14:00,RV-VAC-0083-1,CV-VAC-0083-1,synthetic,SYN-014273
ASM-02458,SES-01142,APP-00640,CRI-0395,EV-S2-01,4,20,[SINTÉTICO] Nivel 4: la evidencia registrada corresponde al descriptor; para el nivel 4 faltaría un ejemplo más completo.,parcial,2026-04-07T21:14:00,RV-VAC-0083-1,CV-VAC-0083-1,synthetic,SYN-014276
ASM-02459,SES-01143,APP-00641,CRI-0393,EV-S2-03,4,20,[SINTÉTICO] Nivel 4: la evidencia registrada corresponde al descriptor; para el nivel 4 faltaría un ejemplo más completo.,parcial,2026-04-05T13:53:00,RV-VAC-0083-1,CV-VAC-0083-1,synthetic,SYN-014279
ASM-02460,SES-01143,APP-00641,CRI-0394,EV-S2-03,4,20,[SINTÉTICO] Nivel 4: la evidencia registrada corresponde al descriptor; para el nivel 4 faltaría un ejemplo más completo.,suficiente,2026-04-05T13:53:00,RV-VAC-0083-1,CV-VAC-0083-1,synthetic,SYN-014281
ASM-02461,SES-01143,APP-00641,CRI-0395,EV-S2-03,4,20,[SINTÉTICO] Nivel 4: la evidencia registrada corresponde al descriptor; para el nivel 4 faltaría un ejemplo más completo.,parcial,2026-04-05T13:53:00,RV-VAC-0083-1,CV-VAC-0083-1,synthetic,SYN-014284
ASM-02462,SES-01144,APP-00641,CRI-0396,EV-S2-03,3,15,[SINTÉTICO] Nivel 3: la evidencia registrada corresponde al descriptor; para el nivel 4 faltaría un ejemplo más completo.,suficiente,2026-04-09T15:00:00,RV-VAC-0083-1,CV-VAC-0083-1,synthetic,SYN-014287
ASM-02463,SES-01144,APP-00641,CRI-0397,EV-S2-03,4,20,[SINTÉTICO] Nivel 4: la evidencia registrada corresponde al descriptor; para el nivel 4 faltaría un ejemplo más completo.,parcial,2026-04-09T15:00:00,RV-VAC-0083-1,CV-VAC-0083-1,synthetic,SYN-014290
ASM-02464,SES-01145,APP-00642,CRI-0393,EV-S2-04,1,5,[SINTÉTICO] Nivel 1: la evidencia registrada corresponde al descriptor; para el nivel 2 faltaría un ejemplo más completo.,suficiente,2026-04-02T20:41:00,RV-VAC-0083-1,CV-VAC-0083-1,synthetic,SYN-014293
ASM-02465,SES-01145,APP-00642,CRI-0394,EV-S2-04,1,5,[SINTÉTICO] Nivel 1: la evidencia registrada corresponde al descriptor; para el nivel 2 faltaría un ejemplo más completo.,suficiente,2026-04-02T20:41:00,RV-VAC-0083-1,CV-VAC-0083-1,synthetic,SYN-014295
ASM-02466,SES-01145,APP-00642,CRI-0395,EV-S2-04,2,10,[SINTÉTICO] Nivel 2: la evidencia registrada corresponde al descriptor; para el nivel 3 faltaría un ejemplo más completo.,parcial,2026-04-02T20:41:00,RV-VAC-0083-1,CV-VAC-0083-1,synthetic,SYN-014299
ASM-02467,SES-01146,APP-00642,CRI-0396,EV-S2-01,1,5,[SINTÉTICO] Nivel 1: la evidencia registrada corresponde al descriptor; para el nivel 2 faltaría un ejemplo más completo.,suficiente,2026-04-07T20:00:00,RV-VAC-0083-1,CV-VAC-0083-1,synthetic,SYN-014302
ASM-02468,SES-01146,APP-00642,CRI-0397,EV-S2-01,1,5,[SINTÉTICO] Nivel 1: la evidencia registrada corresponde al descriptor; para el nivel 2 faltaría un ejemplo más completo.,parcial,2026-04-07T20:00:00,RV-VAC-0083-1,CV-VAC-0083-1,synthetic,SYN-014305
ASM-02469,SES-01147,APP-00643,CRI-0393,EV-S2-03,4,20,[SINTÉTICO] Nivel 4: la evidencia registrada corresponde al descriptor; para el nivel 4 faltaría un ejemplo más completo.,suficiente,2026-03-29T09:17:00,RV-VAC-0083-1,CV-VAC-0083-1,synthetic,SYN-014308
ASM-02470,SES-01147,APP-00643,CRI-0394,EV-S2-03,3,15,[SINTÉTICO] Nivel 3: la evidencia registrada corresponde al descriptor; para el nivel 4 faltaría un ejemplo más completo.,suficiente,2026-03-29T09:17:00,RV-VAC-0083-1,CV-VAC-0083-1,synthetic,SYN-014310
ASM-02471,SES-01147,APP-00643,CRI-0395,EV-S2-03,2,10,[SINTÉTICO] Nivel 2: la evidencia registrada corresponde al descriptor; para el nivel 3 faltaría un ejemplo más completo.,parcial,2026-03-29T09:17:00,RV-VAC-0083-1,CV-VAC-0083-1,synthetic,SYN-014312
ASM-02472,SES-01148,APP-00643,CRI-0396,EV-S2-04,4,20,[SINTÉTICO] Nivel 4: la evidencia registrada corresponde al descriptor; para el nivel 4 faltaría un ejemplo más completo.,parcial,2026-04-04T20:00:00,RV-VAC-0083-1,CV-VAC-0083-1,synthetic,SYN-014316
ASM-02473,SES-01148,APP-00643,CRI-0397,EV-S2-04,3,15,[SINTÉTICO] Nivel 3: la evidencia registrada corresponde al descriptor; para el nivel 4 faltaría un ejemplo más completo.,parcial,2026-04-04T20:00:00,RV-VAC-0083-1,CV-VAC-0083-1,synthetic,SYN-014319
ASM-02474,SES-01149,APP-00644,CRI-0393,EV-S2-02,4,20,[SINTÉTICO] Nivel 4: la evidencia registrada corresponde al descriptor; para el nivel 4 faltaría un ejemplo más completo.,suficiente,2026-03-28T01:00:00,RV-VAC-0083-1,CV-VAC-0083-1,synthetic,SYN-014322
ASM-02475,SES-01149,APP-00644,CRI-0394,EV-S2-02,3,15,[SINTÉTICO] Nivel 3: la evidencia registrada corresponde al descriptor; para el nivel 4 faltaría un ejemplo más completo.,suficiente,2026-03-28T01:00:00,RV-VAC-0083-1,CV-VAC-0083-1,synthetic,SYN-014326
ASM-02476,SES-01149,APP-00644,CRI-0395,EV-S2-02,3,15,[SINTÉTICO] Nivel 3: la evidencia registrada corresponde al descriptor; para el nivel 4 faltaría un ejemplo más completo.,suficiente,2026-03-28T01:00:00,RV-VAC-0083-1,CV-VAC-0083-1,synthetic,SYN-014328
ASM-02477,SES-01150,APP-00645,CRI-0393,EV-S2-02,4,20,[SINTÉTICO] Nivel 4: la evidencia registrada corresponde al descriptor; para el nivel 4 faltaría un ejemplo más completo.,parcial,2026-03-31T21:46:00,RV-VAC-0083-1,CV-VAC-0083-1,synthetic,SYN-014332
ASM-02478,SES-01150,APP-00645,CRI-0394,EV-S2-02,4,20,[SINTÉTICO] Nivel 4: la evidencia registrada corresponde al descriptor; para el nivel 4 faltaría un ejemplo más completo.,suficiente,2026-03-31T21:46:00,RV-VAC-0083-1,CV-VAC-0083-1,synthetic,SYN-014334
ASM-02479,SES-01150,APP-00645,CRI-0395,EV-S2-02,4,20,[SINTÉTICO] Nivel 4: la evidencia registrada corresponde al descriptor; para el nivel 4 faltaría un ejemplo más completo.,parcial,2026-03-31T21:46:00,RV-VAC-0083-1,CV-VAC-0083-1,synthetic,SYN-014338
ASM-02480,SES-01151,APP-00645,CRI-0393,EV-S2-03,4,20,[SINTÉTICO] Nivel 4: la evidencia registrada corresponde al descriptor; para el nivel 4 faltaría un ejemplo más completo.,suficiente,2026-04-06T13:46:00,RV-VAC-0083-1,CV-VAC-0083-1,synthetic,SYN-014341
ASM-02481,SES-01151,APP-00645,CRI-0394,EV-S2-03,4,20,[SINTÉTICO] Nivel 4: la evidencia registrada corresponde al descriptor; para el nivel 4 faltaría un ejemplo más completo.,suficiente,2026-04-06T13:46:00,RV-VAC-0083-1,CV-VAC-0083-1,synthetic,SYN-014345
ASM-02482,SES-01151,APP-00645,CRI-0395,EV-S2-03,4,20,[SINTÉTICO] Nivel 4: la evidencia registrada corresponde al descriptor; para el nivel 4 faltaría un ejemplo más completo.,suficiente,2026-04-06T13:46:00,RV-VAC-0083-1,CV-VAC-0083-1,synthetic,SYN-014347
ASM-02483,SES-01152,APP-00646,CRI-0393,EV-S2-04,4,20,[SINTÉTICO] Nivel 4: la evidencia registrada corresponde al descriptor; para el nivel 4 faltaría un ejemplo más completo.,parcial,2026-04-08T05:00:00,RV-VAC-0083-1,CV-VAC-0083-1,synthetic,SYN-014350
ASM-02484,SES-01152,APP-00646,CRI-0394,EV-S2-04,4,20,[SINTÉTICO] Nivel 4: la evidencia registrada corresponde al descriptor; para el nivel 4 faltaría un ejemplo más completo.,suficiente,2026-04-08T05:00:00,RV-VAC-0083-1,CV-VAC-0083-1,synthetic,SYN-014352
ASM-02485,SES-01152,APP-00646,CRI-0395,EV-S2-04,4,20,[SINTÉTICO] Nivel 4: la evidencia registrada corresponde al descriptor; para el nivel 4 faltaría un ejemplo más completo.,suficiente,2026-04-08T05:00:00,RV-VAC-0083-1,CV-VAC-0083-1,synthetic,SYN-014354
ASM-02486,SES-01153,APP-00647,CRI-0393,EV-S2-01,2,10,[SINTÉTICO] Nivel 2: la evidencia registrada corresponde al descriptor; para el nivel 3 faltaría un ejemplo más completo.,parcial,2026-03-24T23:27:00,RV-VAC-0083-1,CV-VAC-0083-1,synthetic,SYN-014358
ASM-02487,SES-01153,APP-00647,CRI-0394,EV-S2-01,3,15,[SINTÉTICO] Nivel 3: la evidencia registrada corresponde al descriptor; para el nivel 4 faltaría un ejemplo más completo.,suficiente,2026-03-24T23:27:00,RV-VAC-0083-1,CV-VAC-0083-1,synthetic,SYN-014362
ASM-02488,SES-01153,APP-00647,CRI-0395,EV-S2-01,2,10,[SINTÉTICO] Nivel 2: la evidencia registrada corresponde al descriptor; para el nivel 3 faltaría un ejemplo más completo.,parcial,2026-03-24T23:27:00,RV-VAC-0083-1,CV-VAC-0083-1,synthetic,SYN-014364
ASM-02489,SES-01155,APP-00648,CRI-0393,EV-S2-02,4,20,[SINTÉTICO] Nivel 4: la evidencia registrada corresponde al descriptor; para el nivel 4 faltaría un ejemplo más completo.,suficiente,2026-04-01T05:05:00,RV-VAC-0083-1,CV-VAC-0083-1,synthetic,SYN-014370
ASM-02490,SES-01155,APP-00648,CRI-0394,EV-S2-02,4,20,[SINTÉTICO] Nivel 4: la evidencia registrada corresponde al descriptor; para el nivel 4 faltaría un ejemplo más completo.,parcial,2026-04-01T05:05:00,RV-VAC-0083-1,CV-VAC-0083-1,synthetic,SYN-014372
ASM-02491,SES-01155,APP-00648,CRI-0395,EV-S2-02,4,20,[SINTÉTICO] Nivel 4: la evidencia registrada corresponde al descriptor; para el nivel 4 faltaría un ejemplo más completo.,insuficiente,2026-04-01T05:05:00,RV-VAC-0083-1,CV-VAC-0083-1,synthetic,SYN-014375
ASM-02492,SES-01156,APP-00648,CRI-0396,EV-S2-02,4,20,[SINTÉTICO] Nivel 4: la evidencia registrada corresponde al descriptor; para el nivel 4 faltaría un ejemplo más completo.,suficiente,2026-04-15T17:00:00,RV-VAC-0083-1,CV-VAC-0083-1,synthetic,SYN-014378
ASM-02493,SES-01156,APP-00648,CRI-0397,EV-S2-02,4,20,[SINTÉTICO] Nivel 4: la evidencia registrada corresponde al descriptor; para el nivel 4 faltaría un ejemplo más completo.,suficiente,2026-04-15T17:00:00,RV-VAC-0083-1,CV-VAC-0083-1,synthetic,SYN-014380
ASM-02494,SES-01157,APP-00649,CRI-0393,EV-S2-01,3,15,[SINTÉTICO] Nivel 3: la evidencia registrada corresponde al descriptor; para el nivel 4 faltaría un ejemplo más completo.,parcial,2026-03-20T23:16:00,RV-VAC-0083-1,CV-VAC-0083-1,synthetic,SYN-014383
ASM-02495,SES-01157,APP-00649,CRI-0394,EV-S2-01,1,5,[SINTÉTICO] Nivel 1: la evidencia registrada corresponde al descriptor; para el nivel 2 faltaría un ejemplo más completo.,parcial,2026-03-20T23:16:00,RV-VAC-0083-1,CV-VAC-0083-1,synthetic,SYN-014385
ASM-02496,SES-01157,APP-00649,CRI-0395,EV-S2-01,2,10,[SINTÉTICO] Nivel 2: la evidencia registrada corresponde al descriptor; para el nivel 3 faltaría un ejemplo más completo.,insuficiente,2026-03-20T23:16:00,RV-VAC-0083-1,CV-VAC-0083-1,synthetic,SYN-014387
ASM-02497,SES-01158,APP-00649,CRI-0396,EV-S2-04,3,15,[SINTÉTICO] Nivel 3: la evidencia registrada corresponde al descriptor; para el nivel 4 faltaría un ejemplo más completo.,insuficiente,2026-04-02T19:00:00,RV-VAC-0083-1,CV-VAC-0083-1,synthetic,SYN-014389
ASM-02498,SES-01158,APP-00649,CRI-0397,EV-S2-04,2,10,[SINTÉTICO] Nivel 2: la evidencia registrada corresponde al descriptor; para el nivel 3 faltaría un ejemplo más completo.,parcial,2026-04-02T19:00:00,RV-VAC-0083-1,CV-VAC-0083-1,synthetic,SYN-014390
ASM-02499,SES-01159,APP-00650,CRI-0393,EV-S2-04,1,5,[SINTÉTICO] Nivel 1: la evidencia registrada corresponde al descriptor; para el nivel 2 faltaría un ejemplo más completo.,suficiente,2026-04-10T23:46:00,RV-VAC-0083-1,CV-VAC-0083-1,synthetic,SYN-014395
ASM-02500,SES-01159,APP-00650,CRI-0394,EV-S2-04,1,5,[SINTÉTICO] Nivel 1: la evidencia registrada corresponde al descriptor; para el nivel 2 faltaría un ejemplo más completo.,suficiente,2026-04-10T23:46:00,RV-VAC-0083-1,CV-VAC-0083-1,synthetic,SYN-014397
ASM-02501,SES-01159,APP-00650,CRI-0395,EV-S2-04,1,5,[SINTÉTICO] Nivel 1: la evidencia registrada corresponde al descriptor; para el nivel 2 faltaría un ejemplo más completo.,suficiente,2026-04-10T23:46:00,RV-VAC-0083-1,CV-VAC-0083-1,synthetic,SYN-014400
ASM-02502,SES-01160,APP-00651,CRI-0398,EV-S3-03,1,5,[SINTÉTICO] Nivel 1: la evidencia registrada corresponde al descriptor; para el nivel 2 faltaría un ejemplo más completo.,parcial,2026-06-25T07:24:00,RV-VAC-0084-1,CV-VAC-0084-1,synthetic,SYN-014404
ASM-02503,SES-01160,APP-00651,CRI-0399,EV-S3-03,1,5,[SINTÉTICO] Nivel 1: la evidencia registrada corresponde al descriptor; para el nivel 2 faltaría un ejemplo más completo.,parcial,2026-06-25T07:24:00,RV-VAC-0084-1,CV-VAC-0084-1,synthetic,SYN-014407
ASM-02504,SES-01161,APP-00651,CRI-0400,EV-S3-01,1,5,[SINTÉTICO] Nivel 1: la evidencia registrada corresponde al descriptor; para el nivel 2 faltaría un ejemplo más completo.,parcial,2026-07-03T18:00:00,RV-VAC-0084-1,CV-VAC-0084-1,synthetic,SYN-014410
ASM-02505,SES-01161,APP-00651,CRI-0401,EV-S3-01,1,5,[SINTÉTICO] Nivel 1: la evidencia registrada corresponde al descriptor; para el nivel 2 faltaría un ejemplo más completo.,suficiente,2026-07-03T18:00:00,RV-VAC-0084-1,CV-VAC-0084-1,synthetic,SYN-014412
ASM-02506,SES-01162,APP-00652,CRI-0398,EV-S3-01,4,20,[SINTÉTICO] Nivel 4: la evidencia registrada corresponde al descriptor; para el nivel 4 faltaría un ejemplo más completo.,insuficiente,2026-06-21T07:13:00,RV-VAC-0084-1,CV-VAC-0084-1,synthetic,SYN-014416
ASM-02507,SES-01162,APP-00652,CRI-0399,EV-S3-01,4,20,[SINTÉTICO] Nivel 4: la evidencia registrada corresponde al descriptor; para el nivel 4 faltaría un ejemplo más completo.,suficiente,2026-06-21T07:13:00,RV-VAC-0084-1,CV-VAC-0084-1,synthetic,SYN-014417
ASM-02508,SES-01163,APP-00652,CRI-0400,EV-S3-04,4,20,[SINTÉTICO] Nivel 4: la evidencia registrada corresponde al descriptor; para el nivel 4 faltaría un ejemplo más completo.,parcial,2026-06-28T21:00:00,RV-VAC-0084-1,CV-VAC-0084-1,synthetic,SYN-014420
ASM-02509,SES-01163,APP-00652,CRI-0401,EV-S3-04,4,20,[SINTÉTICO] Nivel 4: la evidencia registrada corresponde al descriptor; para el nivel 4 faltaría un ejemplo más completo.,suficiente,2026-06-28T21:00:00,RV-VAC-0084-1,CV-VAC-0084-1,synthetic,SYN-014422
ASM-02510,SES-01164,APP-00653,CRI-0398,EV-S3-04,3,15,[SINTÉTICO] Nivel 3: la evidencia registrada corresponde al descriptor; para el nivel 4 faltaría un ejemplo más completo.,parcial,2026-06-27T02:40:00,RV-VAC-0084-1,CV-VAC-0084-1,synthetic,SYN-014427
ASM-02511,SES-01164,APP-00653,CRI-0399,EV-S3-04,3,15,[SINTÉTICO] Nivel 3: la evidencia registrada corresponde al descriptor; para el nivel 4 faltaría un ejemplo más completo.,suficiente,2026-06-27T02:40:00,RV-VAC-0084-1,CV-VAC-0084-1,synthetic,SYN-014430
ASM-02512,SES-01165,APP-00654,CRI-0398,EV-S3-03,3,15,[SINTÉTICO] Nivel 3: la evidencia registrada corresponde al descriptor; para el nivel 4 faltaría un ejemplo más completo.,suficiente,2026-06-25T10:37:00,RV-VAC-0084-1,CV-VAC-0084-1,synthetic,SYN-014435
ASM-02513,SES-01165,APP-00654,CRI-0399,EV-S3-03,2,10,[SINTÉTICO] Nivel 2: la evidencia registrada corresponde al descriptor; para el nivel 3 faltaría un ejemplo más completo.,suficiente,2026-06-25T10:37:00,RV-VAC-0084-1,CV-VAC-0084-1,synthetic,SYN-014438
ASM-02514,SES-01166,APP-00654,CRI-0400,EV-S3-03,3,15,[SINTÉTICO] Nivel 3: la evidencia registrada corresponde al descriptor; para el nivel 4 faltaría un ejemplo más completo.,suficiente,2026-07-07T21:00:00,RV-VAC-0084-1,CV-VAC-0084-1,synthetic,SYN-014442
ASM-02515,SES-01166,APP-00654,CRI-0401,EV-S3-03,3,15,[SINTÉTICO] Nivel 3: la evidencia registrada corresponde al descriptor; para el nivel 4 faltaría un ejemplo más completo.,suficiente,2026-07-07T21:00:00,RV-VAC-0084-1,CV-VAC-0084-1,synthetic,SYN-014446
ASM-02516,SES-01169,APP-00658,CRI-0398,EV-S3-03,2,10,[SINTÉTICO] Nivel 2: la evidencia registrada corresponde al descriptor; para el nivel 3 faltaría un ejemplo más completo.,suficiente,2026-06-16T17:21:00,RV-VAC-0084-1,CV-VAC-0084-1,synthetic,SYN-014452
ASM-02517,SES-01169,APP-00658,CRI-0399,EV-S3-03,3,15,[SINTÉTICO] Nivel 3: la evidencia registrada corresponde al descriptor; para el nivel 4 faltaría un ejemplo más completo.,suficiente,2026-06-16T17:21:00,RV-VAC-0084-1,CV-VAC-0084-1,synthetic,SYN-014456
ASM-02518,SES-01170,APP-00659,CRI-0398,EV-S3-01,2,10,[SINTÉTICO] Nivel 2: la evidencia registrada corresponde al descriptor; para el nivel 3 faltaría un ejemplo más completo.,suficiente,2026-06-29T11:52:00,RV-VAC-0084-1,CV-VAC-0084-1,synthetic,SYN-014460
ASM-02519,SES-01170,APP-00659,CRI-0399,EV-S3-01,2,10,[SINTÉTICO] Nivel 2: la evidencia registrada corresponde al descriptor; para el nivel 3 faltaría un ejemplo más completo.,suficiente,2026-06-29T11:52:00,RV-VAC-0084-1,CV-VAC-0084-1,synthetic,SYN-014462
ASM-02520,SES-01171,APP-00659,CRI-0400,EV-S3-02,3,15,[SINTÉTICO] Nivel 3: la evidencia registrada corresponde al descriptor; para el nivel 4 faltaría un ejemplo más completo.,suficiente,2026-07-05T20:00:00,RV-VAC-0084-1,CV-VAC-0084-1,synthetic,SYN-014465
ASM-02521,SES-01171,APP-00659,CRI-0401,EV-S3-02,2,10,[SINTÉTICO] Nivel 2: la evidencia registrada corresponde al descriptor; para el nivel 3 faltaría un ejemplo más completo.,parcial,2026-07-05T20:00:00,RV-VAC-0084-1,CV-VAC-0084-1,synthetic,SYN-014468
ASM-02522,SES-01172,APP-00660,CRI-0398,EV-S3-04,3,15,[SINTÉTICO] Nivel 3: la evidencia registrada corresponde al descriptor; para el nivel 4 faltaría un ejemplo más completo.,parcial,2026-06-14T18:39:00,RV-VAC-0084-1,CV-VAC-0084-1,synthetic,SYN-014472
ASM-02523,SES-01172,APP-00660,CRI-0399,EV-S3-04,3,15,[SINTÉTICO] Nivel 3: la evidencia registrada corresponde al descriptor; para el nivel 4 faltaría un ejemplo más completo.,insuficiente,2026-06-14T18:39:00,RV-VAC-0084-1,CV-VAC-0084-1,synthetic,SYN-014476
ASM-02524,SES-01173,APP-00661,CRI-0402,EV-S1-03,2,10,[SINTÉTICO] Nivel 2: la evidencia registrada corresponde al descriptor; para el nivel 3 faltaría un ejemplo más completo.,parcial,2026-03-06T19:18:00,RV-VAC-0085-1,CV-VAC-0085-1,synthetic,SYN-014478
ASM-02525,SES-01173,APP-00661,CRI-0403,EV-S1-03,2,10,[SINTÉTICO] Nivel 2: la evidencia registrada corresponde al descriptor; para el nivel 3 faltaría un ejemplo más completo.,suficiente,2026-03-06T19:18:00,RV-VAC-0085-1,CV-VAC-0085-1,synthetic,SYN-014480
ASM-02526,SES-01174,APP-00661,CRI-0402,EV-S1-01,2,10,[SINTÉTICO] Nivel 2: la evidencia registrada corresponde al descriptor; para el nivel 3 faltaría un ejemplo más completo.,suficiente,2026-03-03T17:18:00,RV-VAC-0085-1,CV-VAC-0085-1,synthetic,SYN-014483
ASM-02527,SES-01174,APP-00661,CRI-0403,EV-S1-01,1,5,[SINTÉTICO] Nivel 1: la evidencia registrada corresponde al descriptor; para el nivel 2 faltaría un ejemplo más completo.,suficiente,2026-03-03T17:18:00,RV-VAC-0085-1,CV-VAC-0085-1,synthetic,SYN-014486
ASM-02528,SES-01175,APP-00661,CRI-0404,EV-S1-04,2,10,[SINTÉTICO] Nivel 2: la evidencia registrada corresponde al descriptor; para el nivel 3 faltaría un ejemplo más completo.,parcial,2026-03-04T22:00:00,RV-VAC-0085-1,CV-VAC-0085-1,synthetic,SYN-014490
ASM-02529,SES-01175,APP-00661,CRI-0405,EV-S1-04,2,10,[SINTÉTICO] Nivel 2: la evidencia registrada corresponde al descriptor; para el nivel 3 faltaría un ejemplo más completo.,suficiente,2026-03-04T22:00:00,RV-VAC-0085-1,CV-VAC-0085-1,synthetic,SYN-014492
ASM-02530,SES-01176,APP-00662,CRI-0402,EV-S1-04,4,20,[SINTÉTICO] Nivel 4: la evidencia registrada corresponde al descriptor; para el nivel 4 faltaría un ejemplo más completo.,parcial,2026-03-02T15:22:00,RV-VAC-0085-1,CV-VAC-0085-1,synthetic,SYN-014496
ASM-02531,SES-01176,APP-00662,CRI-0403,EV-S1-04,4,20,[SINTÉTICO] Nivel 4: la evidencia registrada corresponde al descriptor; para el nivel 4 faltaría un ejemplo más completo.,suficiente,2026-03-02T15:22:00,RV-VAC-0085-1,CV-VAC-0085-1,synthetic,SYN-014498
ASM-02532,SES-01177,APP-00662,CRI-0404,EV-S1-02,4,20,[SINTÉTICO] Nivel 4: la evidencia registrada corresponde al descriptor; para el nivel 4 faltaría un ejemplo más completo.,suficiente,2026-03-05T20:00:00,RV-VAC-0085-1,CV-VAC-0085-1,synthetic,SYN-014502
ASM-02533,SES-01177,APP-00662,CRI-0405,EV-S1-02,4,20,[SINTÉTICO] Nivel 4: la evidencia registrada corresponde al descriptor; para el nivel 4 faltaría un ejemplo más completo.,suficiente,2026-03-05T20:00:00,RV-VAC-0085-1,CV-VAC-0085-1,synthetic,SYN-014505
ASM-02534,SES-01179,APP-00664,CRI-0402,EV-S1-02,2,10,[SINTÉTICO] Nivel 2: la evidencia registrada corresponde al descriptor; para el nivel 3 faltaría un ejemplo más completo.,suficiente,2026-02-26T09:19:00,RV-VAC-0085-1,CV-VAC-0085-1,synthetic,SYN-014510
ASM-02535,SES-01179,APP-00664,CRI-0403,EV-S1-02,2,10,[SINTÉTICO] Nivel 2: la evidencia registrada corresponde al descriptor; para el nivel 3 faltaría un ejemplo más completo.,parcial,2026-02-26T09:19:00,RV-VAC-0085-1,CV-VAC-0085-1,synthetic,SYN-014512
ASM-02536,SES-01180,APP-00664,CRI-0404,EV-S1-03,2,10,[SINTÉTICO] Nivel 2: la evidencia registrada corresponde al descriptor; para el nivel 3 faltaría un ejemplo más completo.,parcial,2026-03-12T17:00:00,RV-VAC-0085-1,CV-VAC-0085-1,synthetic,SYN-014516
ASM-02537,SES-01180,APP-00664,CRI-0405,EV-S1-03,2,10,[SINTÉTICO] Nivel 2: la evidencia registrada corresponde al descriptor; para el nivel 3 faltaría un ejemplo más completo.,suficiente,2026-03-12T17:00:00,RV-VAC-0085-1,CV-VAC-0085-1,synthetic,SYN-014518
ASM-02538,SES-01181,APP-00665,CRI-0402,EV-S1-03,4,20,[SINTÉTICO] Nivel 4: la evidencia registrada corresponde al descriptor; para el nivel 4 faltaría un ejemplo más completo.,suficiente,2026-03-05T23:05:00,RV-VAC-0085-1,CV-VAC-0085-1,synthetic,SYN-014523
ASM-02539,SES-01181,APP-00665,CRI-0403,EV-S1-03,4,20,[SINTÉTICO] Nivel 4: la evidencia registrada corresponde al descriptor; para el nivel 4 faltaría un ejemplo más completo.,suficiente,2026-03-05T23:05:00,RV-VAC-0085-1,CV-VAC-0085-1,synthetic,SYN-014525
ASM-02540,SES-01182,APP-00665,CRI-0404,EV-S1-02,4,20,[SINTÉTICO] Nivel 4: la evidencia registrada corresponde al descriptor; para el nivel 4 faltaría un ejemplo más completo.,parcial,2026-03-12T23:00:00,RV-VAC-0085-1,CV-VAC-0085-1,synthetic,SYN-014529
ASM-02541,SES-01182,APP-00665,CRI-0405,EV-S1-02,4,20,[SINTÉTICO] Nivel 4: la evidencia registrada corresponde al descriptor; para el nivel 4 faltaría un ejemplo más completo.,parcial,2026-03-12T23:00:00,RV-VAC-0085-1,CV-VAC-0085-1,synthetic,SYN-014531
ASM-02542,SES-01183,APP-00666,CRI-0402,EV-S1-01,2,10,[SINTÉTICO] Nivel 2: la evidencia registrada corresponde al descriptor; para el nivel 3 faltaría un ejemplo más completo.,suficiente,2026-03-04T19:51:00,RV-VAC-0085-1,CV-VAC-0085-1,synthetic,SYN-014534
ASM-02543,SES-01183,APP-00666,CRI-0403,EV-S1-01,1,5,[SINTÉTICO] Nivel 1: la evidencia registrada corresponde al descriptor; para el nivel 2 faltaría un ejemplo más completo.,insuficiente,2026-03-04T19:51:00,RV-VAC-0085-1,CV-VAC-0085-1,synthetic,SYN-014537
ASM-02544,SES-01184,APP-00666,CRI-0404,EV-S1-02,2,10,[SINTÉTICO] Nivel 2: la evidencia registrada corresponde al descriptor; para el nivel 3 faltaría un ejemplo más completo.,suficiente,2026-03-02T23:00:00,RV-VAC-0085-1,CV-VAC-0085-1,synthetic,SYN-014539
ASM-02545,SES-01184,APP-00666,CRI-0405,EV-S1-02,2,10,[SINTÉTICO] Nivel 2: la evidencia registrada corresponde al descriptor; para el nivel 3 faltaría un ejemplo más completo.,parcial,2026-03-02T23:00:00,RV-VAC-0085-1,CV-VAC-0085-1,synthetic,SYN-014542
ASM-02546,SES-01187,APP-00668,CRI-0404,EV-S1-01,1,5,[SINTÉTICO] Nivel 1: la evidencia registrada corresponde al descriptor; para el nivel 2 faltaría un ejemplo más completo.,suficiente,2026-03-05T18:00:00,RV-VAC-0085-1,CV-VAC-0085-1,synthetic,SYN-014549
ASM-02547,SES-01187,APP-00668,CRI-0405,EV-S1-01,1,5,[SINTÉTICO] Nivel 1: la evidencia registrada corresponde al descriptor; para el nivel 2 faltaría un ejemplo más completo.,suficiente,2026-03-05T18:00:00,RV-VAC-0085-1,CV-VAC-0085-1,synthetic,SYN-014553
ASM-02548,SES-01188,APP-00670,CRI-0406,EV-S2-01,3,15,[SINTÉTICO] Nivel 3: la evidencia registrada corresponde al descriptor; para el nivel 4 faltaría un ejemplo más completo.,suficiente,2026-06-05T17:03:00,RV-VAC-0086-1,CV-VAC-0086-1,synthetic,SYN-014558
ASM-02549,SES-01188,APP-00670,CRI-0407,EV-S2-01,3,15,[SINTÉTICO] Nivel 3: la evidencia registrada corresponde al descriptor; para el nivel 4 faltaría un ejemplo más completo.,suficiente,2026-06-05T17:03:00,RV-VAC-0086-1,CV-VAC-0086-1,synthetic,SYN-014560
ASM-02550,SES-01190,APP-00671,CRI-0406,EV-S2-03,1,5,[SINTÉTICO] Nivel 1: la evidencia registrada corresponde al descriptor; para el nivel 2 faltaría un ejemplo más completo.,suficiente,2026-06-04T05:48:00,RV-VAC-0086-1,CV-VAC-0086-1,synthetic,SYN-014565
ASM-02551,SES-01190,APP-00671,CRI-0407,EV-S2-03,1,5,[SINTÉTICO] Nivel 1: la evidencia registrada corresponde al descriptor; para el nivel 2 faltaría un ejemplo más completo.,suficiente,2026-06-04T05:48:00,RV-VAC-0086-1,CV-VAC-0086-1,synthetic,SYN-014567
ASM-02552,SES-01191,APP-00672,CRI-0406,EV-S2-02,4,20,[SINTÉTICO] Nivel 4: la evidencia registrada corresponde al descriptor; para el nivel 4 faltaría un ejemplo más completo.,suficiente,2026-06-03T03:00:00,RV-VAC-0086-1,CV-VAC-0086-1,synthetic,SYN-014571
ASM-02553,SES-01191,APP-00672,CRI-0407,EV-S2-02,4,20,[SINTÉTICO] Nivel 4: la evidencia registrada corresponde al descriptor; para el nivel 4 faltaría un ejemplo más completo.,parcial,2026-06-03T03:00:00,RV-VAC-0086-1,CV-VAC-0086-1,synthetic,SYN-014573
ASM-02554,SES-01192,APP-00672,CRI-0408,EV-S2-01,4,20,[SINTÉTICO] Nivel 4: la evidencia registrada corresponde al descriptor; para el nivel 4 faltaría un ejemplo más completo.,parcial,2026-06-15T17:00:00,RV-VAC-0086-1,CV-VAC-0086-1,synthetic,SYN-014577
ASM-02555,SES-01192,APP-00672,CRI-0409,EV-S2-01,4,20,[SINTÉTICO] Nivel 4: la evidencia registrada corresponde al descriptor; para el nivel 4 faltaría un ejemplo más completo.,suficiente,2026-06-15T17:00:00,RV-VAC-0086-1,CV-VAC-0086-1,synthetic,SYN-014579
ASM-02556,SES-01193,APP-00673,CRI-0410,EV-S3-02,1,5,[SINTÉTICO] Nivel 1: la evidencia registrada corresponde al descriptor; para el nivel 2 faltaría un ejemplo más completo.,parcial,2026-03-31T19:39:00,RV-VAC-0087-1,CV-VAC-0087-1,synthetic,SYN-014583
ASM-02557,SES-01193,APP-00673,CRI-0411,EV-S3-02,1,5,[SINTÉTICO] Nivel 1: la evidencia registrada corresponde al descriptor; para el nivel 2 faltaría un ejemplo más completo.,suficiente,2026-03-31T19:39:00,RV-VAC-0087-1,CV-VAC-0087-1,synthetic,SYN-014585
ASM-02558,SES-01194,APP-00675,CRI-0410,EV-S3-02,3,15,[SINTÉTICO] Nivel 3: la evidencia registrada corresponde al descriptor; para el nivel 4 faltaría un ejemplo más completo.,parcial,2026-03-24T07:49:00,RV-VAC-0087-1,CV-VAC-0087-1,synthetic,SYN-014589
ASM-02559,SES-01194,APP-00675,CRI-0411,EV-S3-02,3,15,[SINTÉTICO] Nivel 3: la evidencia registrada corresponde al descriptor; para el nivel 4 faltaría un ejemplo más completo.,parcial,2026-03-24T07:49:00,RV-VAC-0087-1,CV-VAC-0087-1,synthetic,SYN-014591
ASM-02560,SES-01195,APP-00675,CRI-0412,EV-S3-04,4,20,[SINTÉTICO] Nivel 4: la evidencia registrada corresponde al descriptor; para el nivel 4 faltaría un ejemplo más completo.,suficiente,2026-04-04T16:00:00,RV-VAC-0087-1,CV-VAC-0087-1,synthetic,SYN-014595
ASM-02561,SES-01195,APP-00675,CRI-0413,EV-S3-04,4,20,[SINTÉTICO] Nivel 4: la evidencia registrada corresponde al descriptor; para el nivel 4 faltaría un ejemplo más completo.,suficiente,2026-04-04T16:00:00,RV-VAC-0087-1,CV-VAC-0087-1,synthetic,SYN-014597
ASM-02562,SES-01196,APP-00676,CRI-0410,EV-S3-03,4,20,[SINTÉTICO] Nivel 4: la evidencia registrada corresponde al descriptor; para el nivel 4 faltaría un ejemplo más completo.,suficiente,2026-03-28T00:59:00,RV-VAC-0087-1,CV-VAC-0087-1,synthetic,SYN-014601
ASM-02563,SES-01196,APP-00676,CRI-0411,EV-S3-03,4,20,[SINTÉTICO] Nivel 4: la evidencia registrada corresponde al descriptor; para el nivel 4 faltaría un ejemplo más completo.,suficiente,2026-03-28T00:59:00,RV-VAC-0087-1,CV-VAC-0087-1,synthetic,SYN-014605
ASM-02564,SES-01197,APP-00677,CRI-0410,EV-S3-03,4,20,[SINTÉTICO] Nivel 4: la evidencia registrada corresponde al descriptor; para el nivel 4 faltaría un ejemplo más completo.,suficiente,2026-03-31T08:18:00,RV-VAC-0087-1,CV-VAC-0087-1,synthetic,SYN-014608
ASM-02565,SES-01197,APP-00677,CRI-0411,EV-S3-03,4,20,[SINTÉTICO] Nivel 4: la evidencia registrada corresponde al descriptor; para el nivel 4 faltaría un ejemplo más completo.,parcial,2026-03-31T08:18:00,RV-VAC-0087-1,CV-VAC-0087-1,synthetic,SYN-014611
ASM-02566,SES-01198,APP-00677,CRI-0412,EV-S3-02,4,20,[SINTÉTICO] Nivel 4: la evidencia registrada corresponde al descriptor; para el nivel 4 faltaría un ejemplo más completo.,parcial,2026-04-10T22:00:00,RV-VAC-0087-1,CV-VAC-0087-1,synthetic,SYN-014616
ASM-02567,SES-01198,APP-00677,CRI-0413,EV-S3-02,4,20,[SINTÉTICO] Nivel 4: la evidencia registrada corresponde al descriptor; para el nivel 4 faltaría un ejemplo más completo.,parcial,2026-04-10T22:00:00,RV-VAC-0087-1,CV-VAC-0087-1,synthetic,SYN-014619
ASM-02568,SES-01199,APP-00678,CRI-0414,EV-S1-03,1,5,[SINTÉTICO] Nivel 1: la evidencia registrada corresponde al descriptor; para el nivel 2 faltaría un ejemplo más completo.,suficiente,2026-01-20T21:39:00,RV-VAC-0088-1,CV-VAC-0088-1,synthetic,SYN-014622
ASM-02569,SES-01199,APP-00678,CRI-0415,EV-S1-03,2,10,[SINTÉTICO] Nivel 2: la evidencia registrada corresponde al descriptor; para el nivel 3 faltaría un ejemplo más completo.,parcial,2026-01-20T21:39:00,RV-VAC-0088-1,CV-VAC-0088-1,synthetic,SYN-014625
ASM-02570,SES-01199,APP-00678,CRI-0416,EV-S1-03,1,5,[SINTÉTICO] Nivel 1: la evidencia registrada corresponde al descriptor; para el nivel 2 faltaría un ejemplo más completo.,parcial,2026-01-20T21:39:00,RV-VAC-0088-1,CV-VAC-0088-1,synthetic,SYN-014627
ASM-02571,SES-01200,APP-00678,CRI-0417,EV-S1-04,1,5,[SINTÉTICO] Nivel 1: la evidencia registrada corresponde al descriptor; para el nivel 2 faltaría un ejemplo más completo.,parcial,2026-01-22T14:00:00,RV-VAC-0088-1,CV-VAC-0088-1,synthetic,SYN-014632
ASM-02572,SES-01200,APP-00678,CRI-0418,EV-S1-04,2,10,[SINTÉTICO] Nivel 2: la evidencia registrada corresponde al descriptor; para el nivel 3 faltaría un ejemplo más completo.,suficiente,2026-01-22T14:00:00,RV-VAC-0088-1,CV-VAC-0088-1,synthetic,SYN-014635
ASM-02573,SES-01201,APP-00679,CRI-0414,EV-S1-04,1,5,[SINTÉTICO] Nivel 1: la evidencia registrada corresponde al descriptor; para el nivel 2 faltaría un ejemplo más completo.,suficiente,2026-01-21T22:46:00,RV-VAC-0088-1,CV-VAC-0088-1,synthetic,SYN-014639
ASM-02574,SES-01201,APP-00679,CRI-0415,EV-S1-04,1,5,[SINTÉTICO] Nivel 1: la evidencia registrada corresponde al descriptor; para el nivel 2 faltaría un ejemplo más completo.,suficiente,2026-01-21T22:46:00,RV-VAC-0088-1,CV-VAC-0088-1,synthetic,SYN-014643
ASM-02575,SES-01201,APP-00679,CRI-0416,EV-S1-04,1,5,[SINTÉTICO] Nivel 1: la evidencia registrada corresponde al descriptor; para el nivel 2 faltaría un ejemplo más completo.,insuficiente,2026-01-21T22:46:00,RV-VAC-0088-1,CV-VAC-0088-1,synthetic,SYN-014646
ASM-02576,SES-01202,APP-00679,CRI-0417,EV-S1-03,1,5,[SINTÉTICO] Nivel 1: la evidencia registrada corresponde al descriptor; para el nivel 2 faltaría un ejemplo más completo.,suficiente,2026-01-23T19:00:00,RV-VAC-0088-1,CV-VAC-0088-1,synthetic,SYN-014648
ASM-02577,SES-01202,APP-00679,CRI-0418,EV-S1-03,1,5,[SINTÉTICO] Nivel 1: la evidencia registrada corresponde al descriptor; para el nivel 2 faltaría un ejemplo más completo.,suficiente,2026-01-23T19:00:00,RV-VAC-0088-1,CV-VAC-0088-1,synthetic,SYN-014651
ASM-02578,SES-01203,APP-00680,CRI-0414,EV-S1-01,2,10,[SINTÉTICO] Nivel 2: la evidencia registrada corresponde al descriptor; para el nivel 3 faltaría un ejemplo más completo.,suficiente,2026-01-18T16:16:00,RV-VAC-0088-1,CV-VAC-0088-1,synthetic,SYN-014655
ASM-02579,SES-01203,APP-00680,CRI-0415,EV-S1-01,2,10,[SINTÉTICO] Nivel 2: la evidencia registrada corresponde al descriptor; para el nivel 3 faltaría un ejemplo más completo.,parcial,2026-01-18T16:16:00,RV-VAC-0088-1,CV-VAC-0088-1,synthetic,SYN-014658
ASM-02580,SES-01203,APP-00680,CRI-0416,EV-S1-01,2,10,[SINTÉTICO] Nivel 2: la evidencia registrada corresponde al descriptor; para el nivel 3 faltaría un ejemplo más completo.,suficiente,2026-01-18T16:16:00,RV-VAC-0088-1,CV-VAC-0088-1,synthetic,SYN-014662
ASM-02581,SES-01205,APP-00681,CRI-0414,EV-S1-04,4,20,[SINTÉTICO] Nivel 4: la evidencia registrada corresponde al descriptor; para el nivel 4 faltaría un ejemplo más completo.,suficiente,2026-01-21T14:50:00,RV-VAC-0088-1,CV-VAC-0088-1,synthetic,SYN-014667
ASM-02582,SES-01205,APP-00681,CRI-0415,EV-S1-04,3,15,[SINTÉTICO] Nivel 3: la evidencia registrada corresponde al descriptor; para el nivel 4 faltaría un ejemplo más completo.,suficiente,2026-01-21T14:50:00,RV-VAC-0088-1,CV-VAC-0088-1,synthetic,SYN-014670
ASM-02583,SES-01205,APP-00681,CRI-0416,EV-S1-04,4,20,[SINTÉTICO] Nivel 4: la evidencia registrada corresponde al descriptor; para el nivel 4 faltaría un ejemplo más completo.,suficiente,2026-01-21T14:50:00,RV-VAC-0088-1,CV-VAC-0088-1,synthetic,SYN-014672
ASM-02584,SES-01206,APP-00681,CRI-0414,EV-S1-02,4,20,[SINTÉTICO] Nivel 4: la evidencia registrada corresponde al descriptor; para el nivel 4 faltaría un ejemplo más completo.,suficiente,2026-01-23T14:50:00,RV-VAC-0088-1,CV-VAC-0088-1,synthetic,SYN-014677
ASM-02585,SES-01206,APP-00681,CRI-0415,EV-S1-02,4,20,[SINTÉTICO] Nivel 4: la evidencia registrada corresponde al descriptor; para el nivel 4 faltaría un ejemplo más completo.,suficiente,2026-01-23T14:50:00,RV-VAC-0088-1,CV-VAC-0088-1,synthetic,SYN-014680
ASM-02586,SES-01206,APP-00681,CRI-0416,EV-S1-02,4,20,[SINTÉTICO] Nivel 4: la evidencia registrada corresponde al descriptor; para el nivel 4 faltaría un ejemplo más completo.,suficiente,2026-01-23T14:50:00,RV-VAC-0088-1,CV-VAC-0088-1,synthetic,SYN-014684
ASM-02587,SES-01207,APP-00681,CRI-0417,EV-S1-04,4,20,[SINTÉTICO] Nivel 4: la evidencia registrada corresponde al descriptor; para el nivel 4 faltaría un ejemplo más completo.,suficiente,2026-01-24T22:00:00,RV-VAC-0088-1,CV-VAC-0088-1,synthetic,SYN-014688
ASM-02588,SES-01207,APP-00681,CRI-0418,EV-S1-04,4,20,[SINTÉTICO] Nivel 4: la evidencia registrada corresponde al descriptor; para el nivel 4 faltaría un ejemplo más completo.,suficiente,2026-01-24T22:00:00,RV-VAC-0088-1,CV-VAC-0088-1,synthetic,SYN-014691
ASM-02589,SES-01210,APP-00683,CRI-0414,EV-S1-04,1,5,[SINTÉTICO] Nivel 1: la evidencia registrada corresponde al descriptor; para el nivel 2 faltaría un ejemplo más completo.,parcial,2026-01-30T00:09:00,RV-VAC-0088-1,CV-VAC-0088-1,synthetic,SYN-014700
ASM-02590,SES-01210,APP-00683,CRI-0415,EV-S1-04,1,5,[SINTÉTICO] Nivel 1: la evidencia registrada corresponde al descriptor; para el nivel 2 faltaría un ejemplo más completo.,parcial,2026-01-30T00:09:00,RV-VAC-0088-1,CV-VAC-0088-1,synthetic,SYN-014703
ASM-02591,SES-01210,APP-00683,CRI-0416,EV-S1-04,1,5,[SINTÉTICO] Nivel 1: la evidencia registrada corresponde al descriptor; para el nivel 2 faltaría un ejemplo más completo.,parcial,2026-01-30T00:09:00,RV-VAC-0088-1,CV-VAC-0088-1,synthetic,SYN-014705
ASM-02592,SES-01211,APP-00683,CRI-0417,EV-S1-01,1,5,[SINTÉTICO] Nivel 1: la evidencia registrada corresponde al descriptor; para el nivel 2 faltaría un ejemplo más completo.,insuficiente,2026-01-23T16:00:00,RV-VAC-0088-1,CV-VAC-0088-1,synthetic,SYN-014708
ASM-02593,SES-01211,APP-00683,CRI-0418,EV-S1-01,2,10,[SINTÉTICO] Nivel 2: la evidencia registrada corresponde al descriptor; para el nivel 3 faltaría un ejemplo más completo.,suficiente,2026-01-23T16:00:00,RV-VAC-0088-1,CV-VAC-0088-1,synthetic,SYN-014709
ASM-02594,SES-01212,APP-00684,CRI-0414,EV-S1-03,2,10,[SINTÉTICO] Nivel 2: la evidencia registrada corresponde al descriptor; para el nivel 3 faltaría un ejemplo más completo.,suficiente,2026-01-18T18:39:00,RV-VAC-0088-1,CV-VAC-0088-1,synthetic,SYN-014713
ASM-02595,SES-01212,APP-00684,CRI-0415,EV-S1-03,4,20,[SINTÉTICO] Nivel 4: la evidencia registrada corresponde al descriptor; para el nivel 4 faltaría un ejemplo más completo.,parcial,2026-01-18T18:39:00,RV-VAC-0088-1,CV-VAC-0088-1,synthetic,SYN-014716
ASM-02596,SES-01212,APP-00684,CRI-0416,EV-S1-03,2,10,[SINTÉTICO] Nivel 2: la evidencia registrada corresponde al descriptor; para el nivel 3 faltaría un ejemplo más completo.,parcial,2026-01-18T18:39:00,RV-VAC-0088-1,CV-VAC-0088-1,synthetic,SYN-014718
ASM-02597,SES-01213,APP-00684,CRI-0417,EV-S1-01,3,15,[SINTÉTICO] Nivel 3: la evidencia registrada corresponde al descriptor; para el nivel 4 faltaría un ejemplo más completo.,parcial,2026-01-28T21:00:00,RV-VAC-0088-1,CV-VAC-0088-1,synthetic,SYN-014721
ASM-02598,SES-01213,APP-00684,CRI-0418,EV-S1-01,3,15,[SINTÉTICO] Nivel 3: la evidencia registrada corresponde al descriptor; para el nivel 4 faltaría un ejemplo más completo.,suficiente,2026-01-28T21:00:00,RV-VAC-0088-1,CV-VAC-0088-1,synthetic,SYN-014723
ASM-02599,SES-01214,APP-00685,CRI-0414,EV-S1-02,4,20,[SINTÉTICO] Nivel 4: la evidencia registrada corresponde al descriptor; para el nivel 4 faltaría un ejemplo más completo.,insuficiente,2026-01-26T15:26:00,RV-VAC-0088-1,CV-VAC-0088-1,synthetic,SYN-014726
ASM-02600,SES-01214,APP-00685,CRI-0415,EV-S1-02,4,20,[SINTÉTICO] Nivel 4: la evidencia registrada corresponde al descriptor; para el nivel 4 faltaría un ejemplo más completo.,insuficiente,2026-01-26T15:26:00,RV-VAC-0088-1,CV-VAC-0088-1,synthetic,SYN-014727
ASM-02601,SES-01214,APP-00685,CRI-0416,EV-S1-02,3,15,[SINTÉTICO] Nivel 3: la evidencia registrada corresponde al descriptor; para el nivel 4 faltaría un ejemplo más completo.,suficiente,2026-01-26T15:26:00,RV-VAC-0088-1,CV-VAC-0088-1,synthetic,SYN-014728
ASM-02602,SES-01215,APP-00685,CRI-0417,EV-S1-03,4,20,[SINTÉTICO] Nivel 4: la evidencia registrada corresponde al descriptor; para el nivel 4 faltaría un ejemplo más completo.,parcial,2026-01-24T16:00:00,RV-VAC-0088-1,CV-VAC-0088-1,synthetic,SYN-014732
ASM-02603,SES-01215,APP-00685,CRI-0418,EV-S1-03,3,15,[SINTÉTICO] Nivel 3: la evidencia registrada corresponde al descriptor; para el nivel 4 faltaría un ejemplo más completo.,insuficiente,2026-01-24T16:00:00,RV-VAC-0088-1,CV-VAC-0088-1,synthetic,SYN-014735
ASM-02604,SES-01216,APP-00686,CRI-0419,EV-S2-04,1,5,[SINTÉTICO] Nivel 1: la evidencia registrada corresponde al descriptor; para el nivel 2 faltaría un ejemplo más completo.,parcial,2026-02-23T09:00:00,RV-VAC-0089-1,CV-VAC-0089-1,synthetic,SYN-014737
ASM-02605,SES-01216,APP-00686,CRI-0420,EV-S2-04,1,5,[SINTÉTICO] Nivel 1: la evidencia registrada corresponde al descriptor; para el nivel 2 faltaría un ejemplo más completo.,parcial,2026-02-23T09:00:00,RV-VAC-0089-1,CV-VAC-0089-1,synthetic,SYN-014739
ASM-02606,SES-01216,APP-00686,CRI-0421,EV-S2-04,1,5,[SINTÉTICO] Nivel 1: la evidencia registrada corresponde al descriptor; para el nivel 2 faltaría un ejemplo más completo.,suficiente,2026-02-23T09:00:00,RV-VAC-0089-1,CV-VAC-0089-1,synthetic,SYN-014742
ASM-02607,SES-01217,APP-00686,CRI-0422,EV-S2-03,1,5,[SINTÉTICO] Nivel 1: la evidencia registrada corresponde al descriptor; para el nivel 2 faltaría un ejemplo más completo.,parcial,2026-03-11T19:00:00,RV-VAC-0089-1,CV-VAC-0089-1,synthetic,SYN-014745
ASM-02608,SES-01217,APP-00686,CRI-0423,EV-S2-03,1,5,[SINTÉTICO] Nivel 1: la evidencia registrada corresponde al descriptor; para el nivel 2 faltaría un ejemplo más completo.,parcial,2026-03-11T19:00:00,RV-VAC-0089-1,CV-VAC-0089-1,synthetic,SYN-014748
ASM-02609,SES-01218,APP-00687,CRI-0419,EV-S2-01,3,15,[SINTÉTICO] Nivel 3: la evidencia registrada corresponde al descriptor; para el nivel 4 faltaría un ejemplo más completo.,suficiente,2026-02-27T20:24:00,RV-VAC-0089-1,CV-VAC-0089-1,synthetic,SYN-014753
ASM-02610,SES-01218,APP-00687,CRI-0420,EV-S2-01,4,20,[SINTÉTICO] Nivel 4: la evidencia registrada corresponde al descriptor; para el nivel 4 faltaría un ejemplo más completo.,parcial,2026-02-27T20:24:00,RV-VAC-0089-1,CV-VAC-0089-1,synthetic,SYN-014756
ASM-02611,SES-01218,APP-00687,CRI-0421,EV-S2-01,3,15,[SINTÉTICO] Nivel 3: la evidencia registrada corresponde al descriptor; para el nivel 4 faltaría un ejemplo más completo.,suficiente,2026-02-27T20:24:00,RV-VAC-0089-1,CV-VAC-0089-1,synthetic,SYN-014758
ASM-02612,SES-01219,APP-00687,CRI-0422,EV-S2-01,3,15,[SINTÉTICO] Nivel 3: la evidencia registrada corresponde al descriptor; para el nivel 4 faltaría un ejemplo más completo.,suficiente,2026-03-06T20:00:00,RV-VAC-0089-1,CV-VAC-0089-1,synthetic,SYN-014763
ASM-02613,SES-01219,APP-00687,CRI-0423,EV-S2-01,4,20,[SINTÉTICO] Nivel 4: la evidencia registrada corresponde al descriptor; para el nivel 4 faltaría un ejemplo más completo.,suficiente,2026-03-06T20:00:00,RV-VAC-0089-1,CV-VAC-0089-1,synthetic,SYN-014765
ASM-02614,SES-01220,APP-00688,CRI-0419,EV-S2-01,3,15,[SINTÉTICO] Nivel 3: la evidencia registrada corresponde al descriptor; para el nivel 4 faltaría un ejemplo más completo.,parcial,2026-02-26T13:07:00,RV-VAC-0089-1,CV-VAC-0089-1,synthetic,SYN-014769
ASM-02615,SES-01220,APP-00688,CRI-0420,EV-S2-01,3,15,[SINTÉTICO] Nivel 3: la evidencia registrada corresponde al descriptor; para el nivel 4 faltaría un ejemplo más completo.,suficiente,2026-02-26T13:07:00,RV-VAC-0089-1,CV-VAC-0089-1,synthetic,SYN-014772
ASM-02616,SES-01220,APP-00688,CRI-0421,EV-S2-01,3,15,[SINTÉTICO] Nivel 3: la evidencia registrada corresponde al descriptor; para el nivel 4 faltaría un ejemplo más completo.,suficiente,2026-02-26T13:07:00,RV-VAC-0089-1,CV-VAC-0089-1,synthetic,SYN-014774
ASM-02617,SES-01221,APP-00688,CRI-0422,EV-S2-04,2,10,[SINTÉTICO] Nivel 2: la evidencia registrada corresponde al descriptor; para el nivel 3 faltaría un ejemplo más completo.,parcial,2026-02-28T22:00:00,RV-VAC-0089-1,CV-VAC-0089-1,synthetic,SYN-014778
ASM-02618,SES-01221,APP-00688,CRI-0423,EV-S2-04,3,15,[SINTÉTICO] Nivel 3: la evidencia registrada corresponde al descriptor; para el nivel 4 faltaría un ejemplo más completo.,suficiente,2026-02-28T22:00:00,RV-VAC-0089-1,CV-VAC-0089-1,synthetic,SYN-014782
ASM-02619,SES-01222,APP-00689,CRI-0419,EV-S2-01,3,15,[SINTÉTICO] Nivel 3: la evidencia registrada corresponde al descriptor; para el nivel 4 faltaría un ejemplo más completo.,parcial,2026-02-27T11:02:00,RV-VAC-0089-1,CV-VAC-0089-1,synthetic,SYN-014786
ASM-02620,SES-01222,APP-00689,CRI-0420,EV-S2-01,2,10,[SINTÉTICO] Nivel 2: la evidencia registrada corresponde al descriptor; para el nivel 3 faltaría un ejemplo más completo.,suficiente,2026-02-27T11:02:00,RV-VAC-0089-1,CV-VAC-0089-1,synthetic,SYN-014788
ASM-02621,SES-01222,APP-00689,CRI-0421,EV-S2-01,4,20,[SINTÉTICO] Nivel 4: la evidencia registrada corresponde al descriptor; para el nivel 4 faltaría un ejemplo más completo.,suficiente,2026-02-27T11:02:00,RV-VAC-0089-1,CV-VAC-0089-1,synthetic,SYN-014790
ASM-02622,SES-01223,APP-00690,CRI-0419,EV-S2-01,3,15,[SINTÉTICO] Nivel 3: la evidencia registrada corresponde al descriptor; para el nivel 4 faltaría un ejemplo más completo.,insuficiente,2026-03-01T16:08:00,RV-VAC-0089-1,CV-VAC-0089-1,synthetic,SYN-014795
ASM-02623,SES-01223,APP-00690,CRI-0420,EV-S2-01,3,15,[SINTÉTICO] Nivel 3: la evidencia registrada corresponde al descriptor; para el nivel 4 faltaría un ejemplo más completo.,parcial,2026-03-01T16:08:00,RV-VAC-0089-1,CV-VAC-0089-1,synthetic,SYN-014796
ASM-02624,SES-01223,APP-00690,CRI-0421,EV-S2-01,3,15,[SINTÉTICO] Nivel 3: la evidencia registrada corresponde al descriptor; para el nivel 4 faltaría un ejemplo más completo.,parcial,2026-03-01T16:08:00,RV-VAC-0089-1,CV-VAC-0089-1,synthetic,SYN-014799
ASM-02625,SES-01224,APP-00690,CRI-0422,EV-S2-01,3,15,[SINTÉTICO] Nivel 3: la evidencia registrada corresponde al descriptor; para el nivel 4 faltaría un ejemplo más completo.,parcial,2026-03-11T18:00:00,RV-VAC-0089-1,CV-VAC-0089-1,synthetic,SYN-014803
ASM-02626,SES-01224,APP-00690,CRI-0423,EV-S2-01,4,20,[SINTÉTICO] Nivel 4: la evidencia registrada corresponde al descriptor; para el nivel 4 faltaría un ejemplo más completo.,insuficiente,2026-03-11T18:00:00,RV-VAC-0089-1,CV-VAC-0089-1,synthetic,SYN-014806
ASM-02627,SES-01225,APP-00693,CRI-0419,EV-S2-04,1,5,[SINTÉTICO] Nivel 1: la evidencia registrada corresponde al descriptor; para el nivel 2 faltaría un ejemplo más completo.,suficiente,2026-03-06T14:32:00,RV-VAC-0089-1,CV-VAC-0089-1,synthetic,SYN-014809
ASM-02628,SES-01225,APP-00693,CRI-0420,EV-S2-04,2,10,[SINTÉTICO] Nivel 2: la evidencia registrada corresponde al descriptor; para el nivel 3 faltaría un ejemplo más completo.,suficiente,2026-03-06T14:32:00,RV-VAC-0089-1,CV-VAC-0089-1,synthetic,SYN-014812
ASM-02629,SES-01225,APP-00693,CRI-0421,EV-S2-04,1,5,[SINTÉTICO] Nivel 1: la evidencia registrada corresponde al descriptor; para el nivel 2 faltaría un ejemplo más completo.,suficiente,2026-03-06T14:32:00,RV-VAC-0089-1,CV-VAC-0089-1,synthetic,SYN-014817
ASM-02630,SES-01226,APP-00693,CRI-0419,EV-S2-02,1,5,[SINTÉTICO] Nivel 1: la evidencia registrada corresponde al descriptor; para el nivel 2 faltaría un ejemplo más completo.,suficiente,2026-02-23T13:32:00,RV-VAC-0089-1,CV-VAC-0089-1,synthetic,SYN-014820
ASM-02631,SES-01226,APP-00693,CRI-0420,EV-S2-02,2,10,[SINTÉTICO] Nivel 2: la evidencia registrada corresponde al descriptor; para el nivel 3 faltaría un ejemplo más completo.,parcial,2026-02-23T13:32:00,RV-VAC-0089-1,CV-VAC-0089-1,synthetic,SYN-014823
ASM-02632,SES-01226,APP-00693,CRI-0421,EV-S2-02,1,5,[SINTÉTICO] Nivel 1: la evidencia registrada corresponde al descriptor; para el nivel 2 faltaría un ejemplo más completo.,parcial,2026-02-23T13:32:00,RV-VAC-0089-1,CV-VAC-0089-1,synthetic,SYN-014825
ASM-02633,SES-01227,APP-00693,CRI-0422,EV-S2-03,1,5,[SINTÉTICO] Nivel 1: la evidencia registrada corresponde al descriptor; para el nivel 2 faltaría un ejemplo más completo.,suficiente,2026-03-09T23:00:00,RV-VAC-0089-1,CV-VAC-0089-1,synthetic,SYN-014830
ASM-02634,SES-01227,APP-00693,CRI-0423,EV-S2-03,1,5,[SINTÉTICO] Nivel 1: la evidencia registrada corresponde al descriptor; para el nivel 2 faltaría un ejemplo más completo.,suficiente,2026-03-09T23:00:00,RV-VAC-0089-1,CV-VAC-0089-1,synthetic,SYN-014833
ASM-02635,SES-01228,APP-00694,CRI-0424,EV-S3-02,3,15,[SINTÉTICO] Nivel 3: la evidencia registrada corresponde al descriptor; para el nivel 4 faltaría un ejemplo más completo.,parcial,2026-08-04T02:54:00,RV-VAC-0090-1,CV-VAC-0090-1,synthetic,SYN-014837
ASM-02636,SES-01228,APP-00694,CRI-0425,EV-S3-02,3,15,[SINTÉTICO] Nivel 3: la evidencia registrada corresponde al descriptor; para el nivel 4 faltaría un ejemplo más completo.,parcial,2026-08-04T02:54:00,RV-VAC-0090-1,CV-VAC-0090-1,synthetic,SYN-014840
ASM-02637,SES-01230,APP-00695,CRI-0424,EV-S3-04,1,5,[SINTÉTICO] Nivel 1: la evidencia registrada corresponde al descriptor; para el nivel 2 faltaría un ejemplo más completo.,suficiente,2026-07-29T08:00:00,RV-VAC-0090-1,CV-VAC-0090-1,synthetic,SYN-014846
ASM-02638,SES-01230,APP-00695,CRI-0425,EV-S3-04,1,5,[SINTÉTICO] Nivel 1: la evidencia registrada corresponde al descriptor; para el nivel 2 faltaría un ejemplo más completo.,suficiente,2026-07-29T08:00:00,RV-VAC-0090-1,CV-VAC-0090-1,synthetic,SYN-014849
ASM-02639,SES-01232,APP-00696,CRI-0424,EV-S3-04,2,10,[SINTÉTICO] Nivel 2: la evidencia registrada corresponde al descriptor; para el nivel 3 faltaría un ejemplo más completo.,suficiente,2026-07-27T01:42:00,RV-VAC-0090-1,CV-VAC-0090-1,synthetic,SYN-014853
ASM-02640,SES-01232,APP-00696,CRI-0425,EV-S3-04,3,15,[SINTÉTICO] Nivel 3: la evidencia registrada corresponde al descriptor; para el nivel 4 faltaría un ejemplo más completo.,parcial,2026-07-27T01:42:00,RV-VAC-0090-1,CV-VAC-0090-1,synthetic,SYN-014857
ASM-02641,SES-01234,APP-00698,CRI-0424,EV-S3-03,1,5,[SINTÉTICO] Nivel 1: la evidencia registrada corresponde al descriptor; para el nivel 2 faltaría un ejemplo más completo.,suficiente,2026-08-02T06:08:00,RV-VAC-0090-1,CV-VAC-0090-1,synthetic,SYN-014862
ASM-02642,SES-01234,APP-00698,CRI-0425,EV-S3-03,1,5,[SINTÉTICO] Nivel 1: la evidencia registrada corresponde al descriptor; para el nivel 2 faltaría un ejemplo más completo.,suficiente,2026-08-02T06:08:00,RV-VAC-0090-1,CV-VAC-0090-1,synthetic,SYN-014865
ASM-02643,SES-01235,APP-00698,CRI-0426,EV-S3-03,1,5,[SINTÉTICO] Nivel 1: la evidencia registrada corresponde al descriptor; para el nivel 2 faltaría un ejemplo más completo.,suficiente,2026-08-05T16:00:00,RV-VAC-0090-1,CV-VAC-0090-1,synthetic,SYN-014868
ASM-02644,SES-01235,APP-00698,CRI-0427,EV-S3-03,1,5,[SINTÉTICO] Nivel 1: la evidencia registrada corresponde al descriptor; para el nivel 2 faltaría un ejemplo más completo.,suficiente,2026-08-05T16:00:00,RV-VAC-0090-1,CV-VAC-0090-1,synthetic,SYN-014872
ASM-02645,SES-01237,APP-00700,CRI-0424,EV-S3-03,1,5,[SINTÉTICO] Nivel 1: la evidencia registrada corresponde al descriptor; para el nivel 2 faltaría un ejemplo más completo.,suficiente,2026-07-18T20:57:00,RV-VAC-0090-1,CV-VAC-0090-1,synthetic,SYN-014877
ASM-02646,SES-01237,APP-00700,CRI-0425,EV-S3-03,1,5,[SINTÉTICO] Nivel 1: la evidencia registrada corresponde al descriptor; para el nivel 2 faltaría un ejemplo más completo.,parcial,2026-07-18T20:57:00,RV-VAC-0090-1,CV-VAC-0090-1,synthetic,SYN-014880
ASM-02647,SES-01238,APP-00700,CRI-0426,EV-S3-03,1,5,[SINTÉTICO] Nivel 1: la evidencia registrada corresponde al descriptor; para el nivel 2 faltaría un ejemplo más completo.,suficiente,2026-08-02T16:00:00,RV-VAC-0090-1,CV-VAC-0090-1,synthetic,SYN-014885
ASM-02648,SES-01238,APP-00700,CRI-0427,EV-S3-03,1,5,[SINTÉTICO] Nivel 1: la evidencia registrada corresponde al descriptor; para el nivel 2 faltaría un ejemplo más completo.,insuficiente,2026-08-02T16:00:00,RV-VAC-0090-1,CV-VAC-0090-1,synthetic,SYN-014888
ASM-02649,SES-01239,APP-00702,CRI-0428,EV-S1-01,1,5,[SINTÉTICO] Nivel 1: la evidencia registrada corresponde al descriptor; para el nivel 2 faltaría un ejemplo más completo.,suficiente,2026-02-09T10:00:00,RV-VAC-0091-1,CV-VAC-0091-1,synthetic,SYN-014890
ASM-02650,SES-01239,APP-00702,CRI-0429,EV-S1-01,2,10,[SINTÉTICO] Nivel 2: la evidencia registrada corresponde al descriptor; para el nivel 3 faltaría un ejemplo más completo.,suficiente,2026-02-09T10:00:00,RV-VAC-0091-1,CV-VAC-0091-1,synthetic,SYN-014894
ASM-02651,SES-01240,APP-00702,CRI-0428,EV-S1-02,1,5,[SINTÉTICO] Nivel 1: la evidencia registrada corresponde al descriptor; para el nivel 2 faltaría un ejemplo más completo.,suficiente,2026-02-08T15:32:00,RV-VAC-0091-1,CV-VAC-0091-1,synthetic,SYN-014897
ASM-02652,SES-01240,APP-00702,CRI-0429,EV-S1-02,2,10,[SINTÉTICO] Nivel 2: la evidencia registrada corresponde al descriptor; para el nivel 3 faltaría un ejemplo más completo.,suficiente,2026-02-08T15:32:00,RV-VAC-0091-1,CV-VAC-0091-1,synthetic,SYN-014900
ASM-02653,SES-01241,APP-00703,CRI-0428,EV-S1-02,2,10,[SINTÉTICO] Nivel 2: la evidencia registrada corresponde al descriptor; para el nivel 3 faltaría un ejemplo más completo.,suficiente,2026-02-10T17:26:00,RV-VAC-0091-1,CV-VAC-0091-1,synthetic,SYN-014903
ASM-02654,SES-01241,APP-00703,CRI-0429,EV-S1-02,2,10,[SINTÉTICO] Nivel 2: la evidencia registrada corresponde al descriptor; para el nivel 3 faltaría un ejemplo más completo.,suficiente,2026-02-10T17:26:00,RV-VAC-0091-1,CV-VAC-0091-1,synthetic,SYN-014905
ASM-02655,SES-01242,APP-00704,CRI-0428,EV-S1-01,4,20,[SINTÉTICO] Nivel 4: la evidencia registrada corresponde al descriptor; para el nivel 4 faltaría un ejemplo más completo.,suficiente,2026-02-11T02:44:00,RV-VAC-0091-1,CV-VAC-0091-1,synthetic,SYN-014909
ASM-02656,SES-01242,APP-00704,CRI-0429,EV-S1-01,4,20,[SINTÉTICO] Nivel 4: la evidencia registrada corresponde al descriptor; para el nivel 4 faltaría un ejemplo más completo.,parcial,2026-02-11T02:44:00,RV-VAC-0091-1,CV-VAC-0091-1,synthetic,SYN-014912
ASM-02657,SES-01243,APP-00705,CRI-0428,EV-S1-01,4,20,[SINTÉTICO] Nivel 4: la evidencia registrada corresponde al descriptor; para el nivel 4 faltaría un ejemplo más completo.,parcial,2026-02-09T23:36:00,RV-VAC-0091-1,CV-VAC-0091-1,synthetic,SYN-014915
ASM-02658,SES-01243,APP-00705,CRI-0429,EV-S1-01,4,20,[SINTÉTICO] Nivel 4: la evidencia registrada corresponde al descriptor; para el nivel 4 faltaría un ejemplo más completo.,suficiente,2026-02-09T23:36:00,RV-VAC-0091-1,CV-VAC-0091-1,synthetic,SYN-014917
ASM-02659,SES-01244,APP-00706,CRI-0428,EV-S1-03,3,15,[SINTÉTICO] Nivel 3: la evidencia registrada corresponde al descriptor; para el nivel 4 faltaría un ejemplo más completo.,parcial,2026-02-16T07:28:00,RV-VAC-0091-1,CV-VAC-0091-1,synthetic,SYN-014922
ASM-02660,SES-01244,APP-00706,CRI-0429,EV-S1-03,2,10,[SINTÉTICO] Nivel 2: la evidencia registrada corresponde al descriptor; para el nivel 3 faltaría un ejemplo más completo.,suficiente,2026-02-16T07:28:00,RV-VAC-0091-1,CV-VAC-0091-1,synthetic,SYN-014925
ASM-02661,SES-01245,APP-00706,CRI-0430,EV-S1-01,2,10,[SINTÉTICO] Nivel 2: la evidencia registrada corresponde al descriptor; para el nivel 3 faltaría un ejemplo más completo.,suficiente,2026-02-23T15:00:00,RV-VAC-0091-1,CV-VAC-0091-1,synthetic,SYN-014929
ASM-02662,SES-01245,APP-00706,CRI-0431,EV-S1-01,2,10,[SINTÉTICO] Nivel 2: la evidencia registrada corresponde al descriptor; para el nivel 3 faltaría un ejemplo más completo.,insuficiente,2026-02-23T15:00:00,RV-VAC-0091-1,CV-VAC-0091-1,synthetic,SYN-014932
ASM-02663,SES-01246,APP-00707,CRI-0428,EV-S1-01,1,5,[SINTÉTICO] Nivel 1: la evidencia registrada corresponde al descriptor; para el nivel 2 faltaría un ejemplo más completo.,suficiente,2026-02-15T10:29:00,RV-VAC-0091-1,CV-VAC-0091-1,synthetic,SYN-014934
ASM-02664,SES-01246,APP-00707,CRI-0429,EV-S1-01,2,10,[SINTÉTICO] Nivel 2: la evidencia registrada corresponde al descriptor; para el nivel 3 faltaría un ejemplo más completo.,insuficiente,2026-02-15T10:29:00,RV-VAC-0091-1,CV-VAC-0091-1,synthetic,SYN-014938
ASM-02665,SES-01247,APP-00707,CRI-0428,EV-S1-02,1,5,[SINTÉTICO] Nivel 1: la evidencia registrada corresponde al descriptor; para el nivel 2 faltaría un ejemplo más completo.,parcial,2026-02-17T11:29:00,RV-VAC-0091-1,CV-VAC-0091-1,synthetic,SYN-014940
ASM-02666,SES-01247,APP-00707,CRI-0429,EV-S1-02,2,10,[SINTÉTICO] Nivel 2: la evidencia registrada corresponde al descriptor; para el nivel 3 faltaría un ejemplo más completo.,suficiente,2026-02-17T11:29:00,RV-VAC-0091-1,CV-VAC-0091-1,synthetic,SYN-014942
ASM-02667,SES-01248,APP-00707,CRI-0430,EV-S1-02,1,5,[SINTÉTICO] Nivel 1: la evidencia registrada corresponde al descriptor; para el nivel 2 faltaría un ejemplo más completo.,parcial,2026-02-18T17:00:00,RV-VAC-0091-1,CV-VAC-0091-1,synthetic,SYN-014945
ASM-02668,SES-01248,APP-00707,CRI-0431,EV-S1-02,1,5,[SINTÉTICO] Nivel 1: la evidencia registrada corresponde al descriptor; para el nivel 2 faltaría un ejemplo más completo.,parcial,2026-02-18T17:00:00,RV-VAC-0091-1,CV-VAC-0091-1,synthetic,SYN-014947
ASM-02669,SES-01249,APP-00710,CRI-0428,EV-S1-01,4,20,[SINTÉTICO] Nivel 4: la evidencia registrada corresponde al descriptor; para el nivel 4 faltaría un ejemplo más completo.,parcial,2026-02-11T19:19:00,RV-VAC-0091-1,CV-VAC-0091-1,synthetic,SYN-014952
ASM-02670,SES-01249,APP-00710,CRI-0429,EV-S1-01,3,15,[SINTÉTICO] Nivel 3: la evidencia registrada corresponde al descriptor; para el nivel 4 faltaría un ejemplo más completo.,parcial,2026-02-11T19:19:00,RV-VAC-0091-1,CV-VAC-0091-1,synthetic,SYN-014955
ASM-02671,SES-01250,APP-00710,CRI-0430,EV-S1-04,3,15,[SINTÉTICO] Nivel 3: la evidencia registrada corresponde al descriptor; para el nivel 4 faltaría un ejemplo más completo.,parcial,2026-02-21T16:00:00,RV-VAC-0091-1,CV-VAC-0091-1,synthetic,SYN-014958
ASM-02672,SES-01250,APP-00710,CRI-0431,EV-S1-04,2,10,[SINTÉTICO] Nivel 2: la evidencia registrada corresponde al descriptor; para el nivel 3 faltaría un ejemplo más completo.,suficiente,2026-02-21T16:00:00,RV-VAC-0091-1,CV-VAC-0091-1,synthetic,SYN-014960
ASM-02673,SES-01251,APP-00711,CRI-0428,EV-S1-02,3,15,[SINTÉTICO] Nivel 3: la evidencia registrada corresponde al descriptor; para el nivel 4 faltaría un ejemplo más completo.,suficiente,2026-02-12T11:18:00,RV-VAC-0091-1,CV-VAC-0091-1,synthetic,SYN-014964
ASM-02674,SES-01251,APP-00711,CRI-0429,EV-S1-02,3,15,[SINTÉTICO] Nivel 3: la evidencia registrada corresponde al descriptor; para el nivel 4 faltaría un ejemplo más completo.,parcial,2026-02-12T11:18:00,RV-VAC-0091-1,CV-VAC-0091-1,synthetic,SYN-014967
ASM-02675,SES-01252,APP-00711,CRI-0428,EV-S1-03,3,15,[SINTÉTICO] Nivel 3: la evidencia registrada corresponde al descriptor; para el nivel 4 faltaría un ejemplo más completo.,parcial,2026-02-16T03:18:00,RV-VAC-0091-1,CV-VAC-0091-1,synthetic,SYN-014971
ASM-02676,SES-01252,APP-00711,CRI-0429,EV-S1-03,3,15,[SINTÉTICO] Nivel 3: la evidencia registrada corresponde al descriptor; para el nivel 4 faltaría un ejemplo más completo.,suficiente,2026-02-16T03:18:00,RV-VAC-0091-1,CV-VAC-0091-1,synthetic,SYN-014973
ASM-02677,SES-01253,APP-00711,CRI-0430,EV-S1-01,3,15,[SINTÉTICO] Nivel 3: la evidencia registrada corresponde al descriptor; para el nivel 4 faltaría un ejemplo más completo.,suficiente,2026-02-11T22:00:00,RV-VAC-0091-1,CV-VAC-0091-1,synthetic,SYN-014976
ASM-02678,SES-01253,APP-00711,CRI-0431,EV-S1-01,3,15,[SINTÉTICO] Nivel 3: la evidencia registrada corresponde al descriptor; para el nivel 4 faltaría un ejemplo más completo.,parcial,2026-02-11T22:00:00,RV-VAC-0091-1,CV-VAC-0091-1,synthetic,SYN-014979
ASM-02679,SES-01254,APP-00712,CRI-0428,EV-S1-02,2,10,[SINTÉTICO] Nivel 2: la evidencia registrada corresponde al descriptor; para el nivel 3 faltaría un ejemplo más completo.,parcial,2026-02-07T17:43:00,RV-VAC-0091-1,CV-VAC-0091-1,synthetic,SYN-014983
ASM-02680,SES-01254,APP-00712,CRI-0429,EV-S1-02,1,5,[SINTÉTICO] Nivel 1: la evidencia registrada corresponde al descriptor; para el nivel 2 faltaría un ejemplo más completo.,parcial,2026-02-07T17:43:00,RV-VAC-0091-1,CV-VAC-0091-1,synthetic,SYN-014986
ASM-02681,SES-01255,APP-00712,CRI-0430,EV-S1-04,3,15,[SINTÉTICO] Nivel 3: la evidencia registrada corresponde al descriptor; para el nivel 4 faltaría un ejemplo más completo.,suficiente,2026-02-17T20:00:00,RV-VAC-0091-1,CV-VAC-0091-1,synthetic,SYN-014991
ASM-02682,SES-01255,APP-00712,CRI-0431,EV-S1-04,2,10,[SINTÉTICO] Nivel 2: la evidencia registrada corresponde al descriptor; para el nivel 3 faltaría un ejemplo más completo.,insuficiente,2026-02-17T20:00:00,RV-VAC-0091-1,CV-VAC-0091-1,synthetic,SYN-014995
ASM-02683,SES-01256,APP-00713,CRI-0428,EV-S1-02,1,5,[SINTÉTICO] Nivel 1: la evidencia registrada corresponde al descriptor; para el nivel 2 faltaría un ejemplo más completo.,suficiente,2026-02-12T02:17:00,RV-VAC-0091-1,CV-VAC-0091-1,synthetic,SYN-014997
ASM-02684,SES-01256,APP-00713,CRI-0429,EV-S1-02,1,5,[SINTÉTICO] Nivel 1: la evidencia registrada corresponde al descriptor; para el nivel 2 faltaría un ejemplo más completo.,insuficiente,2026-02-12T02:17:00,RV-VAC-0091-1,CV-VAC-0091-1,synthetic,SYN-014999
ASM-02685,SES-01257,APP-00714,CRI-0428,EV-S1-01,2,10,[SINTÉTICO] Nivel 2: la evidencia registrada corresponde al descriptor; para el nivel 3 faltaría un ejemplo más completo.,parcial,2026-02-06T05:00:00,RV-VAC-0091-1,CV-VAC-0091-1,synthetic,SYN-015001
ASM-02686,SES-01257,APP-00714,CRI-0429,EV-S1-01,2,10,[SINTÉTICO] Nivel 2: la evidencia registrada corresponde al descriptor; para el nivel 3 faltaría un ejemplo más completo.,parcial,2026-02-06T05:00:00,RV-VAC-0091-1,CV-VAC-0091-1,synthetic,SYN-015003
ASM-02687,SES-01258,APP-00714,CRI-0430,EV-S1-02,3,15,[SINTÉTICO] Nivel 3: la evidencia registrada corresponde al descriptor; para el nivel 4 faltaría un ejemplo más completo.,parcial,2026-02-11T01:00:00,RV-VAC-0091-1,CV-VAC-0091-1,synthetic,SYN-015007
ASM-02688,SES-01258,APP-00714,CRI-0431,EV-S1-02,3,15,[SINTÉTICO] Nivel 3: la evidencia registrada corresponde al descriptor; para el nivel 4 faltaría un ejemplo más completo.,suficiente,2026-02-11T01:00:00,RV-VAC-0091-1,CV-VAC-0091-1,synthetic,SYN-015009
ASM-02689,SES-01259,APP-00715,CRI-0432,EV-S2-02,2,10,[SINTÉTICO] Nivel 2: la evidencia registrada corresponde al descriptor; para el nivel 3 faltaría un ejemplo más completo.,suficiente,2026-07-24T21:14:00,RV-VAC-0092-1,CV-VAC-0092-1,synthetic,SYN-015013
ASM-02690,SES-01259,APP-00715,CRI-0433,EV-S2-02,2,10,[SINTÉTICO] Nivel 2: la evidencia registrada corresponde al descriptor; para el nivel 3 faltaría un ejemplo más completo.,parcial,2026-07-24T21:14:00,RV-VAC-0092-1,CV-VAC-0092-1,synthetic,SYN-015017
ASM-02691,SES-01259,APP-00715,CRI-0434,EV-S2-02,2,10,[SINTÉTICO] Nivel 2: la evidencia registrada corresponde al descriptor; para el nivel 3 faltaría un ejemplo más completo.,suficiente,2026-07-24T21:14:00,RV-VAC-0092-1,CV-VAC-0092-1,synthetic,SYN-015020
ASM-02692,SES-01260,APP-00716,CRI-0432,EV-S2-04,4,20,[SINTÉTICO] Nivel 4: la evidencia registrada corresponde al descriptor; para el nivel 4 faltaría un ejemplo más completo.,parcial,2026-07-30T07:37:00,RV-VAC-0092-1,CV-VAC-0092-1,synthetic,SYN-015024
ASM-02693,SES-01260,APP-00716,CRI-0433,EV-S2-04,4,20,[SINTÉTICO] Nivel 4: la evidencia registrada corresponde al descriptor; para el nivel 4 faltaría un ejemplo más completo.,suficiente,2026-07-30T07:37:00,RV-VAC-0092-1,CV-VAC-0092-1,synthetic,SYN-015027
ASM-02694,SES-01260,APP-00716,CRI-0434,EV-S2-04,3,15,[SINTÉTICO] Nivel 3: la evidencia registrada corresponde al descriptor; para el nivel 4 faltaría un ejemplo más completo.,parcial,2026-07-30T07:37:00,RV-VAC-0092-1,CV-VAC-0092-1,synthetic,SYN-015031
ASM-02695,SES-01261,APP-00716,CRI-0435,EV-S2-03,3,15,[SINTÉTICO] Nivel 3: la evidencia registrada corresponde al descriptor; para el nivel 4 faltaría un ejemplo más completo.,suficiente,2026-08-05T19:00:00,RV-VAC-0092-1,CV-VAC-0092-1,synthetic,SYN-015035
ASM-02696,SES-01261,APP-00716,CRI-0436,EV-S2-03,4,20,[SINTÉTICO] Nivel 4: la evidencia registrada corresponde al descriptor; para el nivel 4 faltaría un ejemplo más completo.,parcial,2026-08-05T19:00:00,RV-VAC-0092-1,CV-VAC-0092-1,synthetic,SYN-015038
ASM-02697,SES-01261,APP-00716,CRI-0437,EV-S2-03,4,20,[SINTÉTICO] Nivel 4: la evidencia registrada corresponde al descriptor; para el nivel 4 faltaría un ejemplo más completo.,parcial,2026-08-05T19:00:00,RV-VAC-0092-1,CV-VAC-0092-1,synthetic,SYN-015040
ASM-02698,SES-01262,APP-00717,CRI-0432,EV-S2-03,2,10,[SINTÉTICO] Nivel 2: la evidencia registrada corresponde al descriptor; para el nivel 3 faltaría un ejemplo más completo.,insuficiente,2026-07-20T11:31:00,RV-VAC-0092-1,CV-VAC-0092-1,synthetic,SYN-015044
ASM-02699,SES-01262,APP-00717,CRI-0433,EV-S2-03,3,15,[SINTÉTICO] Nivel 3: la evidencia registrada corresponde al descriptor; para el nivel 4 faltaría un ejemplo más completo.,parcial,2026-07-20T11:31:00,RV-VAC-0092-1,CV-VAC-0092-1,synthetic,SYN-015045
ASM-02700,SES-01262,APP-00717,CRI-0434,EV-S2-03,3,15,[SINTÉTICO] Nivel 3: la evidencia registrada corresponde al descriptor; para el nivel 4 faltaría un ejemplo más completo.,suficiente,2026-07-20T11:31:00,RV-VAC-0092-1,CV-VAC-0092-1,synthetic,SYN-015049
ASM-02701,SES-01263,APP-00718,CRI-0438,EV-S3-02,2,10,[SINTÉTICO] Nivel 2: la evidencia registrada corresponde al descriptor; para el nivel 3 faltaría un ejemplo más completo.,parcial,2026-08-12T03:09:00,RV-VAC-0093-1,CV-VAC-0093-1,synthetic,SYN-015054
ASM-02702,SES-01263,APP-00718,CRI-0439,EV-S3-02,2,10,[SINTÉTICO] Nivel 2: la evidencia registrada corresponde al descriptor; para el nivel 3 faltaría un ejemplo más completo.,suficiente,2026-08-12T03:09:00,RV-VAC-0093-1,CV-VAC-0093-1,synthetic,SYN-015056
ASM-02703,SES-01263,APP-00718,CRI-0440,EV-S3-02,2,10,[SINTÉTICO] Nivel 2: la evidencia registrada corresponde al descriptor; para el nivel 3 faltaría un ejemplo más completo.,suficiente,2026-08-12T03:09:00,RV-VAC-0093-1,CV-VAC-0093-1,synthetic,SYN-015060
ASM-02704,SES-01264,APP-00718,CRI-0441,EV-S3-02,3,15,[SINTÉTICO] Nivel 3: la evidencia registrada corresponde al descriptor; para el nivel 4 faltaría un ejemplo más completo.,suficiente,2026-08-11T20:00:00,RV-VAC-0093-1,CV-VAC-0093-1,synthetic,SYN-015063
ASM-02705,SES-01264,APP-00718,CRI-0442,EV-S3-02,2,10,[SINTÉTICO] Nivel 2: la evidencia registrada corresponde al descriptor; para el nivel 3 faltaría un ejemplo más completo.,parcial,2026-08-11T20:00:00,RV-VAC-0093-1,CV-VAC-0093-1,synthetic,SYN-015066
ASM-02706,SES-01265,APP-00719,CRI-0438,EV-S3-01,1,5,[SINTÉTICO] Nivel 1: la evidencia registrada corresponde al descriptor; para el nivel 2 faltaría un ejemplo más completo.,suficiente,2026-08-09T10:17:00,RV-VAC-0093-1,CV-VAC-0093-1,synthetic,SYN-015069
ASM-02707,SES-01265,APP-00719,CRI-0439,EV-S3-01,1,5,[SINTÉTICO] Nivel 1: la evidencia registrada corresponde al descriptor; para el nivel 2 faltaría un ejemplo más completo.,parcial,2026-08-09T10:17:00,RV-VAC-0093-1,CV-VAC-0093-1,synthetic,SYN-015072
ASM-02708,SES-01265,APP-00719,CRI-0440,EV-S3-01,1,5,[SINTÉTICO] Nivel 1: la evidencia registrada corresponde al descriptor; para el nivel 2 faltaría un ejemplo más completo.,parcial,2026-08-09T10:17:00,RV-VAC-0093-1,CV-VAC-0093-1,synthetic,SYN-015074
ASM-02709,SES-01266,APP-00719,CRI-0441,EV-S3-03,2,10,[SINTÉTICO] Nivel 2: la evidencia registrada corresponde al descriptor; para el nivel 3 faltaría un ejemplo más completo.,parcial,2026-08-13T22:00:00,RV-VAC-0093-1,CV-VAC-0093-1,synthetic,SYN-015078
ASM-02710,SES-01266,APP-00719,CRI-0442,EV-S3-03,1,5,[SINTÉTICO] Nivel 1: la evidencia registrada corresponde al descriptor; para el nivel 2 faltaría un ejemplo más completo.,suficiente,2026-08-13T22:00:00,RV-VAC-0093-1,CV-VAC-0093-1,synthetic,SYN-015080
ASM-02711,SES-01267,APP-00720,CRI-0438,EV-S3-02,4,20,[SINTÉTICO] Nivel 4: la evidencia registrada corresponde al descriptor; para el nivel 4 faltaría un ejemplo más completo.,suficiente,2026-08-01T23:19:00,RV-VAC-0093-1,CV-VAC-0093-1,synthetic,SYN-015083
ASM-02712,SES-01267,APP-00720,CRI-0439,EV-S3-02,4,20,[SINTÉTICO] Nivel 4: la evidencia registrada corresponde al descriptor; para el nivel 4 faltaría un ejemplo más completo.,insuficiente,2026-08-01T23:19:00,RV-VAC-0093-1,CV-VAC-0093-1,synthetic,SYN-015085
ASM-02713,SES-01267,APP-00720,CRI-0440,EV-S3-02,4,20,[SINTÉTICO] Nivel 4: la evidencia registrada corresponde al descriptor; para el nivel 4 faltaría un ejemplo más completo.,suficiente,2026-08-01T23:19:00,RV-VAC-0093-1,CV-VAC-0093-1,synthetic,SYN-015086
ASM-02714,SES-01268,APP-00720,CRI-0441,EV-S3-01,4,20,[SINTÉTICO] Nivel 4: la evidencia registrada corresponde al descriptor; para el nivel 4 faltaría un ejemplo más completo.,suficiente,2026-08-20T22:00:00,RV-VAC-0093-1,CV-VAC-0093-1,synthetic,SYN-015090
ASM-02715,SES-01268,APP-00720,CRI-0442,EV-S3-01,4,20,[SINTÉTICO] Nivel 4: la evidencia registrada corresponde al descriptor; para el nivel 4 faltaría un ejemplo más completo.,suficiente,2026-08-20T22:00:00,RV-VAC-0093-1,CV-VAC-0093-1,synthetic,SYN-015093
ASM-02716,SES-01269,APP-00721,CRI-0443,EV-S1-01,2,10,[SINTÉTICO] Nivel 2: la evidencia registrada corresponde al descriptor; para el nivel 3 faltaría un ejemplo más completo.,suficiente,2026-07-25T21:39:00,RV-VAC-0094-1,CV-VAC-0094-1,synthetic,SYN-015097
ASM-02717,SES-01269,APP-00721,CRI-0444,EV-S1-01,2,10,[SINTÉTICO] Nivel 2: la evidencia registrada corresponde al descriptor; para el nivel 3 faltaría un ejemplo más completo.,suficiente,2026-07-25T21:39:00,RV-VAC-0094-1,CV-VAC-0094-1,synthetic,SYN-015100
ASM-02718,SES-01270,APP-00721,CRI-0443,EV-S1-04,3,15,[SINTÉTICO] Nivel 3: la evidencia registrada corresponde al descriptor; para el nivel 4 faltaría un ejemplo más completo.,insuficiente,2026-08-02T19:39:00,RV-VAC-0094-1,CV-VAC-0094-1,synthetic,SYN-015103
ASM-02719,SES-01270,APP-00721,CRI-0444,EV-S1-04,2,10,[SINTÉTICO] Nivel 2: la evidencia registrada corresponde al descriptor; para el nivel 3 faltaría un ejemplo más completo.,parcial,2026-08-02T19:39:00,RV-VAC-0094-1,CV-VAC-0094-1,synthetic,SYN-015104
ASM-02720,SES-01271,APP-00721,CRI-0445,EV-S1-03,3,15,[SINTÉTICO] Nivel 3: la evidencia registrada corresponde al descriptor; para el nivel 4 faltaría un ejemplo más completo.,suficiente,2026-07-22T03:00:00,RV-VAC-0094-1,CV-VAC-0094-1,synthetic,SYN-015108
ASM-02721,SES-01271,APP-00721,CRI-0446,EV-S1-03,3,15,[SINTÉTICO] Nivel 3: la evidencia registrada corresponde al descriptor; para el nivel 4 faltaría un ejemplo más completo.,parcial,2026-07-22T03:00:00,RV-VAC-0094-1,CV-VAC-0094-1,synthetic,SYN-015111
ASM-02722,SES-01272,APP-00722,CRI-0443,EV-S1-02,2,10,[SINTÉTICO] Nivel 2: la evidencia registrada corresponde al descriptor; para el nivel 3 faltaría un ejemplo más completo.,suficiente,2026-07-19T04:27:00,RV-VAC-0094-1,CV-VAC-0094-1,synthetic,SYN-015114
ASM-02723,SES-01272,APP-00722,CRI-0444,EV-S1-02,2,10,[SINTÉTICO] Nivel 2: la evidencia registrada corresponde al descriptor; para el nivel 3 faltaría un ejemplo más completo.,suficiente,2026-07-19T04:27:00,RV-VAC-0094-1,CV-VAC-0094-1,synthetic,SYN-015117
ASM-02724,SES-01273,APP-00722,CRI-0445,EV-S1-01,2,10,[SINTÉTICO] Nivel 2: la evidencia registrada corresponde al descriptor; para el nivel 3 faltaría un ejemplo más completo.,insuficiente,2026-08-05T15:00:00,RV-VAC-0094-1,CV-VAC-0094-1,synthetic,SYN-015122
ASM-02725,SES-01273,APP-00722,CRI-0446,EV-S1-01,2,10,[SINTÉTICO] Nivel 2: la evidencia registrada corresponde al descriptor; para el nivel 3 faltaría un ejemplo más completo.,parcial,2026-08-05T15:00:00,RV-VAC-0094-1,CV-VAC-0094-1,synthetic,SYN-015123
ASM-02726,SES-01274,APP-00723,CRI-0443,EV-S1-03,4,20,[SINTÉTICO] Nivel 4: la evidencia registrada corresponde al descriptor; para el nivel 4 faltaría un ejemplo más completo.,parcial,2026-07-26T06:00:00,RV-VAC-0094-1,CV-VAC-0094-1,synthetic,SYN-015127
ASM-02727,SES-01274,APP-00723,CRI-0444,EV-S1-03,3,15,[SINTÉTICO] Nivel 3: la evidencia registrada corresponde al descriptor; para el nivel 4 faltaría un ejemplo más completo.,suficiente,2026-07-26T06:00:00,RV-VAC-0094-1,CV-VAC-0094-1,synthetic,SYN-015129
ASM-02728,SES-01276,APP-00723,CRI-0445,EV-S1-02,4,20,[SINTÉTICO] Nivel 4: la evidencia registrada corresponde al descriptor; para el nivel 4 faltaría un ejemplo más completo.,parcial,2026-07-31T00:00:00,RV-VAC-0094-1,CV-VAC-0094-1,synthetic,SYN-015136
ASM-02729,SES-01276,APP-00723,CRI-0446,EV-S1-02,4,20,[SINTÉTICO] Nivel 4: la evidencia registrada corresponde al descriptor; para el nivel 4 faltaría un ejemplo más completo.,suficiente,2026-07-31T00:00:00,RV-VAC-0094-1,CV-VAC-0094-1,synthetic,SYN-015139
ASM-02730,SES-01277,APP-00724,CRI-0443,EV-S1-04,3,15,[SINTÉTICO] Nivel 3: la evidencia registrada corresponde al descriptor; para el nivel 4 faltaría un ejemplo más completo.,suficiente,2026-07-03T03:23:00,RV-VAC-0094-1,CV-VAC-0094-1,synthetic,SYN-015143
ASM-02731,SES-01277,APP-00724,CRI-0444,EV-S1-04,2,10,[SINTÉTICO] Nivel 2: la evidencia registrada corresponde al descriptor; para el nivel 3 faltaría un ejemplo más completo.,parcial,2026-07-03T03:23:00,RV-VAC-0094-1,CV-VAC-0094-1,synthetic,SYN-015146
ASM-02732,SES-01278,APP-00724,CRI-0445,EV-S1-02,2,10,[SINTÉTICO] Nivel 2: la evidencia registrada corresponde al descriptor; para el nivel 3 faltaría un ejemplo más completo.,parcial,2026-07-28T13:00:00,RV-VAC-0094-1,CV-VAC-0094-1,synthetic,SYN-015151
ASM-02733,SES-01278,APP-00724,CRI-0446,EV-S1-02,2,10,[SINTÉTICO] Nivel 2: la evidencia registrada corresponde al descriptor; para el nivel 3 faltaría un ejemplo más completo.,suficiente,2026-07-28T13:00:00,RV-VAC-0094-1,CV-VAC-0094-1,synthetic,SYN-015154
ASM-02734,SES-01279,APP-00725,CRI-0443,EV-S1-04,4,20,[SINTÉTICO] Nivel 4: la evidencia registrada corresponde al descriptor; para el nivel 4 faltaría un ejemplo más completo.,parcial,2026-07-25T14:12:00,RV-VAC-0094-1,CV-VAC-0094-1,synthetic,SYN-015158
ASM-02735,SES-01279,APP-00725,CRI-0444,EV-S1-04,3,15,[SINTÉTICO] Nivel 3: la evidencia registrada corresponde al descriptor; para el nivel 4 faltaría un ejemplo más completo.,parcial,2026-07-25T14:12:00,RV-VAC-0094-1,CV-VAC-0094-1,synthetic,SYN-015161
ASM-02736,SES-01281,APP-00726,CRI-0443,EV-S1-03,1,5,[SINTÉTICO] Nivel 1: la evidencia registrada corresponde al descriptor; para el nivel 2 faltaría un ejemplo más completo.,insuficiente,2026-07-25T21:30:00,RV-VAC-0094-1,CV-VAC-0094-1,synthetic,SYN-015166
ASM-02737,SES-01281,APP-00726,CRI-0444,EV-S1-03,1,5,[SINTÉTICO] Nivel 1: la evidencia registrada corresponde al descriptor; para el nivel 2 faltaría un ejemplo más completo.,suficiente,2026-07-25T21:30:00,RV-VAC-0094-1,CV-VAC-0094-1,synthetic,SYN-015167
ASM-02738,SES-01282,APP-00726,CRI-0445,EV-S1-02,1,5,[SINTÉTICO] Nivel 1: la evidencia registrada corresponde al descriptor; para el nivel 2 faltaría un ejemplo más completo.,insuficiente,2026-07-26T22:00:00,RV-VAC-0094-1,CV-VAC-0094-1,synthetic,SYN-015171
ASM-02739,SES-01282,APP-00726,CRI-0446,EV-S1-02,2,10,[SINTÉTICO] Nivel 2: la evidencia registrada corresponde al descriptor; para el nivel 3 faltaría un ejemplo más completo.,insuficiente,2026-07-26T22:00:00,RV-VAC-0094-1,CV-VAC-0094-1,synthetic,SYN-015172
ASM-02740,SES-01283,APP-00727,CRI-0443,EV-S1-04,3,15,[SINTÉTICO] Nivel 3: la evidencia registrada corresponde al descriptor; para el nivel 4 faltaría un ejemplo más completo.,suficiente,2026-07-30T21:57:00,RV-VAC-0094-1,CV-VAC-0094-1,synthetic,SYN-015174
ASM-02741,SES-01283,APP-00727,CRI-0444,EV-S1-04,4,20,[SINTÉTICO] Nivel 4: la evidencia registrada corresponde al descriptor; para el nivel 4 faltaría un ejemplo más completo.,suficiente,2026-07-30T21:57:00,RV-VAC-0094-1,CV-VAC-0094-1,synthetic,SYN-015177
ASM-02742,SES-01284,APP-00727,CRI-0443,EV-S1-03,3,15,[SINTÉTICO] Nivel 3: la evidencia registrada corresponde al descriptor; para el nivel 4 faltaría un ejemplo más completo.,suficiente,2026-07-23T16:57:00,RV-VAC-0094-1,CV-VAC-0094-1,synthetic,SYN-015180
ASM-02743,SES-01284,APP-00727,CRI-0444,EV-S1-03,4,20,[SINTÉTICO] Nivel 4: la evidencia registrada corresponde al descriptor; para el nivel 4 faltaría un ejemplo más completo.,parcial,2026-07-23T16:57:00,RV-VAC-0094-1,CV-VAC-0094-1,synthetic,SYN-015183
ASM-02744,SES-01285,APP-00728,CRI-0443,EV-S1-03,4,20,[SINTÉTICO] Nivel 4: la evidencia registrada corresponde al descriptor; para el nivel 4 faltaría un ejemplo más completo.,parcial,2026-07-27T05:16:00,RV-VAC-0094-1,CV-VAC-0094-1,synthetic,SYN-015186
ASM-02745,SES-01285,APP-00728,CRI-0444,EV-S1-03,4,20,[SINTÉTICO] Nivel 4: la evidencia registrada corresponde al descriptor; para el nivel 4 faltaría un ejemplo más completo.,suficiente,2026-07-27T05:16:00,RV-VAC-0094-1,CV-VAC-0094-1,synthetic,SYN-015188
ASM-02746,SES-01286,APP-00730,CRI-0443,EV-S1-04,4,20,[SINTÉTICO] Nivel 4: la evidencia registrada corresponde al descriptor; para el nivel 4 faltaría un ejemplo más completo.,suficiente,2026-07-14T20:11:00,RV-VAC-0094-1,CV-VAC-0094-1,synthetic,SYN-015193
ASM-02747,SES-01286,APP-00730,CRI-0444,EV-S1-04,4,20,[SINTÉTICO] Nivel 4: la evidencia registrada corresponde al descriptor; para el nivel 4 faltaría un ejemplo más completo.,parcial,2026-07-14T20:11:00,RV-VAC-0094-1,CV-VAC-0094-1,synthetic,SYN-015195
ASM-02748,SES-01287,APP-00730,CRI-0445,EV-S1-02,4,20,[SINTÉTICO] Nivel 4: la evidencia registrada corresponde al descriptor; para el nivel 4 faltaría un ejemplo más completo.,suficiente,2026-07-22T21:00:00,RV-VAC-0094-1,CV-VAC-0094-1,synthetic,SYN-015199
ASM-02749,SES-01287,APP-00730,CRI-0446,EV-S1-02,4,20,[SINTÉTICO] Nivel 4: la evidencia registrada corresponde al descriptor; para el nivel 4 faltaría un ejemplo más completo.,suficiente,2026-07-22T21:00:00,RV-VAC-0094-1,CV-VAC-0094-1,synthetic,SYN-015203
ASM-02750,SES-01288,APP-00731,CRI-0443,EV-S1-02,3,15,[SINTÉTICO] Nivel 3: la evidencia registrada corresponde al descriptor; para el nivel 4 faltaría un ejemplo más completo.,parcial,2026-07-19T09:08:00,RV-VAC-0094-1,CV-VAC-0094-1,synthetic,SYN-015208
ASM-02751,SES-01288,APP-00731,CRI-0444,EV-S1-02,3,15,[SINTÉTICO] Nivel 3: la evidencia registrada corresponde al descriptor; para el nivel 4 faltaría un ejemplo más completo.,suficiente,2026-07-19T09:08:00,RV-VAC-0094-1,CV-VAC-0094-1,synthetic,SYN-015212
ASM-02752,SES-01290,APP-00732,CRI-0443,EV-S1-03,2,10,[SINTÉTICO] Nivel 2: la evidencia registrada corresponde al descriptor; para el nivel 3 faltaría un ejemplo más completo.,parcial,2026-07-26T07:00:00,RV-VAC-0094-1,CV-VAC-0094-1,synthetic,SYN-015217
ASM-02753,SES-01290,APP-00732,CRI-0444,EV-S1-03,2,10,[SINTÉTICO] Nivel 2: la evidencia registrada corresponde al descriptor; para el nivel 3 faltaría un ejemplo más completo.,insuficiente,2026-07-26T07:00:00,RV-VAC-0094-1,CV-VAC-0094-1,synthetic,SYN-015220
ASM-02754,SES-01291,APP-00732,CRI-0445,EV-S1-04,2,10,[SINTÉTICO] Nivel 2: la evidencia registrada corresponde al descriptor; para el nivel 3 faltaría un ejemplo más completo.,suficiente,2026-07-31T20:00:00,RV-VAC-0094-1,CV-VAC-0094-1,synthetic,SYN-015222
ASM-02755,SES-01291,APP-00732,CRI-0446,EV-S1-04,2,10,[SINTÉTICO] Nivel 2: la evidencia registrada corresponde al descriptor; para el nivel 3 faltaría un ejemplo más completo.,suficiente,2026-07-31T20:00:00,RV-VAC-0094-1,CV-VAC-0094-1,synthetic,SYN-015224
ASM-02756,SES-01292,APP-00733,CRI-0443,EV-S1-01,3,15,[SINTÉTICO] Nivel 3: la evidencia registrada corresponde al descriptor; para el nivel 4 faltaría un ejemplo más completo.,suficiente,2026-07-30T12:46:00,RV-VAC-0094-1,CV-VAC-0094-1,synthetic,SYN-015228
ASM-02757,SES-01292,APP-00733,CRI-0444,EV-S1-01,3,15,[SINTÉTICO] Nivel 3: la evidencia registrada corresponde al descriptor; para el nivel 4 faltaría un ejemplo más completo.,suficiente,2026-07-30T12:46:00,RV-VAC-0094-1,CV-VAC-0094-1,synthetic,SYN-015231
ASM-02758,SES-01293,APP-00733,CRI-0445,EV-S1-02,4,20,[SINTÉTICO] Nivel 4: la evidencia registrada corresponde al descriptor; para el nivel 4 faltaría un ejemplo más completo.,parcial,2026-07-26T14:00:00,RV-VAC-0094-1,CV-VAC-0094-1,synthetic,SYN-015236
ASM-02759,SES-01293,APP-00733,CRI-0446,EV-S1-02,3,15,[SINTÉTICO] Nivel 3: la evidencia registrada corresponde al descriptor; para el nivel 4 faltaría un ejemplo más completo.,parcial,2026-07-26T14:00:00,RV-VAC-0094-1,CV-VAC-0094-1,synthetic,SYN-015239
ASM-02760,SES-01294,APP-00734,CRI-0447,EV-S2-02,3,15,[SINTÉTICO] Nivel 3: la evidencia registrada corresponde al descriptor; para el nivel 4 faltaría un ejemplo más completo.,suficiente,2026-03-22T01:07:00,RV-VAC-0095-1,CV-VAC-0095-1,synthetic,SYN-015244
ASM-02761,SES-01294,APP-00734,CRI-0448,EV-S2-02,3,15,[SINTÉTICO] Nivel 3: la evidencia registrada corresponde al descriptor; para el nivel 4 faltaría un ejemplo más completo.,suficiente,2026-03-22T01:07:00,RV-VAC-0095-1,CV-VAC-0095-1,synthetic,SYN-015247
ASM-02762,SES-01294,APP-00734,CRI-0449,EV-S2-02,3,15,[SINTÉTICO] Nivel 3: la evidencia registrada corresponde al descriptor; para el nivel 4 faltaría un ejemplo más completo.,parcial,2026-03-22T01:07:00,RV-VAC-0095-1,CV-VAC-0095-1,synthetic,SYN-015249
ASM-02763,SES-01295,APP-00734,CRI-0450,EV-S2-01,2,10,[SINTÉTICO] Nivel 2: la evidencia registrada corresponde al descriptor; para el nivel 3 faltaría un ejemplo más completo.,suficiente,2026-04-01T23:00:00,RV-VAC-0095-1,CV-VAC-0095-1,synthetic,SYN-015252
ASM-02764,SES-01295,APP-00734,CRI-0451,EV-S2-01,3,15,[SINTÉTICO] Nivel 3: la evidencia registrada corresponde al descriptor; para el nivel 4 faltaría un ejemplo más completo.,parcial,2026-04-01T23:00:00,RV-VAC-0095-1,CV-VAC-0095-1,synthetic,SYN-015255
ASM-02765,SES-01295,APP-00734,CRI-0452,EV-S2-01,4,20,[SINTÉTICO] Nivel 4: la evidencia registrada corresponde al descriptor; para el nivel 4 faltaría un ejemplo más completo.,suficiente,2026-04-01T23:00:00,RV-VAC-0095-1,CV-VAC-0095-1,synthetic,SYN-015259
ASM-02766,SES-01296,APP-00735,CRI-0447,EV-S2-01,1,5,[SINTÉTICO] Nivel 1: la evidencia registrada corresponde al descriptor; para el nivel 2 faltaría un ejemplo más completo.,suficiente,2026-04-02T17:39:00,RV-VAC-0095-1,CV-VAC-0095-1,synthetic,SYN-015264
ASM-02767,SES-01296,APP-00735,CRI-0448,EV-S2-01,2,10,[SINTÉTICO] Nivel 2: la evidencia registrada corresponde al descriptor; para el nivel 3 faltaría un ejemplo más completo.,suficiente,2026-04-02T17:39:00,RV-VAC-0095-1,CV-VAC-0095-1,synthetic,SYN-015268
ASM-02768,SES-01296,APP-00735,CRI-0449,EV-S2-01,2,10,[SINTÉTICO] Nivel 2: la evidencia registrada corresponde al descriptor; para el nivel 3 faltaría un ejemplo más completo.,parcial,2026-04-02T17:39:00,RV-VAC-0095-1,CV-VAC-0095-1,synthetic,SYN-015270
ASM-02769,SES-01297,APP-00736,CRI-0447,EV-S2-03,2,10,[SINTÉTICO] Nivel 2: la evidencia registrada corresponde al descriptor; para el nivel 3 faltaría un ejemplo más completo.,suficiente,2026-03-29T22:49:00,RV-VAC-0095-1,CV-VAC-0095-1,synthetic,SYN-015273
ASM-02770,SES-01297,APP-00736,CRI-0448,EV-S2-03,3,15,[SINTÉTICO] Nivel 3: la evidencia registrada corresponde al descriptor; para el nivel 4 faltaría un ejemplo más completo.,parcial,2026-03-29T22:49:00,RV-VAC-0095-1,CV-VAC-0095-1,synthetic,SYN-015275
ASM-02771,SES-01297,APP-00736,CRI-0449,EV-S2-03,2,10,[SINTÉTICO] Nivel 2: la evidencia registrada corresponde al descriptor; para el nivel 3 faltaría un ejemplo más completo.,suficiente,2026-03-29T22:49:00,RV-VAC-0095-1,CV-VAC-0095-1,synthetic,SYN-015277
ASM-02772,SES-01298,APP-00737,CRI-0447,EV-S2-03,4,20,[SINTÉTICO] Nivel 4: la evidencia registrada corresponde al descriptor; para el nivel 4 faltaría un ejemplo más completo.,parcial,2026-03-19T13:33:00,RV-VAC-0095-1,CV-VAC-0095-1,synthetic,SYN-015281
ASM-02773,SES-01298,APP-00737,CRI-0448,EV-S2-03,4,20,[SINTÉTICO] Nivel 4: la evidencia registrada corresponde al descriptor; para el nivel 4 faltaría un ejemplo más completo.,suficiente,2026-03-19T13:33:00,RV-VAC-0095-1,CV-VAC-0095-1,synthetic,SYN-015284
ASM-02774,SES-01298,APP-00737,CRI-0449,EV-S2-03,4,20,[SINTÉTICO] Nivel 4: la evidencia registrada corresponde al descriptor; para el nivel 4 faltaría un ejemplo más completo.,parcial,2026-03-19T13:33:00,RV-VAC-0095-1,CV-VAC-0095-1,synthetic,SYN-015287
ASM-02775,SES-01299,APP-00737,CRI-0450,EV-S2-02,4,20,[SINTÉTICO] Nivel 4: la evidencia registrada corresponde al descriptor; para el nivel 4 faltaría un ejemplo más completo.,suficiente,2026-03-31T21:00:00,RV-VAC-0095-1,CV-VAC-0095-1,synthetic,SYN-015290
ASM-02776,SES-01299,APP-00737,CRI-0451,EV-S2-02,4,20,[SINTÉTICO] Nivel 4: la evidencia registrada corresponde al descriptor; para el nivel 4 faltaría un ejemplo más completo.,suficiente,2026-03-31T21:00:00,RV-VAC-0095-1,CV-VAC-0095-1,synthetic,SYN-015294
ASM-02777,SES-01299,APP-00737,CRI-0452,EV-S2-02,4,20,[SINTÉTICO] Nivel 4: la evidencia registrada corresponde al descriptor; para el nivel 4 faltaría un ejemplo más completo.,parcial,2026-03-31T21:00:00,RV-VAC-0095-1,CV-VAC-0095-1,synthetic,SYN-015298
ASM-02778,SES-01300,APP-00738,CRI-0447,EV-S2-02,3,15,[SINTÉTICO] Nivel 3: la evidencia registrada corresponde al descriptor; para el nivel 4 faltaría un ejemplo más completo.,insuficiente,2026-03-23T12:16:00,RV-VAC-0095-1,CV-VAC-0095-1,synthetic,SYN-015301
ASM-02779,SES-01300,APP-00738,CRI-0448,EV-S2-02,3,15,[SINTÉTICO] Nivel 3: la evidencia registrada corresponde al descriptor; para el nivel 4 faltaría un ejemplo más completo.,parcial,2026-03-23T12:16:00,RV-VAC-0095-1,CV-VAC-0095-1,synthetic,SYN-015302
ASM-02780,SES-01300,APP-00738,CRI-0449,EV-S2-02,3,15,[SINTÉTICO] Nivel 3: la evidencia registrada corresponde al descriptor; para el nivel 4 faltaría un ejemplo más completo.,suficiente,2026-03-23T12:16:00,RV-VAC-0095-1,CV-VAC-0095-1,synthetic,SYN-015306
ASM-02781,SES-01301,APP-00738,CRI-0450,EV-S2-02,3,15,[SINTÉTICO] Nivel 3: la evidencia registrada corresponde al descriptor; para el nivel 4 faltaría un ejemplo más completo.,suficiente,2026-03-30T19:00:00,RV-VAC-0095-1,CV-VAC-0095-1,synthetic,SYN-015310
ASM-02782,SES-01301,APP-00738,CRI-0451,EV-S2-02,2,10,[SINTÉTICO] Nivel 2: la evidencia registrada corresponde al descriptor; para el nivel 3 faltaría un ejemplo más completo.,suficiente,2026-03-30T19:00:00,RV-VAC-0095-1,CV-VAC-0095-1,synthetic,SYN-015312
ASM-02783,SES-01301,APP-00738,CRI-0452,EV-S2-02,3,15,[SINTÉTICO] Nivel 3: la evidencia registrada corresponde al descriptor; para el nivel 4 faltaría un ejemplo más completo.,parcial,2026-03-30T19:00:00,RV-VAC-0095-1,CV-VAC-0095-1,synthetic,SYN-015315
ASM-02784,SES-01302,APP-00741,CRI-0447,EV-S2-04,4,20,[SINTÉTICO] Nivel 4: la evidencia registrada corresponde al descriptor; para el nivel 4 faltaría un ejemplo más completo.,suficiente,2026-04-04T09:35:00,RV-VAC-0095-1,CV-VAC-0095-1,synthetic,SYN-015318
ASM-02785,SES-01302,APP-00741,CRI-0448,EV-S2-04,3,15,[SINTÉTICO] Nivel 3: la evidencia registrada corresponde al descriptor; para el nivel 4 faltaría un ejemplo más completo.,insuficiente,2026-04-04T09:35:00,RV-VAC-0095-1,CV-VAC-0095-1,synthetic,SYN-015322
ASM-02786,SES-01302,APP-00741,CRI-0449,EV-S2-04,2,10,[SINTÉTICO] Nivel 2: la evidencia registrada corresponde al descriptor; para el nivel 3 faltaría un ejemplo más completo.,suficiente,2026-04-04T09:35:00,RV-VAC-0095-1,CV-VAC-0095-1,synthetic,SYN-015323
ASM-02787,SES-01303,APP-00741,CRI-0450,EV-S2-04,3,15,[SINTÉTICO] Nivel 3: la evidencia registrada corresponde al descriptor; para el nivel 4 faltaría un ejemplo más completo.,suficiente,2026-04-05T19:00:00,RV-VAC-0095-1,CV-VAC-0095-1,synthetic,SYN-015327
ASM-02788,SES-01303,APP-00741,CRI-0451,EV-S2-04,3,15,[SINTÉTICO] Nivel 3: la evidencia registrada corresponde al descriptor; para el nivel 4 faltaría un ejemplo más completo.,parcial,2026-04-05T19:00:00,RV-VAC-0095-1,CV-VAC-0095-1,synthetic,SYN-015332
ASM-02789,SES-01303,APP-00741,CRI-0452,EV-S2-04,3,15,[SINTÉTICO] Nivel 3: la evidencia registrada corresponde al descriptor; para el nivel 4 faltaría un ejemplo más completo.,parcial,2026-04-05T19:00:00,RV-VAC-0095-1,CV-VAC-0095-1,synthetic,SYN-015334
ASM-02790,SES-01304,APP-00742,CRI-0447,EV-S2-01,3,15,[SINTÉTICO] Nivel 3: la evidencia registrada corresponde al descriptor; para el nivel 4 faltaría un ejemplo más completo.,parcial,2026-03-21T15:55:00,RV-VAC-0095-1,CV-VAC-0095-1,synthetic,SYN-015339
ASM-02791,SES-01304,APP-00742,CRI-0448,EV-S2-01,3,15,[SINTÉTICO] Nivel 3: la evidencia registrada corresponde al descriptor; para el nivel 4 faltaría un ejemplo más completo.,suficiente,2026-03-21T15:55:00,RV-VAC-0095-1,CV-VAC-0095-1,synthetic,SYN-015343
ASM-02792,SES-01304,APP-00742,CRI-0449,EV-S2-01,3,15,[SINTÉTICO] Nivel 3: la evidencia registrada corresponde al descriptor; para el nivel 4 faltaría un ejemplo más completo.,suficiente,2026-03-21T15:55:00,RV-VAC-0095-1,CV-VAC-0095-1,synthetic,SYN-015345
ASM-02793,SES-01305,APP-00743,CRI-0447,EV-S2-04,4,20,[SINTÉTICO] Nivel 4: la evidencia registrada corresponde al descriptor; para el nivel 4 faltaría un ejemplo más completo.,insuficiente,2026-03-28T11:55:00,RV-VAC-0095-1,CV-VAC-0095-1,synthetic,SYN-015349
ASM-02794,SES-01305,APP-00743,CRI-0448,EV-S2-04,4,20,[SINTÉTICO] Nivel 4: la evidencia registrada corresponde al descriptor; para el nivel 4 faltaría un ejemplo más completo.,parcial,2026-03-28T11:55:00,RV-VAC-0095-1,CV-VAC-0095-1,synthetic,SYN-015350
ASM-02795,SES-01305,APP-00743,CRI-0449,EV-S2-04,4,20,[SINTÉTICO] Nivel 4: la evidencia registrada corresponde al descriptor; para el nivel 4 faltaría un ejemplo más completo.,parcial,2026-03-28T11:55:00,RV-VAC-0095-1,CV-VAC-0095-1,synthetic,SYN-015352
ASM-02796,SES-01306,APP-00743,CRI-0447,EV-S2-01,2,10,[SINTÉTICO] Nivel 2: la evidencia registrada corresponde al descriptor; para el nivel 3 faltaría un ejemplo más completo.,insuficiente,2026-03-24T07:55:00,RV-VAC-0095-1,CV-VAC-0095-1,synthetic,SYN-015357
ASM-02797,SES-01306,APP-00743,CRI-0448,EV-S2-01,4,20,[SINTÉTICO] Nivel 4: la evidencia registrada corresponde al descriptor; para el nivel 4 faltaría un ejemplo más completo.,suficiente,2026-03-24T07:55:00,RV-VAC-0095-1,CV-VAC-0095-1,synthetic,SYN-015358
ASM-02798,SES-01306,APP-00743,CRI-0449,EV-S2-01,4,20,[SINTÉTICO] Nivel 4: la evidencia registrada corresponde al descriptor; para el nivel 4 faltaría un ejemplo más completo.,suficiente,2026-03-24T07:55:00,RV-VAC-0095-1,CV-VAC-0095-1,synthetic,SYN-015361
ASM-02799,SES-01308,APP-00744,CRI-0447,EV-S2-01,2,10,[SINTÉTICO] Nivel 2: la evidencia registrada corresponde al descriptor; para el nivel 3 faltaría un ejemplo más completo.,parcial,2026-03-31T18:47:00,RV-VAC-0095-1,CV-VAC-0095-1,synthetic,SYN-015368
ASM-02800,SES-01308,APP-00744,CRI-0448,EV-S2-01,3,15,[SINTÉTICO] Nivel 3: la evidencia registrada corresponde al descriptor; para el nivel 4 faltaría un ejemplo más completo.,parcial,2026-03-31T18:47:00,RV-VAC-0095-1,CV-VAC-0095-1,synthetic,SYN-015370
ASM-02801,SES-01308,APP-00744,CRI-0449,EV-S2-01,2,10,[SINTÉTICO] Nivel 2: la evidencia registrada corresponde al descriptor; para el nivel 3 faltaría un ejemplo más completo.,suficiente,2026-03-31T18:47:00,RV-VAC-0095-1,CV-VAC-0095-1,synthetic,SYN-015373
ASM-02802,SES-01309,APP-00744,CRI-0450,EV-S2-03,2,10,[SINTÉTICO] Nivel 2: la evidencia registrada corresponde al descriptor; para el nivel 3 faltaría un ejemplo más completo.,parcial,2026-04-06T18:00:00,RV-VAC-0095-1,CV-VAC-0095-1,synthetic,SYN-015377
ASM-02803,SES-01309,APP-00744,CRI-0451,EV-S2-03,2,10,[SINTÉTICO] Nivel 2: la evidencia registrada corresponde al descriptor; para el nivel 3 faltaría un ejemplo más completo.,suficiente,2026-04-06T18:00:00,RV-VAC-0095-1,CV-VAC-0095-1,synthetic,SYN-015379
ASM-02804,SES-01309,APP-00744,CRI-0452,EV-S2-03,2,10,[SINTÉTICO] Nivel 2: la evidencia registrada corresponde al descriptor; para el nivel 3 faltaría un ejemplo más completo.,parcial,2026-04-06T18:00:00,RV-VAC-0095-1,CV-VAC-0095-1,synthetic,SYN-015381
ASM-02805,SES-01310,APP-00745,CRI-0447,EV-S2-03,2,10,[SINTÉTICO] Nivel 2: la evidencia registrada corresponde al descriptor; para el nivel 3 faltaría un ejemplo más completo.,parcial,2026-03-09T02:43:00,RV-VAC-0095-1,CV-VAC-0095-1,synthetic,SYN-015385
ASM-02806,SES-01310,APP-00745,CRI-0448,EV-S2-03,2,10,[SINTÉTICO] Nivel 2: la evidencia registrada corresponde al descriptor; para el nivel 3 faltaría un ejemplo más completo.,parcial,2026-03-09T02:43:00,RV-VAC-0095-1,CV-VAC-0095-1,synthetic,SYN-015389
ASM-02807,SES-01310,APP-00745,CRI-0449,EV-S2-03,2,10,[SINTÉTICO] Nivel 2: la evidencia registrada corresponde al descriptor; para el nivel 3 faltaría un ejemplo más completo.,suficiente,2026-03-09T02:43:00,RV-VAC-0095-1,CV-VAC-0095-1,synthetic,SYN-015391
ASM-02808,SES-01311,APP-00745,CRI-0450,EV-S2-02,2,10,[SINTÉTICO] Nivel 2: la evidencia registrada corresponde al descriptor; para el nivel 3 faltaría un ejemplo más completo.,parcial,2026-04-08T20:00:00,RV-VAC-0095-1,CV-VAC-0095-1,synthetic,SYN-015396
ASM-02809,SES-01311,APP-00745,CRI-0451,EV-S2-02,2,10,[SINTÉTICO] Nivel 2: la evidencia registrada corresponde al descriptor; para el nivel 3 faltaría un ejemplo más completo.,suficiente,2026-04-08T20:00:00,RV-VAC-0095-1,CV-VAC-0095-1,synthetic,SYN-015398
ASM-02810,SES-01311,APP-00745,CRI-0452,EV-S2-02,1,5,[SINTÉTICO] Nivel 1: la evidencia registrada corresponde al descriptor; para el nivel 2 faltaría un ejemplo más completo.,suficiente,2026-04-08T20:00:00,RV-VAC-0095-1,CV-VAC-0095-1,synthetic,SYN-015401
ASM-02811,SES-01312,APP-00746,CRI-0447,EV-S2-02,3,15,[SINTÉTICO] Nivel 3: la evidencia registrada corresponde al descriptor; para el nivel 4 faltaría un ejemplo más completo.,parcial,2026-03-20T04:07:00,RV-VAC-0095-1,CV-VAC-0095-1,synthetic,SYN-015405
ASM-02812,SES-01312,APP-00746,CRI-0448,EV-S2-02,4,20,[SINTÉTICO] Nivel 4: la evidencia registrada corresponde al descriptor; para el nivel 4 faltaría un ejemplo más completo.,parcial,2026-03-20T04:07:00,RV-VAC-0095-1,CV-VAC-0095-1,synthetic,SYN-015408
ASM-02813,SES-01312,APP-00746,CRI-0449,EV-S2-02,3,15,[SINTÉTICO] Nivel 3: la evidencia registrada corresponde al descriptor; para el nivel 4 faltaría un ejemplo más completo.,suficiente,2026-03-20T04:07:00,RV-VAC-0095-1,CV-VAC-0095-1,synthetic,SYN-015411
ASM-02814,SES-01313,APP-00746,CRI-0450,EV-S2-03,4,20,[SINTÉTICO] Nivel 4: la evidencia registrada corresponde al descriptor; para el nivel 4 faltaría un ejemplo más completo.,suficiente,2026-04-01T21:00:00,RV-VAC-0095-1,CV-VAC-0095-1,synthetic,SYN-015416
ASM-02815,SES-01313,APP-00746,CRI-0451,EV-S2-03,3,15,[SINTÉTICO] Nivel 3: la evidencia registrada corresponde al descriptor; para el nivel 4 faltaría un ejemplo más completo.,insuficiente,2026-04-01T21:00:00,RV-VAC-0095-1,CV-VAC-0095-1,synthetic,SYN-015420
ASM-02816,SES-01313,APP-00746,CRI-0452,EV-S2-03,3,15,[SINTÉTICO] Nivel 3: la evidencia registrada corresponde al descriptor; para el nivel 4 faltaría un ejemplo más completo.,parcial,2026-04-01T21:00:00,RV-VAC-0095-1,CV-VAC-0095-1,synthetic,SYN-015421
ASM-02817,SES-01314,APP-00747,CRI-0447,EV-S2-03,2,10,[SINTÉTICO] Nivel 2: la evidencia registrada corresponde al descriptor; para el nivel 3 faltaría un ejemplo más completo.,parcial,2026-03-13T12:13:00,RV-VAC-0095-1,CV-VAC-0095-1,synthetic,SYN-015424
ASM-02818,SES-01314,APP-00747,CRI-0448,EV-S2-03,2,10,[SINTÉTICO] Nivel 2: la evidencia registrada corresponde al descriptor; para el nivel 3 faltaría un ejemplo más completo.,parcial,2026-03-13T12:13:00,RV-VAC-0095-1,CV-VAC-0095-1,synthetic,SYN-015428
ASM-02819,SES-01314,APP-00747,CRI-0449,EV-S2-03,1,5,[SINTÉTICO] Nivel 1: la evidencia registrada corresponde al descriptor; para el nivel 2 faltaría un ejemplo más completo.,suficiente,2026-03-13T12:13:00,RV-VAC-0095-1,CV-VAC-0095-1,synthetic,SYN-015430
ASM-02820,SES-01315,APP-00747,CRI-0450,EV-S2-03,2,10,[SINTÉTICO] Nivel 2: la evidencia registrada corresponde al descriptor; para el nivel 3 faltaría un ejemplo más completo.,parcial,2026-04-03T17:00:00,RV-VAC-0095-1,CV-VAC-0095-1,synthetic,SYN-015434
ASM-02821,SES-01315,APP-00747,CRI-0451,EV-S2-03,1,5,[SINTÉTICO] Nivel 1: la evidencia registrada corresponde al descriptor; para el nivel 2 faltaría un ejemplo más completo.,suficiente,2026-04-03T17:00:00,RV-VAC-0095-1,CV-VAC-0095-1,synthetic,SYN-015437
ASM-02822,SES-01315,APP-00747,CRI-0452,EV-S2-03,2,10,[SINTÉTICO] Nivel 2: la evidencia registrada corresponde al descriptor; para el nivel 3 faltaría un ejemplo más completo.,suficiente,2026-04-03T17:00:00,RV-VAC-0095-1,CV-VAC-0095-1,synthetic,SYN-015441
ASM-02823,SES-01316,APP-00748,CRI-0453,EV-S3-03,3,15,[SINTÉTICO] Nivel 3: la evidencia registrada corresponde al descriptor; para el nivel 4 faltaría un ejemplo más completo.,parcial,2026-04-11T01:53:00,RV-VAC-0096-1,CV-VAC-0096-1,synthetic,SYN-015445
ASM-02824,SES-01316,APP-00748,CRI-0454,EV-S3-03,4,20,[SINTÉTICO] Nivel 4: la evidencia registrada corresponde al descriptor; para el nivel 4 faltaría un ejemplo más completo.,suficiente,2026-04-11T01:53:00,RV-VAC-0096-1,CV-VAC-0096-1,synthetic,SYN-015448
ASM-02825,SES-01316,APP-00748,CRI-0455,EV-S3-03,3,15,[SINTÉTICO] Nivel 3: la evidencia registrada corresponde al descriptor; para el nivel 4 faltaría un ejemplo más completo.,insuficiente,2026-04-11T01:53:00,RV-VAC-0096-1,CV-VAC-0096-1,synthetic,SYN-015450
ASM-02826,SES-01318,APP-00749,CRI-0453,EV-S3-01,2,10,[SINTÉTICO] Nivel 2: la evidencia registrada corresponde al descriptor; para el nivel 3 faltaría un ejemplo más completo.,suficiente,2026-04-12T07:36:00,RV-VAC-0096-1,CV-VAC-0096-1,synthetic,SYN-015454
ASM-02827,SES-01318,APP-00749,CRI-0454,EV-S3-01,2,10,[SINTÉTICO] Nivel 2: la evidencia registrada corresponde al descriptor; para el nivel 3 faltaría un ejemplo más completo.,parcial,2026-04-12T07:36:00,RV-VAC-0096-1,CV-VAC-0096-1,synthetic,SYN-015456
ASM-02828,SES-01318,APP-00749,CRI-0455,EV-S3-01,2,10,[SINTÉTICO] Nivel 2: la evidencia registrada corresponde al descriptor; para el nivel 3 faltaría un ejemplo más completo.,suficiente,2026-04-12T07:36:00,RV-VAC-0096-1,CV-VAC-0096-1,synthetic,SYN-015459
ASM-02829,SES-01320,APP-00750,CRI-0453,EV-S3-03,1,5,[SINTÉTICO] Nivel 1: la evidencia registrada corresponde al descriptor; para el nivel 2 faltaría un ejemplo más completo.,suficiente,2026-04-08T03:38:00,RV-VAC-0096-1,CV-VAC-0096-1,synthetic,SYN-015464
ASM-02830,SES-01320,APP-00750,CRI-0454,EV-S3-03,1,5,[SINTÉTICO] Nivel 1: la evidencia registrada corresponde al descriptor; para el nivel 2 faltaría un ejemplo más completo.,parcial,2026-04-08T03:38:00,RV-VAC-0096-1,CV-VAC-0096-1,synthetic,SYN-015466
ASM-02831,SES-01320,APP-00750,CRI-0455,EV-S3-03,1,5,[SINTÉTICO] Nivel 1: la evidencia registrada corresponde al descriptor; para el nivel 2 faltaría un ejemplo más completo.,parcial,2026-04-08T03:38:00,RV-VAC-0096-1,CV-VAC-0096-1,synthetic,SYN-015468
ASM-02832,SES-01321,APP-00750,CRI-0456,EV-S3-01,1,5,[SINTÉTICO] Nivel 1: la evidencia registrada corresponde al descriptor; para el nivel 2 faltaría un ejemplo más completo.,suficiente,2026-04-20T19:00:00,RV-VAC-0096-1,CV-VAC-0096-1,synthetic,SYN-015471
ASM-02833,SES-01321,APP-00750,CRI-0457,EV-S3-01,1,5,[SINTÉTICO] Nivel 1: la evidencia registrada corresponde al descriptor; para el nivel 2 faltaría un ejemplo más completo.,insuficiente,2026-04-20T19:00:00,RV-VAC-0096-1,CV-VAC-0096-1,synthetic,SYN-015475
ASM-02834,SES-01323,APP-00752,CRI-0453,EV-S3-01,2,10,[SINTÉTICO] Nivel 2: la evidencia registrada corresponde al descriptor; para el nivel 3 faltaría un ejemplo más completo.,parcial,2026-04-07T16:35:00,RV-VAC-0096-1,CV-VAC-0096-1,synthetic,SYN-015479
ASM-02835,SES-01323,APP-00752,CRI-0454,EV-S3-01,2,10,[SINTÉTICO] Nivel 2: la evidencia registrada corresponde al descriptor; para el nivel 3 faltaría un ejemplo más completo.,suficiente,2026-04-07T16:35:00,RV-VAC-0096-1,CV-VAC-0096-1,synthetic,SYN-015483
ASM-02836,SES-01323,APP-00752,CRI-0455,EV-S3-01,1,5,[SINTÉTICO] Nivel 1: la evidencia registrada corresponde al descriptor; para el nivel 2 faltaría un ejemplo más completo.,suficiente,2026-04-07T16:35:00,RV-VAC-0096-1,CV-VAC-0096-1,synthetic,SYN-015486
ASM-02837,SES-01325,APP-00753,CRI-0453,EV-S3-01,4,20,[SINTÉTICO] Nivel 4: la evidencia registrada corresponde al descriptor; para el nivel 4 faltaría un ejemplo más completo.,suficiente,2026-04-12T06:49:00,RV-VAC-0096-1,CV-VAC-0096-1,synthetic,SYN-015490
ASM-02838,SES-01325,APP-00753,CRI-0454,EV-S3-01,4,20,[SINTÉTICO] Nivel 4: la evidencia registrada corresponde al descriptor; para el nivel 4 faltaría un ejemplo más completo.,suficiente,2026-04-12T06:49:00,RV-VAC-0096-1,CV-VAC-0096-1,synthetic,SYN-015493
ASM-02839,SES-01325,APP-00753,CRI-0455,EV-S3-01,4,20,[SINTÉTICO] Nivel 4: la evidencia registrada corresponde al descriptor; para el nivel 4 faltaría un ejemplo más completo.,suficiente,2026-04-12T06:49:00,RV-VAC-0096-1,CV-VAC-0096-1,synthetic,SYN-015496
ASM-02840,SES-01326,APP-00754,CRI-0458,EV-S1-03,3,15,[SINTÉTICO] Nivel 3: la evidencia registrada corresponde al descriptor; para el nivel 4 faltaría un ejemplo más completo.,suficiente,2026-06-23T00:47:00,RV-VAC-0097-1,CV-VAC-0097-1,synthetic,SYN-015501
ASM-02841,SES-01326,APP-00754,CRI-0459,EV-S1-03,2,10,[SINTÉTICO] Nivel 2: la evidencia registrada corresponde al descriptor; para el nivel 3 faltaría un ejemplo más completo.,suficiente,2026-06-23T00:47:00,RV-VAC-0097-1,CV-VAC-0097-1,synthetic,SYN-015504
ASM-02842,SES-01327,APP-00754,CRI-0460,EV-S1-04,3,15,[SINTÉTICO] Nivel 3: la evidencia registrada corresponde al descriptor; para el nivel 4 faltaría un ejemplo más completo.,suficiente,2026-06-27T19:00:00,RV-VAC-0097-1,CV-VAC-0097-1,synthetic,SYN-015507
ASM-02843,SES-01327,APP-00754,CRI-0461,EV-S1-04,3,15,[SINTÉTICO] Nivel 3: la evidencia registrada corresponde al descriptor; para el nivel 4 faltaría un ejemplo más completo.,insuficiente,2026-06-27T19:00:00,RV-VAC-0097-1,CV-VAC-0097-1,synthetic,SYN-015510
ASM-02844,SES-01328,APP-00755,CRI-0458,EV-S1-02,4,20,[SINTÉTICO] Nivel 4: la evidencia registrada corresponde al descriptor; para el nivel 4 faltaría un ejemplo más completo.,suficiente,2026-06-17T14:23:00,RV-VAC-0097-1,CV-VAC-0097-1,synthetic,SYN-015512
ASM-02845,SES-01328,APP-00755,CRI-0459,EV-S1-02,4,20,[SINTÉTICO] Nivel 4: la evidencia registrada corresponde al descriptor; para el nivel 4 faltaría un ejemplo más completo.,suficiente,2026-06-17T14:23:00,RV-VAC-0097-1,CV-VAC-0097-1,synthetic,SYN-015515
ASM-02846,SES-01329,APP-00755,CRI-0458,EV-S1-01,4,20,[SINTÉTICO] Nivel 4: la evidencia registrada corresponde al descriptor; para el nivel 4 faltaría un ejemplo más completo.,parcial,2026-06-22T13:23:00,RV-VAC-0097-1,CV-VAC-0097-1,synthetic,SYN-015518
ASM-02847,SES-01329,APP-00755,CRI-0459,EV-S1-01,4,20,[SINTÉTICO] Nivel 4: la evidencia registrada corresponde al descriptor; para el nivel 4 faltaría un ejemplo más completo.,parcial,2026-06-22T13:23:00,RV-VAC-0097-1,CV-VAC-0097-1,synthetic,SYN-015521
ASM-02848,SES-01330,APP-00755,CRI-0460,EV-S1-03,4,20,[SINTÉTICO] Nivel 4: la evidencia registrada corresponde al descriptor; para el nivel 4 faltaría un ejemplo más completo.,suficiente,2026-06-19T14:00:00,RV-VAC-0097-1,CV-VAC-0097-1,synthetic,SYN-015524
ASM-02849,SES-01330,APP-00755,CRI-0461,EV-S1-03,3,15,[SINTÉTICO] Nivel 3: la evidencia registrada corresponde al descriptor; para el nivel 4 faltaría un ejemplo más completo.,parcial,2026-06-19T14:00:00,RV-VAC-0097-1,CV-VAC-0097-1,synthetic,SYN-015527
ASM-02850,SES-01331,APP-00756,CRI-0458,EV-S1-04,3,15,[SINTÉTICO] Nivel 3: la evidencia registrada corresponde al descriptor; para el nivel 4 faltaría un ejemplo más completo.,parcial,2026-06-21T16:28:00,RV-VAC-0097-1,CV-VAC-0097-1,synthetic,SYN-015531
ASM-02851,SES-01331,APP-00756,CRI-0459,EV-S1-04,3,15,[SINTÉTICO] Nivel 3: la evidencia registrada corresponde al descriptor; para el nivel 4 faltaría un ejemplo más completo.,suficiente,2026-06-21T16:28:00,RV-VAC-0097-1,CV-VAC-0097-1,synthetic,SYN-015533
ASM-02852,SES-01332,APP-00756,CRI-0458,EV-S1-03,1,5,[SINTÉTICO] Nivel 1: la evidencia registrada corresponde al descriptor; para el nivel 2 faltaría un ejemplo más completo.,suficiente,2026-06-22T07:00:00,RV-VAC-0097-1,CV-VAC-0097-1,synthetic,SYN-015537
ASM-02853,SES-01332,APP-00756,CRI-0459,EV-S1-03,3,15,[SINTÉTICO] Nivel 3: la evidencia registrada corresponde al descriptor; para el nivel 4 faltaría un ejemplo más completo.,parcial,2026-06-22T07:00:00,RV-VAC-0097-1,CV-VAC-0097-1,synthetic,SYN-015541
ASM-02854,SES-01333,APP-00756,CRI-0460,EV-S1-02,4,20,[SINTÉTICO] Nivel 4: la evidencia registrada corresponde al descriptor; para el nivel 4 faltaría un ejemplo más completo.,parcial,2026-06-28T14:00:00,RV-VAC-0097-1,CV-VAC-0097-1,synthetic,SYN-015545
ASM-02855,SES-01333,APP-00756,CRI-0461,EV-S1-02,3,15,[SINTÉTICO] Nivel 3: la evidencia registrada corresponde al descriptor; para el nivel 4 faltaría un ejemplo más completo.,suficiente,2026-06-28T14:00:00,RV-VAC-0097-1,CV-VAC-0097-1,synthetic,SYN-015547
ASM-02856,SES-01334,APP-00757,CRI-0458,EV-S1-02,1,5,[SINTÉTICO] Nivel 1: la evidencia registrada corresponde al descriptor; para el nivel 2 faltaría un ejemplo más completo.,suficiente,2026-06-20T12:02:00,RV-VAC-0097-1,CV-VAC-0097-1,synthetic,SYN-015552
ASM-02857,SES-01334,APP-00757,CRI-0459,EV-S1-02,2,10,[SINTÉTICO] Nivel 2: la evidencia registrada corresponde al descriptor; para el nivel 3 faltaría un ejemplo más completo.,suficiente,2026-06-20T12:02:00,RV-VAC-0097-1,CV-VAC-0097-1,synthetic,SYN-015555
ASM-02858,SES-01335,APP-00757,CRI-0460,EV-S1-04,1,5,[SINTÉTICO] Nivel 1: la evidencia registrada corresponde al descriptor; para el nivel 2 faltaría un ejemplo más completo.,suficiente,2026-07-01T16:00:00,RV-VAC-0097-1,CV-VAC-0097-1,synthetic,SYN-015560
ASM-02859,SES-01335,APP-00757,CRI-0461,EV-S1-04,1,5,[SINTÉTICO] Nivel 1: la evidencia registrada corresponde al descriptor; para el nivel 2 faltaría un ejemplo más completo.,suficiente,2026-07-01T16:00:00,RV-VAC-0097-1,CV-VAC-0097-1,synthetic,SYN-015563
ASM-02860,SES-01336,APP-00758,CRI-0458,EV-S1-01,3,15,[SINTÉTICO] Nivel 3: la evidencia registrada corresponde al descriptor; para el nivel 4 faltaría un ejemplo más completo.,suficiente,2026-06-22T15:13:00,RV-VAC-0097-1,CV-VAC-0097-1,synthetic,SYN-015567
ASM-02861,SES-01336,APP-00758,CRI-0459,EV-S1-01,2,10,[SINTÉTICO] Nivel 2: la evidencia registrada corresponde al descriptor; para el nivel 3 faltaría un ejemplo más completo.,suficiente,2026-06-22T15:13:00,RV-VAC-0097-1,CV-VAC-0097-1,synthetic,SYN-015570
ASM-02862,SES-01337,APP-00758,CRI-0460,EV-S1-04,2,10,[SINTÉTICO] Nivel 2: la evidencia registrada corresponde al descriptor; para el nivel 3 faltaría un ejemplo más completo.,suficiente,2026-06-23T22:00:00,RV-VAC-0097-1,CV-VAC-0097-1,synthetic,SYN-015574
ASM-02863,SES-01337,APP-00758,CRI-0461,EV-S1-04,3,15,[SINTÉTICO] Nivel 3: la evidencia registrada corresponde al descriptor; para el nivel 4 faltaría un ejemplo más completo.,insuficiente,2026-06-23T22:00:00,RV-VAC-0097-1,CV-VAC-0097-1,synthetic,SYN-015576
ASM-02864,SES-01338,APP-00759,CRI-0458,EV-S1-01,2,10,[SINTÉTICO] Nivel 2: la evidencia registrada corresponde al descriptor; para el nivel 3 faltaría un ejemplo más completo.,parcial,2026-06-21T17:32:00,RV-VAC-0097-1,CV-VAC-0097-1,synthetic,SYN-015578
ASM-02865,SES-01338,APP-00759,CRI-0459,EV-S1-01,3,15,[SINTÉTICO] Nivel 3: la evidencia registrada corresponde al descriptor; para el nivel 4 faltaría un ejemplo más completo.,suficiente,2026-06-21T17:32:00,RV-VAC-0097-1,CV-VAC-0097-1,synthetic,SYN-015582
ASM-02866,SES-01339,APP-00760,CRI-0458,EV-S1-03,1,5,[SINTÉTICO] Nivel 1: la evidencia registrada corresponde al descriptor; para el nivel 2 faltaría un ejemplo más completo.,suficiente,2026-06-23T07:00:00,RV-VAC-0097-1,CV-VAC-0097-1,synthetic,SYN-015585
ASM-02867,SES-01339,APP-00760,CRI-0459,EV-S1-03,1,5,[SINTÉTICO] Nivel 1: la evidencia registrada corresponde al descriptor; para el nivel 2 faltaría un ejemplo más completo.,suficiente,2026-06-23T07:00:00,RV-VAC-0097-1,CV-VAC-0097-1,synthetic,SYN-015588
ASM-02868,SES-01340,APP-00761,CRI-0458,EV-S1-03,2,10,[SINTÉTICO] Nivel 2: la evidencia registrada corresponde al descriptor; para el nivel 3 faltaría un ejemplo más completo.,suficiente,2026-06-15T18:17:00,RV-VAC-0097-1,CV-VAC-0097-1,synthetic,SYN-015592
ASM-02869,SES-01340,APP-00761,CRI-0459,EV-S1-03,2,10,[SINTÉTICO] Nivel 2: la evidencia registrada corresponde al descriptor; para el nivel 3 faltaría un ejemplo más completo.,suficiente,2026-06-15T18:17:00,RV-VAC-0097-1,CV-VAC-0097-1,synthetic,SYN-015595
ASM-02870,SES-01341,APP-00761,CRI-0460,EV-S1-03,2,10,[SINTÉTICO] Nivel 2: la evidencia registrada corresponde al descriptor; para el nivel 3 faltaría un ejemplo más completo.,parcial,2026-06-27T19:00:00,RV-VAC-0097-1,CV-VAC-0097-1,synthetic,SYN-015600
ASM-02871,SES-01341,APP-00761,CRI-0461,EV-S1-03,1,5,[SINTÉTICO] Nivel 1: la evidencia registrada corresponde al descriptor; para el nivel 2 faltaría un ejemplo más completo.,suficiente,2026-06-27T19:00:00,RV-VAC-0097-1,CV-VAC-0097-1,synthetic,SYN-015603
ASM-02872,SES-01342,APP-00762,CRI-0458,EV-S1-02,1,5,[SINTÉTICO] Nivel 1: la evidencia registrada corresponde al descriptor; para el nivel 2 faltaría un ejemplo más completo.,parcial,2026-06-25T08:36:00,RV-VAC-0097-1,CV-VAC-0097-1,synthetic,SYN-015608
ASM-02873,SES-01342,APP-00762,CRI-0459,EV-S1-02,1,5,[SINTÉTICO] Nivel 1: la evidencia registrada corresponde al descriptor; para el nivel 2 faltaría un ejemplo más completo.,suficiente,2026-06-25T08:36:00,RV-VAC-0097-1,CV-VAC-0097-1,synthetic,SYN-015611
ASM-02874,SES-01343,APP-00762,CRI-0460,EV-S1-03,2,10,[SINTÉTICO] Nivel 2: la evidencia registrada corresponde al descriptor; para el nivel 3 faltaría un ejemplo más completo.,suficiente,2026-06-30T18:00:00,RV-VAC-0097-1,CV-VAC-0097-1,synthetic,SYN-015616
ASM-02875,SES-01343,APP-00762,CRI-0461,EV-S1-03,1,5,[SINTÉTICO] Nivel 1: la evidencia registrada corresponde al descriptor; para el nivel 2 faltaría un ejemplo más completo.,insuficiente,2026-06-30T18:00:00,RV-VAC-0097-1,CV-VAC-0097-1,synthetic,SYN-015619
ASM-02876,SES-01344,APP-00764,CRI-0458,EV-S1-01,3,15,[SINTÉTICO] Nivel 3: la evidencia registrada corresponde al descriptor; para el nivel 4 faltaría un ejemplo más completo.,suficiente,2026-06-23T08:35:00,RV-VAC-0097-1,CV-VAC-0097-1,synthetic,SYN-015621
ASM-02877,SES-01344,APP-00764,CRI-0459,EV-S1-01,3,15,[SINTÉTICO] Nivel 3: la evidencia registrada corresponde al descriptor; para el nivel 4 faltaría un ejemplo más completo.,suficiente,2026-06-23T08:35:00,RV-VAC-0097-1,CV-VAC-0097-1,synthetic,SYN-015623
ASM-02878,SES-01345,APP-00764,CRI-0460,EV-S1-01,4,20,[SINTÉTICO] Nivel 4: la evidencia registrada corresponde al descriptor; para el nivel 4 faltaría un ejemplo más completo.,suficiente,2026-06-22T16:00:00,RV-VAC-0097-1,CV-VAC-0097-1,synthetic,SYN-015627
ASM-02879,SES-01345,APP-00764,CRI-0461,EV-S1-01,3,15,[SINTÉTICO] Nivel 3: la evidencia registrada corresponde al descriptor; para el nivel 4 faltaría un ejemplo más completo.,suficiente,2026-06-22T16:00:00,RV-VAC-0097-1,CV-VAC-0097-1,synthetic,SYN-015630
ASM-02880,SES-01346,APP-00766,CRI-0458,EV-S1-04,1,5,[SINTÉTICO] Nivel 1: la evidencia registrada corresponde al descriptor; para el nivel 2 faltaría un ejemplo más completo.,suficiente,2026-06-11T02:49:00,RV-VAC-0097-1,CV-VAC-0097-1,synthetic,SYN-015635
ASM-02881,SES-01346,APP-00766,CRI-0459,EV-S1-04,2,10,[SINTÉTICO] Nivel 2: la evidencia registrada corresponde al descriptor; para el nivel 3 faltaría un ejemplo más completo.,suficiente,2026-06-11T02:49:00,RV-VAC-0097-1,CV-VAC-0097-1,synthetic,SYN-015638
ASM-02882,SES-01347,APP-00766,CRI-0460,EV-S1-03,3,15,[SINTÉTICO] Nivel 3: la evidencia registrada corresponde al descriptor; para el nivel 4 faltaría un ejemplo más completo.,suficiente,2026-06-25T18:00:00,RV-VAC-0097-1,CV-VAC-0097-1,synthetic,SYN-015643
ASM-02883,SES-01347,APP-00766,CRI-0461,EV-S1-03,2,10,[SINTÉTICO] Nivel 2: la evidencia registrada corresponde al descriptor; para el nivel 3 faltaría un ejemplo más completo.,suficiente,2026-06-25T18:00:00,RV-VAC-0097-1,CV-VAC-0097-1,synthetic,SYN-015646
ASM-02884,SES-01348,APP-00767,CRI-0458,EV-S1-02,1,5,[SINTÉTICO] Nivel 1: la evidencia registrada corresponde al descriptor; para el nivel 2 faltaría un ejemplo más completo.,suficiente,2026-06-08T18:23:00,RV-VAC-0097-1,CV-VAC-0097-1,synthetic,SYN-015649
ASM-02885,SES-01348,APP-00767,CRI-0459,EV-S1-02,1,5,[SINTÉTICO] Nivel 1: la evidencia registrada corresponde al descriptor; para el nivel 2 faltaría un ejemplo más completo.,parcial,2026-06-08T18:23:00,RV-VAC-0097-1,CV-VAC-0097-1,synthetic,SYN-015652
ASM-02886,SES-01349,APP-00767,CRI-0460,EV-S1-01,1,5,[SINTÉTICO] Nivel 1: la evidencia registrada corresponde al descriptor; para el nivel 2 faltaría un ejemplo más completo.,parcial,2026-06-27T14:00:00,RV-VAC-0097-1,CV-VAC-0097-1,synthetic,SYN-015655
ASM-02887,SES-01349,APP-00767,CRI-0461,EV-S1-01,1,5,[SINTÉTICO] Nivel 1: la evidencia registrada corresponde al descriptor; para el nivel 2 faltaría un ejemplo más completo.,parcial,2026-06-27T14:00:00,RV-VAC-0097-1,CV-VAC-0097-1,synthetic,SYN-015658
ASM-02888,SES-01351,APP-00768,CRI-0465,EV-S2-03,4,20,[SINTÉTICO] Nivel 4: la evidencia registrada corresponde al descriptor; para el nivel 4 faltaría un ejemplo más completo.,suficiente,2026-03-21T15:00:00,RV-VAC-0098-1,CV-VAC-0098-1,synthetic,SYN-015663
ASM-02889,SES-01351,APP-00768,CRI-0466,EV-S2-03,4,20,[SINTÉTICO] Nivel 4: la evidencia registrada corresponde al descriptor; para el nivel 4 faltaría un ejemplo más completo.,suficiente,2026-03-21T15:00:00,RV-VAC-0098-1,CV-VAC-0098-1,synthetic,SYN-015665
ASM-02890,SES-01351,APP-00768,CRI-0467,EV-S2-03,4,20,[SINTÉTICO] Nivel 4: la evidencia registrada corresponde al descriptor; para el nivel 4 faltaría un ejemplo más completo.,suficiente,2026-03-21T15:00:00,RV-VAC-0098-1,CV-VAC-0098-1,synthetic,SYN-015668
ASM-02891,SES-01353,APP-00769,CRI-0462,EV-S2-04,1,5,[SINTÉTICO] Nivel 1: la evidencia registrada corresponde al descriptor; para el nivel 2 faltaría un ejemplo más completo.,parcial,2026-03-13T03:07:00,RV-VAC-0098-1,CV-VAC-0098-1,synthetic,SYN-015676
ASM-02892,SES-01353,APP-00769,CRI-0463,EV-S2-04,2,10,[SINTÉTICO] Nivel 2: la evidencia registrada corresponde al descriptor; para el nivel 3 faltaría un ejemplo más completo.,parcial,2026-03-13T03:07:00,RV-VAC-0098-1,CV-VAC-0098-1,synthetic,SYN-015679
ASM-02893,SES-01353,APP-00769,CRI-0464,EV-S2-04,1,5,[SINTÉTICO] Nivel 1: la evidencia registrada corresponde al descriptor; para el nivel 2 faltaría un ejemplo más completo.,parcial,2026-03-13T03:07:00,RV-VAC-0098-1,CV-VAC-0098-1,synthetic,SYN-015681
ASM-02894,SES-01354,APP-00769,CRI-0465,EV-S2-03,1,5,[SINTÉTICO] Nivel 1: la evidencia registrada corresponde al descriptor; para el nivel 2 faltaría un ejemplo más completo.,parcial,2026-03-25T20:00:00,RV-VAC-0098-1,CV-VAC-0098-1,synthetic,SYN-015686
ASM-02895,SES-01354,APP-00769,CRI-0466,EV-S2-03,1,5,[SINTÉTICO] Nivel 1: la evidencia registrada corresponde al descriptor; para el nivel 2 faltaría un ejemplo más completo.,parcial,2026-03-25T20:00:00,RV-VAC-0098-1,CV-VAC-0098-1,synthetic,SYN-015688
ASM-02896,SES-01354,APP-00769,CRI-0467,EV-S2-03,2,10,[SINTÉTICO] Nivel 2: la evidencia registrada corresponde al descriptor; para el nivel 3 faltaría un ejemplo más completo.,insuficiente,2026-03-25T20:00:00,RV-VAC-0098-1,CV-VAC-0098-1,synthetic,SYN-015690
ASM-02897,SES-01355,APP-00770,CRI-0462,EV-S2-02,3,15,[SINTÉTICO] Nivel 3: la evidencia registrada corresponde al descriptor; para el nivel 4 faltaría un ejemplo más completo.,insuficiente,2026-03-05T07:14:00,RV-VAC-0098-1,CV-VAC-0098-1,synthetic,SYN-015692
ASM-02898,SES-01355,APP-00770,CRI-0463,EV-S2-02,3,15,[SINTÉTICO] Nivel 3: la evidencia registrada corresponde al descriptor; para el nivel 4 faltaría un ejemplo más completo.,suficiente,2026-03-05T07:14:00,RV-VAC-0098-1,CV-VAC-0098-1,synthetic,SYN-015693
ASM-02899,SES-01355,APP-00770,CRI-0464,EV-S2-02,3,15,[SINTÉTICO] Nivel 3: la evidencia registrada corresponde al descriptor; para el nivel 4 faltaría un ejemplo más completo.,suficiente,2026-03-05T07:14:00,RV-VAC-0098-1,CV-VAC-0098-1,synthetic,SYN-015695
ASM-02900,SES-01356,APP-00770,CRI-0465,EV-S2-01,3,15,[SINTÉTICO] Nivel 3: la evidencia registrada corresponde al descriptor; para el nivel 4 faltaría un ejemplo más completo.,insuficiente,2026-03-15T22:00:00,RV-VAC-0098-1,CV-VAC-0098-1,synthetic,SYN-015699
ASM-02901,SES-01356,APP-00770,CRI-0466,EV-S2-01,2,10,[SINTÉTICO] Nivel 2: la evidencia registrada corresponde al descriptor; para el nivel 3 faltaría un ejemplo más completo.,parcial,2026-03-15T22:00:00,RV-VAC-0098-1,CV-VAC-0098-1,synthetic,SYN-015700
ASM-02902,SES-01356,APP-00770,CRI-0467,EV-S2-01,3,15,[SINTÉTICO] Nivel 3: la evidencia registrada corresponde al descriptor; para el nivel 4 faltaría un ejemplo más completo.,suficiente,2026-03-15T22:00:00,RV-VAC-0098-1,CV-VAC-0098-1,synthetic,SYN-015703
ASM-02903,SES-01357,APP-00771,CRI-0462,EV-S2-02,3,15,[SINTÉTICO] Nivel 3: la evidencia registrada corresponde al descriptor; para el nivel 4 faltaría un ejemplo más completo.,insuficiente,2026-03-12T19:40:00,RV-VAC-0098-1,CV-VAC-0098-1,synthetic,SYN-015707
ASM-02904,SES-01357,APP-00771,CRI-0463,EV-S2-02,2,10,[SINTÉTICO] Nivel 2: la evidencia registrada corresponde al descriptor; para el nivel 3 faltaría un ejemplo más completo.,insuficiente,2026-03-12T19:40:00,RV-VAC-0098-1,CV-VAC-0098-1,synthetic,SYN-015708
ASM-02905,SES-01357,APP-00771,CRI-0464,EV-S2-02,2,10,[SINTÉTICO] Nivel 2: la evidencia registrada corresponde al descriptor; para el nivel 3 faltaría un ejemplo más completo.,suficiente,2026-03-12T19:40:00,RV-VAC-0098-1,CV-VAC-0098-1,synthetic,SYN-015709
ASM-02906,SES-01358,APP-00771,CRI-0465,EV-S2-03,2,10,[SINTÉTICO] Nivel 2: la evidencia registrada corresponde al descriptor; para el nivel 3 faltaría un ejemplo más completo.,suficiente,2026-03-25T22:00:00,RV-VAC-0098-1,CV-VAC-0098-1,synthetic,SYN-015714
ASM-02907,SES-01358,APP-00771,CRI-0466,EV-S2-03,2,10,[SINTÉTICO] Nivel 2: la evidencia registrada corresponde al descriptor; para el nivel 3 faltaría un ejemplo más completo.,suficiente,2026-03-25T22:00:00,RV-VAC-0098-1,CV-VAC-0098-1,synthetic,SYN-015717
ASM-02908,SES-01358,APP-00771,CRI-0467,EV-S2-03,3,15,[SINTÉTICO] Nivel 3: la evidencia registrada corresponde al descriptor; para el nivel 4 faltaría un ejemplo más completo.,suficiente,2026-03-25T22:00:00,RV-VAC-0098-1,CV-VAC-0098-1,synthetic,SYN-015720
ASM-02909,SES-01359,APP-00772,CRI-0462,EV-S2-01,3,15,[SINTÉTICO] Nivel 3: la evidencia registrada corresponde al descriptor; para el nivel 4 faltaría un ejemplo más completo.,parcial,2026-03-24T10:28:00,RV-VAC-0098-1,CV-VAC-0098-1,synthetic,SYN-015724
ASM-02910,SES-01359,APP-00772,CRI-0463,EV-S2-01,2,10,[SINTÉTICO] Nivel 2: la evidencia registrada corresponde al descriptor; para el nivel 3 faltaría un ejemplo más completo.,suficiente,2026-03-24T10:28:00,RV-VAC-0098-1,CV-VAC-0098-1,synthetic,SYN-015726
ASM-02911,SES-01359,APP-00772,CRI-0464,EV-S2-01,3,15,[SINTÉTICO] Nivel 3: la evidencia registrada corresponde al descriptor; para el nivel 4 faltaría un ejemplo más completo.,insuficiente,2026-03-24T10:28:00,RV-VAC-0098-1,CV-VAC-0098-1,synthetic,SYN-015730
ASM-02912,SES-01360,APP-00772,CRI-0462,EV-S2-04,3,15,[SINTÉTICO] Nivel 3: la evidencia registrada corresponde al descriptor; para el nivel 4 faltaría un ejemplo más completo.,suficiente,2026-03-23T09:28:00,RV-VAC-0098-1,CV-VAC-0098-1,synthetic,SYN-015732
ASM-02913,SES-01360,APP-00772,CRI-0463,EV-S2-04,2,10,[SINTÉTICO] Nivel 2: la evidencia registrada corresponde al descriptor; para el nivel 3 faltaría un ejemplo más completo.,parcial,2026-03-23T09:28:00,RV-VAC-0098-1,CV-VAC-0098-1,synthetic,SYN-015734
ASM-02914,SES-01360,APP-00772,CRI-0464,EV-S2-04,3,15,[SINTÉTICO] Nivel 3: la evidencia registrada corresponde al descriptor; para el nivel 4 faltaría un ejemplo más completo.,suficiente,2026-03-23T09:28:00,RV-VAC-0098-1,CV-VAC-0098-1,synthetic,SYN-015737
ASM-02915,SES-01361,APP-00773,CRI-0462,EV-S2-04,4,20,[SINTÉTICO] Nivel 4: la evidencia registrada corresponde al descriptor; para el nivel 4 faltaría un ejemplo más completo.,suficiente,2026-03-21T03:46:00,RV-VAC-0098-1,CV-VAC-0098-1,synthetic,SYN-015741
ASM-02916,SES-01361,APP-00773,CRI-0463,EV-S2-04,3,15,[SINTÉTICO] Nivel 3: la evidencia registrada corresponde al descriptor; para el nivel 4 faltaría un ejemplo más completo.,suficiente,2026-03-21T03:46:00,RV-VAC-0098-1,CV-VAC-0098-1,synthetic,SYN-015744
ASM-02917,SES-01361,APP-00773,CRI-0464,EV-S2-04,4,20,[SINTÉTICO] Nivel 4: la evidencia registrada corresponde al descriptor; para el nivel 4 faltaría un ejemplo más completo.,suficiente,2026-03-21T03:46:00,RV-VAC-0098-1,CV-VAC-0098-1,synthetic,SYN-015746
ASM-02918,SES-01362,APP-00773,CRI-0465,EV-S2-01,3,15,[SINTÉTICO] Nivel 3: la evidencia registrada corresponde al descriptor; para el nivel 4 faltaría un ejemplo más completo.,suficiente,2026-03-21T15:00:00,RV-VAC-0098-1,CV-VAC-0098-1,synthetic,SYN-015750
ASM-02919,SES-01362,APP-00773,CRI-0466,EV-S2-01,4,20,[SINTÉTICO] Nivel 4: la evidencia registrada corresponde al descriptor; para el nivel 4 faltaría un ejemplo más completo.,parcial,2026-03-21T15:00:00,RV-VAC-0098-1,CV-VAC-0098-1,synthetic,SYN-015752
ASM-02920,SES-01362,APP-00773,CRI-0467,EV-S2-01,3,15,[SINTÉTICO] Nivel 3: la evidencia registrada corresponde al descriptor; para el nivel 4 faltaría un ejemplo más completo.,insuficiente,2026-03-21T15:00:00,RV-VAC-0098-1,CV-VAC-0098-1,synthetic,SYN-015754
ASM-02921,SES-01363,APP-00775,CRI-0462,EV-S2-04,4,20,[SINTÉTICO] Nivel 4: la evidencia registrada corresponde al descriptor; para el nivel 4 faltaría un ejemplo más completo.,suficiente,2026-03-14T21:14:00,RV-VAC-0098-1,CV-VAC-0098-1,synthetic,SYN-015756
ASM-02922,SES-01363,APP-00775,CRI-0463,EV-S2-04,4,20,[SINTÉTICO] Nivel 4: la evidencia registrada corresponde al descriptor; para el nivel 4 faltaría un ejemplo más completo.,suficiente,2026-03-14T21:14:00,RV-VAC-0098-1,CV-VAC-0098-1,synthetic,SYN-015759
ASM-02923,SES-01363,APP-00775,CRI-0464,EV-S2-04,4,20,[SINTÉTICO] Nivel 4: la evidencia registrada corresponde al descriptor; para el nivel 4 faltaría un ejemplo más completo.,parcial,2026-03-14T21:14:00,RV-VAC-0098-1,CV-VAC-0098-1,synthetic,SYN-015763
ASM-02924,SES-01364,APP-00775,CRI-0465,EV-S2-01,4,20,[SINTÉTICO] Nivel 4: la evidencia registrada corresponde al descriptor; para el nivel 4 faltaría un ejemplo más completo.,insuficiente,2026-03-27T21:00:00,RV-VAC-0098-1,CV-VAC-0098-1,synthetic,SYN-015766
ASM-02925,SES-01364,APP-00775,CRI-0466,EV-S2-01,4,20,[SINTÉTICO] Nivel 4: la evidencia registrada corresponde al descriptor; para el nivel 4 faltaría un ejemplo más completo.,insuficiente,2026-03-27T21:00:00,RV-VAC-0098-1,CV-VAC-0098-1,synthetic,SYN-015767
ASM-02926,SES-01364,APP-00775,CRI-0467,EV-S2-01,4,20,[SINTÉTICO] Nivel 4: la evidencia registrada corresponde al descriptor; para el nivel 4 faltaría un ejemplo más completo.,parcial,2026-03-27T21:00:00,RV-VAC-0098-1,CV-VAC-0098-1,synthetic,SYN-015768
ASM-02927,SES-01365,APP-00776,CRI-0462,EV-S2-03,3,15,[SINTÉTICO] Nivel 3: la evidencia registrada corresponde al descriptor; para el nivel 4 faltaría un ejemplo más completo.,suficiente,2026-03-15T16:37:00,RV-VAC-0098-1,CV-VAC-0098-1,synthetic,SYN-015772
ASM-02928,SES-01365,APP-00776,CRI-0463,EV-S2-03,3,15,[SINTÉTICO] Nivel 3: la evidencia registrada corresponde al descriptor; para el nivel 4 faltaría un ejemplo más completo.,suficiente,2026-03-15T16:37:00,RV-VAC-0098-1,CV-VAC-0098-1,synthetic,SYN-015775
ASM-02929,SES-01365,APP-00776,CRI-0464,EV-S2-03,4,20,[SINTÉTICO] Nivel 4: la evidencia registrada corresponde al descriptor; para el nivel 4 faltaría un ejemplo más completo.,parcial,2026-03-15T16:37:00,RV-VAC-0098-1,CV-VAC-0098-1,synthetic,SYN-015779
ASM-02930,SES-01366,APP-00776,CRI-0465,EV-S2-04,4,20,[SINTÉTICO] Nivel 4: la evidencia registrada corresponde al descriptor; para el nivel 4 faltaría un ejemplo más completo.,suficiente,2026-03-25T20:00:00,RV-VAC-0098-1,CV-VAC-0098-1,synthetic,SYN-015783
ASM-02931,SES-01366,APP-00776,CRI-0466,EV-S2-04,3,15,[SINTÉTICO] Nivel 3: la evidencia registrada corresponde al descriptor; para el nivel 4 faltaría un ejemplo más completo.,suficiente,2026-03-25T20:00:00,RV-VAC-0098-1,CV-VAC-0098-1,synthetic,SYN-015787
ASM-02932,SES-01366,APP-00776,CRI-0467,EV-S2-04,3,15,[SINTÉTICO] Nivel 3: la evidencia registrada corresponde al descriptor; para el nivel 4 faltaría un ejemplo más completo.,suficiente,2026-03-25T20:00:00,RV-VAC-0098-1,CV-VAC-0098-1,synthetic,SYN-015789
ASM-02933,SES-01367,APP-00777,CRI-0468,EV-S3-01,2,10,[SINTÉTICO] Nivel 2: la evidencia registrada corresponde al descriptor; para el nivel 3 faltaría un ejemplo más completo.,parcial,2026-05-26T10:53:00,RV-VAC-0099-1,CV-VAC-0099-1,synthetic,SYN-015792
ASM-02934,SES-01367,APP-00777,CRI-0469,EV-S3-01,2,10,[SINTÉTICO] Nivel 2: la evidencia registrada corresponde al descriptor; para el nivel 3 faltaría un ejemplo más completo.,suficiente,2026-05-26T10:53:00,RV-VAC-0099-1,CV-VAC-0099-1,synthetic,SYN-015794
ASM-02935,SES-01368,APP-00777,CRI-0470,EV-S3-04,1,5,[SINTÉTICO] Nivel 1: la evidencia registrada corresponde al descriptor; para el nivel 2 faltaría un ejemplo más completo.,suficiente,2026-06-09T16:00:00,RV-VAC-0099-1,CV-VAC-0099-1,synthetic,SYN-015798
ASM-02936,SES-01368,APP-00777,CRI-0471,EV-S3-04,2,10,[SINTÉTICO] Nivel 2: la evidencia registrada corresponde al descriptor; para el nivel 3 faltaría un ejemplo más completo.,suficiente,2026-06-09T16:00:00,RV-VAC-0099-1,CV-VAC-0099-1,synthetic,SYN-015801
ASM-02937,SES-01369,APP-00778,CRI-0468,EV-S3-04,2,10,[SINTÉTICO] Nivel 2: la evidencia registrada corresponde al descriptor; para el nivel 3 faltaría un ejemplo más completo.,parcial,2026-05-31T03:31:00,RV-VAC-0099-1,CV-VAC-0099-1,synthetic,SYN-015806
ASM-02938,SES-01369,APP-00778,CRI-0469,EV-S3-04,2,10,[SINTÉTICO] Nivel 2: la evidencia registrada corresponde al descriptor; para el nivel 3 faltaría un ejemplo más completo.,parcial,2026-05-31T03:31:00,RV-VAC-0099-1,CV-VAC-0099-1,synthetic,SYN-015808
ASM-02939,SES-01370,APP-00778,CRI-0468,EV-S3-03,3,15,[SINTÉTICO] Nivel 3: la evidencia registrada corresponde al descriptor; para el nivel 4 faltaría un ejemplo más completo.,parcial,2026-06-02T12:31:00,RV-VAC-0099-1,CV-VAC-0099-1,synthetic,SYN-015811
ASM-02940,SES-01370,APP-00778,CRI-0469,EV-S3-03,2,10,[SINTÉTICO] Nivel 2: la evidencia registrada corresponde al descriptor; para el nivel 3 faltaría un ejemplo más completo.,parcial,2026-06-02T12:31:00,RV-VAC-0099-1,CV-VAC-0099-1,synthetic,SYN-015814
ASM-02941,SES-01372,APP-00779,CRI-0468,EV-S3-02,1,5,[SINTÉTICO] Nivel 1: la evidencia registrada corresponde al descriptor; para el nivel 2 faltaría un ejemplo más completo.,suficiente,2026-06-01T00:47:00,RV-VAC-0099-1,CV-VAC-0099-1,synthetic,SYN-015818
ASM-02942,SES-01372,APP-00779,CRI-0469,EV-S3-02,1,5,[SINTÉTICO] Nivel 1: la evidencia registrada corresponde al descriptor; para el nivel 2 faltaría un ejemplo más completo.,suficiente,2026-06-01T00:47:00,RV-VAC-0099-1,CV-VAC-0099-1,synthetic,SYN-015820
ASM-02943,SES-01373,APP-00780,CRI-0472,EV-S1-01,1,5,[SINTÉTICO] Nivel 1: la evidencia registrada corresponde al descriptor; para el nivel 2 faltaría un ejemplo más completo.,parcial,2026-04-13T20:39:00,RV-VAC-0100-1,CV-VAC-0100-1,synthetic,SYN-015825
ASM-02944,SES-01373,APP-00780,CRI-0473,EV-S1-01,2,10,[SINTÉTICO] Nivel 2: la evidencia registrada corresponde al descriptor; para el nivel 3 faltaría un ejemplo más completo.,suficiente,2026-04-13T20:39:00,RV-VAC-0100-1,CV-VAC-0100-1,synthetic,SYN-015827
ASM-02945,SES-01374,APP-00780,CRI-0474,EV-S1-02,1,5,[SINTÉTICO] Nivel 1: la evidencia registrada corresponde al descriptor; para el nivel 2 faltaría un ejemplo más completo.,suficiente,2026-04-16T14:00:00,RV-VAC-0100-1,CV-VAC-0100-1,synthetic,SYN-015832
ASM-02946,SES-01374,APP-00780,CRI-0475,EV-S1-02,1,5,[SINTÉTICO] Nivel 1: la evidencia registrada corresponde al descriptor; para el nivel 2 faltaría un ejemplo más completo.,suficiente,2026-04-16T14:00:00,RV-VAC-0100-1,CV-VAC-0100-1,synthetic,SYN-015836
ASM-02947,SES-01375,APP-00781,CRI-0472,EV-S1-04,1,5,[SINTÉTICO] Nivel 1: la evidencia registrada corresponde al descriptor; para el nivel 2 faltaría un ejemplo más completo.,parcial,2026-04-11T03:15:00,RV-VAC-0100-1,CV-VAC-0100-1,synthetic,SYN-015839
ASM-02948,SES-01375,APP-00781,CRI-0473,EV-S1-04,1,5,[SINTÉTICO] Nivel 1: la evidencia registrada corresponde al descriptor; para el nivel 2 faltaría un ejemplo más completo.,suficiente,2026-04-11T03:15:00,RV-VAC-0100-1,CV-VAC-0100-1,synthetic,SYN-015843
ASM-02949,SES-01376,APP-00781,CRI-0474,EV-S1-03,1,5,[SINTÉTICO] Nivel 1: la evidencia registrada corresponde al descriptor; para el nivel 2 faltaría un ejemplo más completo.,insuficiente,2026-04-19T20:00:00,RV-VAC-0100-1,CV-VAC-0100-1,synthetic,SYN-015847
ASM-02950,SES-01376,APP-00781,CRI-0475,EV-S1-03,2,10,[SINTÉTICO] Nivel 2: la evidencia registrada corresponde al descriptor; para el nivel 3 faltaría un ejemplo más completo.,suficiente,2026-04-19T20:00:00,RV-VAC-0100-1,CV-VAC-0100-1,synthetic,SYN-015848
ASM-02951,SES-01377,APP-00782,CRI-0472,EV-S1-01,4,20,[SINTÉTICO] Nivel 4: la evidencia registrada corresponde al descriptor; para el nivel 4 faltaría un ejemplo más completo.,suficiente,2026-04-19T00:46:00,RV-VAC-0100-1,CV-VAC-0100-1,synthetic,SYN-015852
ASM-02952,SES-01377,APP-00782,CRI-0473,EV-S1-01,4,20,[SINTÉTICO] Nivel 4: la evidencia registrada corresponde al descriptor; para el nivel 4 faltaría un ejemplo más completo.,suficiente,2026-04-19T00:46:00,RV-VAC-0100-1,CV-VAC-0100-1,synthetic,SYN-015854
ASM-02953,SES-01378,APP-00782,CRI-0474,EV-S1-02,4,20,[SINTÉTICO] Nivel 4: la evidencia registrada corresponde al descriptor; para el nivel 4 faltaría un ejemplo más completo.,suficiente,2026-04-13T17:00:00,RV-VAC-0100-1,CV-VAC-0100-1,synthetic,SYN-015857
ASM-02954,SES-01378,APP-00782,CRI-0475,EV-S1-02,3,15,[SINTÉTICO] Nivel 3: la evidencia registrada corresponde al descriptor; para el nivel 4 faltaría un ejemplo más completo.,parcial,2026-04-13T17:00:00,RV-VAC-0100-1,CV-VAC-0100-1,synthetic,SYN-015860
ASM-02955,SES-01379,APP-00783,CRI-0472,EV-S1-01,1,5,[SINTÉTICO] Nivel 1: la evidencia registrada corresponde al descriptor; para el nivel 2 faltaría un ejemplo más completo.,parcial,2026-04-09T23:49:00,RV-VAC-0100-1,CV-VAC-0100-1,synthetic,SYN-015864
ASM-02956,SES-01379,APP-00783,CRI-0473,EV-S1-01,1,5,[SINTÉTICO] Nivel 1: la evidencia registrada corresponde al descriptor; para el nivel 2 faltaría un ejemplo más completo.,suficiente,2026-04-09T23:49:00,RV-VAC-0100-1,CV-VAC-0100-1,synthetic,SYN-015867
ASM-02957,SES-01380,APP-00783,CRI-0472,EV-S1-02,1,5,[SINTÉTICO] Nivel 1: la evidencia registrada corresponde al descriptor; para el nivel 2 faltaría un ejemplo más completo.,parcial,2026-04-12T23:49:00,RV-VAC-0100-1,CV-VAC-0100-1,synthetic,SYN-015871
ASM-02958,SES-01380,APP-00783,CRI-0473,EV-S1-02,1,5,[SINTÉTICO] Nivel 1: la evidencia registrada corresponde al descriptor; para el nivel 2 faltaría un ejemplo más completo.,suficiente,2026-04-12T23:49:00,RV-VAC-0100-1,CV-VAC-0100-1,synthetic,SYN-015874
ASM-02959,SES-01382,APP-00784,CRI-0472,EV-S1-02,3,15,[SINTÉTICO] Nivel 3: la evidencia registrada corresponde al descriptor; para el nivel 4 faltaría un ejemplo más completo.,suficiente,2026-04-02T14:49:00,RV-VAC-0100-1,CV-VAC-0100-1,synthetic,SYN-015879
ASM-02960,SES-01382,APP-00784,CRI-0473,EV-S1-02,4,20,[SINTÉTICO] Nivel 4: la evidencia registrada corresponde al descriptor; para el nivel 4 faltaría un ejemplo más completo.,suficiente,2026-04-02T14:49:00,RV-VAC-0100-1,CV-VAC-0100-1,synthetic,SYN-015881
ASM-02961,SES-01383,APP-00784,CRI-0472,EV-S1-01,3,15,[SINTÉTICO] Nivel 3: la evidencia registrada corresponde al descriptor; para el nivel 4 faltaría un ejemplo más completo.,suficiente,2026-04-06T13:49:00,RV-VAC-0100-1,CV-VAC-0100-1,synthetic,SYN-015886
ASM-02962,SES-01383,APP-00784,CRI-0473,EV-S1-01,4,20,[SINTÉTICO] Nivel 4: la evidencia registrada corresponde al descriptor; para el nivel 4 faltaría un ejemplo más completo.,suficiente,2026-04-06T13:49:00,RV-VAC-0100-1,CV-VAC-0100-1,synthetic,SYN-015890
ASM-02963,SES-01384,APP-00784,CRI-0474,EV-S1-04,4,20,[SINTÉTICO] Nivel 4: la evidencia registrada corresponde al descriptor; para el nivel 4 faltaría un ejemplo más completo.,insuficiente,2026-04-20T22:00:00,RV-VAC-0100-1,CV-VAC-0100-1,synthetic,SYN-015894
ASM-02964,SES-01384,APP-00784,CRI-0475,EV-S1-04,3,15,[SINTÉTICO] Nivel 3: la evidencia registrada corresponde al descriptor; para el nivel 4 faltaría un ejemplo más completo.,suficiente,2026-04-20T22:00:00,RV-VAC-0100-1,CV-VAC-0100-1,synthetic,SYN-015896
ASM-02965,SES-01385,APP-00785,CRI-0472,EV-S1-03,3,15,[SINTÉTICO] Nivel 3: la evidencia registrada corresponde al descriptor; para el nivel 4 faltaría un ejemplo más completo.,suficiente,2026-04-03T14:39:00,RV-VAC-0100-1,CV-VAC-0100-1,synthetic,SYN-015901
ASM-02966,SES-01385,APP-00785,CRI-0473,EV-S1-03,3,15,[SINTÉTICO] Nivel 3: la evidencia registrada corresponde al descriptor; para el nivel 4 faltaría un ejemplo más completo.,suficiente,2026-04-03T14:39:00,RV-VAC-0100-1,CV-VAC-0100-1,synthetic,SYN-015904
ASM-02967,SES-01386,APP-00785,CRI-0474,EV-S1-01,3,15,[SINTÉTICO] Nivel 3: la evidencia registrada corresponde al descriptor; para el nivel 4 faltaría un ejemplo más completo.,suficiente,2026-04-17T19:00:00,RV-VAC-0100-1,CV-VAC-0100-1,synthetic,SYN-015908
ASM-02968,SES-01386,APP-00785,CRI-0475,EV-S1-01,3,15,[SINTÉTICO] Nivel 3: la evidencia registrada corresponde al descriptor; para el nivel 4 faltaría un ejemplo más completo.,suficiente,2026-04-17T19:00:00,RV-VAC-0100-1,CV-VAC-0100-1,synthetic,SYN-015910
ASM-02969,SES-01387,APP-00786,CRI-0476,EV-S2-04,1,5,[SINTÉTICO] Nivel 1: la evidencia registrada corresponde al descriptor; para el nivel 2 faltaría un ejemplo más completo.,insuficiente,2026-08-12T14:19:00,RV-VAC-0101-1,CV-VAC-0101-1,synthetic,SYN-015914
ASM-02970,SES-01387,APP-00786,CRI-0477,EV-S2-04,1,5,[SINTÉTICO] Nivel 1: la evidencia registrada corresponde al descriptor; para el nivel 2 faltaría un ejemplo más completo.,suficiente,2026-08-12T14:19:00,RV-VAC-0101-1,CV-VAC-0101-1,synthetic,SYN-015915
ASM-02971,SES-01387,APP-00786,CRI-0478,EV-S2-04,1,5,[SINTÉTICO] Nivel 1: la evidencia registrada corresponde al descriptor; para el nivel 2 faltaría un ejemplo más completo.,suficiente,2026-08-12T14:19:00,RV-VAC-0101-1,CV-VAC-0101-1,synthetic,SYN-015918
ASM-02972,SES-01388,APP-00787,CRI-0476,EV-S2-02,3,15,[SINTÉTICO] Nivel 3: la evidencia registrada corresponde al descriptor; para el nivel 4 faltaría un ejemplo más completo.,suficiente,2026-08-05T06:05:00,RV-VAC-0101-1,CV-VAC-0101-1,synthetic,SYN-015923
ASM-02973,SES-01388,APP-00787,CRI-0477,EV-S2-02,4,20,[SINTÉTICO] Nivel 4: la evidencia registrada corresponde al descriptor; para el nivel 4 faltaría un ejemplo más completo.,parcial,2026-08-05T06:05:00,RV-VAC-0101-1,CV-VAC-0101-1,synthetic,SYN-015927
ASM-02974,SES-01388,APP-00787,CRI-0478,EV-S2-02,4,20,[SINTÉTICO] Nivel 4: la evidencia registrada corresponde al descriptor; para el nivel 4 faltaría un ejemplo más completo.,parcial,2026-08-05T06:05:00,RV-VAC-0101-1,CV-VAC-0101-1,synthetic,SYN-015931
ASM-02975,SES-01389,APP-00788,CRI-0476,EV-S2-01,3,15,[SINTÉTICO] Nivel 3: la evidencia registrada corresponde al descriptor; para el nivel 4 faltaría un ejemplo más completo.,parcial,2026-08-05T18:49:00,RV-VAC-0101-1,CV-VAC-0101-1,synthetic,SYN-015935
ASM-02976,SES-01389,APP-00788,CRI-0477,EV-S2-01,4,20,[SINTÉTICO] Nivel 4: la evidencia registrada corresponde al descriptor; para el nivel 4 faltaría un ejemplo más completo.,suficiente,2026-08-05T18:49:00,RV-VAC-0101-1,CV-VAC-0101-1,synthetic,SYN-015938
ASM-02977,SES-01389,APP-00788,CRI-0478,EV-S2-01,3,15,[SINTÉTICO] Nivel 3: la evidencia registrada corresponde al descriptor; para el nivel 4 faltaría un ejemplo más completo.,suficiente,2026-08-05T18:49:00,RV-VAC-0101-1,CV-VAC-0101-1,synthetic,SYN-015940
ASM-02978,SES-01390,APP-00788,CRI-0479,EV-S2-02,2,10,[SINTÉTICO] Nivel 2: la evidencia registrada corresponde al descriptor; para el nivel 3 faltaría un ejemplo más completo.,insuficiente,2026-08-15T14:00:00,RV-VAC-0101-1,CV-VAC-0101-1,synthetic,SYN-015945
ASM-02979,SES-01390,APP-00788,CRI-0480,EV-S2-02,3,15,[SINTÉTICO] Nivel 3: la evidencia registrada corresponde al descriptor; para el nivel 4 faltaría un ejemplo más completo.,suficiente,2026-08-15T14:00:00,RV-VAC-0101-1,CV-VAC-0101-1,synthetic,SYN-015946
ASM-02980,SES-01390,APP-00788,CRI-0481,EV-S2-02,3,15,[SINTÉTICO] Nivel 3: la evidencia registrada corresponde al descriptor; para el nivel 4 faltaría un ejemplo más completo.,suficiente,2026-08-15T14:00:00,RV-VAC-0101-1,CV-VAC-0101-1,synthetic,SYN-015950
ASM-02981,SES-01391,APP-00789,CRI-0476,EV-S2-03,4,20,[SINTÉTICO] Nivel 4: la evidencia registrada corresponde al descriptor; para el nivel 4 faltaría un ejemplo más completo.,suficiente,2026-08-04T10:00:00,RV-VAC-0101-1,CV-VAC-0101-1,synthetic,SYN-015953
ASM-02982,SES-01391,APP-00789,CRI-0477,EV-S2-03,4,20,[SINTÉTICO] Nivel 4: la evidencia registrada corresponde al descriptor; para el nivel 4 faltaría un ejemplo más completo.,suficiente,2026-08-04T10:00:00,RV-VAC-0101-1,CV-VAC-0101-1,synthetic,SYN-015956
ASM-02983,SES-01391,APP-00789,CRI-0478,EV-S2-03,4,20,[SINTÉTICO] Nivel 4: la evidencia registrada corresponde al descriptor; para el nivel 4 faltaría un ejemplo más completo.,suficiente,2026-08-04T10:00:00,RV-VAC-0101-1,CV-VAC-0101-1,synthetic,SYN-015958
ASM-02984,SES-01392,APP-00790,CRI-0476,EV-S2-03,2,10,[SINTÉTICO] Nivel 2: la evidencia registrada corresponde al descriptor; para el nivel 3 faltaría un ejemplo más completo.,insuficiente,2026-08-14T14:19:00,RV-VAC-0101-1,CV-VAC-0101-1,synthetic,SYN-015962
ASM-02985,SES-01392,APP-00790,CRI-0477,EV-S2-03,2,10,[SINTÉTICO] Nivel 2: la evidencia registrada corresponde al descriptor; para el nivel 3 faltaría un ejemplo más completo.,suficiente,2026-08-14T14:19:00,RV-VAC-0101-1,CV-VAC-0101-1,synthetic,SYN-015963
ASM-02986,SES-01392,APP-00790,CRI-0478,EV-S2-03,2,10,[SINTÉTICO] Nivel 2: la evidencia registrada corresponde al descriptor; para el nivel 3 faltaría un ejemplo más completo.,suficiente,2026-08-14T14:19:00,RV-VAC-0101-1,CV-VAC-0101-1,synthetic,SYN-015967
ASM-02987,SES-01393,APP-00790,CRI-0479,EV-S2-01,2,10,[SINTÉTICO] Nivel 2: la evidencia registrada corresponde al descriptor; para el nivel 3 faltaría un ejemplo más completo.,suficiente,2026-08-11T19:00:00,RV-VAC-0101-1,CV-VAC-0101-1,synthetic,SYN-015971
ASM-02988,SES-01393,APP-00790,CRI-0480,EV-S2-01,2,10,[SINTÉTICO] Nivel 2: la evidencia registrada corresponde al descriptor; para el nivel 3 faltaría un ejemplo más completo.,suficiente,2026-08-11T19:00:00,RV-VAC-0101-1,CV-VAC-0101-1,synthetic,SYN-015973
ASM-02989,SES-01393,APP-00790,CRI-0481,EV-S2-01,2,10,[SINTÉTICO] Nivel 2: la evidencia registrada corresponde al descriptor; para el nivel 3 faltaría un ejemplo más completo.,suficiente,2026-08-11T19:00:00,RV-VAC-0101-1,CV-VAC-0101-1,synthetic,SYN-015976
ASM-02990,SES-01394,APP-00791,CRI-0476,EV-S2-03,3,15,[SINTÉTICO] Nivel 3: la evidencia registrada corresponde al descriptor; para el nivel 4 faltaría un ejemplo más completo.,suficiente,2026-08-03T22:02:00,RV-VAC-0101-1,CV-VAC-0101-1,synthetic,SYN-015981
ASM-02991,SES-01394,APP-00791,CRI-0477,EV-S2-03,4,20,[SINTÉTICO] Nivel 4: la evidencia registrada corresponde al descriptor; para el nivel 4 faltaría un ejemplo más completo.,suficiente,2026-08-03T22:02:00,RV-VAC-0101-1,CV-VAC-0101-1,synthetic,SYN-015985
ASM-02992,SES-01394,APP-00791,CRI-0478,EV-S2-03,4,20,[SINTÉTICO] Nivel 4: la evidencia registrada corresponde al descriptor; para el nivel 4 faltaría un ejemplo más completo.,parcial,2026-08-03T22:02:00,RV-VAC-0101-1,CV-VAC-0101-1,synthetic,SYN-015989
ASM-02993,SES-01395,APP-00791,CRI-0476,EV-S2-02,3,15,[SINTÉTICO] Nivel 3: la evidencia registrada corresponde al descriptor; para el nivel 4 faltaría un ejemplo más completo.,suficiente,2026-08-06T05:00:00,RV-VAC-0101-1,CV-VAC-0101-1,synthetic,SYN-015992
ASM-02994,SES-01395,APP-00791,CRI-0477,EV-S2-02,4,20,[SINTÉTICO] Nivel 4: la evidencia registrada corresponde al descriptor; para el nivel 4 faltaría un ejemplo más completo.,suficiente,2026-08-06T05:00:00,RV-VAC-0101-1,CV-VAC-0101-1,synthetic,SYN-015996
ASM-02995,SES-01395,APP-00791,CRI-0478,EV-S2-02,4,20,[SINTÉTICO] Nivel 4: la evidencia registrada corresponde al descriptor; para el nivel 4 faltaría un ejemplo más completo.,parcial,2026-08-06T05:00:00,RV-VAC-0101-1,CV-VAC-0101-1,synthetic,SYN-015999
ASM-02996,SES-01396,APP-00791,CRI-0479,EV-S2-01,4,20,[SINTÉTICO] Nivel 4: la evidencia registrada corresponde al descriptor; para el nivel 4 faltaría un ejemplo más completo.,insuficiente,2026-08-17T21:00:00,RV-VAC-0101-1,CV-VAC-0101-1,synthetic,SYN-016003
ASM-02997,SES-01396,APP-00791,CRI-0480,EV-S2-01,4,20,[SINTÉTICO] Nivel 4: la evidencia registrada corresponde al descriptor; para el nivel 4 faltaría un ejemplo más completo.,parcial,2026-08-17T21:00:00,RV-VAC-0101-1,CV-VAC-0101-1,synthetic,SYN-016005
ASM-02998,SES-01396,APP-00791,CRI-0481,EV-S2-01,4,20,[SINTÉTICO] Nivel 4: la evidencia registrada corresponde al descriptor; para el nivel 4 faltaría un ejemplo más completo.,parcial,2026-08-17T21:00:00,RV-VAC-0101-1,CV-VAC-0101-1,synthetic,SYN-016009
ASM-02999,SES-01397,APP-00792,CRI-0476,EV-S2-04,4,20,[SINTÉTICO] Nivel 4: la evidencia registrada corresponde al descriptor; para el nivel 4 faltaría un ejemplo más completo.,suficiente,2026-08-02T18:38:00,RV-VAC-0101-1,CV-VAC-0101-1,synthetic,SYN-016012
ASM-03000,SES-01397,APP-00792,CRI-0477,EV-S2-04,4,20,[SINTÉTICO] Nivel 4: la evidencia registrada corresponde al descriptor; para el nivel 4 faltaría un ejemplo más completo.,suficiente,2026-08-02T18:38:00,RV-VAC-0101-1,CV-VAC-0101-1,synthetic,SYN-016015
ASM-03001,SES-01397,APP-00792,CRI-0478,EV-S2-04,4,20,[SINTÉTICO] Nivel 4: la evidencia registrada corresponde al descriptor; para el nivel 4 faltaría un ejemplo más completo.,suficiente,2026-08-02T18:38:00,RV-VAC-0101-1,CV-VAC-0101-1,synthetic,SYN-016019
ASM-03002,SES-01398,APP-00792,CRI-0479,EV-S2-02,3,15,[SINTÉTICO] Nivel 3: la evidencia registrada corresponde al descriptor; para el nivel 4 faltaría un ejemplo más completo.,parcial,2026-08-16T19:00:00,RV-VAC-0101-1,CV-VAC-0101-1,synthetic,SYN-016023
ASM-03003,SES-01398,APP-00792,CRI-0480,EV-S2-02,4,20,[SINTÉTICO] Nivel 4: la evidencia registrada corresponde al descriptor; para el nivel 4 faltaría un ejemplo más completo.,parcial,2026-08-16T19:00:00,RV-VAC-0101-1,CV-VAC-0101-1,synthetic,SYN-016027
ASM-03004,SES-01398,APP-00792,CRI-0481,EV-S2-02,4,20,[SINTÉTICO] Nivel 4: la evidencia registrada corresponde al descriptor; para el nivel 4 faltaría un ejemplo más completo.,suficiente,2026-08-16T19:00:00,RV-VAC-0101-1,CV-VAC-0101-1,synthetic,SYN-016029
ASM-03005,SES-01399,APP-00793,CRI-0476,EV-S2-03,3,15,[SINTÉTICO] Nivel 3: la evidencia registrada corresponde al descriptor; para el nivel 4 faltaría un ejemplo más completo.,suficiente,2026-07-27T08:09:00,RV-VAC-0101-1,CV-VAC-0101-1,synthetic,SYN-016032
ASM-03006,SES-01399,APP-00793,CRI-0477,EV-S2-03,3,15,[SINTÉTICO] Nivel 3: la evidencia registrada corresponde al descriptor; para el nivel 4 faltaría un ejemplo más completo.,suficiente,2026-07-27T08:09:00,RV-VAC-0101-1,CV-VAC-0101-1,synthetic,SYN-016034
ASM-03007,SES-01399,APP-00793,CRI-0478,EV-S2-03,4,20,[SINTÉTICO] Nivel 4: la evidencia registrada corresponde al descriptor; para el nivel 4 faltaría un ejemplo más completo.,insuficiente,2026-07-27T08:09:00,RV-VAC-0101-1,CV-VAC-0101-1,synthetic,SYN-016036
ASM-03008,SES-01400,APP-00793,CRI-0479,EV-S2-02,3,15,[SINTÉTICO] Nivel 3: la evidencia registrada corresponde al descriptor; para el nivel 4 faltaría un ejemplo más completo.,insuficiente,2026-08-03T16:00:00,RV-VAC-0101-1,CV-VAC-0101-1,synthetic,SYN-016038
ASM-03009,SES-01400,APP-00793,CRI-0480,EV-S2-02,3,15,[SINTÉTICO] Nivel 3: la evidencia registrada corresponde al descriptor; para el nivel 4 faltaría un ejemplo más completo.,parcial,2026-08-03T16:00:00,RV-VAC-0101-1,CV-VAC-0101-1,synthetic,SYN-016039
ASM-03010,SES-01400,APP-00793,CRI-0481,EV-S2-02,3,15,[SINTÉTICO] Nivel 3: la evidencia registrada corresponde al descriptor; para el nivel 4 faltaría un ejemplo más completo.,parcial,2026-08-03T16:00:00,RV-VAC-0101-1,CV-VAC-0101-1,synthetic,SYN-016043
ASM-03011,SES-01401,APP-00794,CRI-0476,EV-S2-02,1,5,[SINTÉTICO] Nivel 1: la evidencia registrada corresponde al descriptor; para el nivel 2 faltaría un ejemplo más completo.,insuficiente,2026-07-24T21:36:00,RV-VAC-0101-1,CV-VAC-0101-1,synthetic,SYN-016048
ASM-03012,SES-01401,APP-00794,CRI-0477,EV-S2-02,2,10,[SINTÉTICO] Nivel 2: la evidencia registrada corresponde al descriptor; para el nivel 3 faltaría un ejemplo más completo.,parcial,2026-07-24T21:36:00,RV-VAC-0101-1,CV-VAC-0101-1,synthetic,SYN-016049
ASM-03013,SES-01401,APP-00794,CRI-0478,EV-S2-02,2,10,[SINTÉTICO] Nivel 2: la evidencia registrada corresponde al descriptor; para el nivel 3 faltaría un ejemplo más completo.,suficiente,2026-07-24T21:36:00,RV-VAC-0101-1,CV-VAC-0101-1,synthetic,SYN-016052
ASM-03014,SES-01402,APP-00794,CRI-0479,EV-S2-04,2,10,[SINTÉTICO] Nivel 2: la evidencia registrada corresponde al descriptor; para el nivel 3 faltaría un ejemplo más completo.,suficiente,2026-08-11T01:00:00,RV-VAC-0101-1,CV-VAC-0101-1,synthetic,SYN-016056
ASM-03015,SES-01402,APP-00794,CRI-0480,EV-S2-04,3,15,[SINTÉTICO] Nivel 3: la evidencia registrada corresponde al descriptor; para el nivel 4 faltaría un ejemplo más completo.,suficiente,2026-08-11T01:00:00,RV-VAC-0101-1,CV-VAC-0101-1,synthetic,SYN-016059
ASM-03016,SES-01402,APP-00794,CRI-0481,EV-S2-04,2,10,[SINTÉTICO] Nivel 2: la evidencia registrada corresponde al descriptor; para el nivel 3 faltaría un ejemplo más completo.,suficiente,2026-08-11T01:00:00,RV-VAC-0101-1,CV-VAC-0101-1,synthetic,SYN-016063
ASM-03017,SES-01403,APP-00795,CRI-0476,EV-S2-01,4,20,[SINTÉTICO] Nivel 4: la evidencia registrada corresponde al descriptor; para el nivel 4 faltaría un ejemplo más completo.,suficiente,2026-08-07T14:27:00,RV-VAC-0101-1,CV-VAC-0101-1,synthetic,SYN-016067
ASM-03018,SES-01403,APP-00795,CRI-0477,EV-S2-01,3,15,[SINTÉTICO] Nivel 3: la evidencia registrada corresponde al descriptor; para el nivel 4 faltaría un ejemplo más completo.,suficiente,2026-08-07T14:27:00,RV-VAC-0101-1,CV-VAC-0101-1,synthetic,SYN-016070
ASM-03019,SES-01403,APP-00795,CRI-0478,EV-S2-01,3,15,[SINTÉTICO] Nivel 3: la evidencia registrada corresponde al descriptor; para el nivel 4 faltaría un ejemplo más completo.,suficiente,2026-08-07T14:27:00,RV-VAC-0101-1,CV-VAC-0101-1,synthetic,SYN-016074
ASM-03020,SES-01404,APP-00795,CRI-0479,EV-S2-03,4,20,[SINTÉTICO] Nivel 4: la evidencia registrada corresponde al descriptor; para el nivel 4 faltaría un ejemplo más completo.,parcial,2026-08-11T17:00:00,RV-VAC-0101-1,CV-VAC-0101-1,synthetic,SYN-016077
ASM-03021,SES-01404,APP-00795,CRI-0480,EV-S2-03,4,20,[SINTÉTICO] Nivel 4: la evidencia registrada corresponde al descriptor; para el nivel 4 faltaría un ejemplo más completo.,suficiente,2026-08-11T17:00:00,RV-VAC-0101-1,CV-VAC-0101-1,synthetic,SYN-016081
ASM-03022,SES-01404,APP-00795,CRI-0481,EV-S2-03,4,20,[SINTÉTICO] Nivel 4: la evidencia registrada corresponde al descriptor; para el nivel 4 faltaría un ejemplo más completo.,suficiente,2026-08-11T17:00:00,RV-VAC-0101-1,CV-VAC-0101-1,synthetic,SYN-016086
ASM-03023,SES-01405,APP-00797,CRI-0476,EV-S2-03,1,5,[SINTÉTICO] Nivel 1: la evidencia registrada corresponde al descriptor; para el nivel 2 faltaría un ejemplo más completo.,suficiente,2026-08-08T00:07:00,RV-VAC-0101-1,CV-VAC-0101-1,synthetic,SYN-016090
ASM-03024,SES-01405,APP-00797,CRI-0477,EV-S2-03,1,5,[SINTÉTICO] Nivel 1: la evidencia registrada corresponde al descriptor; para el nivel 2 faltaría un ejemplo más completo.,suficiente,2026-08-08T00:07:00,RV-VAC-0101-1,CV-VAC-0101-1,synthetic,SYN-016092
ASM-03025,SES-01405,APP-00797,CRI-0478,EV-S2-03,1,5,[SINTÉTICO] Nivel 1: la evidencia registrada corresponde al descriptor; para el nivel 2 faltaría un ejemplo más completo.,parcial,2026-08-08T00:07:00,RV-VAC-0101-1,CV-VAC-0101-1,synthetic,SYN-016096
ASM-03026,SES-01406,APP-00798,CRI-0476,EV-S2-03,1,5,[SINTÉTICO] Nivel 1: la evidencia registrada corresponde al descriptor; para el nivel 2 faltaría un ejemplo más completo.,parcial,2026-08-12T03:00:00,RV-VAC-0101-1,CV-VAC-0101-1,synthetic,SYN-016100
ASM-03027,SES-01406,APP-00798,CRI-0477,EV-S2-03,2,10,[SINTÉTICO] Nivel 2: la evidencia registrada corresponde al descriptor; para el nivel 3 faltaría un ejemplo más completo.,suficiente,2026-08-12T03:00:00,RV-VAC-0101-1,CV-VAC-0101-1,synthetic,SYN-016103
ASM-03028,SES-01406,APP-00798,CRI-0478,EV-S2-03,2,10,[SINTÉTICO] Nivel 2: la evidencia registrada corresponde al descriptor; para el nivel 3 faltaría un ejemplo más completo.,insuficiente,2026-08-12T03:00:00,RV-VAC-0101-1,CV-VAC-0101-1,synthetic,SYN-016106
ASM-03029,SES-01407,APP-00798,CRI-0476,EV-S2-04,1,5,[SINTÉTICO] Nivel 1: la evidencia registrada corresponde al descriptor; para el nivel 2 faltaría un ejemplo más completo.,insuficiente,2026-08-11T06:00:00,RV-VAC-0101-1,CV-VAC-0101-1,synthetic,SYN-016108
ASM-03030,SES-01407,APP-00798,CRI-0477,EV-S2-04,2,10,[SINTÉTICO] Nivel 2: la evidencia registrada corresponde al descriptor; para el nivel 3 faltaría un ejemplo más completo.,parcial,2026-08-11T06:00:00,RV-VAC-0101-1,CV-VAC-0101-1,synthetic,SYN-016109
ASM-03031,SES-01407,APP-00798,CRI-0478,EV-S2-04,2,10,[SINTÉTICO] Nivel 2: la evidencia registrada corresponde al descriptor; para el nivel 3 faltaría un ejemplo más completo.,suficiente,2026-08-11T06:00:00,RV-VAC-0101-1,CV-VAC-0101-1,synthetic,SYN-016113
ASM-03032,SES-01408,APP-00798,CRI-0479,EV-S2-03,1,5,[SINTÉTICO] Nivel 1: la evidencia registrada corresponde al descriptor; para el nivel 2 faltaría un ejemplo más completo.,parcial,2026-08-08T01:00:00,RV-VAC-0101-1,CV-VAC-0101-1,synthetic,SYN-016117
ASM-03033,SES-01408,APP-00798,CRI-0480,EV-S2-03,1,5,[SINTÉTICO] Nivel 1: la evidencia registrada corresponde al descriptor; para el nivel 2 faltaría un ejemplo más completo.,parcial,2026-08-08T01:00:00,RV-VAC-0101-1,CV-VAC-0101-1,synthetic,SYN-016120
ASM-03034,SES-01408,APP-00798,CRI-0481,EV-S2-03,1,5,[SINTÉTICO] Nivel 1: la evidencia registrada corresponde al descriptor; para el nivel 2 faltaría un ejemplo más completo.,suficiente,2026-08-08T01:00:00,RV-VAC-0101-1,CV-VAC-0101-1,synthetic,SYN-016122
ASM-03035,SES-01410,APP-00800,CRI-0482,EV-S3-02,2,10,[SINTÉTICO] Nivel 2: la evidencia registrada corresponde al descriptor; para el nivel 3 faltaría un ejemplo más completo.,suficiente,2026-07-18T17:20:00,RV-VAC-0102-1,CV-VAC-0102-1,synthetic,SYN-016130
ASM-03036,SES-01410,APP-00800,CRI-0483,EV-S3-02,2,10,[SINTÉTICO] Nivel 2: la evidencia registrada corresponde al descriptor; para el nivel 3 faltaría un ejemplo más completo.,suficiente,2026-07-18T17:20:00,RV-VAC-0102-1,CV-VAC-0102-1,synthetic,SYN-016133
ASM-03037,SES-01410,APP-00800,CRI-0484,EV-S3-02,3,15,[SINTÉTICO] Nivel 3: la evidencia registrada corresponde al descriptor; para el nivel 4 faltaría un ejemplo más completo.,parcial,2026-07-18T17:20:00,RV-VAC-0102-1,CV-VAC-0102-1,synthetic,SYN-016137
ASM-03038,SES-01411,APP-00800,CRI-0485,EV-S3-04,2,10,[SINTÉTICO] Nivel 2: la evidencia registrada corresponde al descriptor; para el nivel 3 faltaría un ejemplo más completo.,suficiente,2026-07-25T18:00:00,RV-VAC-0102-1,CV-VAC-0102-1,synthetic,SYN-016141
ASM-03039,SES-01411,APP-00800,CRI-0486,EV-S3-04,1,5,[SINTÉTICO] Nivel 1: la evidencia registrada corresponde al descriptor; para el nivel 2 faltaría un ejemplo más completo.,suficiente,2026-07-25T18:00:00,RV-VAC-0102-1,CV-VAC-0102-1,synthetic,SYN-016144
ASM-03040,SES-01412,APP-00801,CRI-0482,EV-S3-04,3,15,[SINTÉTICO] Nivel 3: la evidencia registrada corresponde al descriptor; para el nivel 4 faltaría un ejemplo más completo.,insuficiente,2026-07-23T05:00:00,RV-VAC-0102-1,CV-VAC-0102-1,synthetic,SYN-016147
ASM-03041,SES-01412,APP-00801,CRI-0483,EV-S3-04,3,15,[SINTÉTICO] Nivel 3: la evidencia registrada corresponde al descriptor; para el nivel 4 faltaría un ejemplo más completo.,parcial,2026-07-23T05:00:00,RV-VAC-0102-1,CV-VAC-0102-1,synthetic,SYN-016148
ASM-03042,SES-01412,APP-00801,CRI-0484,EV-S3-04,3,15,[SINTÉTICO] Nivel 3: la evidencia registrada corresponde al descriptor; para el nivel 4 faltaría un ejemplo más completo.,suficiente,2026-07-23T05:00:00,RV-VAC-0102-1,CV-VAC-0102-1,synthetic,SYN-016150
ASM-03043,SES-01413,APP-00801,CRI-0485,EV-S3-03,3,15,[SINTÉTICO] Nivel 3: la evidencia registrada corresponde al descriptor; para el nivel 4 faltaría un ejemplo más completo.,suficiente,2026-07-18T01:00:00,RV-VAC-0102-1,CV-VAC-0102-1,synthetic,SYN-016153
ASM-03044,SES-01413,APP-00801,CRI-0486,EV-S3-03,3,15,[SINTÉTICO] Nivel 3: la evidencia registrada corresponde al descriptor; para el nivel 4 faltaría un ejemplo más completo.,suficiente,2026-07-18T01:00:00,RV-VAC-0102-1,CV-VAC-0102-1,synthetic,SYN-016156
ASM-03045,SES-01414,APP-00802,CRI-0482,EV-S3-04,2,10,[SINTÉTICO] Nivel 2: la evidencia registrada corresponde al descriptor; para el nivel 3 faltaría un ejemplo más completo.,suficiente,2026-07-11T01:42:00,RV-VAC-0102-1,CV-VAC-0102-1,synthetic,SYN-016159
ASM-03046,SES-01414,APP-00802,CRI-0483,EV-S3-04,2,10,[SINTÉTICO] Nivel 2: la evidencia registrada corresponde al descriptor; para el nivel 3 faltaría un ejemplo más completo.,insuficiente,2026-07-11T01:42:00,RV-VAC-0102-1,CV-VAC-0102-1,synthetic,SYN-016163
ASM-03047,SES-01414,APP-00802,CRI-0484,EV-S3-04,2,10,[SINTÉTICO] Nivel 2: la evidencia registrada corresponde al descriptor; para el nivel 3 faltaría un ejemplo más completo.,suficiente,2026-07-11T01:42:00,RV-VAC-0102-1,CV-VAC-0102-1,synthetic,SYN-016164
ASM-03048,SES-01415,APP-00803,CRI-0482,EV-S3-01,2,10,[SINTÉTICO] Nivel 2: la evidencia registrada corresponde al descriptor; para el nivel 3 faltaría un ejemplo más completo.,suficiente,2026-07-17T00:35:00,RV-VAC-0102-1,CV-VAC-0102-1,synthetic,SYN-016169
ASM-03049,SES-01415,APP-00803,CRI-0483,EV-S3-01,2,10,[SINTÉTICO] Nivel 2: la evidencia registrada corresponde al descriptor; para el nivel 3 faltaría un ejemplo más completo.,parcial,2026-07-17T00:35:00,RV-VAC-0102-1,CV-VAC-0102-1,synthetic,SYN-016173
ASM-03050,SES-01415,APP-00803,CRI-0484,EV-S3-01,2,10,[SINTÉTICO] Nivel 2: la evidencia registrada corresponde al descriptor; para el nivel 3 faltaría un ejemplo más completo.,parcial,2026-07-17T00:35:00,RV-VAC-0102-1,CV-VAC-0102-1,synthetic,SYN-016175
ASM-03051,SES-01416,APP-00803,CRI-0485,EV-S3-04,2,10,[SINTÉTICO] Nivel 2: la evidencia registrada corresponde al descriptor; para el nivel 3 faltaría un ejemplo más completo.,suficiente,2026-07-15T16:00:00,RV-VAC-0102-1,CV-VAC-0102-1,synthetic,SYN-016178
ASM-03052,SES-01416,APP-00803,CRI-0486,EV-S3-04,2,10,[SINTÉTICO] Nivel 2: la evidencia registrada corresponde al descriptor; para el nivel 3 faltaría un ejemplo más completo.,suficiente,2026-07-15T16:00:00,RV-VAC-0102-1,CV-VAC-0102-1,synthetic,SYN-016181
ASM-03053,SES-01417,APP-00804,CRI-0482,EV-S3-03,4,20,[SINTÉTICO] Nivel 4: la evidencia registrada corresponde al descriptor; para el nivel 4 faltaría un ejemplo más completo.,parcial,2026-07-16T22:40:00,RV-VAC-0102-1,CV-VAC-0102-1,synthetic,SYN-016185
ASM-03054,SES-01417,APP-00804,CRI-0483,EV-S3-03,3,15,[SINTÉTICO] Nivel 3: la evidencia registrada corresponde al descriptor; para el nivel 4 faltaría un ejemplo más completo.,insuficiente,2026-07-16T22:40:00,RV-VAC-0102-1,CV-VAC-0102-1,synthetic,SYN-016188
ASM-03055,SES-01417,APP-00804,CRI-0484,EV-S3-03,3,15,[SINTÉTICO] Nivel 3: la evidencia registrada corresponde al descriptor; para el nivel 4 faltaría un ejemplo más completo.,suficiente,2026-07-16T22:40:00,RV-VAC-0102-1,CV-VAC-0102-1,synthetic,SYN-016189
ASM-03056,SES-01418,APP-00804,CRI-0485,EV-S3-01,3,15,[SINTÉTICO] Nivel 3: la evidencia registrada corresponde al descriptor; para el nivel 4 faltaría un ejemplo más completo.,suficiente,2026-07-17T21:00:00,RV-VAC-0102-1,CV-VAC-0102-1,synthetic,SYN-016193
ASM-03057,SES-01418,APP-00804,CRI-0486,EV-S3-01,4,20,[SINTÉTICO] Nivel 4: la evidencia registrada corresponde al descriptor; para el nivel 4 faltaría un ejemplo más completo.,insuficiente,2026-07-17T21:00:00,RV-VAC-0102-1,CV-VAC-0102-1,synthetic,SYN-016196
ASM-03058,SES-01419,APP-00805,CRI-0482,EV-S3-04,3,15,[SINTÉTICO] Nivel 3: la evidencia registrada corresponde al descriptor; para el nivel 4 faltaría un ejemplo más completo.,insuficiente,2026-07-18T03:44:00,RV-VAC-0102-1,CV-VAC-0102-1,synthetic,SYN-016198
ASM-03059,SES-01419,APP-00805,CRI-0483,EV-S3-04,3,15,[SINTÉTICO] Nivel 3: la evidencia registrada corresponde al descriptor; para el nivel 4 faltaría un ejemplo más completo.,parcial,2026-07-18T03:44:00,RV-VAC-0102-1,CV-VAC-0102-1,synthetic,SYN-016199
ASM-03060,SES-01419,APP-00805,CRI-0484,EV-S3-04,4,20,[SINTÉTICO] Nivel 4: la evidencia registrada corresponde al descriptor; para el nivel 4 faltaría un ejemplo más completo.,suficiente,2026-07-18T03:44:00,RV-VAC-0102-1,CV-VAC-0102-1,synthetic,SYN-016201
ASM-03061,SES-01420,APP-00805,CRI-0485,EV-S3-03,3,15,[SINTÉTICO] Nivel 3: la evidencia registrada corresponde al descriptor; para el nivel 4 faltaría un ejemplo más completo.,suficiente,2026-07-15T17:00:00,RV-VAC-0102-1,CV-VAC-0102-1,synthetic,SYN-016205
ASM-03062,SES-01420,APP-00805,CRI-0486,EV-S3-03,4,20,[SINTÉTICO] Nivel 4: la evidencia registrada corresponde al descriptor; para el nivel 4 faltaría un ejemplo más completo.,parcial,2026-07-15T17:00:00,RV-VAC-0102-1,CV-VAC-0102-1,synthetic,SYN-016207
ASM-03063,SES-01421,APP-00806,CRI-0482,EV-S3-02,1,5,[SINTÉTICO] Nivel 1: la evidencia registrada corresponde al descriptor; para el nivel 2 faltaría un ejemplo más completo.,parcial,2026-07-10T14:28:00,RV-VAC-0102-1,CV-VAC-0102-1,synthetic,SYN-016211
ASM-03064,SES-01421,APP-00806,CRI-0483,EV-S3-02,1,5,[SINTÉTICO] Nivel 1: la evidencia registrada corresponde al descriptor; para el nivel 2 faltaría un ejemplo más completo.,suficiente,2026-07-10T14:28:00,RV-VAC-0102-1,CV-VAC-0102-1,synthetic,SYN-016214
ASM-03065,SES-01421,APP-00806,CRI-0484,EV-S3-02,1,5,[SINTÉTICO] Nivel 1: la evidencia registrada corresponde al descriptor; para el nivel 2 faltaría un ejemplo más completo.,suficiente,2026-07-10T14:28:00,RV-VAC-0102-1,CV-VAC-0102-1,synthetic,SYN-016217
ASM-03066,SES-01422,APP-00806,CRI-0485,EV-S3-04,1,5,[SINTÉTICO] Nivel 1: la evidencia registrada corresponde al descriptor; para el nivel 2 faltaría un ejemplo más completo.,insuficiente,2026-07-15T15:00:00,RV-VAC-0102-1,CV-VAC-0102-1,synthetic,SYN-016222
ASM-03067,SES-01422,APP-00806,CRI-0486,EV-S3-04,1,5,[SINTÉTICO] Nivel 1: la evidencia registrada corresponde al descriptor; para el nivel 2 faltaría un ejemplo más completo.,parcial,2026-07-15T15:00:00,RV-VAC-0102-1,CV-VAC-0102-1,synthetic,SYN-016223
ASM-03068,SES-01423,APP-00807,CRI-0482,EV-S3-04,4,20,[SINTÉTICO] Nivel 4: la evidencia registrada corresponde al descriptor; para el nivel 4 faltaría un ejemplo más completo.,parcial,2026-07-12T14:47:00,RV-VAC-0102-1,CV-VAC-0102-1,synthetic,SYN-016228
ASM-03069,SES-01423,APP-00807,CRI-0483,EV-S3-04,4,20,[SINTÉTICO] Nivel 4: la evidencia registrada corresponde al descriptor; para el nivel 4 faltaría un ejemplo más completo.,suficiente,2026-07-12T14:47:00,RV-VAC-0102-1,CV-VAC-0102-1,synthetic,SYN-016231
ASM-03070,SES-01423,APP-00807,CRI-0484,EV-S3-04,4,20,[SINTÉTICO] Nivel 4: la evidencia registrada corresponde al descriptor; para el nivel 4 faltaría un ejemplo más completo.,insuficiente,2026-07-12T14:47:00,RV-VAC-0102-1,CV-VAC-0102-1,synthetic,SYN-016233
ASM-03071,SES-01424,APP-00807,CRI-0485,EV-S3-02,4,20,[SINTÉTICO] Nivel 4: la evidencia registrada corresponde al descriptor; para el nivel 4 faltaría un ejemplo más completo.,insuficiente,2026-07-16T16:00:00,RV-VAC-0102-1,CV-VAC-0102-1,synthetic,SYN-016235
ASM-03072,SES-01424,APP-00807,CRI-0486,EV-S3-02,4,20,[SINTÉTICO] Nivel 4: la evidencia registrada corresponde al descriptor; para el nivel 4 faltaría un ejemplo más completo.,parcial,2026-07-16T16:00:00,RV-VAC-0102-1,CV-VAC-0102-1,synthetic,SYN-016236
ASM-03073,SES-01425,APP-00808,CRI-0487,EV-S1-02,3,15,[SINTÉTICO] Nivel 3: la evidencia registrada corresponde al descriptor; para el nivel 4 faltaría un ejemplo más completo.,parcial,2026-04-19T09:25:00,RV-VAC-0103-1,CV-VAC-0103-1,synthetic,SYN-016239
ASM-03074,SES-01425,APP-00808,CRI-0488,EV-S1-02,4,20,[SINTÉTICO] Nivel 4: la evidencia registrada corresponde al descriptor; para el nivel 4 faltaría un ejemplo más completo.,suficiente,2026-04-19T09:25:00,RV-VAC-0103-1,CV-VAC-0103-1,synthetic,SYN-016242
ASM-03075,SES-01425,APP-00808,CRI-0489,EV-S1-02,4,20,[SINTÉTICO] Nivel 4: la evidencia registrada corresponde al descriptor; para el nivel 4 faltaría un ejemplo más completo.,suficiente,2026-04-19T09:25:00,RV-VAC-0103-1,CV-VAC-0103-1,synthetic,SYN-016245
ASM-03076,SES-01426,APP-00808,CRI-0487,EV-S1-01,1,5,[SINTÉTICO] Nivel 1: la evidencia registrada corresponde al descriptor; para el nivel 2 faltaría un ejemplo más completo.,suficiente,2026-04-28T08:25:00,RV-VAC-0103-1,CV-VAC-0103-1,synthetic,SYN-016249
ASM-03077,SES-01426,APP-00808,CRI-0488,EV-S1-01,3,15,[SINTÉTICO] Nivel 3: la evidencia registrada corresponde al descriptor; para el nivel 4 faltaría un ejemplo más completo.,suficiente,2026-04-28T08:25:00,RV-VAC-0103-1,CV-VAC-0103-1,synthetic,SYN-016252
ASM-03078,SES-01426,APP-00808,CRI-0489,EV-S1-01,4,20,[SINTÉTICO] Nivel 4: la evidencia registrada corresponde al descriptor; para el nivel 4 faltaría un ejemplo más completo.,suficiente,2026-04-28T08:25:00,RV-VAC-0103-1,CV-VAC-0103-1,synthetic,SYN-016254
ASM-03079,SES-01427,APP-00808,CRI-0490,EV-S1-03,4,20,[SINTÉTICO] Nivel 4: la evidencia registrada corresponde al descriptor; para el nivel 4 faltaría un ejemplo más completo.,suficiente,2026-04-26T12:00:00,RV-VAC-0103-1,CV-VAC-0103-1,synthetic,SYN-016259
ASM-03080,SES-01427,APP-00808,CRI-0491,EV-S1-03,4,20,[SINTÉTICO] Nivel 4: la evidencia registrada corresponde al descriptor; para el nivel 4 faltaría un ejemplo más completo.,suficiente,2026-04-26T12:00:00,RV-VAC-0103-1,CV-VAC-0103-1,synthetic,SYN-016262
ASM-03081,SES-01427,APP-00808,CRI-0492,EV-S1-03,4,20,[SINTÉTICO] Nivel 4: la evidencia registrada corresponde al descriptor; para el nivel 4 faltaría un ejemplo más completo.,parcial,2026-04-26T12:00:00,RV-VAC-0103-1,CV-VAC-0103-1,synthetic,SYN-016266
ASM-03082,SES-01428,APP-00809,CRI-0487,EV-S1-01,2,10,[SINTÉTICO] Nivel 2: la evidencia registrada corresponde al descriptor; para el nivel 3 faltaría un ejemplo más completo.,suficiente,2026-04-24T16:09:00,RV-VAC-0103-1,CV-VAC-0103-1,synthetic,SYN-016270
ASM-03083,SES-01428,APP-00809,CRI-0488,EV-S1-01,2,10,[SINTÉTICO] Nivel 2: la evidencia registrada corresponde al descriptor; para el nivel 3 faltaría un ejemplo más completo.,suficiente,2026-04-24T16:09:00,RV-VAC-0103-1,CV-VAC-0103-1,synthetic,SYN-016272
ASM-03084,SES-01428,APP-00809,CRI-0489,EV-S1-01,2,10,[SINTÉTICO] Nivel 2: la evidencia registrada corresponde al descriptor; para el nivel 3 faltaría un ejemplo más completo.,suficiente,2026-04-24T16:09:00,RV-VAC-0103-1,CV-VAC-0103-1,synthetic,SYN-016275
ASM-03085,SES-01429,APP-00809,CRI-0490,EV-S1-01,2,10,[SINTÉTICO] Nivel 2: la evidencia registrada corresponde al descriptor; para el nivel 3 faltaría un ejemplo más completo.,suficiente,2026-05-01T20:00:00,RV-VAC-0103-1,CV-VAC-0103-1,synthetic,SYN-016278
ASM-03086,SES-01429,APP-00809,CRI-0491,EV-S1-01,3,15,[SINTÉTICO] Nivel 3: la evidencia registrada corresponde al descriptor; para el nivel 4 faltaría un ejemplo más completo.,suficiente,2026-05-01T20:00:00,RV-VAC-0103-1,CV-VAC-0103-1,synthetic,SYN-016281
ASM-03087,SES-01429,APP-00809,CRI-0492,EV-S1-01,2,10,[SINTÉTICO] Nivel 2: la evidencia registrada corresponde al descriptor; para el nivel 3 faltaría un ejemplo más completo.,parcial,2026-05-01T20:00:00,RV-VAC-0103-1,CV-VAC-0103-1,synthetic,SYN-016285
ASM-03088,SES-01430,APP-00810,CRI-0487,EV-S1-01,3,15,[SINTÉTICO] Nivel 3: la evidencia registrada corresponde al descriptor; para el nivel 4 faltaría un ejemplo más completo.,parcial,2026-04-25T16:25:00,RV-VAC-0103-1,CV-VAC-0103-1,synthetic,SYN-016289
ASM-03089,SES-01430,APP-00810,CRI-0488,EV-S1-01,3,15,[SINTÉTICO] Nivel 3: la evidencia registrada corresponde al descriptor; para el nivel 4 faltaría un ejemplo más completo.,parcial,2026-04-25T16:25:00,RV-VAC-0103-1,CV-VAC-0103-1,synthetic,SYN-016291
ASM-03090,SES-01430,APP-00810,CRI-0489,EV-S1-01,3,15,[SINTÉTICO] Nivel 3: la evidencia registrada corresponde al descriptor; para el nivel 4 faltaría un ejemplo más completo.,suficiente,2026-04-25T16:25:00,RV-VAC-0103-1,CV-VAC-0103-1,synthetic,SYN-016293
ASM-03091,SES-01431,APP-00810,CRI-0490,EV-S1-03,3,15,[SINTÉTICO] Nivel 3: la evidencia registrada corresponde al descriptor; para el nivel 4 faltaría un ejemplo más completo.,suficiente,2026-05-06T20:00:00,RV-VAC-0103-1,CV-VAC-0103-1,synthetic,SYN-016298
ASM-03092,SES-01431,APP-00810,CRI-0491,EV-S1-03,3,15,[SINTÉTICO] Nivel 3: la evidencia registrada corresponde al descriptor; para el nivel 4 faltaría un ejemplo más completo.,parcial,2026-05-06T20:00:00,RV-VAC-0103-1,CV-VAC-0103-1,synthetic,SYN-016302
ASM-03093,SES-01431,APP-00810,CRI-0492,EV-S1-03,3,15,[SINTÉTICO] Nivel 3: la evidencia registrada corresponde al descriptor; para el nivel 4 faltaría un ejemplo más completo.,insuficiente,2026-05-06T20:00:00,RV-VAC-0103-1,CV-VAC-0103-1,synthetic,SYN-016305
ASM-03094,SES-01432,APP-00811,CRI-0487,EV-S1-02,3,15,[SINTÉTICO] Nivel 3: la evidencia registrada corresponde al descriptor; para el nivel 4 faltaría un ejemplo más completo.,parcial,2026-04-19T03:14:00,RV-VAC-0103-1,CV-VAC-0103-1,synthetic,SYN-016307
ASM-03095,SES-01432,APP-00811,CRI-0488,EV-S1-02,4,20,[SINTÉTICO] Nivel 4: la evidencia registrada corresponde al descriptor; para el nivel 4 faltaría un ejemplo más completo.,parcial,2026-04-19T03:14:00,RV-VAC-0103-1,CV-VAC-0103-1,synthetic,SYN-016310
ASM-03096,SES-01432,APP-00811,CRI-0489,EV-S1-02,4,20,[SINTÉTICO] Nivel 4: la evidencia registrada corresponde al descriptor; para el nivel 4 faltaría un ejemplo más completo.,suficiente,2026-04-19T03:14:00,RV-VAC-0103-1,CV-VAC-0103-1,synthetic,SYN-016313
ASM-03097,SES-01433,APP-00811,CRI-0487,EV-S1-01,2,10,[SINTÉTICO] Nivel 2: la evidencia registrada corresponde al descriptor; para el nivel 3 faltaría un ejemplo más completo.,parcial,2026-04-13T00:14:00,RV-VAC-0103-1,CV-VAC-0103-1,synthetic,SYN-016317
ASM-03098,SES-01433,APP-00811,CRI-0488,EV-S1-01,4,20,[SINTÉTICO] Nivel 4: la evidencia registrada corresponde al descriptor; para el nivel 4 faltaría un ejemplo más completo.,parcial,2026-04-13T00:14:00,RV-VAC-0103-1,CV-VAC-0103-1,synthetic,SYN-016319
ASM-03099,SES-01433,APP-00811,CRI-0489,EV-S1-01,4,20,[SINTÉTICO] Nivel 4: la evidencia registrada corresponde al descriptor; para el nivel 4 faltaría un ejemplo más completo.,suficiente,2026-04-13T00:14:00,RV-VAC-0103-1,CV-VAC-0103-1,synthetic,SYN-016322
ASM-03100,SES-01434,APP-00811,CRI-0490,EV-S1-04,4,20,[SINTÉTICO] Nivel 4: la evidencia registrada corresponde al descriptor; para el nivel 4 faltaría un ejemplo más completo.,suficiente,2026-05-04T17:00:00,RV-VAC-0103-1,CV-VAC-0103-1,synthetic,SYN-016327
ASM-03101,SES-01434,APP-00811,CRI-0491,EV-S1-04,4,20,[SINTÉTICO] Nivel 4: la evidencia registrada corresponde al descriptor; para el nivel 4 faltaría un ejemplo más completo.,parcial,2026-05-04T17:00:00,RV-VAC-0103-1,CV-VAC-0103-1,synthetic,SYN-016331
ASM-03102,SES-01434,APP-00811,CRI-0492,EV-S1-04,4,20,[SINTÉTICO] Nivel 4: la evidencia registrada corresponde al descriptor; para el nivel 4 faltaría un ejemplo más completo.,insuficiente,2026-05-04T17:00:00,RV-VAC-0103-1,CV-VAC-0103-1,synthetic,SYN-016333
ASM-03103,SES-01435,APP-00812,CRI-0487,EV-S1-04,2,10,[SINTÉTICO] Nivel 2: la evidencia registrada corresponde al descriptor; para el nivel 3 faltaría un ejemplo más completo.,suficiente,2026-04-13T16:16:00,RV-VAC-0103-1,CV-VAC-0103-1,synthetic,SYN-016335
ASM-03104,SES-01435,APP-00812,CRI-0488,EV-S1-04,1,5,[SINTÉTICO] Nivel 1: la evidencia registrada corresponde al descriptor; para el nivel 2 faltaría un ejemplo más completo.,suficiente,2026-04-13T16:16:00,RV-VAC-0103-1,CV-VAC-0103-1,synthetic,SYN-016338
ASM-03105,SES-01435,APP-00812,CRI-0489,EV-S1-04,2,10,[SINTÉTICO] Nivel 2: la evidencia registrada corresponde al descriptor; para el nivel 3 faltaría un ejemplo más completo.,insuficiente,2026-04-13T16:16:00,RV-VAC-0103-1,CV-VAC-0103-1,synthetic,SYN-016341
ASM-03106,SES-01436,APP-00812,CRI-0490,EV-S1-02,1,5,[SINTÉTICO] Nivel 1: la evidencia registrada corresponde al descriptor; para el nivel 2 faltaría un ejemplo más completo.,suficiente,2026-04-27T20:00:00,RV-VAC-0103-1,CV-VAC-0103-1,synthetic,SYN-016343
ASM-03107,SES-01436,APP-00812,CRI-0491,EV-S1-02,2,10,[SINTÉTICO] Nivel 2: la evidencia registrada corresponde al descriptor; para el nivel 3 faltaría un ejemplo más completo.,parcial,2026-04-27T20:00:00,RV-VAC-0103-1,CV-VAC-0103-1,synthetic,SYN-016346
ASM-03108,SES-01436,APP-00812,CRI-0492,EV-S1-02,1,5,[SINTÉTICO] Nivel 1: la evidencia registrada corresponde al descriptor; para el nivel 2 faltaría un ejemplo más completo.,parcial,2026-04-27T20:00:00,RV-VAC-0103-1,CV-VAC-0103-1,synthetic,SYN-016350
ASM-03109,SES-01437,APP-00813,CRI-0487,EV-S1-03,4,20,[SINTÉTICO] Nivel 4: la evidencia registrada corresponde al descriptor; para el nivel 4 faltaría un ejemplo más completo.,suficiente,2026-05-02T06:00:00,RV-VAC-0103-1,CV-VAC-0103-1,synthetic,SYN-016354
ASM-03110,SES-01437,APP-00813,CRI-0488,EV-S1-03,3,15,[SINTÉTICO] Nivel 3: la evidencia registrada corresponde al descriptor; para el nivel 4 faltaría un ejemplo más completo.,suficiente,2026-05-02T06:00:00,RV-VAC-0103-1,CV-VAC-0103-1,synthetic,SYN-016359
ASM-03111,SES-01437,APP-00813,CRI-0489,EV-S1-03,4,20,[SINTÉTICO] Nivel 4: la evidencia registrada corresponde al descriptor; para el nivel 4 faltaría un ejemplo más completo.,suficiente,2026-05-02T06:00:00,RV-VAC-0103-1,CV-VAC-0103-1,synthetic,SYN-016361
ASM-03112,SES-01438,APP-00814,CRI-0487,EV-S1-04,4,20,[SINTÉTICO] Nivel 4: la evidencia registrada corresponde al descriptor; para el nivel 4 faltaría un ejemplo más completo.,suficiente,2026-04-15T06:22:00,RV-VAC-0103-1,CV-VAC-0103-1,synthetic,SYN-016367
ASM-03113,SES-01438,APP-00814,CRI-0488,EV-S1-04,4,20,[SINTÉTICO] Nivel 4: la evidencia registrada corresponde al descriptor; para el nivel 4 faltaría un ejemplo más completo.,suficiente,2026-04-15T06:22:00,RV-VAC-0103-1,CV-VAC-0103-1,synthetic,SYN-016369
ASM-03114,SES-01438,APP-00814,CRI-0489,EV-S1-04,4,20,[SINTÉTICO] Nivel 4: la evidencia registrada corresponde al descriptor; para el nivel 4 faltaría un ejemplo más completo.,suficiente,2026-04-15T06:22:00,RV-VAC-0103-1,CV-VAC-0103-1,synthetic,SYN-016371
ASM-03115,SES-01439,APP-00814,CRI-0490,EV-S1-03,4,20,[SINTÉTICO] Nivel 4: la evidencia registrada corresponde al descriptor; para el nivel 4 faltaría un ejemplo más completo.,suficiente,2026-04-29T22:00:00,RV-VAC-0103-1,CV-VAC-0103-1,synthetic,SYN-016375
ASM-03116,SES-01439,APP-00814,CRI-0491,EV-S1-03,4,20,[SINTÉTICO] Nivel 4: la evidencia registrada corresponde al descriptor; para el nivel 4 faltaría un ejemplo más completo.,suficiente,2026-04-29T22:00:00,RV-VAC-0103-1,CV-VAC-0103-1,synthetic,SYN-016379
ASM-03117,SES-01439,APP-00814,CRI-0492,EV-S1-03,4,20,[SINTÉTICO] Nivel 4: la evidencia registrada corresponde al descriptor; para el nivel 4 faltaría un ejemplo más completo.,parcial,2026-04-29T22:00:00,RV-VAC-0103-1,CV-VAC-0103-1,synthetic,SYN-016382
ASM-03118,SES-01440,APP-00815,CRI-0487,EV-S1-02,1,5,[SINTÉTICO] Nivel 1: la evidencia registrada corresponde al descriptor; para el nivel 2 faltaría un ejemplo más completo.,parcial,2026-04-22T07:04:00,RV-VAC-0103-1,CV-VAC-0103-1,synthetic,SYN-016386
ASM-03119,SES-01440,APP-00815,CRI-0488,EV-S1-02,1,5,[SINTÉTICO] Nivel 1: la evidencia registrada corresponde al descriptor; para el nivel 2 faltaría un ejemplo más completo.,suficiente,2026-04-22T07:04:00,RV-VAC-0103-1,CV-VAC-0103-1,synthetic,SYN-016389
ASM-03120,SES-01440,APP-00815,CRI-0489,EV-S1-02,1,5,[SINTÉTICO] Nivel 1: la evidencia registrada corresponde al descriptor; para el nivel 2 faltaría un ejemplo más completo.,suficiente,2026-04-22T07:04:00,RV-VAC-0103-1,CV-VAC-0103-1,synthetic,SYN-016391
ASM-03121,SES-01441,APP-00815,CRI-0490,EV-S1-01,1,5,[SINTÉTICO] Nivel 1: la evidencia registrada corresponde al descriptor; para el nivel 2 faltaría un ejemplo más completo.,suficiente,2026-04-29T18:00:00,RV-VAC-0103-1,CV-VAC-0103-1,synthetic,SYN-016395
ASM-03122,SES-01441,APP-00815,CRI-0491,EV-S1-01,1,5,[SINTÉTICO] Nivel 1: la evidencia registrada corresponde al descriptor; para el nivel 2 faltaría un ejemplo más completo.,parcial,2026-04-29T18:00:00,RV-VAC-0103-1,CV-VAC-0103-1,synthetic,SYN-016397
ASM-03123,SES-01441,APP-00815,CRI-0492,EV-S1-01,1,5,[SINTÉTICO] Nivel 1: la evidencia registrada corresponde al descriptor; para el nivel 2 faltaría un ejemplo más completo.,parcial,2026-04-29T18:00:00,RV-VAC-0103-1,CV-VAC-0103-1,synthetic,SYN-016400
ASM-03124,SES-01442,APP-00816,CRI-0487,EV-S1-04,2,10,[SINTÉTICO] Nivel 2: la evidencia registrada corresponde al descriptor; para el nivel 3 faltaría un ejemplo más completo.,suficiente,2026-04-15T16:47:00,RV-VAC-0103-1,CV-VAC-0103-1,synthetic,SYN-016404
ASM-03125,SES-01442,APP-00816,CRI-0488,EV-S1-04,2,10,[SINTÉTICO] Nivel 2: la evidencia registrada corresponde al descriptor; para el nivel 3 faltaría un ejemplo más completo.,parcial,2026-04-15T16:47:00,RV-VAC-0103-1,CV-VAC-0103-1,synthetic,SYN-016407
ASM-03126,SES-01442,APP-00816,CRI-0489,EV-S1-04,2,10,[SINTÉTICO] Nivel 2: la evidencia registrada corresponde al descriptor; para el nivel 3 faltaría un ejemplo más completo.,suficiente,2026-04-15T16:47:00,RV-VAC-0103-1,CV-VAC-0103-1,synthetic,SYN-016411
ASM-03127,SES-01443,APP-00817,CRI-0487,EV-S1-02,2,10,[SINTÉTICO] Nivel 2: la evidencia registrada corresponde al descriptor; para el nivel 3 faltaría un ejemplo más completo.,suficiente,2026-04-29T18:37:00,RV-VAC-0103-1,CV-VAC-0103-1,synthetic,SYN-016416
ASM-03128,SES-01443,APP-00817,CRI-0488,EV-S1-02,2,10,[SINTÉTICO] Nivel 2: la evidencia registrada corresponde al descriptor; para el nivel 3 faltaría un ejemplo más completo.,suficiente,2026-04-29T18:37:00,RV-VAC-0103-1,CV-VAC-0103-1,synthetic,SYN-016419
ASM-03129,SES-01443,APP-00817,CRI-0489,EV-S1-02,2,10,[SINTÉTICO] Nivel 2: la evidencia registrada corresponde al descriptor; para el nivel 3 faltaría un ejemplo más completo.,suficiente,2026-04-29T18:37:00,RV-VAC-0103-1,CV-VAC-0103-1,synthetic,SYN-016421
ASM-03130,SES-01444,APP-00817,CRI-0490,EV-S1-02,1,5,[SINTÉTICO] Nivel 1: la evidencia registrada corresponde al descriptor; para el nivel 2 faltaría un ejemplo más completo.,suficiente,2026-05-04T17:00:00,RV-VAC-0103-1,CV-VAC-0103-1,synthetic,SYN-016426
ASM-03131,SES-01444,APP-00817,CRI-0491,EV-S1-02,2,10,[SINTÉTICO] Nivel 2: la evidencia registrada corresponde al descriptor; para el nivel 3 faltaría un ejemplo más completo.,parcial,2026-05-04T17:00:00,RV-VAC-0103-1,CV-VAC-0103-1,synthetic,SYN-016429
ASM-03132,SES-01444,APP-00817,CRI-0492,EV-S1-02,2,10,[SINTÉTICO] Nivel 2: la evidencia registrada corresponde al descriptor; para el nivel 3 faltaría un ejemplo más completo.,suficiente,2026-05-04T17:00:00,RV-VAC-0103-1,CV-VAC-0103-1,synthetic,SYN-016433
ASM-03133,SES-01445,APP-00819,CRI-0493,EV-S2-01,4,20,[SINTÉTICO] Nivel 4: la evidencia registrada corresponde al descriptor; para el nivel 4 faltaría un ejemplo más completo.,parcial,2026-03-20T03:30:00,RV-VAC-0104-1,CV-VAC-0104-1,synthetic,SYN-016437
ASM-03134,SES-01445,APP-00819,CRI-0494,EV-S2-01,3,15,[SINTÉTICO] Nivel 3: la evidencia registrada corresponde al descriptor; para el nivel 4 faltaría un ejemplo más completo.,suficiente,2026-03-20T03:30:00,RV-VAC-0104-1,CV-VAC-0104-1,synthetic,SYN-016440
ASM-03135,SES-01446,APP-00820,CRI-0493,EV-S2-02,2,10,[SINTÉTICO] Nivel 2: la evidencia registrada corresponde al descriptor; para el nivel 3 faltaría un ejemplo más completo.,suficiente,2026-03-22T05:10:00,RV-VAC-0104-1,CV-VAC-0104-1,synthetic,SYN-016444
ASM-03136,SES-01446,APP-00820,CRI-0494,EV-S2-02,2,10,[SINTÉTICO] Nivel 2: la evidencia registrada corresponde al descriptor; para el nivel 3 faltaría un ejemplo más completo.,suficiente,2026-03-22T05:10:00,RV-VAC-0104-1,CV-VAC-0104-1,synthetic,SYN-016448
ASM-03137,SES-01447,APP-00820,CRI-0495,EV-S2-03,2,10,[SINTÉTICO] Nivel 2: la evidencia registrada corresponde al descriptor; para el nivel 3 faltaría un ejemplo más completo.,suficiente,2026-03-23T22:00:00,RV-VAC-0104-1,CV-VAC-0104-1,synthetic,SYN-016451
ASM-03138,SES-01447,APP-00820,CRI-0496,EV-S2-03,2,10,[SINTÉTICO] Nivel 2: la evidencia registrada corresponde al descriptor; para el nivel 3 faltaría un ejemplo más completo.,suficiente,2026-03-23T22:00:00,RV-VAC-0104-1,CV-VAC-0104-1,synthetic,SYN-016454
ASM-03139,SES-01448,APP-00821,CRI-0493,EV-S2-01,2,10,[SINTÉTICO] Nivel 2: la evidencia registrada corresponde al descriptor; para el nivel 3 faltaría un ejemplo más completo.,parcial,2026-03-15T21:41:00,RV-VAC-0104-1,CV-VAC-0104-1,synthetic,SYN-016458
ASM-03140,SES-01448,APP-00821,CRI-0494,EV-S2-01,3,15,[SINTÉTICO] Nivel 3: la evidencia registrada corresponde al descriptor; para el nivel 4 faltaría un ejemplo más completo.,suficiente,2026-03-15T21:41:00,RV-VAC-0104-1,CV-VAC-0104-1,synthetic,SYN-016461
ASM-03141,SES-01449,APP-00822,CRI-0493,EV-S2-01,4,20,[SINTÉTICO] Nivel 4: la evidencia registrada corresponde al descriptor; para el nivel 4 faltaría un ejemplo más completo.,suficiente,2026-03-22T20:29:00,RV-VAC-0104-1,CV-VAC-0104-1,synthetic,SYN-016465
ASM-03142,SES-01449,APP-00822,CRI-0494,EV-S2-01,3,15,[SINTÉTICO] Nivel 3: la evidencia registrada corresponde al descriptor; para el nivel 4 faltaría un ejemplo más completo.,suficiente,2026-03-22T20:29:00,RV-VAC-0104-1,CV-VAC-0104-1,synthetic,SYN-016469
ASM-03143,SES-01450,APP-00822,CRI-0495,EV-S2-02,3,15,[SINTÉTICO] Nivel 3: la evidencia registrada corresponde al descriptor; para el nivel 4 faltaría un ejemplo más completo.,parcial,2026-03-13T17:00:00,RV-VAC-0104-1,CV-VAC-0104-1,synthetic,SYN-016472
ASM-03144,SES-01450,APP-00822,CRI-0496,EV-S2-02,3,15,[SINTÉTICO] Nivel 3: la evidencia registrada corresponde al descriptor; para el nivel 4 faltaría un ejemplo más completo.,suficiente,2026-03-13T17:00:00,RV-VAC-0104-1,CV-VAC-0104-1,synthetic,SYN-016475
ASM-03145,SES-01451,APP-00823,CRI-0493,EV-S2-02,4,20,[SINTÉTICO] Nivel 4: la evidencia registrada corresponde al descriptor; para el nivel 4 faltaría un ejemplo más completo.,suficiente,2026-03-11T15:51:00,RV-VAC-0104-1,CV-VAC-0104-1,synthetic,SYN-016480
ASM-03146,SES-01451,APP-00823,CRI-0494,EV-S2-02,4,20,[SINTÉTICO] Nivel 4: la evidencia registrada corresponde al descriptor; para el nivel 4 faltaría un ejemplo más completo.,parcial,2026-03-11T15:51:00,RV-VAC-0104-1,CV-VAC-0104-1,synthetic,SYN-016483
ASM-03147,SES-01452,APP-00823,CRI-0495,EV-S2-01,4,20,[SINTÉTICO] Nivel 4: la evidencia registrada corresponde al descriptor; para el nivel 4 faltaría un ejemplo más completo.,parcial,2026-03-18T18:00:00,RV-VAC-0104-1,CV-VAC-0104-1,synthetic,SYN-016488
ASM-03148,SES-01452,APP-00823,CRI-0496,EV-S2-01,4,20,[SINTÉTICO] Nivel 4: la evidencia registrada corresponde al descriptor; para el nivel 4 faltaría un ejemplo más completo.,suficiente,2026-03-18T18:00:00,RV-VAC-0104-1,CV-VAC-0104-1,synthetic,SYN-016490
ASM-03149,SES-01453,APP-00824,CRI-0493,EV-S2-03,4,20,[SINTÉTICO] Nivel 4: la evidencia registrada corresponde al descriptor; para el nivel 4 faltaría un ejemplo más completo.,parcial,2026-03-12T05:00:00,RV-VAC-0104-1,CV-VAC-0104-1,synthetic,SYN-016493
ASM-03150,SES-01453,APP-00824,CRI-0494,EV-S2-03,3,15,[SINTÉTICO] Nivel 3: la evidencia registrada corresponde al descriptor; para el nivel 4 faltaría un ejemplo más completo.,suficiente,2026-03-12T05:00:00,RV-VAC-0104-1,CV-VAC-0104-1,synthetic,SYN-016496
ASM-03151,SES-01454,APP-00824,CRI-0495,EV-S2-02,3,15,[SINTÉTICO] Nivel 3: la evidencia registrada corresponde al descriptor; para el nivel 4 faltaría un ejemplo más completo.,suficiente,2026-03-22T15:00:00,RV-VAC-0104-1,CV-VAC-0104-1,synthetic,SYN-016501
ASM-03152,SES-01454,APP-00824,CRI-0496,EV-S2-02,2,10,[SINTÉTICO] Nivel 2: la evidencia registrada corresponde al descriptor; para el nivel 3 faltaría un ejemplo más completo.,suficiente,2026-03-22T15:00:00,RV-VAC-0104-1,CV-VAC-0104-1,synthetic,SYN-016505
ASM-03153,SES-01455,APP-00825,CRI-0493,EV-S2-03,1,5,[SINTÉTICO] Nivel 1: la evidencia registrada corresponde al descriptor; para el nivel 2 faltaría un ejemplo más completo.,suficiente,2026-03-18T06:08:00,RV-VAC-0104-1,CV-VAC-0104-1,synthetic,SYN-016509
ASM-03154,SES-01455,APP-00825,CRI-0494,EV-S2-03,2,10,[SINTÉTICO] Nivel 2: la evidencia registrada corresponde al descriptor; para el nivel 3 faltaría un ejemplo más completo.,parcial,2026-03-18T06:08:00,RV-VAC-0104-1,CV-VAC-0104-1,synthetic,SYN-016512
ASM-03155,SES-01456,APP-00825,CRI-0495,EV-S2-04,1,5,[SINTÉTICO] Nivel 1: la evidencia registrada corresponde al descriptor; para el nivel 2 faltaría un ejemplo más completo.,suficiente,2026-03-22T17:00:00,RV-VAC-0104-1,CV-VAC-0104-1,synthetic,SYN-016517
ASM-03156,SES-01456,APP-00825,CRI-0496,EV-S2-04,1,5,[SINTÉTICO] Nivel 1: la evidencia registrada corresponde al descriptor; para el nivel 2 faltaría un ejemplo más completo.,suficiente,2026-03-22T17:00:00,RV-VAC-0104-1,CV-VAC-0104-1,synthetic,SYN-016521
ASM-03157,SES-01457,APP-00826,CRI-0497,EV-S3-02,1,5,[SINTÉTICO] Nivel 1: la evidencia registrada corresponde al descriptor; para el nivel 2 faltaría un ejemplo más completo.,suficiente,2026-06-19T09:14:00,RV-VAC-0105-1,CV-VAC-0105-1,synthetic,SYN-016524
ASM-03158,SES-01457,APP-00826,CRI-0498,EV-S3-02,1,5,[SINTÉTICO] Nivel 1: la evidencia registrada corresponde al descriptor; para el nivel 2 faltaría un ejemplo más completo.,suficiente,2026-06-19T09:14:00,RV-VAC-0105-1,CV-VAC-0105-1,synthetic,SYN-016527
ASM-03159,SES-01459,APP-00827,CRI-0499,EV-S3-03,4,20,[SINTÉTICO] Nivel 4: la evidencia registrada corresponde al descriptor; para el nivel 4 faltaría un ejemplo más completo.,suficiente,2026-06-23T15:00:00,RV-VAC-0105-1,CV-VAC-0105-1,synthetic,SYN-016532
ASM-03160,SES-01459,APP-00827,CRI-0500,EV-S3-03,4,20,[SINTÉTICO] Nivel 4: la evidencia registrada corresponde al descriptor; para el nivel 4 faltaría un ejemplo más completo.,suficiente,2026-06-23T15:00:00,RV-VAC-0105-1,CV-VAC-0105-1,synthetic,SYN-016535
ASM-03161,SES-01460,APP-00828,CRI-0497,EV-S3-03,1,5,[SINTÉTICO] Nivel 1: la evidencia registrada corresponde al descriptor; para el nivel 2 faltaría un ejemplo más completo.,suficiente,2026-06-17T13:42:00,RV-VAC-0105-1,CV-VAC-0105-1,synthetic,SYN-016540
ASM-03162,SES-01460,APP-00828,CRI-0498,EV-S3-03,1,5,[SINTÉTICO] Nivel 1: la evidencia registrada corresponde al descriptor; para el nivel 2 faltaría un ejemplo más completo.,parcial,2026-06-17T13:42:00,RV-VAC-0105-1,CV-VAC-0105-1,synthetic,SYN-016542
ASM-03163,SES-01461,APP-00828,CRI-0499,EV-S3-02,1,5,[SINTÉTICO] Nivel 1: la evidencia registrada corresponde al descriptor; para el nivel 2 faltaría un ejemplo más completo.,parcial,2026-06-27T18:00:00,RV-VAC-0105-1,CV-VAC-0105-1,synthetic,SYN-016545
ASM-03164,SES-01461,APP-00828,CRI-0500,EV-S3-02,1,5,[SINTÉTICO] Nivel 1: la evidencia registrada corresponde al descriptor; para el nivel 2 faltaría un ejemplo más completo.,suficiente,2026-06-27T18:00:00,RV-VAC-0105-1,CV-VAC-0105-1,synthetic,SYN-016548
ASM-03165,SES-01462,APP-00829,CRI-0497,EV-S3-03,1,5,[SINTÉTICO] Nivel 1: la evidencia registrada corresponde al descriptor; para el nivel 2 faltaría un ejemplo más completo.,suficiente,2026-06-25T10:49:00,RV-VAC-0105-1,CV-VAC-0105-1,synthetic,SYN-016553
ASM-03166,SES-01462,APP-00829,CRI-0498,EV-S3-03,2,10,[SINTÉTICO] Nivel 2: la evidencia registrada corresponde al descriptor; para el nivel 3 faltaría un ejemplo más completo.,suficiente,2026-06-25T10:49:00,RV-VAC-0105-1,CV-VAC-0105-1,synthetic,SYN-016557
ASM-03167,SES-01463,APP-00829,CRI-0499,EV-S3-02,1,5,[SINTÉTICO] Nivel 1: la evidencia registrada corresponde al descriptor; para el nivel 2 faltaría un ejemplo más completo.,insuficiente,2026-06-25T02:00:00,RV-VAC-0105-1,CV-VAC-0105-1,synthetic,SYN-016561
ASM-03168,SES-01463,APP-00829,CRI-0500,EV-S3-02,1,5,[SINTÉTICO] Nivel 1: la evidencia registrada corresponde al descriptor; para el nivel 2 faltaría un ejemplo más completo.,parcial,2026-06-25T02:00:00,RV-VAC-0105-1,CV-VAC-0105-1,synthetic,SYN-016562
ASM-03169,SES-01464,APP-00831,CRI-0501,EV-S1-01,4,20,[SINTÉTICO] Nivel 4: la evidencia registrada corresponde al descriptor; para el nivel 4 faltaría un ejemplo más completo.,parcial,2026-04-20T20:24:00,RV-VAC-0106-1,CV-VAC-0106-1,synthetic,SYN-016565
ASM-03170,SES-01464,APP-00831,CRI-0502,EV-S1-01,4,20,[SINTÉTICO] Nivel 4: la evidencia registrada corresponde al descriptor; para el nivel 4 faltaría un ejemplo más completo.,insuficiente,2026-04-20T20:24:00,RV-VAC-0106-1,CV-VAC-0106-1,synthetic,SYN-016569
ASM-03171,SES-01465,APP-00831,CRI-0503,EV-S1-03,4,20,[SINTÉTICO] Nivel 4: la evidencia registrada corresponde al descriptor; para el nivel 4 faltaría un ejemplo más completo.,suficiente,2026-04-19T10:00:00,RV-VAC-0106-1,CV-VAC-0106-1,synthetic,SYN-016571
ASM-03172,SES-01465,APP-00831,CRI-0504,EV-S1-03,4,20,[SINTÉTICO] Nivel 4: la evidencia registrada corresponde al descriptor; para el nivel 4 faltaría un ejemplo más completo.,suficiente,2026-04-19T10:00:00,RV-VAC-0106-1,CV-VAC-0106-1,synthetic,SYN-016575
ASM-03173,SES-01466,APP-00832,CRI-0501,EV-S1-02,4,20,[SINTÉTICO] Nivel 4: la evidencia registrada corresponde al descriptor; para el nivel 4 faltaría un ejemplo más completo.,parcial,2026-04-17T22:46:00,RV-VAC-0106-1,CV-VAC-0106-1,synthetic,SYN-016579
ASM-03174,SES-01466,APP-00832,CRI-0502,EV-S1-02,4,20,[SINTÉTICO] Nivel 4: la evidencia registrada corresponde al descriptor; para el nivel 4 faltaría un ejemplo más completo.,parcial,2026-04-17T22:46:00,RV-VAC-0106-1,CV-VAC-0106-1,synthetic,SYN-016581
ASM-03175,SES-01467,APP-00832,CRI-0501,EV-S1-03,4,20,[SINTÉTICO] Nivel 4: la evidencia registrada corresponde al descriptor; para el nivel 4 faltaría un ejemplo más completo.,parcial,2026-04-22T09:46:00,RV-VAC-0106-1,CV-VAC-0106-1,synthetic,SYN-016584
ASM-03176,SES-01467,APP-00832,CRI-0502,EV-S1-03,4,20,[SINTÉTICO] Nivel 4: la evidencia registrada corresponde al descriptor; para el nivel 4 faltaría un ejemplo más completo.,suficiente,2026-04-22T09:46:00,RV-VAC-0106-1,CV-VAC-0106-1,synthetic,SYN-016587
ASM-03177,SES-01468,APP-00832,CRI-0503,EV-S1-04,4,20,[SINTÉTICO] Nivel 4: la evidencia registrada corresponde al descriptor; para el nivel 4 faltaría un ejemplo más completo.,suficiente,2026-04-12T21:00:00,RV-VAC-0106-1,CV-VAC-0106-1,synthetic,SYN-016592
ASM-03178,SES-01468,APP-00832,CRI-0504,EV-S1-04,4,20,[SINTÉTICO] Nivel 4: la evidencia registrada corresponde al descriptor; para el nivel 4 faltaría un ejemplo más completo.,suficiente,2026-04-12T21:00:00,RV-VAC-0106-1,CV-VAC-0106-1,synthetic,SYN-016596
ASM-03179,SES-01469,APP-00833,CRI-0501,EV-S1-04,1,5,[SINTÉTICO] Nivel 1: la evidencia registrada corresponde al descriptor; para el nivel 2 faltaría un ejemplo más completo.,suficiente,2026-04-11T12:00:00,RV-VAC-0106-1,CV-VAC-0106-1,synthetic,SYN-016600
ASM-03180,SES-01469,APP-00833,CRI-0502,EV-S1-04,1,5,[SINTÉTICO] Nivel 1: la evidencia registrada corresponde al descriptor; para el nivel 2 faltaría un ejemplo más completo.,insuficiente,2026-04-11T12:00:00,RV-VAC-0106-1,CV-VAC-0106-1,synthetic,SYN-016603
ASM-03181,SES-01470,APP-00833,CRI-0503,EV-S1-04,1,5,[SINTÉTICO] Nivel 1: la evidencia registrada corresponde al descriptor; para el nivel 2 faltaría un ejemplo más completo.,suficiente,2026-04-25T23:00:00,RV-VAC-0106-1,CV-VAC-0106-1,synthetic,SYN-016605
ASM-03182,SES-01470,APP-00833,CRI-0504,EV-S1-04,1,5,[SINTÉTICO] Nivel 1: la evidencia registrada corresponde al descriptor; para el nivel 2 faltaría un ejemplo más completo.,parcial,2026-04-25T23:00:00,RV-VAC-0106-1,CV-VAC-0106-1,synthetic,SYN-016607
ASM-03183,SES-01471,APP-00834,CRI-0501,EV-S1-01,1,5,[SINTÉTICO] Nivel 1: la evidencia registrada corresponde al descriptor; para el nivel 2 faltaría un ejemplo más completo.,parcial,2026-04-17T05:00:00,RV-VAC-0106-1,CV-VAC-0106-1,synthetic,SYN-016610
ASM-03184,SES-01471,APP-00834,CRI-0502,EV-S1-01,2,10,[SINTÉTICO] Nivel 2: la evidencia registrada corresponde al descriptor; para el nivel 3 faltaría un ejemplo más completo.,suficiente,2026-04-17T05:00:00,RV-VAC-0106-1,CV-VAC-0106-1,synthetic,SYN-016613
ASM-03185,SES-01472,APP-00834,CRI-0503,EV-S1-02,2,10,[SINTÉTICO] Nivel 2: la evidencia registrada corresponde al descriptor; para el nivel 3 faltaría un ejemplo más completo.,insuficiente,2026-04-25T13:00:00,RV-VAC-0106-1,CV-VAC-0106-1,synthetic,SYN-016617
ASM-03186,SES-01472,APP-00834,CRI-0504,EV-S1-02,2,10,[SINTÉTICO] Nivel 2: la evidencia registrada corresponde al descriptor; para el nivel 3 faltaría un ejemplo más completo.,suficiente,2026-04-25T13:00:00,RV-VAC-0106-1,CV-VAC-0106-1,synthetic,SYN-016618
ASM-03187,SES-01473,APP-00835,CRI-0501,EV-S1-04,1,5,[SINTÉTICO] Nivel 1: la evidencia registrada corresponde al descriptor; para el nivel 2 faltaría un ejemplo más completo.,suficiente,2026-04-19T10:00:00,RV-VAC-0106-1,CV-VAC-0106-1,synthetic,SYN-016621
ASM-03188,SES-01473,APP-00835,CRI-0502,EV-S1-04,2,10,[SINTÉTICO] Nivel 2: la evidencia registrada corresponde al descriptor; para el nivel 3 faltaría un ejemplo más completo.,suficiente,2026-04-19T10:00:00,RV-VAC-0106-1,CV-VAC-0106-1,synthetic,SYN-016625
ASM-03189,SES-01474,APP-00835,CRI-0501,EV-S1-01,1,5,[SINTÉTICO] Nivel 1: la evidencia registrada corresponde al descriptor; para el nivel 2 faltaría un ejemplo más completo.,suficiente,2026-04-16T03:44:00,RV-VAC-0106-1,CV-VAC-0106-1,synthetic,SYN-016630
ASM-03190,SES-01474,APP-00835,CRI-0502,EV-S1-01,2,10,[SINTÉTICO] Nivel 2: la evidencia registrada corresponde al descriptor; para el nivel 3 faltaría un ejemplo más completo.,parcial,2026-04-16T03:44:00,RV-VAC-0106-1,CV-VAC-0106-1,synthetic,SYN-016632
ASM-03191,SES-01475,APP-00835,CRI-0503,EV-S1-04,2,10,[SINTÉTICO] Nivel 2: la evidencia registrada corresponde al descriptor; para el nivel 3 faltaría un ejemplo más completo.,suficiente,2026-04-19T17:00:00,RV-VAC-0106-1,CV-VAC-0106-1,synthetic,SYN-016636
ASM-03192,SES-01475,APP-00835,CRI-0504,EV-S1-04,1,5,[SINTÉTICO] Nivel 1: la evidencia registrada corresponde al descriptor; para el nivel 2 faltaría un ejemplo más completo.,parcial,2026-04-19T17:00:00,RV-VAC-0106-1,CV-VAC-0106-1,synthetic,SYN-016640
ASM-03193,SES-01477,APP-00836,CRI-0503,EV-S1-04,2,10,[SINTÉTICO] Nivel 2: la evidencia registrada corresponde al descriptor; para el nivel 3 faltaría un ejemplo más completo.,insuficiente,2026-04-16T01:00:00,RV-VAC-0106-1,CV-VAC-0106-1,synthetic,SYN-016644
ASM-03194,SES-01477,APP-00836,CRI-0504,EV-S1-04,2,10,[SINTÉTICO] Nivel 2: la evidencia registrada corresponde al descriptor; para el nivel 3 faltaría un ejemplo más completo.,parcial,2026-04-16T01:00:00,RV-VAC-0106-1,CV-VAC-0106-1,synthetic,SYN-016645
ASM-03195,SES-01479,APP-00838,CRI-0501,EV-S1-02,3,15,[SINTÉTICO] Nivel 3: la evidencia registrada corresponde al descriptor; para el nivel 4 faltaría un ejemplo más completo.,parcial,2026-04-13T06:38:00,RV-VAC-0106-1,CV-VAC-0106-1,synthetic,SYN-016650
ASM-03196,SES-01479,APP-00838,CRI-0502,EV-S1-02,4,20,[SINTÉTICO] Nivel 4: la evidencia registrada corresponde al descriptor; para el nivel 4 faltaría un ejemplo más completo.,suficiente,2026-04-13T06:38:00,RV-VAC-0106-1,CV-VAC-0106-1,synthetic,SYN-016652
ASM-03197,SES-01480,APP-00838,CRI-0503,EV-S1-03,3,15,[SINTÉTICO] Nivel 3: la evidencia registrada corresponde al descriptor; para el nivel 4 faltaría un ejemplo más completo.,suficiente,2026-04-20T16:00:00,RV-VAC-0106-1,CV-VAC-0106-1,synthetic,SYN-016655
ASM-03198,SES-01480,APP-00838,CRI-0504,EV-S1-03,3,15,[SINTÉTICO] Nivel 3: la evidencia registrada corresponde al descriptor; para el nivel 4 faltaría un ejemplo más completo.,suficiente,2026-04-20T16:00:00,RV-VAC-0106-1,CV-VAC-0106-1,synthetic,SYN-016658
ASM-03199,SES-01481,APP-00839,CRI-0501,EV-S1-02,2,10,[SINTÉTICO] Nivel 2: la evidencia registrada corresponde al descriptor; para el nivel 3 faltaría un ejemplo más completo.,parcial,2026-04-13T14:18:00,RV-VAC-0106-1,CV-VAC-0106-1,synthetic,SYN-016662
ASM-03200,SES-01481,APP-00839,CRI-0502,EV-S1-02,3,15,[SINTÉTICO] Nivel 3: la evidencia registrada corresponde al descriptor; para el nivel 4 faltaría un ejemplo más completo.,suficiente,2026-04-13T14:18:00,RV-VAC-0106-1,CV-VAC-0106-1,synthetic,SYN-016665
ASM-03201,SES-01483,APP-00839,CRI-0503,EV-S1-01,3,15,[SINTÉTICO] Nivel 3: la evidencia registrada corresponde al descriptor; para el nivel 4 faltaría un ejemplo más completo.,suficiente,2026-04-26T14:00:00,RV-VAC-0106-1,CV-VAC-0106-1,synthetic,SYN-016671
ASM-03202,SES-01483,APP-00839,CRI-0504,EV-S1-01,3,15,[SINTÉTICO] Nivel 3: la evidencia registrada corresponde al descriptor; para el nivel 4 faltaría un ejemplo más completo.,suficiente,2026-04-26T14:00:00,RV-VAC-0106-1,CV-VAC-0106-1,synthetic,SYN-016675
ASM-03203,SES-01484,APP-00840,CRI-0501,EV-S1-02,1,5,[SINTÉTICO] Nivel 1: la evidencia registrada corresponde al descriptor; para el nivel 2 faltaría un ejemplo más completo.,parcial,2026-04-06T02:00:00,RV-VAC-0106-1,CV-VAC-0106-1,synthetic,SYN-016680
ASM-03204,SES-01484,APP-00840,CRI-0502,EV-S1-02,1,5,[SINTÉTICO] Nivel 1: la evidencia registrada corresponde al descriptor; para el nivel 2 faltaría un ejemplo más completo.,suficiente,2026-04-06T02:00:00,RV-VAC-0106-1,CV-VAC-0106-1,synthetic,SYN-016683
ASM-03205,SES-01485,APP-00841,CRI-0501,EV-S1-01,3,15,[SINTÉTICO] Nivel 3: la evidencia registrada corresponde al descriptor; para el nivel 4 faltaría un ejemplo más completo.,parcial,2026-04-24T12:09:00,RV-VAC-0106-1,CV-VAC-0106-1,synthetic,SYN-016687
ASM-03206,SES-01485,APP-00841,CRI-0502,EV-S1-01,4,20,[SINTÉTICO] Nivel 4: la evidencia registrada corresponde al descriptor; para el nivel 4 faltaría un ejemplo más completo.,suficiente,2026-04-24T12:09:00,RV-VAC-0106-1,CV-VAC-0106-1,synthetic,SYN-016689
ASM-03207,SES-01486,APP-00842,CRI-0501,EV-S1-02,3,15,[SINTÉTICO] Nivel 3: la evidencia registrada corresponde al descriptor; para el nivel 4 faltaría un ejemplo más completo.,suficiente,2026-04-21T03:38:00,RV-VAC-0106-1,CV-VAC-0106-1,synthetic,SYN-016693
ASM-03208,SES-01486,APP-00842,CRI-0502,EV-S1-02,3,15,[SINTÉTICO] Nivel 3: la evidencia registrada corresponde al descriptor; para el nivel 4 faltaría un ejemplo más completo.,suficiente,2026-04-21T03:38:00,RV-VAC-0106-1,CV-VAC-0106-1,synthetic,SYN-016695
ASM-03209,SES-01488,APP-00843,CRI-0501,EV-S1-04,2,10,[SINTÉTICO] Nivel 2: la evidencia registrada corresponde al descriptor; para el nivel 3 faltaría un ejemplo más completo.,suficiente,2026-04-15T05:44:00,RV-VAC-0106-1,CV-VAC-0106-1,synthetic,SYN-016701
ASM-03210,SES-01488,APP-00843,CRI-0502,EV-S1-04,3,15,[SINTÉTICO] Nivel 3: la evidencia registrada corresponde al descriptor; para el nivel 4 faltaría un ejemplo más completo.,parcial,2026-04-15T05:44:00,RV-VAC-0106-1,CV-VAC-0106-1,synthetic,SYN-016705
ASM-03211,SES-01489,APP-00844,CRI-0501,EV-S1-02,3,15,[SINTÉTICO] Nivel 3: la evidencia registrada corresponde al descriptor; para el nivel 4 faltaría un ejemplo más completo.,suficiente,2026-04-18T22:33:00,RV-VAC-0106-1,CV-VAC-0106-1,synthetic,SYN-016709
ASM-03212,SES-01489,APP-00844,CRI-0502,EV-S1-02,3,15,[SINTÉTICO] Nivel 3: la evidencia registrada corresponde al descriptor; para el nivel 4 faltaría un ejemplo más completo.,parcial,2026-04-18T22:33:00,RV-VAC-0106-1,CV-VAC-0106-1,synthetic,SYN-016712
ASM-03213,SES-01490,APP-00844,CRI-0501,EV-S1-04,1,5,[SINTÉTICO] Nivel 1: la evidencia registrada corresponde al descriptor; para el nivel 2 faltaría un ejemplo más completo.,parcial,2026-04-14T20:33:00,RV-VAC-0106-1,CV-VAC-0106-1,synthetic,SYN-016717
ASM-03214,SES-01490,APP-00844,CRI-0502,EV-S1-04,3,15,[SINTÉTICO] Nivel 3: la evidencia registrada corresponde al descriptor; para el nivel 4 faltaría un ejemplo más completo.,suficiente,2026-04-14T20:33:00,RV-VAC-0106-1,CV-VAC-0106-1,synthetic,SYN-016720
ASM-03215,SES-01492,APP-00845,CRI-0507,EV-S2-04,4,20,[SINTÉTICO] Nivel 4: la evidencia registrada corresponde al descriptor; para el nivel 4 faltaría un ejemplo más completo.,suficiente,2026-05-25T17:00:00,RV-VAC-0107-1,CV-VAC-0107-1,synthetic,SYN-016727
ASM-03216,SES-01492,APP-00845,CRI-0508,EV-S2-04,4,20,[SINTÉTICO] Nivel 4: la evidencia registrada corresponde al descriptor; para el nivel 4 faltaría un ejemplo más completo.,parcial,2026-05-25T17:00:00,RV-VAC-0107-1,CV-VAC-0107-1,synthetic,SYN-016729
ASM-03217,SES-01493,APP-00846,CRI-0505,EV-S2-03,4,20,[SINTÉTICO] Nivel 4: la evidencia registrada corresponde al descriptor; para el nivel 4 faltaría un ejemplo más completo.,parcial,2026-05-13T10:35:00,RV-VAC-0107-1,CV-VAC-0107-1,synthetic,SYN-016732
ASM-03218,SES-01493,APP-00846,CRI-0506,EV-S2-03,4,20,[SINTÉTICO] Nivel 4: la evidencia registrada corresponde al descriptor; para el nivel 4 faltaría un ejemplo más completo.,suficiente,2026-05-13T10:35:00,RV-VAC-0107-1,CV-VAC-0107-1,synthetic,SYN-016735
ASM-03219,SES-01494,APP-00846,CRI-0507,EV-S2-04,4,20,[SINTÉTICO] Nivel 4: la evidencia registrada corresponde al descriptor; para el nivel 4 faltaría un ejemplo más completo.,suficiente,2026-05-29T17:00:00,RV-VAC-0107-1,CV-VAC-0107-1,synthetic,SYN-016740
ASM-03220,SES-01494,APP-00846,CRI-0508,EV-S2-04,4,20,[SINTÉTICO] Nivel 4: la evidencia registrada corresponde al descriptor; para el nivel 4 faltaría un ejemplo más completo.,suficiente,2026-05-29T17:00:00,RV-VAC-0107-1,CV-VAC-0107-1,synthetic,SYN-016743
ASM-03221,SES-01495,APP-00847,CRI-0509,EV-S3-01,1,5,[SINTÉTICO] Nivel 1: la evidencia registrada corresponde al descriptor; para el nivel 2 faltaría un ejemplo más completo.,suficiente,2026-08-09T13:31:00,RV-VAC-0108-1,CV-VAC-0108-1,synthetic,SYN-016747
ASM-03222,SES-01495,APP-00847,CRI-0510,EV-S3-01,1,5,[SINTÉTICO] Nivel 1: la evidencia registrada corresponde al descriptor; para el nivel 2 faltaría un ejemplo más completo.,insuficiente,2026-08-09T13:31:00,RV-VAC-0108-1,CV-VAC-0108-1,synthetic,SYN-016750
ASM-03223,SES-01496,APP-00847,CRI-0511,EV-S3-03,2,10,[SINTÉTICO] Nivel 2: la evidencia registrada corresponde al descriptor; para el nivel 3 faltaría un ejemplo más completo.,suficiente,2026-08-28T18:00:00,RV-VAC-0108-1,CV-VAC-0108-1,synthetic,SYN-016752
ASM-03224,SES-01496,APP-00847,CRI-0512,EV-S3-03,1,5,[SINTÉTICO] Nivel 1: la evidencia registrada corresponde al descriptor; para el nivel 2 faltaría un ejemplo más completo.,suficiente,2026-08-28T18:00:00,RV-VAC-0108-1,CV-VAC-0108-1,synthetic,SYN-016755
ASM-03225,SES-01497,APP-00848,CRI-0509,EV-S3-02,2,10,[SINTÉTICO] Nivel 2: la evidencia registrada corresponde al descriptor; para el nivel 3 faltaría un ejemplo más completo.,suficiente,2026-08-26T04:51:00,RV-VAC-0108-1,CV-VAC-0108-1,synthetic,SYN-016759
ASM-03226,SES-01497,APP-00848,CRI-0510,EV-S3-02,3,15,[SINTÉTICO] Nivel 3: la evidencia registrada corresponde al descriptor; para el nivel 4 faltaría un ejemplo más completo.,parcial,2026-08-26T04:51:00,RV-VAC-0108-1,CV-VAC-0108-1,synthetic,SYN-016762
ASM-03227,SES-01498,APP-00848,CRI-0511,EV-S3-01,2,10,[SINTÉTICO] Nivel 2: la evidencia registrada corresponde al descriptor; para el nivel 3 faltaría un ejemplo más completo.,parcial,2026-08-24T03:00:00,RV-VAC-0108-1,CV-VAC-0108-1,synthetic,SYN-016765
ASM-03228,SES-01498,APP-00848,CRI-0512,EV-S3-01,1,5,[SINTÉTICO] Nivel 1: la evidencia registrada corresponde al descriptor; para el nivel 2 faltaría un ejemplo más completo.,suficiente,2026-08-24T03:00:00,RV-VAC-0108-1,CV-VAC-0108-1,synthetic,SYN-016767
ASM-03229,SES-01499,APP-00849,CRI-0513,EV-S1-03,2,10,[SINTÉTICO] Nivel 2: la evidencia registrada corresponde al descriptor; para el nivel 3 faltaría un ejemplo más completo.,suficiente,2026-08-18T06:34:00,RV-VAC-0109-1,CV-VAC-0109-1,synthetic,SYN-016770
ASM-03230,SES-01499,APP-00849,CRI-0514,EV-S1-03,2,10,[SINTÉTICO] Nivel 2: la evidencia registrada corresponde al descriptor; para el nivel 3 faltaría un ejemplo más completo.,suficiente,2026-08-18T06:34:00,RV-VAC-0109-1,CV-VAC-0109-1,synthetic,SYN-016773
ASM-03231,SES-01499,APP-00849,CRI-0515,EV-S1-03,2,10,[SINTÉTICO] Nivel 2: la evidencia registrada corresponde al descriptor; para el nivel 3 faltaría un ejemplo más completo.,parcial,2026-08-18T06:34:00,RV-VAC-0109-1,CV-VAC-0109-1,synthetic,SYN-016776
ASM-03232,SES-01500,APP-00849,CRI-0516,EV-S1-04,2,10,[SINTÉTICO] Nivel 2: la evidencia registrada corresponde al descriptor; para el nivel 3 faltaría un ejemplo más completo.,suficiente,2026-08-19T23:00:00,RV-VAC-0109-1,CV-VAC-0109-1,synthetic,SYN-016779
ASM-03233,SES-01500,APP-00849,CRI-0517,EV-S1-04,2,10,[SINTÉTICO] Nivel 2: la evidencia registrada corresponde al descriptor; para el nivel 3 faltaría un ejemplo más completo.,suficiente,2026-08-19T23:00:00,RV-VAC-0109-1,CV-VAC-0109-1,synthetic,SYN-016781
ASM-03234,SES-01501,APP-00850,CRI-0513,EV-S1-03,3,15,[SINTÉTICO] Nivel 3: la evidencia registrada corresponde al descriptor; para el nivel 4 faltaría un ejemplo más completo.,suficiente,2026-08-18T00:38:00,RV-VAC-0109-1,CV-VAC-0109-1,synthetic,SYN-016785
ASM-03235,SES-01501,APP-00850,CRI-0514,EV-S1-03,4,20,[SINTÉTICO] Nivel 4: la evidencia registrada corresponde al descriptor; para el nivel 4 faltaría un ejemplo más completo.,parcial,2026-08-18T00:38:00,RV-VAC-0109-1,CV-VAC-0109-1,synthetic,SYN-016789
ASM-03236,SES-01501,APP-00850,CRI-0515,EV-S1-03,3,15,[SINTÉTICO] Nivel 3: la evidencia registrada corresponde al descriptor; para el nivel 4 faltaría un ejemplo más completo.,parcial,2026-08-18T00:38:00,RV-VAC-0109-1,CV-VAC-0109-1,synthetic,SYN-016792
ASM-03237,SES-01502,APP-00850,CRI-0516,EV-S1-01,3,15,[SINTÉTICO] Nivel 3: la evidencia registrada corresponde al descriptor; para el nivel 4 faltaría un ejemplo más completo.,suficiente,2026-08-25T17:00:00,RV-VAC-0109-1,CV-VAC-0109-1,synthetic,SYN-016796
ASM-03238,SES-01502,APP-00850,CRI-0517,EV-S1-01,4,20,[SINTÉTICO] Nivel 4: la evidencia registrada corresponde al descriptor; para el nivel 4 faltaría un ejemplo más completo.,insuficiente,2026-08-25T17:00:00,RV-VAC-0109-1,CV-VAC-0109-1,synthetic,SYN-016799
ASM-03239,SES-01504,APP-00851,CRI-0513,EV-S1-01,1,5,[SINTÉTICO] Nivel 1: la evidencia registrada corresponde al descriptor; para el nivel 2 faltaría un ejemplo más completo.,suficiente,2026-08-12T01:00:00,RV-VAC-0109-1,CV-VAC-0109-1,synthetic,SYN-016802
ASM-03240,SES-01504,APP-00851,CRI-0514,EV-S1-01,1,5,[SINTÉTICO] Nivel 1: la evidencia registrada corresponde al descriptor; para el nivel 2 faltaría un ejemplo más completo.,parcial,2026-08-12T01:00:00,RV-VAC-0109-1,CV-VAC-0109-1,synthetic,SYN-016805
ASM-03241,SES-01504,APP-00851,CRI-0515,EV-S1-01,1,5,[SINTÉTICO] Nivel 1: la evidencia registrada corresponde al descriptor; para el nivel 2 faltaría un ejemplo más completo.,insuficiente,2026-08-12T01:00:00,RV-VAC-0109-1,CV-VAC-0109-1,synthetic,SYN-016809
ASM-03242,SES-01505,APP-00851,CRI-0516,EV-S1-02,1,5,[SINTÉTICO] Nivel 1: la evidencia registrada corresponde al descriptor; para el nivel 2 faltaría un ejemplo más completo.,suficiente,2026-08-22T22:00:00,RV-VAC-0109-1,CV-VAC-0109-1,synthetic,SYN-016811
ASM-03243,SES-01505,APP-00851,CRI-0517,EV-S1-02,1,5,[SINTÉTICO] Nivel 1: la evidencia registrada corresponde al descriptor; para el nivel 2 faltaría un ejemplo más completo.,parcial,2026-08-22T22:00:00,RV-VAC-0109-1,CV-VAC-0109-1,synthetic,SYN-016815
ASM-03244,SES-01506,APP-00853,CRI-0513,EV-S1-04,4,20,[SINTÉTICO] Nivel 4: la evidencia registrada corresponde al descriptor; para el nivel 4 faltaría un ejemplo más completo.,suficiente,2026-08-18T07:14:00,RV-VAC-0109-1,CV-VAC-0109-1,synthetic,SYN-016820
ASM-03245,SES-01506,APP-00853,CRI-0514,EV-S1-04,4,20,[SINTÉTICO] Nivel 4: la evidencia registrada corresponde al descriptor; para el nivel 4 faltaría un ejemplo más completo.,suficiente,2026-08-18T07:14:00,RV-VAC-0109-1,CV-VAC-0109-1,synthetic,SYN-016822
ASM-03246,SES-01506,APP-00853,CRI-0515,EV-S1-04,4,20,[SINTÉTICO] Nivel 4: la evidencia registrada corresponde al descriptor; para el nivel 4 faltaría un ejemplo más completo.,parcial,2026-08-18T07:14:00,RV-VAC-0109-1,CV-VAC-0109-1,synthetic,SYN-016825
ASM-03247,SES-01508,APP-00854,CRI-0513,EV-S1-03,1,5,[SINTÉTICO] Nivel 1: la evidencia registrada corresponde al descriptor; para el nivel 2 faltaría un ejemplo más completo.,suficiente,2026-08-12T01:49:00,RV-VAC-0109-1,CV-VAC-0109-1,synthetic,SYN-016830
ASM-03248,SES-01508,APP-00854,CRI-0514,EV-S1-03,1,5,[SINTÉTICO] Nivel 1: la evidencia registrada corresponde al descriptor; para el nivel 2 faltaría un ejemplo más completo.,suficiente,2026-08-12T01:49:00,RV-VAC-0109-1,CV-VAC-0109-1,synthetic,SYN-016834
ASM-03249,SES-01508,APP-00854,CRI-0515,EV-S1-03,1,5,[SINTÉTICO] Nivel 1: la evidencia registrada corresponde al descriptor; para el nivel 2 faltaría un ejemplo más completo.,parcial,2026-08-12T01:49:00,RV-VAC-0109-1,CV-VAC-0109-1,synthetic,SYN-016836
ASM-03250,SES-01510,APP-00855,CRI-0513,EV-S1-04,3,15,[SINTÉTICO] Nivel 3: la evidencia registrada corresponde al descriptor; para el nivel 4 faltaría un ejemplo más completo.,suficiente,2026-08-06T18:58:00,RV-VAC-0109-1,CV-VAC-0109-1,synthetic,SYN-016842
ASM-03251,SES-01510,APP-00855,CRI-0514,EV-S1-04,3,15,[SINTÉTICO] Nivel 3: la evidencia registrada corresponde al descriptor; para el nivel 4 faltaría un ejemplo más completo.,suficiente,2026-08-06T18:58:00,RV-VAC-0109-1,CV-VAC-0109-1,synthetic,SYN-016844
ASM-03252,SES-01510,APP-00855,CRI-0515,EV-S1-04,3,15,[SINTÉTICO] Nivel 3: la evidencia registrada corresponde al descriptor; para el nivel 4 faltaría un ejemplo más completo.,suficiente,2026-08-06T18:58:00,RV-VAC-0109-1,CV-VAC-0109-1,synthetic,SYN-016848
ASM-03253,SES-01511,APP-00856,CRI-0518,EV-S2-01,1,5,[SINTÉTICO] Nivel 1: la evidencia registrada corresponde al descriptor; para el nivel 2 faltaría un ejemplo más completo.,parcial,2026-09-17T22:55:00,RV-VAC-0110-1,CV-VAC-0110-1,synthetic,SYN-016853
ASM-03254,SES-01511,APP-00856,CRI-0519,EV-S2-01,1,5,[SINTÉTICO] Nivel 1: la evidencia registrada corresponde al descriptor; para el nivel 2 faltaría un ejemplo más completo.,suficiente,2026-09-17T22:55:00,RV-VAC-0110-1,CV-VAC-0110-1,synthetic,SYN-016856
ASM-03255,SES-01511,APP-00856,CRI-0520,EV-S2-01,1,5,[SINTÉTICO] Nivel 1: la evidencia registrada corresponde al descriptor; para el nivel 2 faltaría un ejemplo más completo.,suficiente,2026-09-17T22:55:00,RV-VAC-0110-1,CV-VAC-0110-1,synthetic,SYN-016859
ASM-03256,SES-01512,APP-00856,CRI-0521,EV-S2-03,1,5,[SINTÉTICO] Nivel 1: la evidencia registrada corresponde al descriptor; para el nivel 2 faltaría un ejemplo más completo.,parcial,2026-09-14T22:00:00,RV-VAC-0110-1,CV-VAC-0110-1,synthetic,SYN-016862
ASM-03257,SES-01512,APP-00856,CRI-0522,EV-S2-03,1,5,[SINTÉTICO] Nivel 1: la evidencia registrada corresponde al descriptor; para el nivel 2 faltaría un ejemplo más completo.,suficiente,2026-09-14T22:00:00,RV-VAC-0110-1,CV-VAC-0110-1,synthetic,SYN-016867
ASM-03258,SES-01513,APP-00859,CRI-0518,EV-S2-04,3,15,[SINTÉTICO] Nivel 3: la evidencia registrada corresponde al descriptor; para el nivel 4 faltaría un ejemplo más completo.,suficiente,2026-09-06T09:39:00,RV-VAC-0110-1,CV-VAC-0110-1,synthetic,SYN-016872
ASM-03259,SES-01513,APP-00859,CRI-0519,EV-S2-04,2,10,[SINTÉTICO] Nivel 2: la evidencia registrada corresponde al descriptor; para el nivel 3 faltaría un ejemplo más completo.,suficiente,2026-09-06T09:39:00,RV-VAC-0110-1,CV-VAC-0110-1,synthetic,SYN-016876
ASM-03260,SES-01513,APP-00859,CRI-0520,EV-S2-04,3,15,[SINTÉTICO] Nivel 3: la evidencia registrada corresponde al descriptor; para el nivel 4 faltaría un ejemplo más completo.,suficiente,2026-09-06T09:39:00,RV-VAC-0110-1,CV-VAC-0110-1,synthetic,SYN-016879
ASM-03261,SES-01514,APP-00860,CRI-0518,EV-S2-03,2,10,[SINTÉTICO] Nivel 2: la evidencia registrada corresponde al descriptor; para el nivel 3 faltaría un ejemplo más completo.,suficiente,2026-09-07T15:50:00,RV-VAC-0110-1,CV-VAC-0110-1,synthetic,SYN-016883
ASM-03262,SES-01514,APP-00860,CRI-0519,EV-S2-03,2,10,[SINTÉTICO] Nivel 2: la evidencia registrada corresponde al descriptor; para el nivel 3 faltaría un ejemplo más completo.,suficiente,2026-09-07T15:50:00,RV-VAC-0110-1,CV-VAC-0110-1,synthetic,SYN-016886
ASM-03263,SES-01514,APP-00860,CRI-0520,EV-S2-03,2,10,[SINTÉTICO] Nivel 2: la evidencia registrada corresponde al descriptor; para el nivel 3 faltaría un ejemplo más completo.,suficiente,2026-09-07T15:50:00,RV-VAC-0110-1,CV-VAC-0110-1,synthetic,SYN-016889
ASM-03264,SES-01515,APP-00860,CRI-0521,EV-S2-01,2,10,[SINTÉTICO] Nivel 2: la evidencia registrada corresponde al descriptor; para el nivel 3 faltaría un ejemplo más completo.,suficiente,2026-09-17T00:00:00,RV-VAC-0110-1,CV-VAC-0110-1,synthetic,SYN-016892
ASM-03265,SES-01515,APP-00860,CRI-0522,EV-S2-01,1,5,[SINTÉTICO] Nivel 1: la evidencia registrada corresponde al descriptor; para el nivel 2 faltaría un ejemplo más completo.,parcial,2026-09-17T00:00:00,RV-VAC-0110-1,CV-VAC-0110-1,synthetic,SYN-016895
ASM-03266,SES-01516,APP-00861,CRI-0518,EV-S2-04,3,15,[SINTÉTICO] Nivel 3: la evidencia registrada corresponde al descriptor; para el nivel 4 faltaría un ejemplo más completo.,suficiente,2026-09-18T01:05:00,RV-VAC-0110-1,CV-VAC-0110-1,synthetic,SYN-016898
ASM-03267,SES-01516,APP-00861,CRI-0519,EV-S2-04,3,15,[SINTÉTICO] Nivel 3: la evidencia registrada corresponde al descriptor; para el nivel 4 faltaría un ejemplo más completo.,suficiente,2026-09-18T01:05:00,RV-VAC-0110-1,CV-VAC-0110-1,synthetic,SYN-016901
ASM-03268,SES-01516,APP-00861,CRI-0520,EV-S2-04,3,15,[SINTÉTICO] Nivel 3: la evidencia registrada corresponde al descriptor; para el nivel 4 faltaría un ejemplo más completo.,suficiente,2026-09-18T01:05:00,RV-VAC-0110-1,CV-VAC-0110-1,synthetic,SYN-016904
ASM-03269,SES-01517,APP-00861,CRI-0521,EV-S2-03,3,15,[SINTÉTICO] Nivel 3: la evidencia registrada corresponde al descriptor; para el nivel 4 faltaría un ejemplo más completo.,suficiente,2026-09-13T23:00:00,RV-VAC-0110-1,CV-VAC-0110-1,synthetic,SYN-016908
ASM-03270,SES-01517,APP-00861,CRI-0522,EV-S2-03,3,15,[SINTÉTICO] Nivel 3: la evidencia registrada corresponde al descriptor; para el nivel 4 faltaría un ejemplo más completo.,suficiente,2026-09-13T23:00:00,RV-VAC-0110-1,CV-VAC-0110-1,synthetic,SYN-016910
ASM-03271,SES-01518,APP-00862,CRI-0518,EV-S2-01,1,5,[SINTÉTICO] Nivel 1: la evidencia registrada corresponde al descriptor; para el nivel 2 faltaría un ejemplo más completo.,insuficiente,2026-09-01T02:00:00,RV-VAC-0110-1,CV-VAC-0110-1,synthetic,SYN-016913
ASM-03272,SES-01518,APP-00862,CRI-0519,EV-S2-01,1,5,[SINTÉTICO] Nivel 1: la evidencia registrada corresponde al descriptor; para el nivel 2 faltaría un ejemplo más completo.,parcial,2026-09-01T02:00:00,RV-VAC-0110-1,CV-VAC-0110-1,synthetic,SYN-016914
ASM-03273,SES-01518,APP-00862,CRI-0520,EV-S2-01,1,5,[SINTÉTICO] Nivel 1: la evidencia registrada corresponde al descriptor; para el nivel 2 faltaría un ejemplo más completo.,insuficiente,2026-09-01T02:00:00,RV-VAC-0110-1,CV-VAC-0110-1,synthetic,SYN-016916
ASM-03274,SES-01519,APP-00862,CRI-0521,EV-S2-01,1,5,[SINTÉTICO] Nivel 1: la evidencia registrada corresponde al descriptor; para el nivel 2 faltaría un ejemplo más completo.,parcial,2026-09-18T14:00:00,RV-VAC-0110-1,CV-VAC-0110-1,synthetic,SYN-016918
ASM-03275,SES-01519,APP-00862,CRI-0522,EV-S2-01,1,5,[SINTÉTICO] Nivel 1: la evidencia registrada corresponde al descriptor; para el nivel 2 faltaría un ejemplo más completo.,suficiente,2026-09-18T14:00:00,RV-VAC-0110-1,CV-VAC-0110-1,synthetic,SYN-016922
ASM-03276,SES-01520,APP-00863,CRI-0518,EV-S2-01,1,5,[SINTÉTICO] Nivel 1: la evidencia registrada corresponde al descriptor; para el nivel 2 faltaría un ejemplo más completo.,parcial,2026-09-12T15:32:00,RV-VAC-0110-1,CV-VAC-0110-1,synthetic,SYN-016926
ASM-03277,SES-01520,APP-00863,CRI-0519,EV-S2-01,1,5,[SINTÉTICO] Nivel 1: la evidencia registrada corresponde al descriptor; para el nivel 2 faltaría un ejemplo más completo.,suficiente,2026-09-12T15:32:00,RV-VAC-0110-1,CV-VAC-0110-1,synthetic,SYN-016930
ASM-03278,SES-01520,APP-00863,CRI-0520,EV-S2-01,1,5,[SINTÉTICO] Nivel 1: la evidencia registrada corresponde al descriptor; para el nivel 2 faltaría un ejemplo más completo.,parcial,2026-09-12T15:32:00,RV-VAC-0110-1,CV-VAC-0110-1,synthetic,SYN-016932
ASM-03279,SES-01521,APP-00863,CRI-0518,EV-S2-04,1,5,[SINTÉTICO] Nivel 1: la evidencia registrada corresponde al descriptor; para el nivel 2 faltaría un ejemplo más completo.,suficiente,2026-09-01T03:00:00,RV-VAC-0110-1,CV-VAC-0110-1,synthetic,SYN-016936
ASM-03280,SES-01521,APP-00863,CRI-0519,EV-S2-04,1,5,[SINTÉTICO] Nivel 1: la evidencia registrada corresponde al descriptor; para el nivel 2 faltaría un ejemplo más completo.,insuficiente,2026-09-01T03:00:00,RV-VAC-0110-1,CV-VAC-0110-1,synthetic,SYN-016939
ASM-03281,SES-01521,APP-00863,CRI-0520,EV-S2-04,3,15,[SINTÉTICO] Nivel 3: la evidencia registrada corresponde al descriptor; para el nivel 4 faltaría un ejemplo más completo.,parcial,2026-09-01T03:00:00,RV-VAC-0110-1,CV-VAC-0110-1,synthetic,SYN-016940
ASM-03282,SES-01522,APP-00864,CRI-0518,EV-S2-04,2,10,[SINTÉTICO] Nivel 2: la evidencia registrada corresponde al descriptor; para el nivel 3 faltaría un ejemplo más completo.,suficiente,2026-09-05T13:34:00,RV-VAC-0110-1,CV-VAC-0110-1,synthetic,SYN-016943
ASM-03283,SES-01522,APP-00864,CRI-0519,EV-S2-04,2,10,[SINTÉTICO] Nivel 2: la evidencia registrada corresponde al descriptor; para el nivel 3 faltaría un ejemplo más completo.,suficiente,2026-09-05T13:34:00,RV-VAC-0110-1,CV-VAC-0110-1,synthetic,SYN-016946
ASM-03284,SES-01522,APP-00864,CRI-0520,EV-S2-04,2,10,[SINTÉTICO] Nivel 2: la evidencia registrada corresponde al descriptor; para el nivel 3 faltaría un ejemplo más completo.,parcial,2026-09-05T13:34:00,RV-VAC-0110-1,CV-VAC-0110-1,synthetic,SYN-016948
ASM-03285,SES-01523,APP-00864,CRI-0521,EV-S2-04,3,15,[SINTÉTICO] Nivel 3: la evidencia registrada corresponde al descriptor; para el nivel 4 faltaría un ejemplo más completo.,suficiente,2026-09-13T18:00:00,RV-VAC-0110-1,CV-VAC-0110-1,synthetic,SYN-016951
ASM-03286,SES-01523,APP-00864,CRI-0522,EV-S2-04,2,10,[SINTÉTICO] Nivel 2: la evidencia registrada corresponde al descriptor; para el nivel 3 faltaría un ejemplo más completo.,insuficiente,2026-09-13T18:00:00,RV-VAC-0110-1,CV-VAC-0110-1,synthetic,SYN-016954
ASM-03287,SES-01524,APP-00866,CRI-0518,EV-S2-04,3,15,[SINTÉTICO] Nivel 3: la evidencia registrada corresponde al descriptor; para el nivel 4 faltaría un ejemplo más completo.,suficiente,2026-09-17T09:37:00,RV-VAC-0110-1,CV-VAC-0110-1,synthetic,SYN-016956
ASM-03288,SES-01524,APP-00866,CRI-0519,EV-S2-04,3,15,[SINTÉTICO] Nivel 3: la evidencia registrada corresponde al descriptor; para el nivel 4 faltaría un ejemplo más completo.,suficiente,2026-09-17T09:37:00,RV-VAC-0110-1,CV-VAC-0110-1,synthetic,SYN-016958
ASM-03289,SES-01524,APP-00866,CRI-0520,EV-S2-04,3,15,[SINTÉTICO] Nivel 3: la evidencia registrada corresponde al descriptor; para el nivel 4 faltaría un ejemplo más completo.,suficiente,2026-09-17T09:37:00,RV-VAC-0110-1,CV-VAC-0110-1,synthetic,SYN-016961
ASM-03290,SES-01525,APP-00866,CRI-0521,EV-S2-04,3,15,[SINTÉTICO] Nivel 3: la evidencia registrada corresponde al descriptor; para el nivel 4 faltaría un ejemplo más completo.,parcial,2026-09-12T17:00:00,RV-VAC-0110-1,CV-VAC-0110-1,synthetic,SYN-016964
ASM-03291,SES-01525,APP-00866,CRI-0522,EV-S2-04,3,15,[SINTÉTICO] Nivel 3: la evidencia registrada corresponde al descriptor; para el nivel 4 faltaría un ejemplo más completo.,suficiente,2026-09-12T17:00:00,RV-VAC-0110-1,CV-VAC-0110-1,synthetic,SYN-016966
ASM-03292,SES-01526,APP-00867,CRI-0523,EV-S3-01,2,10,[SINTÉTICO] Nivel 2: la evidencia registrada corresponde al descriptor; para el nivel 3 faltaría un ejemplo más completo.,suficiente,2026-02-21T03:36:00,RV-VAC-0111-1,CV-VAC-0111-1,synthetic,SYN-016971
ASM-03293,SES-01526,APP-00867,CRI-0524,EV-S3-01,2,10,[SINTÉTICO] Nivel 2: la evidencia registrada corresponde al descriptor; para el nivel 3 faltaría un ejemplo más completo.,suficiente,2026-02-21T03:36:00,RV-VAC-0111-1,CV-VAC-0111-1,synthetic,SYN-016973
ASM-03294,SES-01527,APP-00867,CRI-0525,EV-S3-02,2,10,[SINTÉTICO] Nivel 2: la evidencia registrada corresponde al descriptor; para el nivel 3 faltaría un ejemplo más completo.,suficiente,2026-03-02T16:00:00,RV-VAC-0111-1,CV-VAC-0111-1,synthetic,SYN-016977
ASM-03295,SES-01527,APP-00867,CRI-0526,EV-S3-02,2,10,[SINTÉTICO] Nivel 2: la evidencia registrada corresponde al descriptor; para el nivel 3 faltaría un ejemplo más completo.,suficiente,2026-03-02T16:00:00,RV-VAC-0111-1,CV-VAC-0111-1,synthetic,SYN-016980
ASM-03296,SES-01529,APP-00869,CRI-0523,EV-S3-03,4,20,[SINTÉTICO] Nivel 4: la evidencia registrada corresponde al descriptor; para el nivel 4 faltaría un ejemplo más completo.,suficiente,2026-02-19T20:51:00,RV-VAC-0111-1,CV-VAC-0111-1,synthetic,SYN-016984
ASM-03297,SES-01529,APP-00869,CRI-0524,EV-S3-03,4,20,[SINTÉTICO] Nivel 4: la evidencia registrada corresponde al descriptor; para el nivel 4 faltaría un ejemplo más completo.,suficiente,2026-02-19T20:51:00,RV-VAC-0111-1,CV-VAC-0111-1,synthetic,SYN-016986
ASM-03298,SES-01530,APP-00869,CRI-0523,EV-S3-02,4,20,[SINTÉTICO] Nivel 4: la evidencia registrada corresponde al descriptor; para el nivel 4 faltaría un ejemplo más completo.,suficiente,2026-03-05T19:51:00,RV-VAC-0111-1,CV-VAC-0111-1,synthetic,SYN-016991
ASM-03299,SES-01530,APP-00869,CRI-0524,EV-S3-02,4,20,[SINTÉTICO] Nivel 4: la evidencia registrada corresponde al descriptor; para el nivel 4 faltaría un ejemplo más completo.,suficiente,2026-03-05T19:51:00,RV-VAC-0111-1,CV-VAC-0111-1,synthetic,SYN-016993
ASM-03300,SES-01531,APP-00869,CRI-0525,EV-S3-02,3,15,[SINTÉTICO] Nivel 3: la evidencia registrada corresponde al descriptor; para el nivel 4 faltaría un ejemplo más completo.,suficiente,2026-03-03T16:00:00,RV-VAC-0111-1,CV-VAC-0111-1,synthetic,SYN-016996
ASM-03301,SES-01531,APP-00869,CRI-0526,EV-S3-02,4,20,[SINTÉTICO] Nivel 4: la evidencia registrada corresponde al descriptor; para el nivel 4 faltaría un ejemplo más completo.,parcial,2026-03-03T16:00:00,RV-VAC-0111-1,CV-VAC-0111-1,synthetic,SYN-016999
ASM-03302,SES-01532,APP-00870,CRI-0523,EV-S3-03,2,10,[SINTÉTICO] Nivel 2: la evidencia registrada corresponde al descriptor; para el nivel 3 faltaría un ejemplo más completo.,suficiente,2026-03-04T19:01:00,RV-VAC-0111-1,CV-VAC-0111-1,synthetic,SYN-017003
ASM-03303,SES-01532,APP-00870,CRI-0524,EV-S3-03,2,10,[SINTÉTICO] Nivel 2: la evidencia registrada corresponde al descriptor; para el nivel 3 faltaría un ejemplo más completo.,parcial,2026-03-04T19:01:00,RV-VAC-0111-1,CV-VAC-0111-1,synthetic,SYN-017007
ASM-03304,SES-01533,APP-00870,CRI-0525,EV-S3-01,2,10,[SINTÉTICO] Nivel 2: la evidencia registrada corresponde al descriptor; para el nivel 3 faltaría un ejemplo más completo.,parcial,2026-03-03T18:00:00,RV-VAC-0111-1,CV-VAC-0111-1,synthetic,SYN-017011
ASM-03305,SES-01533,APP-00870,CRI-0526,EV-S3-01,2,10,[SINTÉTICO] Nivel 2: la evidencia registrada corresponde al descriptor; para el nivel 3 faltaría un ejemplo más completo.,suficiente,2026-03-03T18:00:00,RV-VAC-0111-1,CV-VAC-0111-1,synthetic,SYN-017014
ASM-03306,SES-01534,APP-00872,CRI-0527,EV-S1-04,4,20,[SINTÉTICO] Nivel 4: la evidencia registrada corresponde al descriptor; para el nivel 4 faltaría un ejemplo más completo.,parcial,2026-05-17T06:56:00,RV-VAC-0112-1,CV-VAC-0112-1,synthetic,SYN-017019
ASM-03307,SES-01534,APP-00872,CRI-0528,EV-S1-04,3,15,[SINTÉTICO] Nivel 3: la evidencia registrada corresponde al descriptor; para el nivel 4 faltaría un ejemplo más completo.,suficiente,2026-05-17T06:56:00,RV-VAC-0112-1,CV-VAC-0112-1,synthetic,SYN-017023
ASM-03308,SES-01535,APP-00872,CRI-0529,EV-S1-01,4,20,[SINTÉTICO] Nivel 4: la evidencia registrada corresponde al descriptor; para el nivel 4 faltaría un ejemplo más completo.,suficiente,2026-05-28T00:00:00,RV-VAC-0112-1,CV-VAC-0112-1,synthetic,SYN-017027
ASM-03309,SES-01535,APP-00872,CRI-0530,EV-S1-01,4,20,[SINTÉTICO] Nivel 4: la evidencia registrada corresponde al descriptor; para el nivel 4 faltaría un ejemplo más completo.,suficiente,2026-05-28T00:00:00,RV-VAC-0112-1,CV-VAC-0112-1,synthetic,SYN-017030
ASM-03310,SES-01536,APP-00873,CRI-0527,EV-S1-02,4,20,[SINTÉTICO] Nivel 4: la evidencia registrada corresponde al descriptor; para el nivel 4 faltaría un ejemplo más completo.,suficiente,2026-05-12T12:59:00,RV-VAC-0112-1,CV-VAC-0112-1,synthetic,SYN-017033
ASM-03311,SES-01536,APP-00873,CRI-0528,EV-S1-02,2,10,[SINTÉTICO] Nivel 2: la evidencia registrada corresponde al descriptor; para el nivel 3 faltaría un ejemplo más completo.,suficiente,2026-05-12T12:59:00,RV-VAC-0112-1,CV-VAC-0112-1,synthetic,SYN-017037
ASM-03312,SES-01537,APP-00873,CRI-0527,EV-S1-04,4,20,[SINTÉTICO] Nivel 4: la evidencia registrada corresponde al descriptor; para el nivel 4 faltaría un ejemplo más completo.,parcial,2026-05-09T16:59:00,RV-VAC-0112-1,CV-VAC-0112-1,synthetic,SYN-017041
ASM-03313,SES-01537,APP-00873,CRI-0528,EV-S1-04,2,10,[SINTÉTICO] Nivel 2: la evidencia registrada corresponde al descriptor; para el nivel 3 faltaría un ejemplo más completo.,parcial,2026-05-09T16:59:00,RV-VAC-0112-1,CV-VAC-0112-1,synthetic,SYN-017045
ASM-03314,SES-01539,APP-00874,CRI-0529,EV-S1-03,2,10,[SINTÉTICO] Nivel 2: la evidencia registrada corresponde al descriptor; para el nivel 3 faltaría un ejemplo más completo.,parcial,2026-05-23T22:00:00,RV-VAC-0112-1,CV-VAC-0112-1,synthetic,SYN-017051
ASM-03315,SES-01539,APP-00874,CRI-0530,EV-S1-03,3,15,[SINTÉTICO] Nivel 3: la evidencia registrada corresponde al descriptor; para el nivel 4 faltaría un ejemplo más completo.,suficiente,2026-05-23T22:00:00,RV-VAC-0112-1,CV-VAC-0112-1,synthetic,SYN-017055
ASM-03316,SES-01540,APP-00875,CRI-0527,EV-S1-02,3,15,[SINTÉTICO] Nivel 3: la evidencia registrada corresponde al descriptor; para el nivel 4 faltaría un ejemplo más completo.,insuficiente,2026-05-19T09:53:00,RV-VAC-0112-1,CV-VAC-0112-1,synthetic,SYN-017059
ASM-03317,SES-01540,APP-00875,CRI-0528,EV-S1-02,3,15,[SINTÉTICO] Nivel 3: la evidencia registrada corresponde al descriptor; para el nivel 4 faltaría un ejemplo más completo.,suficiente,2026-05-19T09:53:00,RV-VAC-0112-1,CV-VAC-0112-1,synthetic,SYN-017060
ASM-03318,SES-01541,APP-00875,CRI-0529,EV-S1-04,4,20,[SINTÉTICO] Nivel 4: la evidencia registrada corresponde al descriptor; para el nivel 4 faltaría un ejemplo más completo.,suficiente,2026-05-21T19:00:00,RV-VAC-0112-1,CV-VAC-0112-1,synthetic,SYN-017064
ASM-03319,SES-01541,APP-00875,CRI-0530,EV-S1-04,4,20,[SINTÉTICO] Nivel 4: la evidencia registrada corresponde al descriptor; para el nivel 4 faltaría un ejemplo más completo.,parcial,2026-05-21T19:00:00,RV-VAC-0112-1,CV-VAC-0112-1,synthetic,SYN-017067
ASM-03320,SES-01542,APP-00876,CRI-0527,EV-S1-04,2,10,[SINTÉTICO] Nivel 2: la evidencia registrada corresponde al descriptor; para el nivel 3 faltaría un ejemplo más completo.,insuficiente,2026-05-22T21:25:00,RV-VAC-0112-1,CV-VAC-0112-1,synthetic,SYN-017070
ASM-03321,SES-01542,APP-00876,CRI-0528,EV-S1-04,2,10,[SINTÉTICO] Nivel 2: la evidencia registrada corresponde al descriptor; para el nivel 3 faltaría un ejemplo más completo.,suficiente,2026-05-22T21:25:00,RV-VAC-0112-1,CV-VAC-0112-1,synthetic,SYN-017071
ASM-03322,SES-01543,APP-00876,CRI-0529,EV-S1-03,3,15,[SINTÉTICO] Nivel 3: la evidencia registrada corresponde al descriptor; para el nivel 4 faltaría un ejemplo más completo.,suficiente,2026-05-26T15:00:00,RV-VAC-0112-1,CV-VAC-0112-1,synthetic,SYN-017074
ASM-03323,SES-01543,APP-00876,CRI-0530,EV-S1-03,1,5,[SINTÉTICO] Nivel 1: la evidencia registrada corresponde al descriptor; para el nivel 2 faltaría un ejemplo más completo.,suficiente,2026-05-26T15:00:00,RV-VAC-0112-1,CV-VAC-0112-1,synthetic,SYN-017077
ASM-03324,SES-01544,APP-00877,CRI-0527,EV-S1-03,1,5,[SINTÉTICO] Nivel 1: la evidencia registrada corresponde al descriptor; para el nivel 2 faltaría un ejemplo más completo.,parcial,2026-05-24T18:12:00,RV-VAC-0112-1,CV-VAC-0112-1,synthetic,SYN-017082
ASM-03325,SES-01544,APP-00877,CRI-0528,EV-S1-03,1,5,[SINTÉTICO] Nivel 1: la evidencia registrada corresponde al descriptor; para el nivel 2 faltaría un ejemplo más completo.,suficiente,2026-05-24T18:12:00,RV-VAC-0112-1,CV-VAC-0112-1,synthetic,SYN-017084
ASM-03326,SES-01545,APP-00877,CRI-0529,EV-S1-04,1,5,[SINTÉTICO] Nivel 1: la evidencia registrada corresponde al descriptor; para el nivel 2 faltaría un ejemplo más completo.,parcial,2026-05-19T19:00:00,RV-VAC-0112-1,CV-VAC-0112-1,synthetic,SYN-017089
ASM-03327,SES-01545,APP-00877,CRI-0530,EV-S1-04,1,5,[SINTÉTICO] Nivel 1: la evidencia registrada corresponde al descriptor; para el nivel 2 faltaría un ejemplo más completo.,suficiente,2026-05-19T19:00:00,RV-VAC-0112-1,CV-VAC-0112-1,synthetic,SYN-017092
ASM-03328,SES-01546,APP-00878,CRI-0527,EV-S1-03,1,5,[SINTÉTICO] Nivel 1: la evidencia registrada corresponde al descriptor; para el nivel 2 faltaría un ejemplo más completo.,parcial,2026-05-21T21:10:00,RV-VAC-0112-1,CV-VAC-0112-1,synthetic,SYN-017096
ASM-03329,SES-01546,APP-00878,CRI-0528,EV-S1-03,1,5,[SINTÉTICO] Nivel 1: la evidencia registrada corresponde al descriptor; para el nivel 2 faltaría un ejemplo más completo.,parcial,2026-05-21T21:10:00,RV-VAC-0112-1,CV-VAC-0112-1,synthetic,SYN-017098
ASM-03330,SES-01547,APP-00878,CRI-0529,EV-S1-02,1,5,[SINTÉTICO] Nivel 1: la evidencia registrada corresponde al descriptor; para el nivel 2 faltaría un ejemplo más completo.,parcial,2026-05-31T04:00:00,RV-VAC-0112-1,CV-VAC-0112-1,synthetic,SYN-017101
ASM-03331,SES-01547,APP-00878,CRI-0530,EV-S1-02,1,5,[SINTÉTICO] Nivel 1: la evidencia registrada corresponde al descriptor; para el nivel 2 faltaría un ejemplo más completo.,insuficiente,2026-05-31T04:00:00,RV-VAC-0112-1,CV-VAC-0112-1,synthetic,SYN-017104
ASM-03332,SES-01548,APP-00879,CRI-0527,EV-S1-01,1,5,[SINTÉTICO] Nivel 1: la evidencia registrada corresponde al descriptor; para el nivel 2 faltaría un ejemplo más completo.,suficiente,2026-05-14T11:07:00,RV-VAC-0112-1,CV-VAC-0112-1,synthetic,SYN-017106
ASM-03333,SES-01548,APP-00879,CRI-0528,EV-S1-01,1,5,[SINTÉTICO] Nivel 1: la evidencia registrada corresponde al descriptor; para el nivel 2 faltaría un ejemplo más completo.,parcial,2026-05-14T11:07:00,RV-VAC-0112-1,CV-VAC-0112-1,synthetic,SYN-017109
ASM-03334,SES-01549,APP-00879,CRI-0529,EV-S1-02,1,5,[SINTÉTICO] Nivel 1: la evidencia registrada corresponde al descriptor; para el nivel 2 faltaría un ejemplo más completo.,suficiente,2026-05-19T19:00:00,RV-VAC-0112-1,CV-VAC-0112-1,synthetic,SYN-017113
ASM-03335,SES-01549,APP-00879,CRI-0530,EV-S1-02,1,5,[SINTÉTICO] Nivel 1: la evidencia registrada corresponde al descriptor; para el nivel 2 faltaría un ejemplo más completo.,suficiente,2026-05-19T19:00:00,RV-VAC-0112-1,CV-VAC-0112-1,synthetic,SYN-017116
ASM-03336,SES-01550,APP-00880,CRI-0527,EV-S1-04,2,10,[SINTÉTICO] Nivel 2: la evidencia registrada corresponde al descriptor; para el nivel 3 faltaría un ejemplo más completo.,suficiente,2026-05-24T11:16:00,RV-VAC-0112-1,CV-VAC-0112-1,synthetic,SYN-017120
ASM-03337,SES-01550,APP-00880,CRI-0528,EV-S1-04,2,10,[SINTÉTICO] Nivel 2: la evidencia registrada corresponde al descriptor; para el nivel 3 faltaría un ejemplo más completo.,suficiente,2026-05-24T11:16:00,RV-VAC-0112-1,CV-VAC-0112-1,synthetic,SYN-017123
ASM-03338,SES-01551,APP-00880,CRI-0527,EV-S1-01,2,10,[SINTÉTICO] Nivel 2: la evidencia registrada corresponde al descriptor; para el nivel 3 faltaría un ejemplo más completo.,parcial,2026-05-26T15:16:00,RV-VAC-0112-1,CV-VAC-0112-1,synthetic,SYN-017126
ASM-03339,SES-01551,APP-00880,CRI-0528,EV-S1-01,3,15,[SINTÉTICO] Nivel 3: la evidencia registrada corresponde al descriptor; para el nivel 4 faltaría un ejemplo más completo.,suficiente,2026-05-26T15:16:00,RV-VAC-0112-1,CV-VAC-0112-1,synthetic,SYN-017129
ASM-03340,SES-01552,APP-00881,CRI-0531,EV-S2-02,3,15,[SINTÉTICO] Nivel 3: la evidencia registrada corresponde al descriptor; para el nivel 4 faltaría un ejemplo más completo.,suficiente,2026-09-21T03:08:00,RV-VAC-0113-1,CV-VAC-0113-1,synthetic,SYN-017133
ASM-03341,SES-01552,APP-00881,CRI-0532,EV-S2-02,3,15,[SINTÉTICO] Nivel 3: la evidencia registrada corresponde al descriptor; para el nivel 4 faltaría un ejemplo más completo.,insuficiente,2026-09-21T03:08:00,RV-VAC-0113-1,CV-VAC-0113-1,synthetic,SYN-017136
ASM-03342,SES-01552,APP-00881,CRI-0533,EV-S2-02,3,15,[SINTÉTICO] Nivel 3: la evidencia registrada corresponde al descriptor; para el nivel 4 faltaría un ejemplo más completo.,parcial,2026-09-21T03:08:00,RV-VAC-0113-1,CV-VAC-0113-1,synthetic,SYN-017137
ASM-03343,SES-01554,APP-00882,CRI-0534,EV-S2-04,1,5,[SINTÉTICO] Nivel 1: la evidencia registrada corresponde al descriptor; para el nivel 2 faltaría un ejemplo más completo.,suficiente,2026-09-16T22:00:00,RV-VAC-0113-1,CV-VAC-0113-1,synthetic,SYN-017143
ASM-03344,SES-01554,APP-00882,CRI-0535,EV-S2-04,2,10,[SINTÉTICO] Nivel 2: la evidencia registrada corresponde al descriptor; para el nivel 3 faltaría un ejemplo más completo.,suficiente,2026-09-16T22:00:00,RV-VAC-0113-1,CV-VAC-0113-1,synthetic,SYN-017148
ASM-03345,SES-01555,APP-00883,CRI-0531,EV-S2-02,1,5,[SINTÉTICO] Nivel 1: la evidencia registrada corresponde al descriptor; para el nivel 2 faltaría un ejemplo más completo.,suficiente,2026-09-19T17:32:00,RV-VAC-0113-1,CV-VAC-0113-1,synthetic,SYN-017152
ASM-03346,SES-01555,APP-00883,CRI-0532,EV-S2-02,1,5,[SINTÉTICO] Nivel 1: la evidencia registrada corresponde al descriptor; para el nivel 2 faltaría un ejemplo más completo.,suficiente,2026-09-19T17:32:00,RV-VAC-0113-1,CV-VAC-0113-1,synthetic,SYN-017155
ASM-03347,SES-01555,APP-00883,CRI-0533,EV-S2-02,1,5,[SINTÉTICO] Nivel 1: la evidencia registrada corresponde al descriptor; para el nivel 2 faltaría un ejemplo más completo.,parcial,2026-09-19T17:32:00,RV-VAC-0113-1,CV-VAC-0113-1,synthetic,SYN-017159
ASM-03348,SES-01556,APP-00883,CRI-0534,EV-S2-03,1,5,[SINTÉTICO] Nivel 1: la evidencia registrada corresponde al descriptor; para el nivel 2 faltaría un ejemplo más completo.,parcial,2026-09-21T17:00:00,RV-VAC-0113-1,CV-VAC-0113-1,synthetic,SYN-017163
ASM-03349,SES-01556,APP-00883,CRI-0535,EV-S2-03,1,5,[SINTÉTICO] Nivel 1: la evidencia registrada corresponde al descriptor; para el nivel 2 faltaría un ejemplo más completo.,suficiente,2026-09-21T17:00:00,RV-VAC-0113-1,CV-VAC-0113-1,synthetic,SYN-017166
ASM-03350,SES-01557,APP-00884,CRI-0531,EV-S2-02,4,20,[SINTÉTICO] Nivel 4: la evidencia registrada corresponde al descriptor; para el nivel 4 faltaría un ejemplo más completo.,suficiente,2026-09-13T18:24:00,RV-VAC-0113-1,CV-VAC-0113-1,synthetic,SYN-017170
ASM-03351,SES-01557,APP-00884,CRI-0532,EV-S2-02,4,20,[SINTÉTICO] Nivel 4: la evidencia registrada corresponde al descriptor; para el nivel 4 faltaría un ejemplo más completo.,suficiente,2026-09-13T18:24:00,RV-VAC-0113-1,CV-VAC-0113-1,synthetic,SYN-017173
ASM-03352,SES-01557,APP-00884,CRI-0533,EV-S2-02,4,20,[SINTÉTICO] Nivel 4: la evidencia registrada corresponde al descriptor; para el nivel 4 faltaría un ejemplo más completo.,insuficiente,2026-09-13T18:24:00,RV-VAC-0113-1,CV-VAC-0113-1,synthetic,SYN-017177
ASM-03353,SES-01558,APP-00884,CRI-0534,EV-S2-01,3,15,[SINTÉTICO] Nivel 3: la evidencia registrada corresponde al descriptor; para el nivel 4 faltaría un ejemplo más completo.,suficiente,2026-09-29T20:00:00,RV-VAC-0113-1,CV-VAC-0113-1,synthetic,SYN-017179
ASM-03354,SES-01558,APP-00884,CRI-0535,EV-S2-01,3,15,[SINTÉTICO] Nivel 3: la evidencia registrada corresponde al descriptor; para el nivel 4 faltaría un ejemplo más completo.,suficiente,2026-09-29T20:00:00,RV-VAC-0113-1,CV-VAC-0113-1,synthetic,SYN-017183
ASM-03355,SES-01560,APP-00885,CRI-0534,EV-S2-04,1,5,[SINTÉTICO] Nivel 1: la evidencia registrada corresponde al descriptor; para el nivel 2 faltaría un ejemplo más completo.,parcial,2026-09-28T20:00:00,RV-VAC-0113-1,CV-VAC-0113-1,synthetic,SYN-017189
ASM-03356,SES-01560,APP-00885,CRI-0535,EV-S2-04,1,5,[SINTÉTICO] Nivel 1: la evidencia registrada corresponde al descriptor; para el nivel 2 faltaría un ejemplo más completo.,suficiente,2026-09-28T20:00:00,RV-VAC-0113-1,CV-VAC-0113-1,synthetic,SYN-017193
ASM-03357,SES-01562,APP-00886,CRI-0534,EV-S2-04,4,20,[SINTÉTICO] Nivel 4: la evidencia registrada corresponde al descriptor; para el nivel 4 faltaría un ejemplo más completo.,suficiente,2026-09-26T00:00:00,RV-VAC-0113-1,CV-VAC-0113-1,synthetic,SYN-017199
ASM-03358,SES-01562,APP-00886,CRI-0535,EV-S2-04,2,10,[SINTÉTICO] Nivel 2: la evidencia registrada corresponde al descriptor; para el nivel 3 faltaría un ejemplo más completo.,suficiente,2026-09-26T00:00:00,RV-VAC-0113-1,CV-VAC-0113-1,synthetic,SYN-017203
ASM-03359,SES-01563,APP-00887,CRI-0531,EV-S2-02,1,5,[SINTÉTICO] Nivel 1: la evidencia registrada corresponde al descriptor; para el nivel 2 faltaría un ejemplo más completo.,parcial,2026-09-24T20:56:00,RV-VAC-0113-1,CV-VAC-0113-1,synthetic,SYN-017207
ASM-03360,SES-01563,APP-00887,CRI-0532,EV-S2-02,1,5,[SINTÉTICO] Nivel 1: la evidencia registrada corresponde al descriptor; para el nivel 2 faltaría un ejemplo más completo.,suficiente,2026-09-24T20:56:00,RV-VAC-0113-1,CV-VAC-0113-1,synthetic,SYN-017211
ASM-03361,SES-01563,APP-00887,CRI-0533,EV-S2-02,2,10,[SINTÉTICO] Nivel 2: la evidencia registrada corresponde al descriptor; para el nivel 3 faltaría un ejemplo más completo.,insuficiente,2026-09-24T20:56:00,RV-VAC-0113-1,CV-VAC-0113-1,synthetic,SYN-017214
ASM-03362,SES-01564,APP-00888,CRI-0531,EV-S2-01,4,20,[SINTÉTICO] Nivel 4: la evidencia registrada corresponde al descriptor; para el nivel 4 faltaría un ejemplo más completo.,suficiente,2026-09-17T08:00:00,RV-VAC-0113-1,CV-VAC-0113-1,synthetic,SYN-017216
ASM-03363,SES-01564,APP-00888,CRI-0532,EV-S2-01,4,20,[SINTÉTICO] Nivel 4: la evidencia registrada corresponde al descriptor; para el nivel 4 faltaría un ejemplo más completo.,suficiente,2026-09-17T08:00:00,RV-VAC-0113-1,CV-VAC-0113-1,synthetic,SYN-017219
ASM-03364,SES-01564,APP-00888,CRI-0533,EV-S2-01,4,20,[SINTÉTICO] Nivel 4: la evidencia registrada corresponde al descriptor; para el nivel 4 faltaría un ejemplo más completo.,suficiente,2026-09-17T08:00:00,RV-VAC-0113-1,CV-VAC-0113-1,synthetic,SYN-017222
ASM-03365,SES-01565,APP-00888,CRI-0534,EV-S2-02,4,20,[SINTÉTICO] Nivel 4: la evidencia registrada corresponde al descriptor; para el nivel 4 faltaría un ejemplo más completo.,suficiente,2026-09-22T19:00:00,RV-VAC-0113-1,CV-VAC-0113-1,synthetic,SYN-017226
ASM-03366,SES-01565,APP-00888,CRI-0535,EV-S2-02,4,20,[SINTÉTICO] Nivel 4: la evidencia registrada corresponde al descriptor; para el nivel 4 faltaría un ejemplo más completo.,parcial,2026-09-22T19:00:00,RV-VAC-0113-1,CV-VAC-0113-1,synthetic,SYN-017229
ASM-03367,SES-01566,APP-00889,CRI-0531,EV-S2-01,1,5,[SINTÉTICO] Nivel 1: la evidencia registrada corresponde al descriptor; para el nivel 2 faltaría un ejemplo más completo.,suficiente,2026-09-12T08:32:00,RV-VAC-0113-1,CV-VAC-0113-1,synthetic,SYN-017232
ASM-03368,SES-01566,APP-00889,CRI-0532,EV-S2-01,1,5,[SINTÉTICO] Nivel 1: la evidencia registrada corresponde al descriptor; para el nivel 2 faltaría un ejemplo más completo.,suficiente,2026-09-12T08:32:00,RV-VAC-0113-1,CV-VAC-0113-1,synthetic,SYN-017235
ASM-03369,SES-01566,APP-00889,CRI-0533,EV-S2-01,1,5,[SINTÉTICO] Nivel 1: la evidencia registrada corresponde al descriptor; para el nivel 2 faltaría un ejemplo más completo.,parcial,2026-09-12T08:32:00,RV-VAC-0113-1,CV-VAC-0113-1,synthetic,SYN-017238
ASM-03370,SES-01567,APP-00889,CRI-0534,EV-S2-01,2,10,[SINTÉTICO] Nivel 2: la evidencia registrada corresponde al descriptor; para el nivel 3 faltaría un ejemplo más completo.,suficiente,2026-09-23T14:00:00,RV-VAC-0113-1,CV-VAC-0113-1,synthetic,SYN-017243
ASM-03371,SES-01567,APP-00889,CRI-0535,EV-S2-01,1,5,[SINTÉTICO] Nivel 1: la evidencia registrada corresponde al descriptor; para el nivel 2 faltaría un ejemplo más completo.,parcial,2026-09-23T14:00:00,RV-VAC-0113-1,CV-VAC-0113-1,synthetic,SYN-017247
ASM-03372,SES-01568,APP-00890,CRI-0531,EV-S2-04,2,10,[SINTÉTICO] Nivel 2: la evidencia registrada corresponde al descriptor; para el nivel 3 faltaría un ejemplo más completo.,parcial,2026-09-11T19:17:00,RV-VAC-0113-1,CV-VAC-0113-1,synthetic,SYN-017251
ASM-03373,SES-01568,APP-00890,CRI-0532,EV-S2-04,1,5,[SINTÉTICO] Nivel 1: la evidencia registrada corresponde al descriptor; para el nivel 2 faltaría un ejemplo más completo.,suficiente,2026-09-11T19:17:00,RV-VAC-0113-1,CV-VAC-0113-1,synthetic,SYN-017254
ASM-03374,SES-01568,APP-00890,CRI-0533,EV-S2-04,2,10,[SINTÉTICO] Nivel 2: la evidencia registrada corresponde al descriptor; para el nivel 3 faltaría un ejemplo más completo.,suficiente,2026-09-11T19:17:00,RV-VAC-0113-1,CV-VAC-0113-1,synthetic,SYN-017258
ASM-03375,SES-01569,APP-00890,CRI-0531,EV-S2-02,2,10,[SINTÉTICO] Nivel 2: la evidencia registrada corresponde al descriptor; para el nivel 3 faltaría un ejemplo más completo.,suficiente,2026-09-15T22:17:00,RV-VAC-0113-1,CV-VAC-0113-1,synthetic,SYN-017262
ASM-03376,SES-01569,APP-00890,CRI-0532,EV-S2-02,1,5,[SINTÉTICO] Nivel 1: la evidencia registrada corresponde al descriptor; para el nivel 2 faltaría un ejemplo más completo.,suficiente,2026-09-15T22:17:00,RV-VAC-0113-1,CV-VAC-0113-1,synthetic,SYN-017265
ASM-03377,SES-01569,APP-00890,CRI-0533,EV-S2-02,2,10,[SINTÉTICO] Nivel 2: la evidencia registrada corresponde al descriptor; para el nivel 3 faltaría un ejemplo más completo.,parcial,2026-09-15T22:17:00,RV-VAC-0113-1,CV-VAC-0113-1,synthetic,SYN-017269
ASM-03378,SES-01571,APP-00891,CRI-0534,EV-S2-02,1,5,[SINTÉTICO] Nivel 1: la evidencia registrada corresponde al descriptor; para el nivel 2 faltaría un ejemplo más completo.,suficiente,2026-09-19T19:00:00,RV-VAC-0113-1,CV-VAC-0113-1,synthetic,SYN-017274
ASM-03379,SES-01571,APP-00891,CRI-0535,EV-S2-02,2,10,[SINTÉTICO] Nivel 2: la evidencia registrada corresponde al descriptor; para el nivel 3 faltaría un ejemplo más completo.,parcial,2026-09-19T19:00:00,RV-VAC-0113-1,CV-VAC-0113-1,synthetic,SYN-017277
ASM-03380,SES-01572,APP-00892,CRI-0531,EV-S2-01,4,20,[SINTÉTICO] Nivel 4: la evidencia registrada corresponde al descriptor; para el nivel 4 faltaría un ejemplo más completo.,parcial,2026-09-25T12:28:00,RV-VAC-0113-1,CV-VAC-0113-1,synthetic,SYN-017281
ASM-03381,SES-01572,APP-00892,CRI-0532,EV-S2-01,4,20,[SINTÉTICO] Nivel 4: la evidencia registrada corresponde al descriptor; para el nivel 4 faltaría un ejemplo más completo.,suficiente,2026-09-25T12:28:00,RV-VAC-0113-1,CV-VAC-0113-1,synthetic,SYN-017284
ASM-03382,SES-01572,APP-00892,CRI-0533,EV-S2-01,4,20,[SINTÉTICO] Nivel 4: la evidencia registrada corresponde al descriptor; para el nivel 4 faltaría un ejemplo más completo.,parcial,2026-09-25T12:28:00,RV-VAC-0113-1,CV-VAC-0113-1,synthetic,SYN-017287
ASM-03383,SES-01573,APP-00892,CRI-0534,EV-S2-01,4,20,[SINTÉTICO] Nivel 4: la evidencia registrada corresponde al descriptor; para el nivel 4 faltaría un ejemplo más completo.,parcial,2026-09-20T02:00:00,RV-VAC-0113-1,CV-VAC-0113-1,synthetic,SYN-017291
ASM-03384,SES-01573,APP-00892,CRI-0535,EV-S2-01,4,20,[SINTÉTICO] Nivel 4: la evidencia registrada corresponde al descriptor; para el nivel 4 faltaría un ejemplo más completo.,insuficiente,2026-09-20T02:00:00,RV-VAC-0113-1,CV-VAC-0113-1,synthetic,SYN-017293
ASM-03385,SES-01574,APP-00893,CRI-0531,EV-S2-02,2,10,[SINTÉTICO] Nivel 2: la evidencia registrada corresponde al descriptor; para el nivel 3 faltaría un ejemplo más completo.,parcial,2026-09-13T16:28:00,RV-VAC-0113-1,CV-VAC-0113-1,synthetic,SYN-017295
ASM-03386,SES-01574,APP-00893,CRI-0532,EV-S2-02,3,15,[SINTÉTICO] Nivel 3: la evidencia registrada corresponde al descriptor; para el nivel 4 faltaría un ejemplo más completo.,suficiente,2026-09-13T16:28:00,RV-VAC-0113-1,CV-VAC-0113-1,synthetic,SYN-017298
ASM-03387,SES-01574,APP-00893,CRI-0533,EV-S2-02,2,10,[SINTÉTICO] Nivel 2: la evidencia registrada corresponde al descriptor; para el nivel 3 faltaría un ejemplo más completo.,parcial,2026-09-13T16:28:00,RV-VAC-0113-1,CV-VAC-0113-1,synthetic,SYN-017301
ASM-03388,SES-01575,APP-00893,CRI-0534,EV-S2-01,2,10,[SINTÉTICO] Nivel 2: la evidencia registrada corresponde al descriptor; para el nivel 3 faltaría un ejemplo más completo.,parcial,2026-09-27T14:00:00,RV-VAC-0113-1,CV-VAC-0113-1,synthetic,SYN-017306
ASM-03389,SES-01575,APP-00893,CRI-0535,EV-S2-01,2,10,[SINTÉTICO] Nivel 2: la evidencia registrada corresponde al descriptor; para el nivel 3 faltaría un ejemplo más completo.,parcial,2026-09-27T14:00:00,RV-VAC-0113-1,CV-VAC-0113-1,synthetic,SYN-017308
ASM-03390,SES-01576,APP-00894,CRI-0536,EV-S3-01,1,5,[SINTÉTICO] Nivel 1: la evidencia registrada corresponde al descriptor; para el nivel 2 faltaría un ejemplo más completo.,suficiente,2026-02-06T03:04:00,RV-VAC-0114-1,CV-VAC-0114-1,synthetic,SYN-017311
ASM-03391,SES-01576,APP-00894,CRI-0537,EV-S3-01,1,5,[SINTÉTICO] Nivel 1: la evidencia registrada corresponde al descriptor; para el nivel 2 faltaría un ejemplo más completo.,parcial,2026-02-06T03:04:00,RV-VAC-0114-1,CV-VAC-0114-1,synthetic,SYN-017314
ASM-03392,SES-01577,APP-00894,CRI-0536,EV-S3-02,1,5,[SINTÉTICO] Nivel 1: la evidencia registrada corresponde al descriptor; para el nivel 2 faltaría un ejemplo más completo.,suficiente,2026-02-11T01:04:00,RV-VAC-0114-1,CV-VAC-0114-1,synthetic,SYN-017317
ASM-03393,SES-01577,APP-00894,CRI-0537,EV-S3-02,2,10,[SINTÉTICO] Nivel 2: la evidencia registrada corresponde al descriptor; para el nivel 3 faltaría un ejemplo más completo.,suficiente,2026-02-11T01:04:00,RV-VAC-0114-1,CV-VAC-0114-1,synthetic,SYN-017320
ASM-03394,SES-01578,APP-00894,CRI-0538,EV-S3-02,1,5,[SINTÉTICO] Nivel 1: la evidencia registrada corresponde al descriptor; para el nivel 2 faltaría un ejemplo más completo.,insuficiente,2026-02-15T20:00:00,RV-VAC-0114-1,CV-VAC-0114-1,synthetic,SYN-017324
ASM-03395,SES-01578,APP-00894,CRI-0539,EV-S3-02,1,5,[SINTÉTICO] Nivel 1: la evidencia registrada corresponde al descriptor; para el nivel 2 faltaría un ejemplo más completo.,parcial,2026-02-15T20:00:00,RV-VAC-0114-1,CV-VAC-0114-1,synthetic,SYN-017325
ASM-03396,SES-01579,APP-00895,CRI-0536,EV-S3-03,1,5,[SINTÉTICO] Nivel 1: la evidencia registrada corresponde al descriptor; para el nivel 2 faltaría un ejemplo más completo.,suficiente,2026-02-13T07:41:00,RV-VAC-0114-1,CV-VAC-0114-1,synthetic,SYN-017328
ASM-03397,SES-01579,APP-00895,CRI-0537,EV-S3-03,1,5,[SINTÉTICO] Nivel 1: la evidencia registrada corresponde al descriptor; para el nivel 2 faltaría un ejemplo más completo.,suficiente,2026-02-13T07:41:00,RV-VAC-0114-1,CV-VAC-0114-1,synthetic,SYN-017332
ASM-03398,SES-01580,APP-00895,CRI-0536,EV-S3-02,1,5,[SINTÉTICO] Nivel 1: la evidencia registrada corresponde al descriptor; para el nivel 2 faltaría un ejemplo más completo.,suficiente,2026-02-01T06:41:00,RV-VAC-0114-1,CV-VAC-0114-1,synthetic,SYN-017337
ASM-03399,SES-01580,APP-00895,CRI-0537,EV-S3-02,1,5,[SINTÉTICO] Nivel 1: la evidencia registrada corresponde al descriptor; para el nivel 2 faltaría un ejemplo más completo.,suficiente,2026-02-01T06:41:00,RV-VAC-0114-1,CV-VAC-0114-1,synthetic,SYN-017340
ASM-03400,SES-01581,APP-00895,CRI-0538,EV-S3-04,1,5,[SINTÉTICO] Nivel 1: la evidencia registrada corresponde al descriptor; para el nivel 2 faltaría un ejemplo más completo.,parcial,2026-02-03T16:00:00,RV-VAC-0114-1,CV-VAC-0114-1,synthetic,SYN-017344
ASM-03401,SES-01581,APP-00895,CRI-0539,EV-S3-04,1,5,[SINTÉTICO] Nivel 1: la evidencia registrada corresponde al descriptor; para el nivel 2 faltaría un ejemplo más completo.,suficiente,2026-02-03T16:00:00,RV-VAC-0114-1,CV-VAC-0114-1,synthetic,SYN-017346
ASM-03402,SES-01582,APP-00896,CRI-0536,EV-S3-03,1,5,[SINTÉTICO] Nivel 1: la evidencia registrada corresponde al descriptor; para el nivel 2 faltaría un ejemplo más completo.,suficiente,2026-02-08T05:00:00,RV-VAC-0114-1,CV-VAC-0114-1,synthetic,SYN-017349
ASM-03403,SES-01582,APP-00896,CRI-0537,EV-S3-03,2,10,[SINTÉTICO] Nivel 2: la evidencia registrada corresponde al descriptor; para el nivel 3 faltaría un ejemplo más completo.,parcial,2026-02-08T05:00:00,RV-VAC-0114-1,CV-VAC-0114-1,synthetic,SYN-017353
ASM-03404,SES-01583,APP-00896,CRI-0536,EV-S3-02,1,5,[SINTÉTICO] Nivel 1: la evidencia registrada corresponde al descriptor; para el nivel 2 faltaría un ejemplo más completo.,parcial,2026-02-11T19:02:00,RV-VAC-0114-1,CV-VAC-0114-1,synthetic,SYN-017356
ASM-03405,SES-01583,APP-00896,CRI-0537,EV-S3-02,3,15,[SINTÉTICO] Nivel 3: la evidencia registrada corresponde al descriptor; para el nivel 4 faltaría un ejemplo más completo.,suficiente,2026-02-11T19:02:00,RV-VAC-0114-1,CV-VAC-0114-1,synthetic,SYN-017359
ASM-03406,SES-01584,APP-00896,CRI-0538,EV-S3-01,1,5,[SINTÉTICO] Nivel 1: la evidencia registrada corresponde al descriptor; para el nivel 2 faltaría un ejemplo más completo.,suficiente,2026-02-10T01:00:00,RV-VAC-0114-1,CV-VAC-0114-1,synthetic,SYN-017362
ASM-03407,SES-01584,APP-00896,CRI-0539,EV-S3-01,1,5,[SINTÉTICO] Nivel 1: la evidencia registrada corresponde al descriptor; para el nivel 2 faltaría un ejemplo más completo.,parcial,2026-02-10T01:00:00,RV-VAC-0114-1,CV-VAC-0114-1,synthetic,SYN-017366
ASM-03408,SES-01585,APP-00897,CRI-0536,EV-S3-01,1,5,[SINTÉTICO] Nivel 1: la evidencia registrada corresponde al descriptor; para el nivel 2 faltaría un ejemplo más completo.,parcial,2026-02-05T14:24:00,RV-VAC-0114-1,CV-VAC-0114-1,synthetic,SYN-017369
ASM-03409,SES-01585,APP-00897,CRI-0537,EV-S3-01,1,5,[SINTÉTICO] Nivel 1: la evidencia registrada corresponde al descriptor; para el nivel 2 faltaría un ejemplo más completo.,suficiente,2026-02-05T14:24:00,RV-VAC-0114-1,CV-VAC-0114-1,synthetic,SYN-017372
ASM-03410,SES-01586,APP-00897,CRI-0538,EV-S3-01,1,5,[SINTÉTICO] Nivel 1: la evidencia registrada corresponde al descriptor; para el nivel 2 faltaría un ejemplo más completo.,parcial,2026-02-04T19:00:00,RV-VAC-0114-1,CV-VAC-0114-1,synthetic,SYN-017377
ASM-03411,SES-01586,APP-00897,CRI-0539,EV-S3-01,1,5,[SINTÉTICO] Nivel 1: la evidencia registrada corresponde al descriptor; para el nivel 2 faltaría un ejemplo más completo.,suficiente,2026-02-04T19:00:00,RV-VAC-0114-1,CV-VAC-0114-1,synthetic,SYN-017379
ASM-03412,SES-01587,APP-00898,CRI-0536,EV-S3-01,2,10,[SINTÉTICO] Nivel 2: la evidencia registrada corresponde al descriptor; para el nivel 3 faltaría un ejemplo más completo.,parcial,2026-02-06T13:12:00,RV-VAC-0114-1,CV-VAC-0114-1,synthetic,SYN-017383
ASM-03413,SES-01587,APP-00898,CRI-0537,EV-S3-01,2,10,[SINTÉTICO] Nivel 2: la evidencia registrada corresponde al descriptor; para el nivel 3 faltaría un ejemplo más completo.,suficiente,2026-02-06T13:12:00,RV-VAC-0114-1,CV-VAC-0114-1,synthetic,SYN-017386
ASM-03414,SES-01588,APP-00898,CRI-0538,EV-S3-04,1,5,[SINTÉTICO] Nivel 1: la evidencia registrada corresponde al descriptor; para el nivel 2 faltaría un ejemplo más completo.,suficiente,2026-02-06T19:00:00,RV-VAC-0114-1,CV-VAC-0114-1,synthetic,SYN-017389
ASM-03415,SES-01588,APP-00898,CRI-0539,EV-S3-04,1,5,[SINTÉTICO] Nivel 1: la evidencia registrada corresponde al descriptor; para el nivel 2 faltaría un ejemplo más completo.,suficiente,2026-02-06T19:00:00,RV-VAC-0114-1,CV-VAC-0114-1,synthetic,SYN-017392
ASM-03416,SES-01590,APP-00899,CRI-0543,EV-S1-01,1,5,[SINTÉTICO] Nivel 1: la evidencia registrada corresponde al descriptor; para el nivel 2 faltaría un ejemplo más completo.,suficiente,2026-09-01T23:00:00,RV-VAC-0115-1,CV-VAC-0115-1,synthetic,SYN-017397
ASM-03417,SES-01590,APP-00899,CRI-0544,EV-S1-01,1,5,[SINTÉTICO] Nivel 1: la evidencia registrada corresponde al descriptor; para el nivel 2 faltaría un ejemplo más completo.,parcial,2026-09-01T23:00:00,RV-VAC-0115-1,CV-VAC-0115-1,synthetic,SYN-017399
ASM-03418,SES-01590,APP-00899,CRI-0545,EV-S1-01,2,10,[SINTÉTICO] Nivel 2: la evidencia registrada corresponde al descriptor; para el nivel 3 faltaría un ejemplo más completo.,suficiente,2026-09-01T23:00:00,RV-VAC-0115-1,CV-VAC-0115-1,synthetic,SYN-017403
ASM-03419,SES-01591,APP-00900,CRI-0540,EV-S1-02,3,15,[SINTÉTICO] Nivel 3: la evidencia registrada corresponde al descriptor; para el nivel 4 faltaría un ejemplo más completo.,suficiente,2026-08-27T08:12:00,RV-VAC-0115-1,CV-VAC-0115-1,synthetic,SYN-017407
ASM-03420,SES-01591,APP-00900,CRI-0541,EV-S1-02,3,15,[SINTÉTICO] Nivel 3: la evidencia registrada corresponde al descriptor; para el nivel 4 faltaría un ejemplo más completo.,parcial,2026-08-27T08:12:00,RV-VAC-0115-1,CV-VAC-0115-1,synthetic,SYN-017410
ASM-03421,SES-01591,APP-00900,CRI-0542,EV-S1-02,4,20,[SINTÉTICO] Nivel 4: la evidencia registrada corresponde al descriptor; para el nivel 4 faltaría un ejemplo más completo.,suficiente,2026-08-27T08:12:00,RV-VAC-0115-1,CV-VAC-0115-1,synthetic,SYN-017412
ASM-03422,SES-01592,APP-00900,CRI-0543,EV-S1-02,3,15,[SINTÉTICO] Nivel 3: la evidencia registrada corresponde al descriptor; para el nivel 4 faltaría un ejemplo más completo.,parcial,2026-09-01T20:00:00,RV-VAC-0115-1,CV-VAC-0115-1,synthetic,SYN-017417
ASM-03423,SES-01592,APP-00900,CRI-0544,EV-S1-02,3,15,[SINTÉTICO] Nivel 3: la evidencia registrada corresponde al descriptor; para el nivel 4 faltaría un ejemplo más completo.,parcial,2026-09-01T20:00:00,RV-VAC-0115-1,CV-VAC-0115-1,synthetic,SYN-017419
ASM-03424,SES-01592,APP-00900,CRI-0545,EV-S1-02,3,15,[SINTÉTICO] Nivel 3: la evidencia registrada corresponde al descriptor; para el nivel 4 faltaría un ejemplo más completo.,suficiente,2026-09-01T20:00:00,RV-VAC-0115-1,CV-VAC-0115-1,synthetic,SYN-017423
ASM-03425,SES-01593,APP-00901,CRI-0540,EV-S1-01,1,5,[SINTÉTICO] Nivel 1: la evidencia registrada corresponde al descriptor; para el nivel 2 faltaría un ejemplo más completo.,insuficiente,2026-08-31T13:42:00,RV-VAC-0115-1,CV-VAC-0115-1,synthetic,SYN-017427
ASM-03426,SES-01593,APP-00901,CRI-0541,EV-S1-01,1,5,[SINTÉTICO] Nivel 1: la evidencia registrada corresponde al descriptor; para el nivel 2 faltaría un ejemplo más completo.,suficiente,2026-08-31T13:42:00,RV-VAC-0115-1,CV-VAC-0115-1,synthetic,SYN-017428
ASM-03427,SES-01593,APP-00901,CRI-0542,EV-S1-01,2,10,[SINTÉTICO] Nivel 2: la evidencia registrada corresponde al descriptor; para el nivel 3 faltaría un ejemplo más completo.,parcial,2026-08-31T13:42:00,RV-VAC-0115-1,CV-VAC-0115-1,synthetic,SYN-017430
ASM-03428,SES-01594,APP-00902,CRI-0540,EV-S1-04,4,20,[SINTÉTICO] Nivel 4: la evidencia registrada corresponde al descriptor; para el nivel 4 faltaría un ejemplo más completo.,suficiente,2026-08-30T14:32:00,RV-VAC-0115-1,CV-VAC-0115-1,synthetic,SYN-017434
ASM-03429,SES-01594,APP-00902,CRI-0541,EV-S1-04,4,20,[SINTÉTICO] Nivel 4: la evidencia registrada corresponde al descriptor; para el nivel 4 faltaría un ejemplo más completo.,suficiente,2026-08-30T14:32:00,RV-VAC-0115-1,CV-VAC-0115-1,synthetic,SYN-017437
ASM-03430,SES-01594,APP-00902,CRI-0542,EV-S1-04,4,20,[SINTÉTICO] Nivel 4: la evidencia registrada corresponde al descriptor; para el nivel 4 faltaría un ejemplo más completo.,suficiente,2026-08-30T14:32:00,RV-VAC-0115-1,CV-VAC-0115-1,synthetic,SYN-017440
ASM-03431,SES-01595,APP-00902,CRI-0543,EV-S1-03,4,20,[SINTÉTICO] Nivel 4: la evidencia registrada corresponde al descriptor; para el nivel 4 faltaría un ejemplo más completo.,suficiente,2026-08-29T19:00:00,RV-VAC-0115-1,CV-VAC-0115-1,synthetic,SYN-017444
ASM-03432,SES-01595,APP-00902,CRI-0544,EV-S1-03,4,20,[SINTÉTICO] Nivel 4: la evidencia registrada corresponde al descriptor; para el nivel 4 faltaría un ejemplo más completo.,suficiente,2026-08-29T19:00:00,RV-VAC-0115-1,CV-VAC-0115-1,synthetic,SYN-017447
ASM-03433,SES-01595,APP-00902,CRI-0545,EV-S1-03,4,20,[SINTÉTICO] Nivel 4: la evidencia registrada corresponde al descriptor; para el nivel 4 faltaría un ejemplo más completo.,suficiente,2026-08-29T19:00:00,RV-VAC-0115-1,CV-VAC-0115-1,synthetic,SYN-017450
ASM-03434,SES-01596,APP-00903,CRI-0540,EV-S1-01,4,20,[SINTÉTICO] Nivel 4: la evidencia registrada corresponde al descriptor; para el nivel 4 faltaría un ejemplo más completo.,suficiente,2026-08-29T11:14:00,RV-VAC-0115-1,CV-VAC-0115-1,synthetic,SYN-017454
ASM-03435,SES-01596,APP-00903,CRI-0541,EV-S1-01,4,20,[SINTÉTICO] Nivel 4: la evidencia registrada corresponde al descriptor; para el nivel 4 faltaría un ejemplo más completo.,parcial,2026-08-29T11:14:00,RV-VAC-0115-1,CV-VAC-0115-1,synthetic,SYN-017458
ASM-03436,SES-01596,APP-00903,CRI-0542,EV-S1-01,4,20,[SINTÉTICO] Nivel 4: la evidencia registrada corresponde al descriptor; para el nivel 4 faltaría un ejemplo más completo.,parcial,2026-08-29T11:14:00,RV-VAC-0115-1,CV-VAC-0115-1,synthetic,SYN-017462
ASM-03437,SES-01598,APP-00904,CRI-0540,EV-S1-02,4,20,[SINTÉTICO] Nivel 4: la evidencia registrada corresponde al descriptor; para el nivel 4 faltaría un ejemplo más completo.,suficiente,2026-08-24T12:28:00,RV-VAC-0115-1,CV-VAC-0115-1,synthetic,SYN-017467
ASM-03438,SES-01598,APP-00904,CRI-0541,EV-S1-02,4,20,[SINTÉTICO] Nivel 4: la evidencia registrada corresponde al descriptor; para el nivel 4 faltaría un ejemplo más completo.,suficiente,2026-08-24T12:28:00,RV-VAC-0115-1,CV-VAC-0115-1,synthetic,SYN-017470
ASM-03439,SES-01598,APP-00904,CRI-0542,EV-S1-02,4,20,[SINTÉTICO] Nivel 4: la evidencia registrada corresponde al descriptor; para el nivel 4 faltaría un ejemplo más completo.,parcial,2026-08-24T12:28:00,RV-VAC-0115-1,CV-VAC-0115-1,synthetic,SYN-017473
ASM-03440,SES-01599,APP-00905,CRI-0540,EV-S1-03,2,10,[SINTÉTICO] Nivel 2: la evidencia registrada corresponde al descriptor; para el nivel 3 faltaría un ejemplo más completo.,parcial,2026-08-24T19:24:00,RV-VAC-0115-1,CV-VAC-0115-1,synthetic,SYN-017477
ASM-03441,SES-01599,APP-00905,CRI-0541,EV-S1-03,2,10,[SINTÉTICO] Nivel 2: la evidencia registrada corresponde al descriptor; para el nivel 3 faltaría un ejemplo más completo.,suficiente,2026-08-24T19:24:00,RV-VAC-0115-1,CV-VAC-0115-1,synthetic,SYN-017480
ASM-03442,SES-01599,APP-00905,CRI-0542,EV-S1-03,2,10,[SINTÉTICO] Nivel 2: la evidencia registrada corresponde al descriptor; para el nivel 3 faltaría un ejemplo más completo.,suficiente,2026-08-24T19:24:00,RV-VAC-0115-1,CV-VAC-0115-1,synthetic,SYN-017484
ASM-03443,SES-01600,APP-00906,CRI-0540,EV-S1-01,3,15,[SINTÉTICO] Nivel 3: la evidencia registrada corresponde al descriptor; para el nivel 4 faltaría un ejemplo más completo.,parcial,2026-09-04T17:52:00,RV-VAC-0115-1,CV-VAC-0115-1,synthetic,SYN-017489
ASM-03444,SES-01600,APP-00906,CRI-0541,EV-S1-01,2,10,[SINTÉTICO] Nivel 2: la evidencia registrada corresponde al descriptor; para el nivel 3 faltaría un ejemplo más completo.,parcial,2026-09-04T17:52:00,RV-VAC-0115-1,CV-VAC-0115-1,synthetic,SYN-017493
ASM-03445,SES-01600,APP-00906,CRI-0542,EV-S1-01,1,5,[SINTÉTICO] Nivel 1: la evidencia registrada corresponde al descriptor; para el nivel 2 faltaría un ejemplo más completo.,insuficiente,2026-09-04T17:52:00,RV-VAC-0115-1,CV-VAC-0115-1,synthetic,SYN-017495
ASM-03446,SES-01601,APP-00907,CRI-0540,EV-S1-01,2,10,[SINTÉTICO] Nivel 2: la evidencia registrada corresponde al descriptor; para el nivel 3 faltaría un ejemplo más completo.,suficiente,2026-08-30T07:00:00,RV-VAC-0115-1,CV-VAC-0115-1,synthetic,SYN-017497
ASM-03447,SES-01601,APP-00907,CRI-0541,EV-S1-01,1,5,[SINTÉTICO] Nivel 1: la evidencia registrada corresponde al descriptor; para el nivel 2 faltaría un ejemplo más completo.,parcial,2026-08-30T07:00:00,RV-VAC-0115-1,CV-VAC-0115-1,synthetic,SYN-017500
ASM-03448,SES-01601,APP-00907,CRI-0542,EV-S1-01,1,5,[SINTÉTICO] Nivel 1: la evidencia registrada corresponde al descriptor; para el nivel 2 faltaría un ejemplo más completo.,suficiente,2026-08-30T07:00:00,RV-VAC-0115-1,CV-VAC-0115-1,synthetic,SYN-017503
ASM-03449,SES-01602,APP-00907,CRI-0543,EV-S1-01,2,10,[SINTÉTICO] Nivel 2: la evidencia registrada corresponde al descriptor; para el nivel 3 faltaría un ejemplo más completo.,suficiente,2026-09-05T18:00:00,RV-VAC-0115-1,CV-VAC-0115-1,synthetic,SYN-017508
ASM-03450,SES-01602,APP-00907,CRI-0544,EV-S1-01,2,10,[SINTÉTICO] Nivel 2: la evidencia registrada corresponde al descriptor; para el nivel 3 faltaría un ejemplo más completo.,suficiente,2026-09-05T18:00:00,RV-VAC-0115-1,CV-VAC-0115-1,synthetic,SYN-017510
ASM-03451,SES-01602,APP-00907,CRI-0545,EV-S1-01,2,10,[SINTÉTICO] Nivel 2: la evidencia registrada corresponde al descriptor; para el nivel 3 faltaría un ejemplo más completo.,parcial,2026-09-05T18:00:00,RV-VAC-0115-1,CV-VAC-0115-1,synthetic,SYN-017512
ASM-03452,SES-01603,APP-00908,CRI-0540,EV-S1-04,2,10,[SINTÉTICO] Nivel 2: la evidencia registrada corresponde al descriptor; para el nivel 3 faltaría un ejemplo más completo.,parcial,2026-08-20T05:00:00,RV-VAC-0115-1,CV-VAC-0115-1,synthetic,SYN-017515
ASM-03453,SES-01603,APP-00908,CRI-0541,EV-S1-04,3,15,[SINTÉTICO] Nivel 3: la evidencia registrada corresponde al descriptor; para el nivel 4 faltaría un ejemplo más completo.,suficiente,2026-08-20T05:00:00,RV-VAC-0115-1,CV-VAC-0115-1,synthetic,SYN-017518
ASM-03454,SES-01603,APP-00908,CRI-0542,EV-S1-04,3,15,[SINTÉTICO] Nivel 3: la evidencia registrada corresponde al descriptor; para el nivel 4 faltaría un ejemplo más completo.,suficiente,2026-08-20T05:00:00,RV-VAC-0115-1,CV-VAC-0115-1,synthetic,SYN-017521
ASM-03455,SES-01604,APP-00909,CRI-0540,EV-S1-01,2,10,[SINTÉTICO] Nivel 2: la evidencia registrada corresponde al descriptor; para el nivel 3 faltaría un ejemplo más completo.,insuficiente,2026-08-27T19:28:00,RV-VAC-0115-1,CV-VAC-0115-1,synthetic,SYN-017526
ASM-03456,SES-01604,APP-00909,CRI-0541,EV-S1-01,1,5,[SINTÉTICO] Nivel 1: la evidencia registrada corresponde al descriptor; para el nivel 2 faltaría un ejemplo más completo.,suficiente,2026-08-27T19:28:00,RV-VAC-0115-1,CV-VAC-0115-1,synthetic,SYN-017527
ASM-03457,SES-01604,APP-00909,CRI-0542,EV-S1-01,1,5,[SINTÉTICO] Nivel 1: la evidencia registrada corresponde al descriptor; para el nivel 2 faltaría un ejemplo más completo.,suficiente,2026-08-27T19:28:00,RV-VAC-0115-1,CV-VAC-0115-1,synthetic,SYN-017530
ASM-03458,SES-01605,APP-00910,CRI-0546,EV-S2-04,1,5,[SINTÉTICO] Nivel 1: la evidencia registrada corresponde al descriptor; para el nivel 2 faltaría un ejemplo más completo.,parcial,2026-05-12T03:11:00,RV-VAC-0116-1,CV-VAC-0116-1,synthetic,SYN-017535
ASM-03459,SES-01605,APP-00910,CRI-0547,EV-S2-04,1,5,[SINTÉTICO] Nivel 1: la evidencia registrada corresponde al descriptor; para el nivel 2 faltaría un ejemplo más completo.,insuficiente,2026-05-12T03:11:00,RV-VAC-0116-1,CV-VAC-0116-1,synthetic,SYN-017538
ASM-03460,SES-01606,APP-00910,CRI-0548,EV-S2-01,1,5,[SINTÉTICO] Nivel 1: la evidencia registrada corresponde al descriptor; para el nivel 2 faltaría un ejemplo más completo.,parcial,2026-05-14T13:00:00,RV-VAC-0116-1,CV-VAC-0116-1,synthetic,SYN-017540
ASM-03461,SES-01606,APP-00910,CRI-0549,EV-S2-01,1,5,[SINTÉTICO] Nivel 1: la evidencia registrada corresponde al descriptor; para el nivel 2 faltaría un ejemplo más completo.,suficiente,2026-05-14T13:00:00,RV-VAC-0116-1,CV-VAC-0116-1,synthetic,SYN-017543
ASM-03462,SES-01607,APP-00911,CRI-0546,EV-S2-02,3,15,[SINTÉTICO] Nivel 3: la evidencia registrada corresponde al descriptor; para el nivel 4 faltaría un ejemplo más completo.,parcial,2026-05-05T04:46:00,RV-VAC-0116-1,CV-VAC-0116-1,synthetic,SYN-017547
ASM-03463,SES-01607,APP-00911,CRI-0547,EV-S2-02,4,20,[SINTÉTICO] Nivel 4: la evidencia registrada corresponde al descriptor; para el nivel 4 faltaría un ejemplo más completo.,parcial,2026-05-05T04:46:00,RV-VAC-0116-1,CV-VAC-0116-1,synthetic,SYN-017549
ASM-03464,SES-01608,APP-00913,CRI-0550,EV-S3-04,1,5,[SINTÉTICO] Nivel 1: la evidencia registrada corresponde al descriptor; para el nivel 2 faltaría un ejemplo más completo.,suficiente,2026-04-06T16:29:00,RV-VAC-0117-1,CV-VAC-0117-1,synthetic,SYN-017554
ASM-03465,SES-01608,APP-00913,CRI-0551,EV-S3-04,1,5,[SINTÉTICO] Nivel 1: la evidencia registrada corresponde al descriptor; para el nivel 2 faltaría un ejemplo más completo.,suficiente,2026-04-06T16:29:00,RV-VAC-0117-1,CV-VAC-0117-1,synthetic,SYN-017558
ASM-03466,SES-01609,APP-00913,CRI-0550,EV-S3-03,2,10,[SINTÉTICO] Nivel 2: la evidencia registrada corresponde al descriptor; para el nivel 3 faltaría un ejemplo más completo.,suficiente,2026-03-27T17:29:00,RV-VAC-0117-1,CV-VAC-0117-1,synthetic,SYN-017561
ASM-03467,SES-01609,APP-00913,CRI-0551,EV-S3-03,1,5,[SINTÉTICO] Nivel 1: la evidencia registrada corresponde al descriptor; para el nivel 2 faltaría un ejemplo más completo.,suficiente,2026-03-27T17:29:00,RV-VAC-0117-1,CV-VAC-0117-1,synthetic,SYN-017565
ASM-03468,SES-01610,APP-00914,CRI-0550,EV-S3-01,1,5,[SINTÉTICO] Nivel 1: la evidencia registrada corresponde al descriptor; para el nivel 2 faltaría un ejemplo más completo.,parcial,2026-03-26T13:43:00,RV-VAC-0117-1,CV-VAC-0117-1,synthetic,SYN-017569
ASM-03469,SES-01610,APP-00914,CRI-0551,EV-S3-01,1,5,[SINTÉTICO] Nivel 1: la evidencia registrada corresponde al descriptor; para el nivel 2 faltaría un ejemplo más completo.,parcial,2026-03-26T13:43:00,RV-VAC-0117-1,CV-VAC-0117-1,synthetic,SYN-017571
ASM-03470,SES-01611,APP-00914,CRI-0552,EV-S3-01,1,5,[SINTÉTICO] Nivel 1: la evidencia registrada corresponde al descriptor; para el nivel 2 faltaría un ejemplo más completo.,parcial,2026-04-11T19:00:00,RV-VAC-0117-1,CV-VAC-0117-1,synthetic,SYN-017574
ASM-03471,SES-01611,APP-00914,CRI-0553,EV-S3-01,2,10,[SINTÉTICO] Nivel 2: la evidencia registrada corresponde al descriptor; para el nivel 3 faltaría un ejemplo más completo.,suficiente,2026-04-11T19:00:00,RV-VAC-0117-1,CV-VAC-0117-1,synthetic,SYN-017578
ASM-03472,SES-01612,APP-00915,CRI-0550,EV-S3-01,3,15,[SINTÉTICO] Nivel 3: la evidencia registrada corresponde al descriptor; para el nivel 4 faltaría un ejemplo más completo.,parcial,2026-04-02T00:27:00,RV-VAC-0117-1,CV-VAC-0117-1,synthetic,SYN-017583
ASM-03473,SES-01612,APP-00915,CRI-0551,EV-S3-01,4,20,[SINTÉTICO] Nivel 4: la evidencia registrada corresponde al descriptor; para el nivel 4 faltaría un ejemplo más completo.,suficiente,2026-04-02T00:27:00,RV-VAC-0117-1,CV-VAC-0117-1,synthetic,SYN-017586
ASM-03474,SES-01613,APP-00915,CRI-0552,EV-S3-04,4,20,[SINTÉTICO] Nivel 4: la evidencia registrada corresponde al descriptor; para el nivel 4 faltaría un ejemplo más completo.,parcial,2026-04-11T20:00:00,RV-VAC-0117-1,CV-VAC-0117-1,synthetic,SYN-017591
ASM-03475,SES-01613,APP-00915,CRI-0553,EV-S3-04,3,15,[SINTÉTICO] Nivel 3: la evidencia registrada corresponde al descriptor; para el nivel 4 faltaría un ejemplo más completo.,suficiente,2026-04-11T20:00:00,RV-VAC-0117-1,CV-VAC-0117-1,synthetic,SYN-017595
ASM-03476,SES-01614,APP-00916,CRI-0550,EV-S3-01,1,5,[SINTÉTICO] Nivel 1: la evidencia registrada corresponde al descriptor; para el nivel 2 faltaría un ejemplo más completo.,parcial,2026-03-29T20:25:00,RV-VAC-0117-1,CV-VAC-0117-1,synthetic,SYN-017600
ASM-03477,SES-01614,APP-00916,CRI-0551,EV-S3-01,1,5,[SINTÉTICO] Nivel 1: la evidencia registrada corresponde al descriptor; para el nivel 2 faltaría un ejemplo más completo.,parcial,2026-03-29T20:25:00,RV-VAC-0117-1,CV-VAC-0117-1,synthetic,SYN-017604
ASM-03478,SES-01615,APP-00916,CRI-0550,EV-S3-04,1,5,[SINTÉTICO] Nivel 1: la evidencia registrada corresponde al descriptor; para el nivel 2 faltaría un ejemplo más completo.,suficiente,2026-03-30T15:25:00,RV-VAC-0117-1,CV-VAC-0117-1,synthetic,SYN-017607
ASM-03479,SES-01615,APP-00916,CRI-0551,EV-S3-04,1,5,[SINTÉTICO] Nivel 1: la evidencia registrada corresponde al descriptor; para el nivel 2 faltaría un ejemplo más completo.,parcial,2026-03-30T15:25:00,RV-VAC-0117-1,CV-VAC-0117-1,synthetic,SYN-017609
ASM-03480,SES-01616,APP-00916,CRI-0552,EV-S3-03,1,5,[SINTÉTICO] Nivel 1: la evidencia registrada corresponde al descriptor; para el nivel 2 faltaría un ejemplo más completo.,parcial,2026-04-14T16:00:00,RV-VAC-0117-1,CV-VAC-0117-1,synthetic,SYN-017614
ASM-03481,SES-01616,APP-00916,CRI-0553,EV-S3-03,1,5,[SINTÉTICO] Nivel 1: la evidencia registrada corresponde al descriptor; para el nivel 2 faltaría un ejemplo más completo.,parcial,2026-04-14T16:00:00,RV-VAC-0117-1,CV-VAC-0117-1,synthetic,SYN-017618
ASM-03482,SES-01617,APP-00917,CRI-0550,EV-S3-01,3,15,[SINTÉTICO] Nivel 3: la evidencia registrada corresponde al descriptor; para el nivel 4 faltaría un ejemplo más completo.,suficiente,2026-03-29T06:29:00,RV-VAC-0117-1,CV-VAC-0117-1,synthetic,SYN-017621
ASM-03483,SES-01617,APP-00917,CRI-0551,EV-S3-01,2,10,[SINTÉTICO] Nivel 2: la evidencia registrada corresponde al descriptor; para el nivel 3 faltaría un ejemplo más completo.,suficiente,2026-03-29T06:29:00,RV-VAC-0117-1,CV-VAC-0117-1,synthetic,SYN-017624
ASM-03484,SES-01618,APP-00918,CRI-0550,EV-S3-03,1,5,[SINTÉTICO] Nivel 1: la evidencia registrada corresponde al descriptor; para el nivel 2 faltaría un ejemplo más completo.,parcial,2026-03-29T10:02:00,RV-VAC-0117-1,CV-VAC-0117-1,synthetic,SYN-017628
ASM-03485,SES-01618,APP-00918,CRI-0551,EV-S3-03,1,5,[SINTÉTICO] Nivel 1: la evidencia registrada corresponde al descriptor; para el nivel 2 faltaría un ejemplo más completo.,parcial,2026-03-29T10:02:00,RV-VAC-0117-1,CV-VAC-0117-1,synthetic,SYN-017631
ASM-03486,SES-01619,APP-00918,CRI-0552,EV-S3-03,1,5,[SINTÉTICO] Nivel 1: la evidencia registrada corresponde al descriptor; para el nivel 2 faltaría un ejemplo más completo.,suficiente,2026-04-14T17:00:00,RV-VAC-0117-1,CV-VAC-0117-1,synthetic,SYN-017634
ASM-03487,SES-01619,APP-00918,CRI-0553,EV-S3-03,1,5,[SINTÉTICO] Nivel 1: la evidencia registrada corresponde al descriptor; para el nivel 2 faltaría un ejemplo más completo.,suficiente,2026-04-14T17:00:00,RV-VAC-0117-1,CV-VAC-0117-1,synthetic,SYN-017638
ASM-03488,SES-01620,APP-00919,CRI-0550,EV-S3-04,2,10,[SINTÉTICO] Nivel 2: la evidencia registrada corresponde al descriptor; para el nivel 3 faltaría un ejemplo más completo.,suficiente,2026-03-29T23:38:00,RV-VAC-0117-1,CV-VAC-0117-1,synthetic,SYN-017641
ASM-03489,SES-01620,APP-00919,CRI-0551,EV-S3-04,3,15,[SINTÉTICO] Nivel 3: la evidencia registrada corresponde al descriptor; para el nivel 4 faltaría un ejemplo más completo.,parcial,2026-03-29T23:38:00,RV-VAC-0117-1,CV-VAC-0117-1,synthetic,SYN-017644
ASM-03490,SES-01621,APP-00919,CRI-0552,EV-S3-01,2,10,[SINTÉTICO] Nivel 2: la evidencia registrada corresponde al descriptor; para el nivel 3 faltaría un ejemplo más completo.,suficiente,2026-04-16T21:00:00,RV-VAC-0117-1,CV-VAC-0117-1,synthetic,SYN-017647
ASM-03491,SES-01621,APP-00919,CRI-0553,EV-S3-01,2,10,[SINTÉTICO] Nivel 2: la evidencia registrada corresponde al descriptor; para el nivel 3 faltaría un ejemplo más completo.,suficiente,2026-04-16T21:00:00,RV-VAC-0117-1,CV-VAC-0117-1,synthetic,SYN-017651
ASM-03492,SES-01622,APP-00920,CRI-0550,EV-S3-03,3,15,[SINTÉTICO] Nivel 3: la evidencia registrada corresponde al descriptor; para el nivel 4 faltaría un ejemplo más completo.,parcial,2026-04-04T09:35:00,RV-VAC-0117-1,CV-VAC-0117-1,synthetic,SYN-017655
ASM-03493,SES-01622,APP-00920,CRI-0551,EV-S3-03,2,10,[SINTÉTICO] Nivel 2: la evidencia registrada corresponde al descriptor; para el nivel 3 faltaría un ejemplo más completo.,suficiente,2026-04-04T09:35:00,RV-VAC-0117-1,CV-VAC-0117-1,synthetic,SYN-017658
ASM-03494,SES-01623,APP-00920,CRI-0552,EV-S3-03,3,15,[SINTÉTICO] Nivel 3: la evidencia registrada corresponde al descriptor; para el nivel 4 faltaría un ejemplo más completo.,suficiente,2026-04-15T22:00:00,RV-VAC-0117-1,CV-VAC-0117-1,synthetic,SYN-017663
ASM-03495,SES-01623,APP-00920,CRI-0553,EV-S3-03,3,15,[SINTÉTICO] Nivel 3: la evidencia registrada corresponde al descriptor; para el nivel 4 faltaría un ejemplo más completo.,insuficiente,2026-04-15T22:00:00,RV-VAC-0117-1,CV-VAC-0117-1,synthetic,SYN-017666
ASM-03496,SES-01624,APP-00921,CRI-0550,EV-S3-04,3,15,[SINTÉTICO] Nivel 3: la evidencia registrada corresponde al descriptor; para el nivel 4 faltaría un ejemplo más completo.,suficiente,2026-04-06T06:00:00,RV-VAC-0117-1,CV-VAC-0117-1,synthetic,SYN-017668
ASM-03497,SES-01624,APP-00921,CRI-0551,EV-S3-04,3,15,[SINTÉTICO] Nivel 3: la evidencia registrada corresponde al descriptor; para el nivel 4 faltaría un ejemplo más completo.,suficiente,2026-04-06T06:00:00,RV-VAC-0117-1,CV-VAC-0117-1,synthetic,SYN-017672
ASM-03498,SES-01625,APP-00921,CRI-0552,EV-S3-03,3,15,[SINTÉTICO] Nivel 3: la evidencia registrada corresponde al descriptor; para el nivel 4 faltaría un ejemplo más completo.,suficiente,2026-04-17T20:00:00,RV-VAC-0117-1,CV-VAC-0117-1,synthetic,SYN-017677
ASM-03499,SES-01625,APP-00921,CRI-0553,EV-S3-03,3,15,[SINTÉTICO] Nivel 3: la evidencia registrada corresponde al descriptor; para el nivel 4 faltaría un ejemplo más completo.,suficiente,2026-04-17T20:00:00,RV-VAC-0117-1,CV-VAC-0117-1,synthetic,SYN-017682
ASM-03500,SES-01626,APP-00923,CRI-0550,EV-S3-01,1,5,[SINTÉTICO] Nivel 1: la evidencia registrada corresponde al descriptor; para el nivel 2 faltaría un ejemplo más completo.,parcial,2026-04-07T19:31:00,RV-VAC-0117-1,CV-VAC-0117-1,synthetic,SYN-017686
ASM-03501,SES-01626,APP-00923,CRI-0551,EV-S3-01,1,5,[SINTÉTICO] Nivel 1: la evidencia registrada corresponde al descriptor; para el nivel 2 faltaría un ejemplo más completo.,suficiente,2026-04-07T19:31:00,RV-VAC-0117-1,CV-VAC-0117-1,synthetic,SYN-017690
ASM-03502,SES-01627,APP-00923,CRI-0552,EV-S3-03,2,10,[SINTÉTICO] Nivel 2: la evidencia registrada corresponde al descriptor; para el nivel 3 faltaría un ejemplo más completo.,suficiente,2026-04-07T02:00:00,RV-VAC-0117-1,CV-VAC-0117-1,synthetic,SYN-017694
ASM-03503,SES-01627,APP-00923,CRI-0553,EV-S3-03,1,5,[SINTÉTICO] Nivel 1: la evidencia registrada corresponde al descriptor; para el nivel 2 faltaría un ejemplo más completo.,suficiente,2026-04-07T02:00:00,RV-VAC-0117-1,CV-VAC-0117-1,synthetic,SYN-017696
ASM-03504,SES-01628,APP-00924,CRI-0550,EV-S3-01,3,15,[SINTÉTICO] Nivel 3: la evidencia registrada corresponde al descriptor; para el nivel 4 faltaría un ejemplo más completo.,suficiente,2026-03-31T17:14:00,RV-VAC-0117-1,CV-VAC-0117-1,synthetic,SYN-017700
ASM-03505,SES-01628,APP-00924,CRI-0551,EV-S3-01,4,20,[SINTÉTICO] Nivel 4: la evidencia registrada corresponde al descriptor; para el nivel 4 faltaría un ejemplo más completo.,suficiente,2026-03-31T17:14:00,RV-VAC-0117-1,CV-VAC-0117-1,synthetic,SYN-017704
ASM-03506,SES-01629,APP-00924,CRI-0552,EV-S3-01,3,15,[SINTÉTICO] Nivel 3: la evidencia registrada corresponde al descriptor; para el nivel 4 faltaría un ejemplo más completo.,suficiente,2026-04-05T01:00:00,RV-VAC-0117-1,CV-VAC-0117-1,synthetic,SYN-017708
ASM-03507,SES-01629,APP-00924,CRI-0553,EV-S3-01,3,15,[SINTÉTICO] Nivel 3: la evidencia registrada corresponde al descriptor; para el nivel 4 faltaría un ejemplo más completo.,insuficiente,2026-04-05T01:00:00,RV-VAC-0117-1,CV-VAC-0117-1,synthetic,SYN-017711
ASM-03508,SES-01631,APP-00927,CRI-0554,EV-S1-04,4,20,[SINTÉTICO] Nivel 4: la evidencia registrada corresponde al descriptor; para el nivel 4 faltaría un ejemplo más completo.,parcial,2026-02-05T19:18:00,RV-VAC-0118-1,CV-VAC-0118-1,synthetic,SYN-017714
ASM-03509,SES-01631,APP-00927,CRI-0555,EV-S1-04,2,10,[SINTÉTICO] Nivel 2: la evidencia registrada corresponde al descriptor; para el nivel 3 faltaría un ejemplo más completo.,suficiente,2026-02-05T19:18:00,RV-VAC-0118-1,CV-VAC-0118-1,synthetic,SYN-017717
ASM-03510,SES-01631,APP-00927,CRI-0556,EV-S1-04,3,15,[SINTÉTICO] Nivel 3: la evidencia registrada corresponde al descriptor; para el nivel 4 faltaría un ejemplo más completo.,parcial,2026-02-05T19:18:00,RV-VAC-0118-1,CV-VAC-0118-1,synthetic,SYN-017721
ASM-03511,SES-01632,APP-00927,CRI-0557,EV-S1-02,3,15,[SINTÉTICO] Nivel 3: la evidencia registrada corresponde al descriptor; para el nivel 4 faltaría un ejemplo más completo.,parcial,2026-02-03T21:00:00,RV-VAC-0118-1,CV-VAC-0118-1,synthetic,SYN-017724
ASM-03512,SES-01632,APP-00927,CRI-0558,EV-S1-02,3,15,[SINTÉTICO] Nivel 3: la evidencia registrada corresponde al descriptor; para el nivel 4 faltaría un ejemplo más completo.,parcial,2026-02-03T21:00:00,RV-VAC-0118-1,CV-VAC-0118-1,synthetic,SYN-017726
ASM-03513,SES-01632,APP-00927,CRI-0559,EV-S1-02,3,15,[SINTÉTICO] Nivel 3: la evidencia registrada corresponde al descriptor; para el nivel 4 faltaría un ejemplo más completo.,parcial,2026-02-03T21:00:00,RV-VAC-0118-1,CV-VAC-0118-1,synthetic,SYN-017729
ASM-03514,SES-01633,APP-00928,CRI-0560,EV-S2-04,2,10,[SINTÉTICO] Nivel 2: la evidencia registrada corresponde al descriptor; para el nivel 3 faltaría un ejemplo más completo.,suficiente,2026-04-29T11:26:00,RV-VAC-0119-1,CV-VAC-0119-1,synthetic,SYN-017732
ASM-03515,SES-01633,APP-00928,CRI-0561,EV-S2-04,1,5,[SINTÉTICO] Nivel 1: la evidencia registrada corresponde al descriptor; para el nivel 2 faltaría un ejemplo más completo.,suficiente,2026-04-29T11:26:00,RV-VAC-0119-1,CV-VAC-0119-1,synthetic,SYN-017735
ASM-03516,SES-01633,APP-00928,CRI-0562,EV-S2-04,3,15,[SINTÉTICO] Nivel 3: la evidencia registrada corresponde al descriptor; para el nivel 4 faltaría un ejemplo más completo.,insuficiente,2026-04-29T11:26:00,RV-VAC-0119-1,CV-VAC-0119-1,synthetic,SYN-017738
ASM-03517,SES-01634,APP-00928,CRI-0560,EV-S2-03,3,15,[SINTÉTICO] Nivel 3: la evidencia registrada corresponde al descriptor; para el nivel 4 faltaría un ejemplo más completo.,suficiente,2026-04-23T16:26:00,RV-VAC-0119-1,CV-VAC-0119-1,synthetic,SYN-017741
ASM-03518,SES-01634,APP-00928,CRI-0561,EV-S2-03,1,5,[SINTÉTICO] Nivel 1: la evidencia registrada corresponde al descriptor; para el nivel 2 faltaría un ejemplo más completo.,suficiente,2026-04-23T16:26:00,RV-VAC-0119-1,CV-VAC-0119-1,synthetic,SYN-017744
ASM-03519,SES-01634,APP-00928,CRI-0562,EV-S2-03,3,15,[SINTÉTICO] Nivel 3: la evidencia registrada corresponde al descriptor; para el nivel 4 faltaría un ejemplo más completo.,suficiente,2026-04-23T16:26:00,RV-VAC-0119-1,CV-VAC-0119-1,synthetic,SYN-017746
ASM-03520,SES-01635,APP-00930,CRI-0560,EV-S2-03,2,10,[SINTÉTICO] Nivel 2: la evidencia registrada corresponde al descriptor; para el nivel 3 faltaría un ejemplo más completo.,parcial,2026-05-02T10:45:00,RV-VAC-0119-1,CV-VAC-0119-1,synthetic,SYN-017749
ASM-03521,SES-01635,APP-00930,CRI-0561,EV-S2-03,1,5,[SINTÉTICO] Nivel 1: la evidencia registrada corresponde al descriptor; para el nivel 2 faltaría un ejemplo más completo.,suficiente,2026-05-02T10:45:00,RV-VAC-0119-1,CV-VAC-0119-1,synthetic,SYN-017752
ASM-03522,SES-01635,APP-00930,CRI-0562,EV-S2-03,1,5,[SINTÉTICO] Nivel 1: la evidencia registrada corresponde al descriptor; para el nivel 2 faltaría un ejemplo más completo.,suficiente,2026-05-02T10:45:00,RV-VAC-0119-1,CV-VAC-0119-1,synthetic,SYN-017755
ASM-03523,SES-01636,APP-00931,CRI-0560,EV-S2-01,1,5,[SINTÉTICO] Nivel 1: la evidencia registrada corresponde al descriptor; para el nivel 2 faltaría un ejemplo más completo.,parcial,2026-05-04T20:05:00,RV-VAC-0119-1,CV-VAC-0119-1,synthetic,SYN-017760
ASM-03524,SES-01636,APP-00931,CRI-0561,EV-S2-01,2,10,[SINTÉTICO] Nivel 2: la evidencia registrada corresponde al descriptor; para el nivel 3 faltaría un ejemplo más completo.,suficiente,2026-05-04T20:05:00,RV-VAC-0119-1,CV-VAC-0119-1,synthetic,SYN-017764
ASM-03525,SES-01636,APP-00931,CRI-0562,EV-S2-01,2,10,[SINTÉTICO] Nivel 2: la evidencia registrada corresponde al descriptor; para el nivel 3 faltaría un ejemplo más completo.,suficiente,2026-05-04T20:05:00,RV-VAC-0119-1,CV-VAC-0119-1,synthetic,SYN-017767
ASM-03526,SES-01637,APP-00931,CRI-0563,EV-S2-01,1,5,[SINTÉTICO] Nivel 1: la evidencia registrada corresponde al descriptor; para el nivel 2 faltaría un ejemplo más completo.,parcial,2026-05-08T15:00:00,RV-VAC-0119-1,CV-VAC-0119-1,synthetic,SYN-017771
ASM-03527,SES-01637,APP-00931,CRI-0564,EV-S2-01,2,10,[SINTÉTICO] Nivel 2: la evidencia registrada corresponde al descriptor; para el nivel 3 faltaría un ejemplo más completo.,insuficiente,2026-05-08T15:00:00,RV-VAC-0119-1,CV-VAC-0119-1,synthetic,SYN-017773
ASM-03528,SES-01638,APP-00933,CRI-0565,EV-S3-02,1,5,[SINTÉTICO] Nivel 1: la evidencia registrada corresponde al descriptor; para el nivel 2 faltaría un ejemplo más completo.,suficiente,2026-07-20T06:06:00,RV-VAC-0120-1,CV-VAC-0120-1,synthetic,SYN-017775
ASM-03529,SES-01638,APP-00933,CRI-0566,EV-S3-02,1,5,[SINTÉTICO] Nivel 1: la evidencia registrada corresponde al descriptor; para el nivel 2 faltaría un ejemplo más completo.,parcial,2026-07-20T06:06:00,RV-VAC-0120-1,CV-VAC-0120-1,synthetic,SYN-017779
ASM-03530,SES-01639,APP-00933,CRI-0567,EV-S3-02,1,5,[SINTÉTICO] Nivel 1: la evidencia registrada corresponde al descriptor; para el nivel 2 faltaría un ejemplo más completo.,parcial,2026-07-25T14:00:00,RV-VAC-0120-1,CV-VAC-0120-1,synthetic,SYN-017784
ASM-03531,SES-01639,APP-00933,CRI-0568,EV-S3-02,1,5,[SINTÉTICO] Nivel 1: la evidencia registrada corresponde al descriptor; para el nivel 2 faltaría un ejemplo más completo.,parcial,2026-07-25T14:00:00,RV-VAC-0120-1,CV-VAC-0120-1,synthetic,SYN-017787
ASM-03532,SES-01640,APP-00934,CRI-0565,EV-S3-04,3,15,[SINTÉTICO] Nivel 3: la evidencia registrada corresponde al descriptor; para el nivel 4 faltaría un ejemplo más completo.,suficiente,2026-07-25T08:17:00,RV-VAC-0120-1,CV-VAC-0120-1,synthetic,SYN-017792
ASM-03533,SES-01640,APP-00934,CRI-0566,EV-S3-04,4,20,[SINTÉTICO] Nivel 4: la evidencia registrada corresponde al descriptor; para el nivel 4 faltaría un ejemplo más completo.,suficiente,2026-07-25T08:17:00,RV-VAC-0120-1,CV-VAC-0120-1,synthetic,SYN-017795
ASM-03534,SES-01642,APP-00934,CRI-0567,EV-S3-01,4,20,[SINTÉTICO] Nivel 4: la evidencia registrada corresponde al descriptor; para el nivel 4 faltaría un ejemplo más completo.,parcial,2026-07-24T15:00:00,RV-VAC-0120-1,CV-VAC-0120-1,synthetic,SYN-017802
ASM-03535,SES-01642,APP-00934,CRI-0568,EV-S3-01,4,20,[SINTÉTICO] Nivel 4: la evidencia registrada corresponde al descriptor; para el nivel 4 faltaría un ejemplo más completo.,suficiente,2026-07-24T15:00:00,RV-VAC-0120-1,CV-VAC-0120-1,synthetic,SYN-017805
ASM-03536,SES-01643,APP-00936,CRI-0565,EV-S3-02,2,10,[SINTÉTICO] Nivel 2: la evidencia registrada corresponde al descriptor; para el nivel 3 faltaría un ejemplo más completo.,suficiente,2026-07-21T17:10:00,RV-VAC-0120-1,CV-VAC-0120-1,synthetic,SYN-017809
ASM-03537,SES-01643,APP-00936,CRI-0566,EV-S3-02,2,10,[SINTÉTICO] Nivel 2: la evidencia registrada corresponde al descriptor; para el nivel 3 faltaría un ejemplo más completo.,suficiente,2026-07-21T17:10:00,RV-VAC-0120-1,CV-VAC-0120-1,synthetic,SYN-017811
ASM-03538,SES-01645,APP-00937,CRI-0565,EV-S3-02,4,20,[SINTÉTICO] Nivel 4: la evidencia registrada corresponde al descriptor; para el nivel 4 faltaría un ejemplo más completo.,parcial,2026-07-29T15:55:00,RV-VAC-0120-1,CV-VAC-0120-1,synthetic,SYN-017817
ASM-03539,SES-01645,APP-00937,CRI-0566,EV-S3-02,4,20,[SINTÉTICO] Nivel 4: la evidencia registrada corresponde al descriptor; para el nivel 4 faltaría un ejemplo más completo.,insuficiente,2026-07-29T15:55:00,RV-VAC-0120-1,CV-VAC-0120-1,synthetic,SYN-017819
ASM-03540,SES-01646,APP-00938,CRI-0565,EV-S3-03,4,20,[SINTÉTICO] Nivel 4: la evidencia registrada corresponde al descriptor; para el nivel 4 faltaría un ejemplo más completo.,suficiente,2026-07-16T05:52:00,RV-VAC-0120-1,CV-VAC-0120-1,synthetic,SYN-017821
ASM-03541,SES-01646,APP-00938,CRI-0566,EV-S3-03,3,15,[SINTÉTICO] Nivel 3: la evidencia registrada corresponde al descriptor; para el nivel 4 faltaría un ejemplo más completo.,suficiente,2026-07-16T05:52:00,RV-VAC-0120-1,CV-VAC-0120-1,synthetic,SYN-017825
ASM-03542,SES-01647,APP-00938,CRI-0567,EV-S3-01,3,15,[SINTÉTICO] Nivel 3: la evidencia registrada corresponde al descriptor; para el nivel 4 faltaría un ejemplo más completo.,suficiente,2026-07-23T03:00:00,RV-VAC-0120-1,CV-VAC-0120-1,synthetic,SYN-017830
ASM-03543,SES-01647,APP-00938,CRI-0568,EV-S3-01,4,20,[SINTÉTICO] Nivel 4: la evidencia registrada corresponde al descriptor; para el nivel 4 faltaría un ejemplo más completo.,parcial,2026-07-23T03:00:00,RV-VAC-0120-1,CV-VAC-0120-1,synthetic,SYN-017833
ASM-03544,SES-01648,APP-00939,CRI-0565,EV-S3-04,2,10,[SINTÉTICO] Nivel 2: la evidencia registrada corresponde al descriptor; para el nivel 3 faltaría un ejemplo más completo.,suficiente,2026-07-16T23:56:00,RV-VAC-0120-1,CV-VAC-0120-1,synthetic,SYN-017836
ASM-03545,SES-01648,APP-00939,CRI-0566,EV-S3-04,3,15,[SINTÉTICO] Nivel 3: la evidencia registrada corresponde al descriptor; para el nivel 4 faltaría un ejemplo más completo.,parcial,2026-07-16T23:56:00,RV-VAC-0120-1,CV-VAC-0120-1,synthetic,SYN-017839
ASM-03546,SES-01649,APP-00939,CRI-0567,EV-S3-03,2,10,[SINTÉTICO] Nivel 2: la evidencia registrada corresponde al descriptor; para el nivel 3 faltaría un ejemplo más completo.,insuficiente,2026-07-23T22:00:00,RV-VAC-0120-1,CV-VAC-0120-1,synthetic,SYN-017842
ASM-03547,SES-01649,APP-00939,CRI-0568,EV-S3-03,2,10,[SINTÉTICO] Nivel 2: la evidencia registrada corresponde al descriptor; para el nivel 3 faltaría un ejemplo más completo.,suficiente,2026-07-23T22:00:00,RV-VAC-0120-1,CV-VAC-0120-1,synthetic,SYN-017844
ASM-03548,SES-01650,APP-00940,CRI-0565,EV-S3-04,1,5,[SINTÉTICO] Nivel 1: la evidencia registrada corresponde al descriptor; para el nivel 2 faltaría un ejemplo más completo.,parcial,2026-07-22T02:02:00,RV-VAC-0120-1,CV-VAC-0120-1,synthetic,SYN-017848
ASM-03549,SES-01650,APP-00940,CRI-0566,EV-S3-04,1,5,[SINTÉTICO] Nivel 1: la evidencia registrada corresponde al descriptor; para el nivel 2 faltaría un ejemplo más completo.,parcial,2026-07-22T02:02:00,RV-VAC-0120-1,CV-VAC-0120-1,synthetic,SYN-017851
ASM-03550,SES-01651,APP-00940,CRI-0567,EV-S3-02,2,10,[SINTÉTICO] Nivel 2: la evidencia registrada corresponde al descriptor; para el nivel 3 faltaría un ejemplo más completo.,suficiente,2026-07-28T20:00:00,RV-VAC-0120-1,CV-VAC-0120-1,synthetic,SYN-017855
ASM-03551,SES-01651,APP-00940,CRI-0568,EV-S3-02,1,5,[SINTÉTICO] Nivel 1: la evidencia registrada corresponde al descriptor; para el nivel 2 faltaría un ejemplo más completo.,parcial,2026-07-28T20:00:00,RV-VAC-0120-1,CV-VAC-0120-1,synthetic,SYN-017859
