event_id,vacancy_token,organization_token,event_type,event_at,ref_token,source_type,synthetic_record_id
PEV-00001,VAC-0001,ORG-S1,vacante_publicada,2026-07-17T12:25:00,,synthetic,SYN-017862
PEV-00002,VAC-0001,ORG-S1,postulacion_recibida,2026-07-21T18:40:00,APP-00002,synthetic,SYN-017863
PEV-00003,VAC-0001,ORG-S1,cambio_etapa,2026-07-21T18:40:00,APP-00002>recibida,synthetic,SYN-017864
PEV-00004,VAC-0001,ORG-S1,postulacion_recibida,2026-07-24T03:29:00,APP-00001,synthetic,SYN-017865
PEV-00005,VAC-0001,ORG-S1,cambio_etapa,2026-07-24T03:29:00,APP-00001>recibida,synthetic,SYN-017866
PEV-00006,VAC-0001,ORG-S1,cambio_etapa,2026-07-25T00:40:00,APP-00002>evaluacion,synthetic,SYN-017867
PEV-00007,VAC-0001,ORG-S1,evaluacion_programada,2026-07-25T00:40:00,SES-00003,synthetic,SYN-017868
PEV-00008,VAC-0001,ORG-S1,cambio_etapa,2026-07-25T10:29:00,APP-00001>evaluacion,synthetic,SYN-017869
PEV-00009,VAC-0001,ORG-S1,evaluacion_programada,2026-07-25T10:29:00,SES-00001,synthetic,SYN-017870
PEV-00010,VAC-0001,ORG-S1,cambio_etapa,2026-07-29T13:00:00,APP-00002>entrevista,synthetic,SYN-017871
PEV-00011,VAC-0001,ORG-S1,entrevista_programada,2026-07-29T13:00:00,SES-00004,synthetic,SYN-017872
PEV-00012,VAC-0001,ORG-S1,cambio_etapa,2026-08-01T11:00:00,APP-00001>entrevista,synthetic,SYN-017873
PEV-00013,VAC-0001,ORG-S1,entrevista_programada,2026-08-01T11:00:00,SES-00002,synthetic,SYN-017874
PEV-00014,VAC-0001,ORG-S1,entrevista_realizada,2026-08-05T22:00:00,SES-00004,synthetic,SYN-017875
PEV-00015,VAC-0001,ORG-S1,evaluacion_realizada,2026-08-06T08:40:00,SES-00003,synthetic,SYN-017876
PEV-00016,VAC-0001,ORG-S1,entrevista_realizada,2026-08-19T17:00:00,SES-00002,synthetic,SYN-017877
PEV-00017,VAC-0001,ORG-S1,vacante_cerrada,2026-08-30T23:00:00,,synthetic,SYN-017878
PEV-00018,VAC-0002,ORG-S2,vacante_publicada,2026-08-06T09:09:00,,synthetic,SYN-017879
PEV-00019,VAC-0002,ORG-S2,postulacion_recibida,2026-08-06T21:43:00,APP-00006,synthetic,SYN-017880
PEV-00020,VAC-0002,ORG-S2,cambio_etapa,2026-08-06T21:43:00,APP-00006>recibida,synthetic,SYN-017881
PEV-00021,VAC-0002,ORG-S2,cambio_etapa,2026-08-07T22:43:00,APP-00006>evaluacion,synthetic,SYN-017882
PEV-00022,VAC-0002,ORG-S2,evaluacion_programada,2026-08-07T22:43:00,SES-00011,synthetic,SYN-017883
PEV-00023,VAC-0002,ORG-S2,postulacion_recibida,2026-08-09T02:10:00,APP-00008,synthetic,SYN-017884
PEV-00024,VAC-0002,ORG-S2,cambio_etapa,2026-08-09T02:10:00,APP-00008>recibida,synthetic,SYN-017885
PEV-00025,VAC-0002,ORG-S2,cambio_etapa,2026-08-10T09:10:00,APP-00008>evaluacion,synthetic,SYN-017886
PEV-00026,VAC-0002,ORG-S2,evaluacion_programada,2026-08-10T09:10:00,SES-00014,synthetic,SYN-017887
PEV-00027,VAC-0002,ORG-S2,postulacion_recibida,2026-08-10T15:16:00,APP-00004,synthetic,SYN-017888
PEV-00028,VAC-0002,ORG-S2,cambio_etapa,2026-08-10T15:16:00,APP-00004>recibida,synthetic,SYN-017889
PEV-00029,VAC-0002,ORG-S2,postulacion_recibida,2026-08-11T12:25:00,APP-00010,synthetic,SYN-017890
PEV-00030,VAC-0002,ORG-S2,cambio_etapa,2026-08-11T12:25:00,APP-00010>recibida,synthetic,SYN-017891
PEV-00031,VAC-0002,ORG-S2,cambio_etapa,2026-08-12T23:16:00,APP-00004>evaluacion,synthetic,SYN-017892
PEV-00032,VAC-0002,ORG-S2,evaluacion_programada,2026-08-12T23:16:00,SES-00007,synthetic,SYN-017893
PEV-00033,VAC-0002,ORG-S2,postulacion_recibida,2026-08-14T04:21:00,APP-00005,synthetic,SYN-017894
PEV-00034,VAC-0002,ORG-S2,cambio_etapa,2026-08-14T04:21:00,APP-00005>recibida,synthetic,SYN-017895
PEV-00035,VAC-0002,ORG-S2,cambio_etapa,2026-08-15T15:25:00,APP-00010>evaluacion,synthetic,SYN-017896
PEV-00036,VAC-0002,ORG-S2,evaluacion_programada,2026-08-15T15:25:00,SES-00018,synthetic,SYN-017897
PEV-00037,VAC-0002,ORG-S2,postulacion_recibida,2026-08-15T17:29:00,APP-00009,synthetic,SYN-017898
PEV-00038,VAC-0002,ORG-S2,cambio_etapa,2026-08-15T17:29:00,APP-00009>recibida,synthetic,SYN-017899
PEV-00039,VAC-0002,ORG-S2,postulacion_recibida,2026-08-16T04:47:00,APP-00007,synthetic,SYN-017900
PEV-00040,VAC-0002,ORG-S2,cambio_etapa,2026-08-16T04:47:00,APP-00007>recibida,synthetic,SYN-017901
PEV-00041,VAC-0002,ORG-S2,postulacion_recibida,2026-08-18T03:05:00,APP-00003,synthetic,SYN-017902
PEV-00042,VAC-0002,ORG-S2,cambio_etapa,2026-08-18T03:05:00,APP-00003>recibida,synthetic,SYN-017903
PEV-00043,VAC-0002,ORG-S2,cambio_etapa,2026-08-18T07:21:00,APP-00005>evaluacion,synthetic,SYN-017904
PEV-00044,VAC-0002,ORG-S2,evaluacion_programada,2026-08-18T07:21:00,SES-00009,synthetic,SYN-017905
PEV-00045,VAC-0002,ORG-S2,cambio_etapa,2026-08-18T20:29:00,APP-00009>evaluacion,synthetic,SYN-017906
PEV-00046,VAC-0002,ORG-S2,evaluacion_programada,2026-08-18T20:29:00,SES-00016,synthetic,SYN-017907
PEV-00047,VAC-0002,ORG-S2,evaluacion_realizada,2026-08-20T05:43:00,SES-00011,synthetic,SYN-017908
PEV-00048,VAC-0002,ORG-S2,cambio_etapa,2026-08-20T08:05:00,APP-00003>evaluacion,synthetic,SYN-017909
PEV-00049,VAC-0002,ORG-S2,evaluacion_programada,2026-08-20T08:05:00,SES-00005,synthetic,SYN-017910
PEV-00050,VAC-0002,ORG-S2,cambio_etapa,2026-08-20T15:00:00,APP-00010>entrevista,synthetic,SYN-017911
PEV-00051,VAC-0002,ORG-S2,entrevista_programada,2026-08-20T15:00:00,SES-00019,synthetic,SYN-017912
PEV-00052,VAC-0002,ORG-S2,cambio_etapa,2026-08-21T04:47:00,APP-00007>evaluacion,synthetic,SYN-017913
PEV-00053,VAC-0002,ORG-S2,evaluacion_programada,2026-08-21T04:47:00,SES-00012,synthetic,SYN-017914
PEV-00054,VAC-0002,ORG-S2,cambio_etapa,2026-08-21T11:00:00,APP-00009>entrevista,synthetic,SYN-017915
PEV-00055,VAC-0002,ORG-S2,entrevista_programada,2026-08-21T11:00:00,SES-00017,synthetic,SYN-017916
PEV-00056,VAC-0002,ORG-S2,cambio_etapa,2026-08-21T16:00:00,APP-00008>entrevista,synthetic,SYN-017917
PEV-00057,VAC-0002,ORG-S2,entrevista_programada,2026-08-21T16:00:00,SES-00015,synthetic,SYN-017918
PEV-00058,VAC-0002,ORG-S2,evaluacion_realizada,2026-08-22T13:10:00,SES-00014,synthetic,SYN-017919
PEV-00059,VAC-0002,ORG-S2,cambio_etapa,2026-08-22T16:00:00,APP-00003>entrevista,synthetic,SYN-017920
PEV-00060,VAC-0002,ORG-S2,entrevista_programada,2026-08-22T16:00:00,SES-00006,synthetic,SYN-017921
PEV-00061,VAC-0002,ORG-S2,cambio_etapa,2026-08-23T13:00:00,APP-00005>entrevista,synthetic,SYN-017922
PEV-00062,VAC-0002,ORG-S2,entrevista_programada,2026-08-23T13:00:00,SES-00010,synthetic,SYN-017923
PEV-00063,VAC-0002,ORG-S2,cambio_etapa,2026-08-23T16:00:00,APP-00004>entrevista,synthetic,SYN-017924
PEV-00064,VAC-0002,ORG-S2,entrevista_programada,2026-08-23T16:00:00,SES-00008,synthetic,SYN-017925
PEV-00065,VAC-0002,ORG-S2,evaluacion_realizada,2026-08-23T20:25:00,SES-00018,synthetic,SYN-017926
PEV-00066,VAC-0002,ORG-S2,evaluacion_realizada,2026-08-25T06:16:00,SES-00007,synthetic,SYN-017927
PEV-00067,VAC-0002,ORG-S2,cambio_etapa,2026-08-25T17:00:00,APP-00007>entrevista,synthetic,SYN-017928
PEV-00068,VAC-0002,ORG-S2,entrevista_programada,2026-08-25T17:00:00,SES-00013,synthetic,SYN-017929
PEV-00069,VAC-0002,ORG-S2,evaluacion_realizada,2026-08-26T02:29:00,SES-00016,synthetic,SYN-017930
PEV-00070,VAC-0002,ORG-S2,entrevista_realizada,2026-08-29T23:00:00,SES-00015,synthetic,SYN-017931
PEV-00071,VAC-0002,ORG-S2,entrevista_realizada,2026-09-01T00:00:00,SES-00008,synthetic,SYN-017932
PEV-00072,VAC-0002,ORG-S2,evaluacion_realizada,2026-09-02T14:21:00,SES-00009,synthetic,SYN-017933
PEV-00073,VAC-0002,ORG-S2,evaluacion_realizada,2026-09-05T11:47:00,SES-00012,synthetic,SYN-017934
PEV-00074,VAC-0002,ORG-S2,entrevista_realizada,2026-09-05T16:00:00,SES-00010,synthetic,SYN-017935
PEV-00075,VAC-0002,ORG-S2,entrevista_realizada,2026-09-05T17:00:00,SES-00019,synthetic,SYN-017936
PEV-00076,VAC-0002,ORG-S2,evaluacion_realizada,2026-09-06T15:05:00,SES-00005,synthetic,SYN-017937
PEV-00077,VAC-0002,ORG-S2,entrevista_realizada,2026-09-07T01:00:00,SES-00006,synthetic,SYN-017938
PEV-00078,VAC-0002,ORG-S2,vacante_cerrada,2026-09-14T05:00:00,,synthetic,SYN-017939
PEV-00079,VAC-0003,ORG-S3,vacante_publicada,2026-06-05T10:08:00,,synthetic,SYN-017940
PEV-00080,VAC-0003,ORG-S3,postulacion_recibida,2026-06-09T20:31:00,APP-00011,synthetic,SYN-017941
PEV-00081,VAC-0003,ORG-S3,cambio_etapa,2026-06-09T20:31:00,APP-00011>recibida,synthetic,SYN-017942
PEV-00082,VAC-0003,ORG-S3,cambio_etapa,2026-06-12T01:31:00,APP-00011>evaluacion,synthetic,SYN-017943
PEV-00083,VAC-0003,ORG-S3,evaluacion_programada,2026-06-12T01:31:00,SES-00020,synthetic,SYN-017944
PEV-00084,VAC-0003,ORG-S3,postulacion_recibida,2026-06-12T07:01:00,APP-00012,synthetic,SYN-017945
PEV-00085,VAC-0003,ORG-S3,cambio_etapa,2026-06-12T07:01:00,APP-00012>recibida,synthetic,SYN-017946
PEV-00086,VAC-0003,ORG-S3,cambio_etapa,2026-06-16T08:01:00,APP-00012>evaluacion,synthetic,SYN-017947
PEV-00087,VAC-0003,ORG-S3,evaluacion_programada,2026-06-16T08:01:00,SES-00021,synthetic,SYN-017948
PEV-00088,VAC-0003,ORG-S3,evaluacion_programada,2026-06-17T09:01:00,SES-00022,synthetic,SYN-017949
PEV-00089,VAC-0003,ORG-S3,cambio_etapa,2026-06-18T14:00:00,APP-00012>entrevista,synthetic,SYN-017950
PEV-00090,VAC-0003,ORG-S3,entrevista_programada,2026-06-18T14:00:00,SES-00023,synthetic,SYN-017951
PEV-00091,VAC-0003,ORG-S3,evaluacion_realizada,2026-06-19T11:31:00,SES-00020,synthetic,SYN-017952
PEV-00092,VAC-0003,ORG-S3,evaluacion_realizada,2026-06-26T10:01:00,SES-00021,synthetic,SYN-017953
PEV-00093,VAC-0003,ORG-S3,entrevista_realizada,2026-06-30T19:00:00,SES-00023,synthetic,SYN-017954
PEV-00094,VAC-0003,ORG-S3,evaluacion_realizada,2026-07-02T16:01:00,SES-00022,synthetic,SYN-017955
PEV-00095,VAC-0003,ORG-S3,vacante_cerrada,2026-07-11T18:01:00,,synthetic,SYN-017956
PEV-00096,VAC-0004,ORG-S1,vacante_publicada,2026-07-02T17:37:00,,synthetic,SYN-017957
PEV-00097,VAC-0004,ORG-S1,postulacion_recibida,2026-07-02T22:10:00,APP-00020,synthetic,SYN-017958
PEV-00098,VAC-0004,ORG-S1,cambio_etapa,2026-07-02T22:10:00,APP-00020>recibida,synthetic,SYN-017959
PEV-00099,VAC-0004,ORG-S1,postulacion_recibida,2026-07-03T13:42:00,APP-00014,synthetic,SYN-017960
PEV-00100,VAC-0004,ORG-S1,cambio_etapa,2026-07-03T13:42:00,APP-00014>recibida,synthetic,SYN-017961
PEV-00101,VAC-0004,ORG-S1,postulacion_recibida,2026-07-04T02:06:00,APP-00019,synthetic,SYN-017962
PEV-00102,VAC-0004,ORG-S1,cambio_etapa,2026-07-04T02:06:00,APP-00019>recibida,synthetic,SYN-017963
PEV-00103,VAC-0004,ORG-S1,evaluacion_programada,2026-07-04T21:42:00,SES-00026,synthetic,SYN-017964
PEV-00104,VAC-0004,ORG-S1,postulacion_recibida,2026-07-05T22:29:00,APP-00016,synthetic,SYN-017965
PEV-00105,VAC-0004,ORG-S1,cambio_etapa,2026-07-05T22:29:00,APP-00016>recibida,synthetic,SYN-017966
PEV-00106,VAC-0004,ORG-S1,postulacion_recibida,2026-07-06T05:00:00,APP-00017,synthetic,SYN-017967
PEV-00107,VAC-0004,ORG-S1,cambio_etapa,2026-07-06T05:00:00,APP-00017>recibida,synthetic,SYN-017968
PEV-00108,VAC-0004,ORG-S1,cambio_etapa,2026-07-07T04:29:00,APP-00016>evaluacion,synthetic,SYN-017969
PEV-00109,VAC-0004,ORG-S1,evaluacion_programada,2026-07-07T04:29:00,SES-00029,synthetic,SYN-017970
PEV-00110,VAC-0004,ORG-S1,cambio_etapa,2026-07-07T11:00:00,APP-00017>evaluacion,synthetic,SYN-017971
PEV-00111,VAC-0004,ORG-S1,evaluacion_programada,2026-07-07T11:00:00,SES-00030,synthetic,SYN-017972
PEV-00112,VAC-0004,ORG-S1,cambio_etapa,2026-07-07T13:42:00,APP-00014>evaluacion,synthetic,SYN-017973
PEV-00113,VAC-0004,ORG-S1,evaluacion_programada,2026-07-07T13:42:00,SES-00025,synthetic,SYN-017974
PEV-00114,VAC-0004,ORG-S1,cambio_etapa,2026-07-08T02:10:00,APP-00020>evaluacion,synthetic,SYN-017975
PEV-00115,VAC-0004,ORG-S1,evaluacion_programada,2026-07-08T02:10:00,SES-00036,synthetic,SYN-017976
PEV-00116,VAC-0004,ORG-S1,postulacion_recibida,2026-07-08T21:52:00,APP-00018,synthetic,SYN-017977
PEV-00117,VAC-0004,ORG-S1,cambio_etapa,2026-07-08T21:52:00,APP-00018>recibida,synthetic,SYN-017978
PEV-00118,VAC-0004,ORG-S1,cambio_etapa,2026-07-09T04:06:00,APP-00019>evaluacion,synthetic,SYN-017979
PEV-00119,VAC-0004,ORG-S1,evaluacion_programada,2026-07-09T04:06:00,SES-00034,synthetic,SYN-017980
PEV-00120,VAC-0004,ORG-S1,postulacion_recibida,2026-07-09T08:18:00,APP-00021,synthetic,SYN-017981
PEV-00121,VAC-0004,ORG-S1,cambio_etapa,2026-07-09T08:18:00,APP-00021>recibida,synthetic,SYN-017982
PEV-00122,VAC-0004,ORG-S1,cambio_etapa,2026-07-11T14:18:00,APP-00021>evaluacion,synthetic,SYN-017983
PEV-00123,VAC-0004,ORG-S1,evaluacion_programada,2026-07-11T14:18:00,SES-00038,synthetic,SYN-017984
PEV-00124,VAC-0004,ORG-S1,postulacion_recibida,2026-07-11T19:56:00,APP-00013,synthetic,SYN-017985
PEV-00125,VAC-0004,ORG-S1,cambio_etapa,2026-07-11T19:56:00,APP-00013>recibida,synthetic,SYN-017986
PEV-00126,VAC-0004,ORG-S1,postulacion_recibida,2026-07-12T22:07:00,APP-00015,synthetic,SYN-017987
PEV-00127,VAC-0004,ORG-S1,cambio_etapa,2026-07-12T22:07:00,APP-00015>recibida,synthetic,SYN-017988
PEV-00128,VAC-0004,ORG-S1,cambio_etapa,2026-07-12T22:52:00,APP-00018>evaluacion,synthetic,SYN-017989
PEV-00129,VAC-0004,ORG-S1,evaluacion_programada,2026-07-12T22:52:00,SES-00032,synthetic,SYN-017990
PEV-00130,VAC-0004,ORG-S1,cambio_etapa,2026-07-15T15:00:00,APP-00019>entrevista,synthetic,SYN-017991
PEV-00131,VAC-0004,ORG-S1,entrevista_programada,2026-07-15T15:00:00,SES-00035,synthetic,SYN-017992
PEV-00132,VAC-0004,ORG-S1,cambio_etapa,2026-07-15T16:00:00,APP-00021>entrevista,synthetic,SYN-017993
PEV-00133,VAC-0004,ORG-S1,entrevista_programada,2026-07-15T16:00:00,SES-00039,synthetic,SYN-017994
PEV-00134,VAC-0004,ORG-S1,cambio_etapa,2026-07-15T21:56:00,APP-00013>evaluacion,synthetic,SYN-017995
PEV-00135,VAC-0004,ORG-S1,evaluacion_programada,2026-07-15T21:56:00,SES-00024,synthetic,SYN-017996
PEV-00136,VAC-0004,ORG-S1,evaluacion_realizada,2026-07-17T02:00:00,SES-00025,synthetic,SYN-017997
PEV-00137,VAC-0004,ORG-S1,cambio_etapa,2026-07-17T05:07:00,APP-00015>evaluacion,synthetic,SYN-017998
PEV-00138,VAC-0004,ORG-S1,evaluacion_programada,2026-07-17T05:07:00,SES-00027,synthetic,SYN-017999
PEV-00139,VAC-0004,ORG-S1,evaluacion_realizada,2026-07-17T06:29:00,SES-00029,synthetic,SYN-018000
PEV-00140,VAC-0004,ORG-S1,evaluacion_realizada,2026-07-17T08:06:00,SES-00034,synthetic,SYN-018001
PEV-00141,VAC-0004,ORG-S1,cambio_etapa,2026-07-17T17:00:00,APP-00017>entrevista,synthetic,SYN-018002
PEV-00142,VAC-0004,ORG-S1,entrevista_programada,2026-07-17T17:00:00,SES-00031,synthetic,SYN-018003
PEV-00143,VAC-0004,ORG-S1,cambio_etapa,2026-07-18T16:00:00,APP-00018>entrevista,synthetic,SYN-018004
PEV-00144,VAC-0004,ORG-S1,entrevista_programada,2026-07-18T16:00:00,SES-00033,synthetic,SYN-018005
PEV-00145,VAC-0004,ORG-S1,evaluacion_realizada,2026-07-19T05:42:00,SES-00026,synthetic,SYN-018006
PEV-00146,VAC-0004,ORG-S1,cambio_etapa,2026-07-20T12:00:00,APP-00015>entrevista,synthetic,SYN-018007
PEV-00147,VAC-0004,ORG-S1,entrevista_programada,2026-07-20T12:00:00,SES-00028,synthetic,SYN-018008
PEV-00148,VAC-0004,ORG-S1,cambio_etapa,2026-07-20T13:00:00,APP-00020>entrevista,synthetic,SYN-018009
PEV-00149,VAC-0004,ORG-S1,entrevista_programada,2026-07-20T13:00:00,SES-00037,synthetic,SYN-018010
PEV-00150,VAC-0004,ORG-S1,evaluacion_realizada,2026-07-22T04:52:00,SES-00032,synthetic,SYN-018011
PEV-00151,VAC-0004,ORG-S1,evaluacion_realizada,2026-07-24T18:00:00,SES-00030,synthetic,SYN-018012
PEV-00152,VAC-0004,ORG-S1,entrevista_realizada,2026-07-24T19:00:00,SES-00037,synthetic,SYN-018013
PEV-00153,VAC-0004,ORG-S1,evaluacion_realizada,2026-07-24T20:18:00,SES-00038,synthetic,SYN-018014
PEV-00154,VAC-0004,ORG-S1,evaluacion_realizada,2026-07-26T06:10:00,SES-00036,synthetic,SYN-018015
PEV-00155,VAC-0004,ORG-S1,entrevista_realizada,2026-07-27T21:00:00,SES-00035,synthetic,SYN-018016
PEV-00156,VAC-0004,ORG-S1,entrevista_realizada,2026-07-29T02:00:00,SES-00031,synthetic,SYN-018017
PEV-00157,VAC-0004,ORG-S1,entrevista_realizada,2026-07-30T19:00:00,SES-00028,synthetic,SYN-018018
PEV-00158,VAC-0004,ORG-S1,evaluacion_realizada,2026-07-31T10:07:00,SES-00027,synthetic,SYN-018019
PEV-00159,VAC-0004,ORG-S1,entrevista_realizada,2026-08-02T00:00:00,SES-00033,synthetic,SYN-018020
PEV-00160,VAC-0004,ORG-S1,vacante_cerrada,2026-08-06T07:00:00,,synthetic,SYN-018021
PEV-00161,VAC-0005,ORG-S2,vacante_publicada,2026-06-22T14:32:00,,synthetic,SYN-018022
PEV-00162,VAC-0005,ORG-S2,postulacion_recibida,2026-06-22T23:02:00,APP-00032,synthetic,SYN-018023
PEV-00163,VAC-0005,ORG-S2,cambio_etapa,2026-06-22T23:02:00,APP-00032>recibida,synthetic,SYN-018024
PEV-00164,VAC-0005,ORG-S2,postulacion_recibida,2026-06-22T23:27:00,APP-00026,synthetic,SYN-018025
PEV-00165,VAC-0005,ORG-S2,cambio_etapa,2026-06-22T23:27:00,APP-00026>recibida,synthetic,SYN-018026
PEV-00166,VAC-0005,ORG-S2,postulacion_recibida,2026-06-24T20:35:00,APP-00027,synthetic,SYN-018027
PEV-00167,VAC-0005,ORG-S2,cambio_etapa,2026-06-24T20:35:00,APP-00027>recibida,synthetic,SYN-018028
PEV-00168,VAC-0005,ORG-S2,cambio_etapa,2026-06-25T02:27:00,APP-00026>descartada,synthetic,SYN-018029
PEV-00169,VAC-0005,ORG-S2,cambio_etapa,2026-06-27T01:35:00,APP-00027>evaluacion,synthetic,SYN-018030
PEV-00170,VAC-0005,ORG-S2,evaluacion_programada,2026-06-27T01:35:00,SES-00049,synthetic,SYN-018031
PEV-00171,VAC-0005,ORG-S2,postulacion_recibida,2026-06-28T13:17:00,APP-00029,synthetic,SYN-018032
PEV-00172,VAC-0005,ORG-S2,cambio_etapa,2026-06-28T13:17:00,APP-00029>recibida,synthetic,SYN-018033
PEV-00173,VAC-0005,ORG-S2,postulacion_recibida,2026-06-29T05:14:00,APP-00022,synthetic,SYN-018034
PEV-00174,VAC-0005,ORG-S2,cambio_etapa,2026-06-29T05:14:00,APP-00022>recibida,synthetic,SYN-018035
PEV-00175,VAC-0005,ORG-S2,postulacion_recibida,2026-06-29T23:45:00,APP-00031,synthetic,SYN-018036
PEV-00176,VAC-0005,ORG-S2,cambio_etapa,2026-06-29T23:45:00,APP-00031>recibida,synthetic,SYN-018037
PEV-00177,VAC-0005,ORG-S2,evaluacion_programada,2026-06-30T05:14:00,SES-00041,synthetic,SYN-018038
PEV-00178,VAC-0005,ORG-S2,postulacion_recibida,2026-06-30T05:55:00,APP-00023,synthetic,SYN-018039
PEV-00179,VAC-0005,ORG-S2,cambio_etapa,2026-06-30T05:55:00,APP-00023>recibida,synthetic,SYN-018040
PEV-00180,VAC-0005,ORG-S2,postulacion_recibida,2026-06-30T23:55:00,APP-00024,synthetic,SYN-018041
PEV-00181,VAC-0005,ORG-S2,cambio_etapa,2026-06-30T23:55:00,APP-00024>recibida,synthetic,SYN-018042
PEV-00182,VAC-0005,ORG-S2,postulacion_recibida,2026-07-01T20:42:00,APP-00028,synthetic,SYN-018043
PEV-00183,VAC-0005,ORG-S2,cambio_etapa,2026-07-01T20:42:00,APP-00028>recibida,synthetic,SYN-018044
PEV-00184,VAC-0005,ORG-S2,postulacion_recibida,2026-07-01T22:33:00,APP-00025,synthetic,SYN-018045
PEV-00185,VAC-0005,ORG-S2,cambio_etapa,2026-07-01T22:33:00,APP-00025>recibida,synthetic,SYN-018046
PEV-00186,VAC-0005,ORG-S2,cambio_etapa,2026-07-02T01:55:00,APP-00024>evaluacion,synthetic,SYN-018047
PEV-00187,VAC-0005,ORG-S2,evaluacion_programada,2026-07-02T01:55:00,SES-00044,synthetic,SYN-018048
PEV-00188,VAC-0005,ORG-S2,cambio_etapa,2026-07-02T07:45:00,APP-00031>evaluacion,synthetic,SYN-018049
PEV-00189,VAC-0005,ORG-S2,evaluacion_programada,2026-07-02T07:45:00,SES-00057,synthetic,SYN-018050
PEV-00190,VAC-0005,ORG-S2,postulacion_recibida,2026-07-02T08:49:00,APP-00030,synthetic,SYN-018051
PEV-00191,VAC-0005,ORG-S2,cambio_etapa,2026-07-02T08:49:00,APP-00030>recibida,synthetic,SYN-018052
PEV-00192,VAC-0005,ORG-S2,cambio_etapa,2026-07-03T13:17:00,APP-00029>evaluacion,synthetic,SYN-018053
PEV-00193,VAC-0005,ORG-S2,evaluacion_programada,2026-07-03T13:17:00,SES-00053,synthetic,SYN-018054
PEV-00194,VAC-0005,ORG-S2,cambio_etapa,2026-07-03T23:42:00,APP-00028>evaluacion,synthetic,SYN-018055
PEV-00195,VAC-0005,ORG-S2,evaluacion_programada,2026-07-03T23:42:00,SES-00051,synthetic,SYN-018056
PEV-00196,VAC-0005,ORG-S2,cambio_etapa,2026-07-04T00:00:00,APP-00030>evaluacion,synthetic,SYN-018057
PEV-00197,VAC-0005,ORG-S2,cambio_etapa,2026-07-04T00:00:00,APP-00032>evaluacion,synthetic,SYN-018058
PEV-00198,VAC-0005,ORG-S2,evaluacion_programada,2026-07-04T00:00:00,SES-00055,synthetic,SYN-018059
PEV-00199,VAC-0005,ORG-S2,evaluacion_programada,2026-07-04T00:00:00,SES-00059,synthetic,SYN-018060
PEV-00200,VAC-0005,ORG-S2,evaluacion_programada,2026-07-04T02:33:00,SES-00047,synthetic,SYN-018061
PEV-00201,VAC-0005,ORG-S2,cambio_etapa,2026-07-04T05:33:00,APP-00025>evaluacion,synthetic,SYN-018062
PEV-00202,VAC-0005,ORG-S2,evaluacion_programada,2026-07-04T05:33:00,SES-00046,synthetic,SYN-018063
PEV-00203,VAC-0005,ORG-S2,cambio_etapa,2026-07-04T08:14:00,APP-00022>evaluacion,synthetic,SYN-018064
PEV-00204,VAC-0005,ORG-S2,evaluacion_programada,2026-07-04T08:14:00,SES-00040,synthetic,SYN-018065
PEV-00205,VAC-0005,ORG-S2,cambio_etapa,2026-07-04T12:00:00,APP-00025>entrevista,synthetic,SYN-018066
PEV-00206,VAC-0005,ORG-S2,cambio_etapa,2026-07-04T12:00:00,APP-00031>entrevista,synthetic,SYN-018067
PEV-00207,VAC-0005,ORG-S2,entrevista_programada,2026-07-04T12:00:00,SES-00048,synthetic,SYN-018068
PEV-00208,VAC-0005,ORG-S2,entrevista_programada,2026-07-04T12:00:00,SES-00058,synthetic,SYN-018069
PEV-00209,VAC-0005,ORG-S2,cambio_etapa,2026-07-04T13:55:00,APP-00023>evaluacion,synthetic,SYN-018070
PEV-00210,VAC-0005,ORG-S2,evaluacion_programada,2026-07-04T13:55:00,SES-00042,synthetic,SYN-018071
PEV-00211,VAC-0005,ORG-S2,cambio_etapa,2026-07-05T09:00:00,APP-00032>entrevista,synthetic,SYN-018072
PEV-00212,VAC-0005,ORG-S2,entrevista_programada,2026-07-05T09:00:00,SES-00060,synthetic,SYN-018073
PEV-00213,VAC-0005,ORG-S2,cambio_etapa,2026-07-06T11:00:00,APP-00023>entrevista,synthetic,SYN-018074
PEV-00214,VAC-0005,ORG-S2,entrevista_programada,2026-07-06T11:00:00,SES-00043,synthetic,SYN-018075
PEV-00215,VAC-0005,ORG-S2,evaluacion_realizada,2026-07-06T14:45:00,SES-00057,synthetic,SYN-018076
PEV-00216,VAC-0005,ORG-S2,cambio_etapa,2026-07-07T12:00:00,APP-00030>entrevista,synthetic,SYN-018077
PEV-00217,VAC-0005,ORG-S2,entrevista_programada,2026-07-07T12:00:00,SES-00056,synthetic,SYN-018078
PEV-00218,VAC-0005,ORG-S2,cambio_etapa,2026-07-08T12:00:00,APP-00028>entrevista,synthetic,SYN-018079
PEV-00219,VAC-0005,ORG-S2,entrevista_programada,2026-07-08T12:00:00,SES-00052,synthetic,SYN-018080
PEV-00220,VAC-0005,ORG-S2,cambio_etapa,2026-07-08T13:00:00,APP-00024>entrevista,synthetic,SYN-018081
PEV-00221,VAC-0005,ORG-S2,entrevista_programada,2026-07-08T13:00:00,SES-00045,synthetic,SYN-018082
PEV-00222,VAC-0005,ORG-S2,cambio_etapa,2026-07-09T10:00:00,APP-00029>entrevista,synthetic,SYN-018083
PEV-00223,VAC-0005,ORG-S2,entrevista_programada,2026-07-09T10:00:00,SES-00054,synthetic,SYN-018084
PEV-00224,VAC-0005,ORG-S2,cambio_etapa,2026-07-09T16:00:00,APP-00027>entrevista,synthetic,SYN-018085
PEV-00225,VAC-0005,ORG-S2,entrevista_programada,2026-07-09T16:00:00,SES-00050,synthetic,SYN-018086
PEV-00226,VAC-0005,ORG-S2,evaluacion_realizada,2026-07-10T12:33:00,SES-00046,synthetic,SYN-018087
PEV-00227,VAC-0005,ORG-S2,evaluacion_realizada,2026-07-12T06:55:00,SES-00044,synthetic,SYN-018088
PEV-00228,VAC-0005,ORG-S2,evaluacion_realizada,2026-07-13T04:00:00,SES-00055,synthetic,SYN-018089
PEV-00229,VAC-0005,ORG-S2,evaluacion_realizada,2026-07-13T10:14:00,SES-00041,synthetic,SYN-018090
PEV-00230,VAC-0005,ORG-S2,entrevista_realizada,2026-07-14T18:00:00,SES-00056,synthetic,SYN-018091
PEV-00231,VAC-0005,ORG-S2,evaluacion_realizada,2026-07-15T06:33:00,SES-00047,synthetic,SYN-018092
PEV-00232,VAC-0005,ORG-S2,evaluacion_realizada,2026-07-15T19:17:00,SES-00053,synthetic,SYN-018093
PEV-00233,VAC-0005,ORG-S2,entrevista_realizada,2026-07-16T17:00:00,SES-00052,synthetic,SYN-018094
PEV-00234,VAC-0005,ORG-S2,entrevista_realizada,2026-07-16T18:00:00,SES-00045,synthetic,SYN-018095
PEV-00235,VAC-0005,ORG-S2,entrevista_realizada,2026-07-17T14:00:00,SES-00048,synthetic,SYN-018096
PEV-00236,VAC-0005,ORG-S2,entrevista_realizada,2026-07-17T15:00:00,SES-00060,synthetic,SYN-018097
PEV-00237,VAC-0005,ORG-S2,evaluacion_realizada,2026-07-18T00:42:00,SES-00051,synthetic,SYN-018098
PEV-00238,VAC-0005,ORG-S2,evaluacion_realizada,2026-07-18T11:00:00,SES-00059,synthetic,SYN-018099
PEV-00239,VAC-0005,ORG-S2,evaluacion_realizada,2026-07-18T15:14:00,SES-00040,synthetic,SYN-018100
PEV-00240,VAC-0005,ORG-S2,entrevista_realizada,2026-07-18T19:00:00,SES-00043,synthetic,SYN-018101
PEV-00241,VAC-0005,ORG-S2,entrevista_realizada,2026-07-18T20:00:00,SES-00058,synthetic,SYN-018102
PEV-00242,VAC-0005,ORG-S2,evaluacion_realizada,2026-07-18T21:55:00,SES-00042,synthetic,SYN-018103
PEV-00243,VAC-0005,ORG-S2,entrevista_realizada,2026-07-25T14:00:00,SES-00054,synthetic,SYN-018104
PEV-00244,VAC-0005,ORG-S2,entrevista_realizada,2026-07-26T02:00:00,SES-00050,synthetic,SYN-018105
PEV-00245,VAC-0005,ORG-S2,vacante_cerrada,2026-08-07T10:00:00,,synthetic,SYN-018106
PEV-00246,VAC-0006,ORG-S3,vacante_publicada,2026-02-12T11:07:00,,synthetic,SYN-018107
PEV-00247,VAC-0006,ORG-S3,postulacion_recibida,2026-02-15T12:25:00,APP-00036,synthetic,SYN-018108
PEV-00248,VAC-0006,ORG-S3,cambio_etapa,2026-02-15T12:25:00,APP-00036>recibida,synthetic,SYN-018109
PEV-00249,VAC-0006,ORG-S3,cambio_etapa,2026-02-16T19:25:00,APP-00036>evaluacion,synthetic,SYN-018110
PEV-00250,VAC-0006,ORG-S3,evaluacion_programada,2026-02-16T19:25:00,SES-00064,synthetic,SYN-018111
PEV-00251,VAC-0006,ORG-S3,postulacion_recibida,2026-02-20T10:14:00,APP-00034,synthetic,SYN-018112
PEV-00252,VAC-0006,ORG-S3,cambio_etapa,2026-02-20T10:14:00,APP-00034>recibida,synthetic,SYN-018113
PEV-00253,VAC-0006,ORG-S3,evaluacion_programada,2026-02-20T16:25:00,SES-00065,synthetic,SYN-018114
PEV-00254,VAC-0006,ORG-S3,postulacion_recibida,2026-02-23T22:30:00,APP-00033,synthetic,SYN-018115
PEV-00255,VAC-0006,ORG-S3,cambio_etapa,2026-02-23T22:30:00,APP-00033>recibida,synthetic,SYN-018116
PEV-00256,VAC-0006,ORG-S3,cambio_etapa,2026-02-24T15:14:00,APP-00034>evaluacion,synthetic,SYN-018117
PEV-00257,VAC-0006,ORG-S3,evaluacion_programada,2026-02-24T15:14:00,SES-00063,synthetic,SYN-018118
PEV-00258,VAC-0006,ORG-S3,postulacion_recibida,2026-02-26T18:03:00,APP-00035,synthetic,SYN-018119
PEV-00259,VAC-0006,ORG-S3,cambio_etapa,2026-02-26T18:03:00,APP-00035>recibida,synthetic,SYN-018120
PEV-00260,VAC-0006,ORG-S3,cambio_etapa,2026-02-27T23:30:00,APP-00033>evaluacion,synthetic,SYN-018121
PEV-00261,VAC-0006,ORG-S3,evaluacion_programada,2026-02-27T23:30:00,SES-00061,synthetic,SYN-018122
PEV-00262,VAC-0006,ORG-S3,evaluacion_realizada,2026-02-28T22:25:00,SES-00064,synthetic,SYN-018123
PEV-00263,VAC-0006,ORG-S3,cambio_etapa,2026-03-01T21:03:00,APP-00035>descartada,synthetic,SYN-018124
PEV-00264,VAC-0006,ORG-S3,cambio_etapa,2026-03-02T09:00:00,APP-00036>entrevista,synthetic,SYN-018125
PEV-00265,VAC-0006,ORG-S3,entrevista_programada,2026-03-02T09:00:00,SES-00066,synthetic,SYN-018126
PEV-00266,VAC-0006,ORG-S3,cambio_etapa,2026-03-05T12:00:00,APP-00033>entrevista,synthetic,SYN-018127
PEV-00267,VAC-0006,ORG-S3,entrevista_programada,2026-03-05T12:00:00,SES-00062,synthetic,SYN-018128
PEV-00268,VAC-0006,ORG-S3,evaluacion_realizada,2026-03-09T08:30:00,SES-00061,synthetic,SYN-018129
PEV-00269,VAC-0006,ORG-S3,evaluacion_realizada,2026-03-10T22:14:00,SES-00063,synthetic,SYN-018130
PEV-00270,VAC-0006,ORG-S3,entrevista_realizada,2026-03-15T15:00:00,SES-00062,synthetic,SYN-018131
PEV-00271,VAC-0006,ORG-S3,vacante_cerrada,2026-03-18T19:00:00,,synthetic,SYN-018132
PEV-00272,VAC-0007,ORG-S1,vacante_publicada,2026-04-08T10:03:00,,synthetic,SYN-018133
PEV-00273,VAC-0007,ORG-S1,vacante_cerrada,2026-05-01T08:00:00,,synthetic,SYN-018134
PEV-00274,VAC-0008,ORG-S2,vacante_publicada,2026-08-19T09:45:00,,synthetic,SYN-018135
PEV-00275,VAC-0008,ORG-S2,postulacion_recibida,2026-08-25T19:45:00,APP-00041,synthetic,SYN-018136
PEV-00276,VAC-0008,ORG-S2,cambio_etapa,2026-08-25T19:45:00,APP-00041>recibida,synthetic,SYN-018137
PEV-00277,VAC-0008,ORG-S2,postulacion_recibida,2026-08-25T21:17:00,APP-00039,synthetic,SYN-018138
PEV-00278,VAC-0008,ORG-S2,cambio_etapa,2026-08-25T21:17:00,APP-00039>recibida,synthetic,SYN-018139
PEV-00279,VAC-0008,ORG-S2,cambio_etapa,2026-08-27T21:45:00,APP-00041>evaluacion,synthetic,SYN-018140
PEV-00280,VAC-0008,ORG-S2,evaluacion_programada,2026-08-27T21:45:00,SES-00073,synthetic,SYN-018141
PEV-00281,VAC-0008,ORG-S2,postulacion_recibida,2026-08-28T15:51:00,APP-00037,synthetic,SYN-018142
PEV-00282,VAC-0008,ORG-S2,cambio_etapa,2026-08-28T15:51:00,APP-00037>recibida,synthetic,SYN-018143
PEV-00283,VAC-0008,ORG-S2,postulacion_recibida,2026-08-28T23:22:00,APP-00038,synthetic,SYN-018144
PEV-00284,VAC-0008,ORG-S2,cambio_etapa,2026-08-28T23:22:00,APP-00038>recibida,synthetic,SYN-018145
PEV-00285,VAC-0008,ORG-S2,cambio_etapa,2026-08-29T05:17:00,APP-00039>evaluacion,synthetic,SYN-018146
PEV-00286,VAC-0008,ORG-S2,evaluacion_programada,2026-08-29T05:17:00,SES-00069,synthetic,SYN-018147
PEV-00287,VAC-0008,ORG-S2,cambio_etapa,2026-08-31T16:51:00,APP-00037>descartada,synthetic,SYN-018148
PEV-00288,VAC-0008,ORG-S2,cambio_etapa,2026-09-01T04:22:00,APP-00038>evaluacion,synthetic,SYN-018149
PEV-00289,VAC-0008,ORG-S2,evaluacion_programada,2026-09-01T04:22:00,SES-00067,synthetic,SYN-018150
PEV-00290,VAC-0008,ORG-S2,postulacion_recibida,2026-09-02T09:16:00,APP-00040,synthetic,SYN-018151
PEV-00291,VAC-0008,ORG-S2,cambio_etapa,2026-09-02T09:16:00,APP-00040>recibida,synthetic,SYN-018152
PEV-00292,VAC-0008,ORG-S2,cambio_etapa,2026-09-03T10:00:00,APP-00041>entrevista,synthetic,SYN-018153
PEV-00293,VAC-0008,ORG-S2,entrevista_programada,2026-09-03T10:00:00,SES-00074,synthetic,SYN-018154
PEV-00294,VAC-0008,ORG-S2,cambio_etapa,2026-09-03T12:00:00,APP-00038>entrevista,synthetic,SYN-018155
PEV-00295,VAC-0008,ORG-S2,entrevista_programada,2026-09-03T12:00:00,SES-00068,synthetic,SYN-018156
PEV-00296,VAC-0008,ORG-S2,cambio_etapa,2026-09-04T09:00:00,APP-00039>entrevista,synthetic,SYN-018157
PEV-00297,VAC-0008,ORG-S2,entrevista_programada,2026-09-04T09:00:00,SES-00070,synthetic,SYN-018158
PEV-00298,VAC-0008,ORG-S2,cambio_etapa,2026-09-04T17:16:00,APP-00040>evaluacion,synthetic,SYN-018159
PEV-00299,VAC-0008,ORG-S2,evaluacion_programada,2026-09-04T17:16:00,SES-00071,synthetic,SYN-018160
PEV-00300,VAC-0008,ORG-S2,evaluacion_realizada,2026-09-06T11:17:00,SES-00069,synthetic,SYN-018161
PEV-00301,VAC-0008,ORG-S2,evaluacion_programada,2026-09-07T16:16:00,SES-00072,synthetic,SYN-018162
PEV-00302,VAC-0008,ORG-S2,evaluacion_realizada,2026-09-08T12:22:00,SES-00067,synthetic,SYN-018163
PEV-00303,VAC-0008,ORG-S2,evaluacion_realizada,2026-09-10T02:45:00,SES-00073,synthetic,SYN-018164
PEV-00304,VAC-0008,ORG-S2,entrevista_realizada,2026-09-14T14:00:00,SES-00074,synthetic,SYN-018165
PEV-00305,VAC-0008,ORG-S2,evaluacion_realizada,2026-09-18T23:16:00,SES-00071,synthetic,SYN-018166
PEV-00306,VAC-0008,ORG-S2,evaluacion_realizada,2026-09-19T23:16:00,SES-00072,synthetic,SYN-018167
PEV-00307,VAC-0008,ORG-S2,entrevista_realizada,2026-09-20T15:00:00,SES-00068,synthetic,SYN-018168
PEV-00308,VAC-0008,ORG-S2,vacante_cerrada,2026-09-30T20:00:00,,synthetic,SYN-018169
PEV-00309,VAC-0009,ORG-S3,vacante_publicada,2026-01-19T15:01:00,,synthetic,SYN-018170
PEV-00310,VAC-0009,ORG-S3,postulacion_recibida,2026-01-20T10:02:00,APP-00042,synthetic,SYN-018171
PEV-00311,VAC-0009,ORG-S3,cambio_etapa,2026-01-20T10:02:00,APP-00042>recibida,synthetic,SYN-018172
PEV-00312,VAC-0009,ORG-S3,postulacion_recibida,2026-01-21T00:41:00,APP-00052,synthetic,SYN-018173
PEV-00313,VAC-0009,ORG-S3,cambio_etapa,2026-01-21T00:41:00,APP-00052>recibida,synthetic,SYN-018174
PEV-00314,VAC-0009,ORG-S3,postulacion_recibida,2026-01-21T12:52:00,APP-00050,synthetic,SYN-018175
PEV-00315,VAC-0009,ORG-S3,cambio_etapa,2026-01-21T12:52:00,APP-00050>recibida,synthetic,SYN-018176
PEV-00316,VAC-0009,ORG-S3,cambio_etapa,2026-01-21T13:02:00,APP-00042>evaluacion,synthetic,SYN-018177
PEV-00317,VAC-0009,ORG-S3,evaluacion_programada,2026-01-21T13:02:00,SES-00075,synthetic,SYN-018178
PEV-00318,VAC-0009,ORG-S3,postulacion_recibida,2026-01-21T19:33:00,APP-00051,synthetic,SYN-018179
PEV-00319,VAC-0009,ORG-S3,cambio_etapa,2026-01-21T19:33:00,APP-00051>recibida,synthetic,SYN-018180
PEV-00320,VAC-0009,ORG-S3,postulacion_recibida,2026-01-21T20:54:00,APP-00046,synthetic,SYN-018181
PEV-00321,VAC-0009,ORG-S3,cambio_etapa,2026-01-21T20:54:00,APP-00046>recibida,synthetic,SYN-018182
PEV-00322,VAC-0009,ORG-S3,postulacion_recibida,2026-01-22T02:00:00,APP-00044,synthetic,SYN-018183
PEV-00323,VAC-0009,ORG-S3,cambio_etapa,2026-01-22T02:00:00,APP-00044>recibida,synthetic,SYN-018184
PEV-00324,VAC-0009,ORG-S3,cambio_etapa,2026-01-23T02:54:00,APP-00046>evaluacion,synthetic,SYN-018185
PEV-00325,VAC-0009,ORG-S3,evaluacion_programada,2026-01-23T02:54:00,SES-00083,synthetic,SYN-018186
PEV-00326,VAC-0009,ORG-S3,postulacion_recibida,2026-01-23T22:09:00,APP-00045,synthetic,SYN-018187
PEV-00327,VAC-0009,ORG-S3,cambio_etapa,2026-01-23T22:09:00,APP-00045>recibida,synthetic,SYN-018188
PEV-00328,VAC-0009,ORG-S3,postulacion_recibida,2026-01-24T00:21:00,APP-00043,synthetic,SYN-018189
PEV-00329,VAC-0009,ORG-S3,cambio_etapa,2026-01-24T00:21:00,APP-00043>recibida,synthetic,SYN-018190
PEV-00330,VAC-0009,ORG-S3,cambio_etapa,2026-01-24T03:41:00,APP-00052>evaluacion,synthetic,SYN-018191
PEV-00331,VAC-0009,ORG-S3,evaluacion_programada,2026-01-24T03:41:00,SES-00095,synthetic,SYN-018192
PEV-00332,VAC-0009,ORG-S3,cambio_etapa,2026-01-24T16:52:00,APP-00050>evaluacion,synthetic,SYN-018193
PEV-00333,VAC-0009,ORG-S3,evaluacion_programada,2026-01-24T16:52:00,SES-00091,synthetic,SYN-018194
PEV-00334,VAC-0009,ORG-S3,postulacion_recibida,2026-01-24T23:54:00,APP-00048,synthetic,SYN-018195
PEV-00335,VAC-0009,ORG-S3,cambio_etapa,2026-01-24T23:54:00,APP-00048>recibida,synthetic,SYN-018196
PEV-00336,VAC-0009,ORG-S3,postulacion_recibida,2026-01-26T03:43:00,APP-00047,synthetic,SYN-018197
PEV-00337,VAC-0009,ORG-S3,cambio_etapa,2026-01-26T03:43:00,APP-00047>recibida,synthetic,SYN-018198
PEV-00338,VAC-0009,ORG-S3,evaluacion_programada,2026-01-26T22:09:00,SES-00082,synthetic,SYN-018199
PEV-00339,VAC-0009,ORG-S3,cambio_etapa,2026-01-27T03:00:00,APP-00044>evaluacion,synthetic,SYN-018200
PEV-00340,VAC-0009,ORG-S3,evaluacion_programada,2026-01-27T03:00:00,SES-00078,synthetic,SYN-018201
PEV-00341,VAC-0009,ORG-S3,cambio_etapa,2026-01-27T03:21:00,APP-00043>evaluacion,synthetic,SYN-018202
PEV-00342,VAC-0009,ORG-S3,evaluacion_programada,2026-01-27T03:21:00,SES-00076,synthetic,SYN-018203
PEV-00343,VAC-0009,ORG-S3,cambio_etapa,2026-01-27T03:33:00,APP-00051>evaluacion,synthetic,SYN-018204
PEV-00344,VAC-0009,ORG-S3,evaluacion_programada,2026-01-27T03:33:00,SES-00093,synthetic,SYN-018205
PEV-00345,VAC-0009,ORG-S3,evaluacion_programada,2026-01-27T08:00:00,SES-00079,synthetic,SYN-018206
PEV-00346,VAC-0009,ORG-S3,cambio_etapa,2026-01-27T22:09:00,APP-00045>evaluacion,synthetic,SYN-018207
PEV-00347,VAC-0009,ORG-S3,evaluacion_programada,2026-01-27T22:09:00,SES-00081,synthetic,SYN-018208
PEV-00348,VAC-0009,ORG-S3,cambio_etapa,2026-01-28T06:54:00,APP-00048>evaluacion,synthetic,SYN-018209
PEV-00349,VAC-0009,ORG-S3,evaluacion_programada,2026-01-28T06:54:00,SES-00087,synthetic,SYN-018210
PEV-00350,VAC-0009,ORG-S3,postulacion_recibida,2026-01-28T12:33:00,APP-00049,synthetic,SYN-018211
PEV-00351,VAC-0009,ORG-S3,cambio_etapa,2026-01-28T12:33:00,APP-00049>recibida,synthetic,SYN-018212
PEV-00352,VAC-0009,ORG-S3,evaluacion_realizada,2026-01-29T12:41:00,SES-00095,synthetic,SYN-018213
PEV-00353,VAC-0009,ORG-S3,evaluacion_realizada,2026-01-29T12:54:00,SES-00083,synthetic,SYN-018214
PEV-00354,VAC-0009,ORG-S3,cambio_etapa,2026-01-30T00:00:00,APP-00047>evaluacion,synthetic,SYN-018215
PEV-00355,VAC-0009,ORG-S3,cambio_etapa,2026-01-30T00:00:00,APP-00049>evaluacion,synthetic,SYN-018216
PEV-00356,VAC-0009,ORG-S3,evaluacion_programada,2026-01-30T00:00:00,SES-00085,synthetic,SYN-018217
PEV-00357,VAC-0009,ORG-S3,evaluacion_programada,2026-01-30T00:00:00,SES-00089,synthetic,SYN-018218
PEV-00358,VAC-0009,ORG-S3,cambio_etapa,2026-01-30T10:00:00,APP-00050>entrevista,synthetic,SYN-018219
PEV-00359,VAC-0009,ORG-S3,entrevista_programada,2026-01-30T10:00:00,SES-00092,synthetic,SYN-018220
PEV-00360,VAC-0009,ORG-S3,cambio_etapa,2026-01-30T11:00:00,APP-00051>entrevista,synthetic,SYN-018221
PEV-00361,VAC-0009,ORG-S3,entrevista_programada,2026-01-30T11:00:00,SES-00094,synthetic,SYN-018222
PEV-00362,VAC-0009,ORG-S3,cambio_etapa,2026-01-31T11:00:00,APP-00048>entrevista,synthetic,SYN-018223
PEV-00363,VAC-0009,ORG-S3,entrevista_programada,2026-01-31T11:00:00,SES-00088,synthetic,SYN-018224
PEV-00364,VAC-0009,ORG-S3,cambio_etapa,2026-02-01T09:00:00,APP-00043>entrevista,synthetic,SYN-018225
PEV-00365,VAC-0009,ORG-S3,entrevista_programada,2026-02-01T09:00:00,SES-00077,synthetic,SYN-018226
PEV-00366,VAC-0009,ORG-S3,cambio_etapa,2026-02-01T16:00:00,APP-00052>entrevista,synthetic,SYN-018227
PEV-00367,VAC-0009,ORG-S3,entrevista_programada,2026-02-01T16:00:00,SES-00096,synthetic,SYN-018228
PEV-00368,VAC-0009,ORG-S3,evaluacion_realizada,2026-02-02T09:00:00,SES-00078,synthetic,SYN-018229
PEV-00369,VAC-0009,ORG-S3,evaluacion_realizada,2026-02-02T19:02:00,SES-00075,synthetic,SYN-018230
PEV-00370,VAC-0009,ORG-S3,evaluacion_realizada,2026-02-02T23:09:00,SES-00082,synthetic,SYN-018231
PEV-00371,VAC-0009,ORG-S3,cambio_etapa,2026-02-03T10:00:00,APP-00044>entrevista,synthetic,SYN-018232
PEV-00372,VAC-0009,ORG-S3,entrevista_programada,2026-02-03T10:00:00,SES-00080,synthetic,SYN-018233
PEV-00373,VAC-0009,ORG-S3,cambio_etapa,2026-02-03T11:00:00,APP-00046>entrevista,synthetic,SYN-018234
PEV-00374,VAC-0009,ORG-S3,entrevista_programada,2026-02-03T11:00:00,SES-00084,synthetic,SYN-018235
PEV-00375,VAC-0009,ORG-S3,cambio_etapa,2026-02-03T12:00:00,APP-00049>entrevista,synthetic,SYN-018236
PEV-00376,VAC-0009,ORG-S3,entrevista_programada,2026-02-03T12:00:00,SES-00090,synthetic,SYN-018237
PEV-00377,VAC-0009,ORG-S3,evaluacion_realizada,2026-02-04T09:21:00,SES-00076,synthetic,SYN-018238
PEV-00378,VAC-0009,ORG-S3,entrevista_realizada,2026-02-04T15:00:00,SES-00088,synthetic,SYN-018239
PEV-00379,VAC-0009,ORG-S3,cambio_etapa,2026-02-05T17:00:00,APP-00047>entrevista,synthetic,SYN-018240
PEV-00380,VAC-0009,ORG-S3,entrevista_programada,2026-02-05T17:00:00,SES-00086,synthetic,SYN-018241
PEV-00381,VAC-0009,ORG-S3,evaluacion_realizada,2026-02-06T09:54:00,SES-00087,synthetic,SYN-018242
PEV-00382,VAC-0009,ORG-S3,entrevista_realizada,2026-02-07T19:00:00,SES-00080,synthetic,SYN-018243
PEV-00383,VAC-0009,ORG-S3,evaluacion_realizada,2026-02-08T00:52:00,SES-00091,synthetic,SYN-018244
PEV-00384,VAC-0009,ORG-S3,evaluacion_realizada,2026-02-08T08:00:00,SES-00089,synthetic,SYN-018245
PEV-00385,VAC-0009,ORG-S3,entrevista_realizada,2026-02-09T15:00:00,SES-00092,synthetic,SYN-018246
PEV-00386,VAC-0009,ORG-S3,entrevista_realizada,2026-02-09T18:00:00,SES-00094,synthetic,SYN-018247
PEV-00387,VAC-0009,ORG-S3,entrevista_realizada,2026-02-09T22:00:00,SES-00096,synthetic,SYN-018248
PEV-00388,VAC-0009,ORG-S3,evaluacion_realizada,2026-02-10T07:09:00,SES-00081,synthetic,SYN-018249
PEV-00389,VAC-0009,ORG-S3,evaluacion_realizada,2026-02-10T17:00:00,SES-00079,synthetic,SYN-018250
PEV-00390,VAC-0009,ORG-S3,evaluacion_realizada,2026-02-11T06:00:00,SES-00085,synthetic,SYN-018251
PEV-00391,VAC-0009,ORG-S3,entrevista_realizada,2026-02-15T17:00:00,SES-00090,synthetic,SYN-018252
PEV-00392,VAC-0009,ORG-S3,entrevista_realizada,2026-02-17T14:00:00,SES-00077,synthetic,SYN-018253
PEV-00393,VAC-0009,ORG-S3,entrevista_realizada,2026-02-18T18:00:00,SES-00084,synthetic,SYN-018254
PEV-00394,VAC-0009,ORG-S3,vacante_cerrada,2026-02-20T22:00:00,,synthetic,SYN-018255
PEV-00395,VAC-0010,ORG-S1,vacante_publicada,2026-08-19T08:48:00,,synthetic,SYN-018256
PEV-00396,VAC-0010,ORG-S1,postulacion_recibida,2026-08-27T16:07:00,APP-00053,synthetic,SYN-018257
PEV-00397,VAC-0010,ORG-S1,cambio_etapa,2026-08-27T16:07:00,APP-00053>recibida,synthetic,SYN-018258
PEV-00398,VAC-0010,ORG-S1,postulacion_recibida,2026-08-27T23:26:00,APP-00054,synthetic,SYN-018259
PEV-00399,VAC-0010,ORG-S1,cambio_etapa,2026-08-27T23:26:00,APP-00054>recibida,synthetic,SYN-018260
PEV-00400,VAC-0010,ORG-S1,cambio_etapa,2026-08-28T18:07:00,APP-00053>evaluacion,synthetic,SYN-018261
PEV-00401,VAC-0010,ORG-S1,evaluacion_programada,2026-08-28T18:07:00,SES-00097,synthetic,SYN-018262
PEV-00402,VAC-0010,ORG-S1,postulacion_recibida,2026-08-30T17:58:00,APP-00056,synthetic,SYN-018263
PEV-00403,VAC-0010,ORG-S1,cambio_etapa,2026-08-30T17:58:00,APP-00056>recibida,synthetic,SYN-018264
PEV-00404,VAC-0010,ORG-S1,cambio_etapa,2026-09-01T03:26:00,APP-00054>evaluacion,synthetic,SYN-018265
PEV-00405,VAC-0010,ORG-S1,evaluacion_programada,2026-09-01T03:26:00,SES-00099,synthetic,SYN-018266
PEV-00406,VAC-0010,ORG-S1,cambio_etapa,2026-09-01T23:58:00,APP-00056>evaluacion,synthetic,SYN-018267
PEV-00407,VAC-0010,ORG-S1,evaluacion_programada,2026-09-01T23:58:00,SES-00103,synthetic,SYN-018268
PEV-00408,VAC-0010,ORG-S1,postulacion_recibida,2026-09-06T12:33:00,APP-00055,synthetic,SYN-018269
PEV-00409,VAC-0010,ORG-S1,cambio_etapa,2026-09-06T12:33:00,APP-00055>recibida,synthetic,SYN-018270
PEV-00410,VAC-0010,ORG-S1,evaluacion_realizada,2026-09-06T20:07:00,SES-00097,synthetic,SYN-018271
PEV-00411,VAC-0010,ORG-S1,evaluacion_realizada,2026-09-07T07:58:00,SES-00103,synthetic,SYN-018272
PEV-00412,VAC-0010,ORG-S1,cambio_etapa,2026-09-07T16:33:00,APP-00055>evaluacion,synthetic,SYN-018273
PEV-00413,VAC-0010,ORG-S1,evaluacion_programada,2026-09-07T16:33:00,SES-00100,synthetic,SYN-018274
PEV-00414,VAC-0010,ORG-S1,postulacion_recibida,2026-09-08T13:40:00,APP-00057,synthetic,SYN-018275
PEV-00415,VAC-0010,ORG-S1,cambio_etapa,2026-09-08T13:40:00,APP-00057>recibida,synthetic,SYN-018276
PEV-00416,VAC-0010,ORG-S1,evaluacion_realizada,2026-09-10T01:00:00,SES-00099,synthetic,SYN-018277
PEV-00417,VAC-0010,ORG-S1,cambio_etapa,2026-09-10T09:00:00,APP-00055>entrevista,synthetic,SYN-018278
PEV-00418,VAC-0010,ORG-S1,entrevista_programada,2026-09-10T09:00:00,SES-00102,synthetic,SYN-018279
PEV-00419,VAC-0010,ORG-S1,evaluacion_programada,2026-09-10T15:33:00,SES-00101,synthetic,SYN-018280
PEV-00420,VAC-0010,ORG-S1,cambio_etapa,2026-09-12T09:00:00,APP-00056>entrevista,synthetic,SYN-018281
PEV-00421,VAC-0010,ORG-S1,entrevista_programada,2026-09-12T09:00:00,SES-00104,synthetic,SYN-018282
PEV-00422,VAC-0010,ORG-S1,cambio_etapa,2026-09-12T18:40:00,APP-00057>evaluacion,synthetic,SYN-018283
PEV-00423,VAC-0010,ORG-S1,evaluacion_programada,2026-09-12T18:40:00,SES-00105,synthetic,SYN-018284
PEV-00424,VAC-0010,ORG-S1,cambio_etapa,2026-09-14T12:00:00,APP-00053>entrevista,synthetic,SYN-018285
PEV-00425,VAC-0010,ORG-S1,entrevista_programada,2026-09-14T12:00:00,SES-00098,synthetic,SYN-018286
PEV-00426,VAC-0010,ORG-S1,cambio_etapa,2026-09-15T11:00:00,APP-00057>entrevista,synthetic,SYN-018287
PEV-00427,VAC-0010,ORG-S1,entrevista_programada,2026-09-15T11:00:00,SES-00106,synthetic,SYN-018288
PEV-00428,VAC-0010,ORG-S1,evaluacion_realizada,2026-09-19T20:33:00,SES-00100,synthetic,SYN-018289
PEV-00429,VAC-0010,ORG-S1,entrevista_realizada,2026-09-22T18:00:00,SES-00106,synthetic,SYN-018290
PEV-00430,VAC-0010,ORG-S1,entrevista_realizada,2026-09-23T14:00:00,SES-00098,synthetic,SYN-018291
PEV-00431,VAC-0010,ORG-S1,evaluacion_realizada,2026-09-23T23:33:00,SES-00101,synthetic,SYN-018292
PEV-00432,VAC-0010,ORG-S1,entrevista_realizada,2026-09-27T17:00:00,SES-00104,synthetic,SYN-018293
PEV-00433,VAC-0010,ORG-S1,entrevista_realizada,2026-09-29T14:00:00,SES-00102,synthetic,SYN-018294
PEV-00434,VAC-0010,ORG-S1,evaluacion_realizada,2026-09-29T20:40:00,SES-00105,synthetic,SYN-018295
PEV-00435,VAC-0011,ORG-S2,vacante_publicada,2026-08-22T16:54:00,,synthetic,SYN-018296
PEV-00436,VAC-0011,ORG-S2,postulacion_recibida,2026-08-26T16:48:00,APP-00061,synthetic,SYN-018297
PEV-00437,VAC-0011,ORG-S2,cambio_etapa,2026-08-26T16:48:00,APP-00061>recibida,synthetic,SYN-018298
PEV-00438,VAC-0011,ORG-S2,postulacion_recibida,2026-08-28T23:24:00,APP-00060,synthetic,SYN-018299
PEV-00439,VAC-0011,ORG-S2,cambio_etapa,2026-08-28T23:24:00,APP-00060>recibida,synthetic,SYN-018300
PEV-00440,VAC-0011,ORG-S2,postulacion_recibida,2026-08-30T09:56:00,APP-00058,synthetic,SYN-018301
PEV-00441,VAC-0011,ORG-S2,cambio_etapa,2026-08-30T09:56:00,APP-00058>recibida,synthetic,SYN-018302
PEV-00442,VAC-0011,ORG-S2,cambio_etapa,2026-09-01T00:48:00,APP-00061>evaluacion,synthetic,SYN-018303
PEV-00443,VAC-0011,ORG-S2,evaluacion_programada,2026-09-01T00:48:00,SES-00113,synthetic,SYN-018304
PEV-00444,VAC-0011,ORG-S2,cambio_etapa,2026-09-01T17:56:00,APP-00058>evaluacion,synthetic,SYN-018305
PEV-00445,VAC-0011,ORG-S2,evaluacion_programada,2026-09-01T17:56:00,SES-00107,synthetic,SYN-018306
PEV-00446,VAC-0011,ORG-S2,postulacion_recibida,2026-09-02T08:14:00,APP-00062,synthetic,SYN-018307
PEV-00447,VAC-0011,ORG-S2,cambio_etapa,2026-09-02T08:14:00,APP-00062>recibida,synthetic,SYN-018308
PEV-00448,VAC-0011,ORG-S2,cambio_etapa,2026-09-03T00:24:00,APP-00060>evaluacion,synthetic,SYN-018309
PEV-00449,VAC-0011,ORG-S2,evaluacion_programada,2026-09-03T00:24:00,SES-00111,synthetic,SYN-018310
PEV-00450,VAC-0011,ORG-S2,evaluacion_programada,2026-09-05T12:14:00,SES-00116,synthetic,SYN-018311
PEV-00451,VAC-0011,ORG-S2,cambio_etapa,2026-09-05T13:14:00,APP-00062>evaluacion,synthetic,SYN-018312
PEV-00452,VAC-0011,ORG-S2,evaluacion_programada,2026-09-05T13:14:00,SES-00115,synthetic,SYN-018313
PEV-00453,VAC-0011,ORG-S2,postulacion_recibida,2026-09-09T14:55:00,APP-00059,synthetic,SYN-018314
PEV-00454,VAC-0011,ORG-S2,cambio_etapa,2026-09-09T14:55:00,APP-00059>recibida,synthetic,SYN-018315
PEV-00455,VAC-0011,ORG-S2,evaluacion_realizada,2026-09-13T07:48:00,SES-00113,synthetic,SYN-018316
PEV-00456,VAC-0011,ORG-S2,cambio_etapa,2026-09-14T21:55:00,APP-00059>evaluacion,synthetic,SYN-018317
PEV-00457,VAC-0011,ORG-S2,evaluacion_programada,2026-09-14T21:55:00,SES-00109,synthetic,SYN-018318
PEV-00458,VAC-0011,ORG-S2,evaluacion_realizada,2026-09-15T03:24:00,SES-00111,synthetic,SYN-018319
PEV-00459,VAC-0011,ORG-S2,cambio_etapa,2026-09-15T09:00:00,APP-00058>entrevista,synthetic,SYN-018320
PEV-00460,VAC-0011,ORG-S2,entrevista_programada,2026-09-15T09:00:00,SES-00108,synthetic,SYN-018321
PEV-00461,VAC-0011,ORG-S2,evaluacion_realizada,2026-09-16T01:00:00,SES-00116,synthetic,SYN-018322
PEV-00462,VAC-0011,ORG-S2,cambio_etapa,2026-09-16T10:00:00,APP-00059>entrevista,synthetic,SYN-018323
PEV-00463,VAC-0011,ORG-S2,entrevista_programada,2026-09-16T10:00:00,SES-00110,synthetic,SYN-018324
PEV-00464,VAC-0011,ORG-S2,cambio_etapa,2026-09-16T14:00:00,APP-00062>entrevista,synthetic,SYN-018325
PEV-00465,VAC-0011,ORG-S2,entrevista_programada,2026-09-16T14:00:00,SES-00117,synthetic,SYN-018326
PEV-00466,VAC-0011,ORG-S2,evaluacion_realizada,2026-09-16T17:14:00,SES-00115,synthetic,SYN-018327
PEV-00467,VAC-0011,ORG-S2,evaluacion_realizada,2026-09-18T02:56:00,SES-00107,synthetic,SYN-018328
PEV-00468,VAC-0011,ORG-S2,cambio_etapa,2026-09-18T10:00:00,APP-00060>entrevista,synthetic,SYN-018329
PEV-00469,VAC-0011,ORG-S2,entrevista_programada,2026-09-18T10:00:00,SES-00112,synthetic,SYN-018330
PEV-00470,VAC-0011,ORG-S2,cambio_etapa,2026-09-18T15:00:00,APP-00061>entrevista,synthetic,SYN-018331
PEV-00471,VAC-0011,ORG-S2,entrevista_programada,2026-09-18T15:00:00,SES-00114,synthetic,SYN-018332
PEV-00472,VAC-0011,ORG-S2,entrevista_realizada,2026-09-22T20:00:00,SES-00108,synthetic,SYN-018333
PEV-00473,VAC-0011,ORG-S2,evaluacion_realizada,2026-09-24T04:55:00,SES-00109,synthetic,SYN-018334
PEV-00474,VAC-0011,ORG-S2,entrevista_realizada,2026-09-30T17:00:00,SES-00117,synthetic,SYN-018335
PEV-00475,VAC-0012,ORG-S3,vacante_publicada,2026-03-22T08:40:00,,synthetic,SYN-018336
PEV-00476,VAC-0012,ORG-S3,postulacion_recibida,2026-03-23T04:49:00,APP-00063,synthetic,SYN-018337
PEV-00477,VAC-0012,ORG-S3,cambio_etapa,2026-03-23T04:49:00,APP-00063>recibida,synthetic,SYN-018338
PEV-00478,VAC-0012,ORG-S3,postulacion_recibida,2026-03-23T19:20:00,APP-00065,synthetic,SYN-018339
PEV-00479,VAC-0012,ORG-S3,cambio_etapa,2026-03-23T19:20:00,APP-00065>recibida,synthetic,SYN-018340
PEV-00480,VAC-0012,ORG-S3,cambio_etapa,2026-03-26T05:49:00,APP-00063>evaluacion,synthetic,SYN-018341
PEV-00481,VAC-0012,ORG-S3,evaluacion_programada,2026-03-26T05:49:00,SES-00118,synthetic,SYN-018342
PEV-00482,VAC-0012,ORG-S3,postulacion_recibida,2026-03-28T15:31:00,APP-00069,synthetic,SYN-018343
PEV-00483,VAC-0012,ORG-S3,cambio_etapa,2026-03-28T15:31:00,APP-00069>recibida,synthetic,SYN-018344
PEV-00484,VAC-0012,ORG-S3,cambio_etapa,2026-03-29T01:20:00,APP-00065>evaluacion,synthetic,SYN-018345
PEV-00485,VAC-0012,ORG-S3,evaluacion_programada,2026-03-29T01:20:00,SES-00122,synthetic,SYN-018346
PEV-00486,VAC-0012,ORG-S3,postulacion_recibida,2026-03-29T10:02:00,APP-00066,synthetic,SYN-018347
PEV-00487,VAC-0012,ORG-S3,cambio_etapa,2026-03-29T10:02:00,APP-00066>recibida,synthetic,SYN-018348
PEV-00488,VAC-0012,ORG-S3,postulacion_recibida,2026-03-31T12:32:00,APP-00067,synthetic,SYN-018349
PEV-00489,VAC-0012,ORG-S3,cambio_etapa,2026-03-31T12:32:00,APP-00067>recibida,synthetic,SYN-018350
PEV-00490,VAC-0012,ORG-S3,postulacion_recibida,2026-03-31T21:39:00,APP-00068,synthetic,SYN-018351
PEV-00491,VAC-0012,ORG-S3,cambio_etapa,2026-03-31T21:39:00,APP-00068>recibida,synthetic,SYN-018352
PEV-00492,VAC-0012,ORG-S3,cambio_etapa,2026-04-01T17:02:00,APP-00066>evaluacion,synthetic,SYN-018353
PEV-00493,VAC-0012,ORG-S3,evaluacion_programada,2026-04-01T17:02:00,SES-00124,synthetic,SYN-018354
PEV-00494,VAC-0012,ORG-S3,cambio_etapa,2026-04-01T18:32:00,APP-00067>evaluacion,synthetic,SYN-018355
PEV-00495,VAC-0012,ORG-S3,evaluacion_programada,2026-04-01T18:32:00,SES-00125,synthetic,SYN-018356
PEV-00496,VAC-0012,ORG-S3,cambio_etapa,2026-04-02T02:39:00,APP-00068>evaluacion,synthetic,SYN-018357
PEV-00497,VAC-0012,ORG-S3,evaluacion_programada,2026-04-02T02:39:00,SES-00128,synthetic,SYN-018358
PEV-00498,VAC-0012,ORG-S3,evaluacion_realizada,2026-04-02T14:49:00,SES-00118,synthetic,SYN-018359
PEV-00499,VAC-0012,ORG-S3,postulacion_recibida,2026-04-02T18:50:00,APP-00064,synthetic,SYN-018360
PEV-00500,VAC-0012,ORG-S3,cambio_etapa,2026-04-02T18:50:00,APP-00064>recibida,synthetic,SYN-018361
PEV-00501,VAC-0012,ORG-S3,cambio_etapa,2026-04-02T20:31:00,APP-00069>descartada,synthetic,SYN-018362
PEV-00502,VAC-0012,ORG-S3,evaluacion_programada,2026-04-03T16:32:00,SES-00126,synthetic,SYN-018363
PEV-00503,VAC-0012,ORG-S3,cambio_etapa,2026-04-05T12:00:00,APP-00068>entrevista,synthetic,SYN-018364
PEV-00504,VAC-0012,ORG-S3,entrevista_programada,2026-04-05T12:00:00,SES-00129,synthetic,SYN-018365
PEV-00505,VAC-0012,ORG-S3,cambio_etapa,2026-04-05T19:50:00,APP-00064>evaluacion,synthetic,SYN-018366
PEV-00506,VAC-0012,ORG-S3,evaluacion_programada,2026-04-05T19:50:00,SES-00120,synthetic,SYN-018367
PEV-00507,VAC-0012,ORG-S3,cambio_etapa,2026-04-06T12:00:00,APP-00063>entrevista,synthetic,SYN-018368
PEV-00508,VAC-0012,ORG-S3,cambio_etapa,2026-04-06T12:00:00,APP-00065>entrevista,synthetic,SYN-018369
PEV-00509,VAC-0012,ORG-S3,entrevista_programada,2026-04-06T12:00:00,SES-00119,synthetic,SYN-018370
PEV-00510,VAC-0012,ORG-S3,entrevista_programada,2026-04-06T12:00:00,SES-00123,synthetic,SYN-018371
PEV-00511,VAC-0012,ORG-S3,cambio_etapa,2026-04-06T14:00:00,APP-00064>entrevista,synthetic,SYN-018372
PEV-00512,VAC-0012,ORG-S3,entrevista_programada,2026-04-06T14:00:00,SES-00121,synthetic,SYN-018373
PEV-00513,VAC-0012,ORG-S3,cambio_etapa,2026-04-06T15:00:00,APP-00067>entrevista,synthetic,SYN-018374
PEV-00514,VAC-0012,ORG-S3,entrevista_programada,2026-04-06T15:00:00,SES-00127,synthetic,SYN-018375
PEV-00515,VAC-0012,ORG-S3,evaluacion_realizada,2026-04-07T11:20:00,SES-00122,synthetic,SYN-018376
PEV-00516,VAC-0012,ORG-S3,evaluacion_realizada,2026-04-08T02:32:00,SES-00126,synthetic,SYN-018377
PEV-00517,VAC-0012,ORG-S3,evaluacion_realizada,2026-04-09T01:32:00,SES-00125,synthetic,SYN-018378
PEV-00518,VAC-0012,ORG-S3,entrevista_realizada,2026-04-09T15:00:00,SES-00129,synthetic,SYN-018379
PEV-00519,VAC-0012,ORG-S3,entrevista_realizada,2026-04-10T18:00:00,SES-00123,synthetic,SYN-018380
PEV-00520,VAC-0012,ORG-S3,evaluacion_realizada,2026-04-11T09:39:00,SES-00128,synthetic,SYN-018381
PEV-00521,VAC-0012,ORG-S3,entrevista_realizada,2026-04-12T19:00:00,SES-00119,synthetic,SYN-018382
PEV-00522,VAC-0012,ORG-S3,evaluacion_realizada,2026-04-17T02:50:00,SES-00120,synthetic,SYN-018383
PEV-00523,VAC-0012,ORG-S3,entrevista_realizada,2026-04-17T19:00:00,SES-00121,synthetic,SYN-018384
PEV-00524,VAC-0012,ORG-S3,entrevista_realizada,2026-04-18T17:00:00,SES-00127,synthetic,SYN-018385
PEV-00525,VAC-0012,ORG-S3,vacante_cerrada,2026-04-28T18:00:00,,synthetic,SYN-018386
PEV-00526,VAC-0013,ORG-S1,vacante_publicada,2026-09-09T00:00:00,,synthetic,SYN-018387
PEV-00527,VAC-0013,ORG-S1,postulacion_recibida,2026-09-09T04:57:00,APP-00072,synthetic,SYN-018388
PEV-00528,VAC-0013,ORG-S1,cambio_etapa,2026-09-09T04:57:00,APP-00072>recibida,synthetic,SYN-018389
PEV-00529,VAC-0013,ORG-S1,cambio_etapa,2026-09-10T07:57:00,APP-00072>evaluacion,synthetic,SYN-018390
PEV-00530,VAC-0013,ORG-S1,evaluacion_programada,2026-09-10T07:57:00,SES-00134,synthetic,SYN-018391
PEV-00531,VAC-0013,ORG-S1,postulacion_recibida,2026-09-11T12:26:00,APP-00080,synthetic,SYN-018392
PEV-00532,VAC-0013,ORG-S1,cambio_etapa,2026-09-11T12:26:00,APP-00080>recibida,synthetic,SYN-018393
PEV-00533,VAC-0013,ORG-S1,postulacion_recibida,2026-09-11T15:14:00,APP-00078,synthetic,SYN-018394
PEV-00534,VAC-0013,ORG-S1,cambio_etapa,2026-09-11T15:14:00,APP-00078>recibida,synthetic,SYN-018395
PEV-00535,VAC-0013,ORG-S1,postulacion_recibida,2026-09-12T04:57:00,APP-00081,synthetic,SYN-018396
PEV-00536,VAC-0013,ORG-S1,cambio_etapa,2026-09-12T04:57:00,APP-00081>recibida,synthetic,SYN-018397
PEV-00537,VAC-0013,ORG-S1,postulacion_recibida,2026-09-12T20:42:00,APP-00077,synthetic,SYN-018398
PEV-00538,VAC-0013,ORG-S1,cambio_etapa,2026-09-12T20:42:00,APP-00077>recibida,synthetic,SYN-018399
PEV-00539,VAC-0013,ORG-S1,cambio_etapa,2026-09-13T14:26:00,APP-00080>evaluacion,synthetic,SYN-018400
PEV-00540,VAC-0013,ORG-S1,evaluacion_programada,2026-09-13T14:26:00,SES-00149,synthetic,SYN-018401
PEV-00541,VAC-0013,ORG-S1,postulacion_recibida,2026-09-14T01:11:00,APP-00076,synthetic,SYN-018402
PEV-00542,VAC-0013,ORG-S1,cambio_etapa,2026-09-14T01:11:00,APP-00076>recibida,synthetic,SYN-018403
PEV-00543,VAC-0013,ORG-S1,cambio_etapa,2026-09-14T04:57:00,APP-00081>evaluacion,synthetic,SYN-018404
PEV-00544,VAC-0013,ORG-S1,evaluacion_programada,2026-09-14T04:57:00,SES-00151,synthetic,SYN-018405
PEV-00545,VAC-0013,ORG-S1,postulacion_recibida,2026-09-14T17:42:00,APP-00075,synthetic,SYN-018406
PEV-00546,VAC-0013,ORG-S1,cambio_etapa,2026-09-14T17:42:00,APP-00075>recibida,synthetic,SYN-018407
PEV-00547,VAC-0013,ORG-S1,postulacion_recibida,2026-09-14T19:59:00,APP-00083,synthetic,SYN-018408
PEV-00548,VAC-0013,ORG-S1,cambio_etapa,2026-09-14T19:59:00,APP-00083>recibida,synthetic,SYN-018409
PEV-00549,VAC-0013,ORG-S1,postulacion_recibida,2026-09-15T04:01:00,APP-00071,synthetic,SYN-018410
PEV-00550,VAC-0013,ORG-S1,cambio_etapa,2026-09-15T04:01:00,APP-00071>recibida,synthetic,SYN-018411
PEV-00551,VAC-0013,ORG-S1,evaluacion_programada,2026-09-15T16:14:00,SES-00145,synthetic,SYN-018412
PEV-00552,VAC-0013,ORG-S1,cambio_etapa,2026-09-15T20:42:00,APP-00075>evaluacion,synthetic,SYN-018413
PEV-00553,VAC-0013,ORG-S1,evaluacion_programada,2026-09-15T20:42:00,SES-00140,synthetic,SYN-018414
PEV-00554,VAC-0013,ORG-S1,cambio_etapa,2026-09-15T23:14:00,APP-00078>evaluacion,synthetic,SYN-018415
PEV-00555,VAC-0013,ORG-S1,evaluacion_programada,2026-09-15T23:14:00,SES-00144,synthetic,SYN-018416
PEV-00556,VAC-0013,ORG-S1,cambio_etapa,2026-09-16T01:42:00,APP-00077>descartada,synthetic,SYN-018417
PEV-00557,VAC-0013,ORG-S1,postulacion_recibida,2026-09-16T20:41:00,APP-00070,synthetic,SYN-018418
PEV-00558,VAC-0013,ORG-S1,cambio_etapa,2026-09-16T20:41:00,APP-00070>recibida,synthetic,SYN-018419
PEV-00559,VAC-0013,ORG-S1,postulacion_recibida,2026-09-17T04:08:00,APP-00074,synthetic,SYN-018420
PEV-00560,VAC-0013,ORG-S1,cambio_etapa,2026-09-17T04:08:00,APP-00074>recibida,synthetic,SYN-018421
PEV-00561,VAC-0013,ORG-S1,cambio_etapa,2026-09-17T21:59:00,APP-00083>evaluacion,synthetic,SYN-018422
PEV-00562,VAC-0013,ORG-S1,evaluacion_programada,2026-09-17T21:59:00,SES-00155,synthetic,SYN-018423
PEV-00563,VAC-0013,ORG-S1,postulacion_recibida,2026-09-18T06:52:00,APP-00073,synthetic,SYN-018424
PEV-00564,VAC-0013,ORG-S1,cambio_etapa,2026-09-18T06:52:00,APP-00073>recibida,synthetic,SYN-018425
PEV-00565,VAC-0013,ORG-S1,postulacion_recibida,2026-09-18T13:08:00,APP-00079,synthetic,SYN-018426
PEV-00566,VAC-0013,ORG-S1,cambio_etapa,2026-09-18T13:08:00,APP-00079>recibida,synthetic,SYN-018427
PEV-00567,VAC-0013,ORG-S1,postulacion_recibida,2026-09-18T17:56:00,APP-00082,synthetic,SYN-018428
PEV-00568,VAC-0013,ORG-S1,cambio_etapa,2026-09-18T17:56:00,APP-00082>recibida,synthetic,SYN-018429
PEV-00569,VAC-0013,ORG-S1,cambio_etapa,2026-09-19T02:11:00,APP-00076>evaluacion,synthetic,SYN-018430
PEV-00570,VAC-0013,ORG-S1,evaluacion_programada,2026-09-19T02:11:00,SES-00142,synthetic,SYN-018431
PEV-00571,VAC-0013,ORG-S1,cambio_etapa,2026-09-19T02:41:00,APP-00070>evaluacion,synthetic,SYN-018432
PEV-00572,VAC-0013,ORG-S1,evaluacion_programada,2026-09-19T02:41:00,SES-00130,synthetic,SYN-018433
PEV-00573,VAC-0013,ORG-S1,cambio_etapa,2026-09-19T11:01:00,APP-00071>evaluacion,synthetic,SYN-018434
PEV-00574,VAC-0013,ORG-S1,evaluacion_programada,2026-09-19T11:01:00,SES-00132,synthetic,SYN-018435
PEV-00575,VAC-0013,ORG-S1,cambio_etapa,2026-09-19T11:08:00,APP-00074>evaluacion,synthetic,SYN-018436
PEV-00576,VAC-0013,ORG-S1,evaluacion_programada,2026-09-19T11:08:00,SES-00138,synthetic,SYN-018437
PEV-00577,VAC-0013,ORG-S1,cambio_etapa,2026-09-20T10:00:00,APP-00081>entrevista,synthetic,SYN-018438
PEV-00578,VAC-0013,ORG-S1,entrevista_programada,2026-09-20T10:00:00,SES-00152,synthetic,SYN-018439
PEV-00579,VAC-0013,ORG-S1,cambio_etapa,2026-09-20T12:00:00,APP-00076>entrevista,synthetic,SYN-018440
PEV-00580,VAC-0013,ORG-S1,entrevista_programada,2026-09-20T12:00:00,SES-00143,synthetic,SYN-018441
PEV-00581,VAC-0013,ORG-S1,cambio_etapa,2026-09-20T15:00:00,APP-00079>entrevista,synthetic,SYN-018442
PEV-00582,VAC-0013,ORG-S1,entrevista_programada,2026-09-20T15:00:00,SES-00148,synthetic,SYN-018443
PEV-00583,VAC-0013,ORG-S1,cambio_etapa,2026-09-20T15:08:00,APP-00079>evaluacion,synthetic,SYN-018444
PEV-00584,VAC-0013,ORG-S1,evaluacion_programada,2026-09-20T15:08:00,SES-00147,synthetic,SYN-018445
PEV-00585,VAC-0013,ORG-S1,cambio_etapa,2026-09-20T16:00:00,APP-00074>entrevista,synthetic,SYN-018446
PEV-00586,VAC-0013,ORG-S1,entrevista_programada,2026-09-20T16:00:00,SES-00139,synthetic,SYN-018447
PEV-00587,VAC-0013,ORG-S1,cambio_etapa,2026-09-20T17:56:00,APP-00082>evaluacion,synthetic,SYN-018448
PEV-00588,VAC-0013,ORG-S1,evaluacion_programada,2026-09-20T17:56:00,SES-00153,synthetic,SYN-018449
PEV-00589,VAC-0013,ORG-S1,cambio_etapa,2026-09-21T09:00:00,APP-00083>entrevista,synthetic,SYN-018450
PEV-00590,VAC-0013,ORG-S1,entrevista_programada,2026-09-21T09:00:00,SES-00156,synthetic,SYN-018451
PEV-00591,VAC-0013,ORG-S1,cambio_etapa,2026-09-21T10:52:00,APP-00073>evaluacion,synthetic,SYN-018452
PEV-00592,VAC-0013,ORG-S1,evaluacion_programada,2026-09-21T10:52:00,SES-00136,synthetic,SYN-018453
PEV-00593,VAC-0013,ORG-S1,evaluacion_realizada,2026-09-21T16:26:00,SES-00149,synthetic,SYN-018454
PEV-00594,VAC-0013,ORG-S1,evaluacion_realizada,2026-09-22T11:57:00,SES-00134,synthetic,SYN-018455
PEV-00595,VAC-0013,ORG-S1,cambio_etapa,2026-09-22T14:00:00,APP-00075>entrevista,synthetic,SYN-018456
PEV-00596,VAC-0013,ORG-S1,entrevista_programada,2026-09-22T14:00:00,SES-00141,synthetic,SYN-018457
PEV-00597,VAC-0013,ORG-S1,cambio_etapa,2026-09-22T16:00:00,APP-00078>entrevista,synthetic,SYN-018458
PEV-00598,VAC-0013,ORG-S1,entrevista_programada,2026-09-22T16:00:00,SES-00146,synthetic,SYN-018459
PEV-00599,VAC-0013,ORG-S1,cambio_etapa,2026-09-23T10:00:00,APP-00072>entrevista,synthetic,SYN-018460
PEV-00600,VAC-0013,ORG-S1,entrevista_programada,2026-09-23T10:00:00,SES-00135,synthetic,SYN-018461
PEV-00601,VAC-0013,ORG-S1,cambio_etapa,2026-09-23T13:00:00,APP-00071>entrevista,synthetic,SYN-018462
PEV-00602,VAC-0013,ORG-S1,cambio_etapa,2026-09-23T13:00:00,APP-00080>entrevista,synthetic,SYN-018463
PEV-00603,VAC-0013,ORG-S1,entrevista_programada,2026-09-23T13:00:00,SES-00133,synthetic,SYN-018464
PEV-00604,VAC-0013,ORG-S1,entrevista_programada,2026-09-23T13:00:00,SES-00150,synthetic,SYN-018465
PEV-00605,VAC-0013,ORG-S1,cambio_etapa,2026-09-23T15:00:00,APP-00073>entrevista,synthetic,SYN-018466
PEV-00606,VAC-0013,ORG-S1,entrevista_programada,2026-09-23T15:00:00,SES-00137,synthetic,SYN-018467
PEV-00607,VAC-0013,ORG-S1,cambio_etapa,2026-09-24T10:00:00,APP-00070>entrevista,synthetic,SYN-018468
PEV-00608,VAC-0013,ORG-S1,entrevista_programada,2026-09-24T10:00:00,SES-00131,synthetic,SYN-018469
PEV-00609,VAC-0013,ORG-S1,cambio_etapa,2026-09-25T16:00:00,APP-00082>entrevista,synthetic,SYN-018470
PEV-00610,VAC-0013,ORG-S1,entrevista_programada,2026-09-25T16:00:00,SES-00154,synthetic,SYN-018471
PEV-00611,VAC-0013,ORG-S1,evaluacion_realizada,2026-09-26T01:59:00,SES-00155,synthetic,SYN-018472
PEV-00612,VAC-0013,ORG-S1,entrevista_realizada,2026-09-27T16:00:00,SES-00156,synthetic,SYN-018473
PEV-00613,VAC-0013,ORG-S1,evaluacion_realizada,2026-09-28T03:14:00,SES-00145,synthetic,SYN-018474
PEV-00614,VAC-0013,ORG-S1,evaluacion_realizada,2026-09-28T07:14:00,SES-00144,synthetic,SYN-018475
PEV-00615,VAC-0013,ORG-S1,evaluacion_realizada,2026-09-29T09:11:00,SES-00142,synthetic,SYN-018476
PEV-00616,VAC-0013,ORG-S1,evaluacion_realizada,2026-09-30T04:41:00,SES-00130,synthetic,SYN-018477
PEV-00617,VAC-0013,ORG-S1,entrevista_realizada,2026-09-30T21:00:00,SES-00148,synthetic,SYN-018478
PEV-00618,VAC-0014,ORG-S2,vacante_publicada,2026-02-02T16:57:00,,synthetic,SYN-018479
PEV-00619,VAC-0014,ORG-S2,postulacion_recibida,2026-02-02T21:03:00,APP-00090,synthetic,SYN-018480
PEV-00620,VAC-0014,ORG-S2,cambio_etapa,2026-02-02T21:03:00,APP-00090>recibida,synthetic,SYN-018481
PEV-00621,VAC-0014,ORG-S2,cambio_etapa,2026-02-04T02:03:00,APP-00090>evaluacion,synthetic,SYN-018482
PEV-00622,VAC-0014,ORG-S2,evaluacion_programada,2026-02-04T02:03:00,SES-00169,synthetic,SYN-018483
PEV-00623,VAC-0014,ORG-S2,postulacion_recibida,2026-02-05T17:32:00,APP-00084,synthetic,SYN-018484
PEV-00624,VAC-0014,ORG-S2,cambio_etapa,2026-02-05T17:32:00,APP-00084>recibida,synthetic,SYN-018485
PEV-00625,VAC-0014,ORG-S2,postulacion_recibida,2026-02-06T17:57:00,APP-00089,synthetic,SYN-018486
PEV-00626,VAC-0014,ORG-S2,cambio_etapa,2026-02-06T17:57:00,APP-00089>recibida,synthetic,SYN-018487
PEV-00627,VAC-0014,ORG-S2,postulacion_recibida,2026-02-07T12:41:00,APP-00095,synthetic,SYN-018488
PEV-00628,VAC-0014,ORG-S2,cambio_etapa,2026-02-07T12:41:00,APP-00095>recibida,synthetic,SYN-018489
PEV-00629,VAC-0014,ORG-S2,cambio_etapa,2026-02-08T16:41:00,APP-00095>evaluacion,synthetic,SYN-018490
PEV-00630,VAC-0014,ORG-S2,evaluacion_programada,2026-02-08T16:41:00,SES-00178,synthetic,SYN-018491
PEV-00631,VAC-0014,ORG-S2,cambio_etapa,2026-02-08T23:32:00,APP-00084>evaluacion,synthetic,SYN-018492
PEV-00632,VAC-0014,ORG-S2,evaluacion_programada,2026-02-08T23:32:00,SES-00157,synthetic,SYN-018493
PEV-00633,VAC-0014,ORG-S2,postulacion_recibida,2026-02-09T01:52:00,APP-00085,synthetic,SYN-018494
PEV-00634,VAC-0014,ORG-S2,cambio_etapa,2026-02-09T01:52:00,APP-00085>recibida,synthetic,SYN-018495
PEV-00635,VAC-0014,ORG-S2,postulacion_recibida,2026-02-09T13:05:00,APP-00094,synthetic,SYN-018496
PEV-00636,VAC-0014,ORG-S2,cambio_etapa,2026-02-09T13:05:00,APP-00094>recibida,synthetic,SYN-018497
PEV-00637,VAC-0014,ORG-S2,postulacion_recibida,2026-02-09T17:42:00,APP-00087,synthetic,SYN-018498
PEV-00638,VAC-0014,ORG-S2,cambio_etapa,2026-02-09T17:42:00,APP-00087>recibida,synthetic,SYN-018499
PEV-00639,VAC-0014,ORG-S2,evaluacion_programada,2026-02-09T21:32:00,SES-00158,synthetic,SYN-018500
PEV-00640,VAC-0014,ORG-S2,postulacion_recibida,2026-02-10T13:00:00,APP-00093,synthetic,SYN-018501
PEV-00641,VAC-0014,ORG-S2,cambio_etapa,2026-02-10T13:00:00,APP-00093>recibida,synthetic,SYN-018502
PEV-00642,VAC-0014,ORG-S2,postulacion_recibida,2026-02-11T05:18:00,APP-00086,synthetic,SYN-018503
PEV-00643,VAC-0014,ORG-S2,cambio_etapa,2026-02-11T05:18:00,APP-00086>recibida,synthetic,SYN-018504
PEV-00644,VAC-0014,ORG-S2,cambio_etapa,2026-02-11T20:57:00,APP-00089>descartada,synthetic,SYN-018505
PEV-00645,VAC-0014,ORG-S2,postulacion_recibida,2026-02-11T23:19:00,APP-00088,synthetic,SYN-018506
PEV-00646,VAC-0014,ORG-S2,cambio_etapa,2026-02-11T23:19:00,APP-00088>recibida,synthetic,SYN-018507
PEV-00647,VAC-0014,ORG-S2,cambio_etapa,2026-02-12T00:42:00,APP-00087>evaluacion,synthetic,SYN-018508
PEV-00648,VAC-0014,ORG-S2,evaluacion_programada,2026-02-12T00:42:00,SES-00164,synthetic,SYN-018509
PEV-00649,VAC-0014,ORG-S2,evaluacion_programada,2026-02-12T12:41:00,SES-00179,synthetic,SYN-018510
PEV-00650,VAC-0014,ORG-S2,evaluacion_realizada,2026-02-12T17:41:00,SES-00178,synthetic,SYN-018511
PEV-00651,VAC-0014,ORG-S2,cambio_etapa,2026-02-12T21:00:00,APP-00093>evaluacion,synthetic,SYN-018512
PEV-00652,VAC-0014,ORG-S2,evaluacion_programada,2026-02-12T21:00:00,SES-00174,synthetic,SYN-018513
PEV-00653,VAC-0014,ORG-S2,cambio_etapa,2026-02-13T00:19:00,APP-00088>evaluacion,synthetic,SYN-018514
PEV-00654,VAC-0014,ORG-S2,evaluacion_programada,2026-02-13T00:19:00,SES-00167,synthetic,SYN-018515
PEV-00655,VAC-0014,ORG-S2,cambio_etapa,2026-02-13T05:52:00,APP-00085>evaluacion,synthetic,SYN-018516
PEV-00656,VAC-0014,ORG-S2,evaluacion_programada,2026-02-13T05:52:00,SES-00160,synthetic,SYN-018517
PEV-00657,VAC-0014,ORG-S2,postulacion_recibida,2026-02-13T11:58:00,APP-00092,synthetic,SYN-018518
PEV-00658,VAC-0014,ORG-S2,cambio_etapa,2026-02-13T11:58:00,APP-00092>recibida,synthetic,SYN-018519
PEV-00659,VAC-0014,ORG-S2,evaluacion_programada,2026-02-13T20:42:00,SES-00165,synthetic,SYN-018520
PEV-00660,VAC-0014,ORG-S2,cambio_etapa,2026-02-14T08:18:00,APP-00086>evaluacion,synthetic,SYN-018521
PEV-00661,VAC-0014,ORG-S2,evaluacion_programada,2026-02-14T08:18:00,SES-00162,synthetic,SYN-018522
PEV-00662,VAC-0014,ORG-S2,postulacion_recibida,2026-02-14T15:24:00,APP-00091,synthetic,SYN-018523
PEV-00663,VAC-0014,ORG-S2,cambio_etapa,2026-02-14T15:24:00,APP-00091>recibida,synthetic,SYN-018524
PEV-00664,VAC-0014,ORG-S2,cambio_etapa,2026-02-14T18:05:00,APP-00094>evaluacion,synthetic,SYN-018525
PEV-00665,VAC-0014,ORG-S2,evaluacion_programada,2026-02-14T18:05:00,SES-00176,synthetic,SYN-018526
PEV-00666,VAC-0014,ORG-S2,evaluacion_realizada,2026-02-15T11:03:00,SES-00169,synthetic,SYN-018527
PEV-00667,VAC-0014,ORG-S2,cambio_etapa,2026-02-15T12:00:00,APP-00085>entrevista,synthetic,SYN-018528
PEV-00668,VAC-0014,ORG-S2,cambio_etapa,2026-02-15T12:00:00,APP-00093>entrevista,synthetic,SYN-018529
PEV-00669,VAC-0014,ORG-S2,entrevista_programada,2026-02-15T12:00:00,SES-00161,synthetic,SYN-018530
PEV-00670,VAC-0014,ORG-S2,entrevista_programada,2026-02-15T12:00:00,SES-00175,synthetic,SYN-018531
PEV-00671,VAC-0014,ORG-S2,cambio_etapa,2026-02-15T13:00:00,APP-00094>entrevista,synthetic,SYN-018532
PEV-00672,VAC-0014,ORG-S2,entrevista_programada,2026-02-15T13:00:00,SES-00177,synthetic,SYN-018533
PEV-00673,VAC-0014,ORG-S2,cambio_etapa,2026-02-15T15:00:00,APP-00086>entrevista,synthetic,SYN-018534
PEV-00674,VAC-0014,ORG-S2,entrevista_programada,2026-02-15T15:00:00,SES-00163,synthetic,SYN-018535
PEV-00675,VAC-0014,ORG-S2,cambio_etapa,2026-02-15T22:24:00,APP-00091>evaluacion,synthetic,SYN-018536
PEV-00676,VAC-0014,ORG-S2,evaluacion_programada,2026-02-15T22:24:00,SES-00171,synthetic,SYN-018537
PEV-00677,VAC-0014,ORG-S2,evaluacion_realizada,2026-02-16T04:19:00,SES-00167,synthetic,SYN-018538
PEV-00678,VAC-0014,ORG-S2,cambio_etapa,2026-02-16T18:58:00,APP-00092>evaluacion,synthetic,SYN-018539
PEV-00679,VAC-0014,ORG-S2,evaluacion_programada,2026-02-16T18:58:00,SES-00172,synthetic,SYN-018540
PEV-00680,VAC-0014,ORG-S2,evaluacion_realizada,2026-02-16T22:32:00,SES-00158,synthetic,SYN-018541
PEV-00681,VAC-0014,ORG-S2,cambio_etapa,2026-02-17T14:00:00,APP-00084>entrevista,synthetic,SYN-018542
PEV-00682,VAC-0014,ORG-S2,cambio_etapa,2026-02-17T14:00:00,APP-00088>entrevista,synthetic,SYN-018543
PEV-00683,VAC-0014,ORG-S2,cambio_etapa,2026-02-17T14:00:00,APP-00095>entrevista,synthetic,SYN-018544
PEV-00684,VAC-0014,ORG-S2,entrevista_programada,2026-02-17T14:00:00,SES-00159,synthetic,SYN-018545
PEV-00685,VAC-0014,ORG-S2,entrevista_programada,2026-02-17T14:00:00,SES-00168,synthetic,SYN-018546
PEV-00686,VAC-0014,ORG-S2,entrevista_programada,2026-02-17T14:00:00,SES-00180,synthetic,SYN-018547
PEV-00687,VAC-0014,ORG-S2,cambio_etapa,2026-02-18T15:00:00,APP-00092>entrevista,synthetic,SYN-018548
PEV-00688,VAC-0014,ORG-S2,entrevista_programada,2026-02-18T15:00:00,SES-00173,synthetic,SYN-018549
PEV-00689,VAC-0014,ORG-S2,entrevista_realizada,2026-02-18T21:00:00,SES-00161,synthetic,SYN-018550
PEV-00690,VAC-0014,ORG-S2,evaluacion_realizada,2026-02-19T07:32:00,SES-00157,synthetic,SYN-018551
PEV-00691,VAC-0014,ORG-S2,cambio_etapa,2026-02-19T16:00:00,APP-00087>entrevista,synthetic,SYN-018552
PEV-00692,VAC-0014,ORG-S2,entrevista_programada,2026-02-19T16:00:00,SES-00166,synthetic,SYN-018553
PEV-00693,VAC-0014,ORG-S2,cambio_etapa,2026-02-20T14:00:00,APP-00090>entrevista,synthetic,SYN-018554
PEV-00694,VAC-0014,ORG-S2,entrevista_programada,2026-02-20T14:00:00,SES-00170,synthetic,SYN-018555
PEV-00695,VAC-0014,ORG-S2,evaluacion_realizada,2026-02-21T09:52:00,SES-00160,synthetic,SYN-018556
PEV-00696,VAC-0014,ORG-S2,evaluacion_realizada,2026-02-22T09:18:00,SES-00162,synthetic,SYN-018557
PEV-00697,VAC-0014,ORG-S2,evaluacion_realizada,2026-02-22T16:41:00,SES-00179,synthetic,SYN-018558
PEV-00698,VAC-0014,ORG-S2,entrevista_realizada,2026-02-22T19:00:00,SES-00173,synthetic,SYN-018559
PEV-00699,VAC-0014,ORG-S2,entrevista_realizada,2026-02-22T21:00:00,SES-00180,synthetic,SYN-018560
PEV-00700,VAC-0014,ORG-S2,evaluacion_realizada,2026-02-23T03:42:00,SES-00165,synthetic,SYN-018561
PEV-00701,VAC-0014,ORG-S2,evaluacion_realizada,2026-02-23T05:05:00,SES-00176,synthetic,SYN-018562
PEV-00702,VAC-0014,ORG-S2,evaluacion_realizada,2026-02-23T20:58:00,SES-00172,synthetic,SYN-018563
PEV-00703,VAC-0014,ORG-S2,entrevista_realizada,2026-02-23T21:00:00,SES-00159,synthetic,SYN-018564
PEV-00704,VAC-0014,ORG-S2,entrevista_realizada,2026-02-26T01:00:00,SES-00163,synthetic,SYN-018565
PEV-00705,VAC-0014,ORG-S2,evaluacion_realizada,2026-02-26T01:24:00,SES-00171,synthetic,SYN-018566
PEV-00706,VAC-0014,ORG-S2,evaluacion_realizada,2026-02-26T04:42:00,SES-00164,synthetic,SYN-018567
PEV-00707,VAC-0014,ORG-S2,entrevista_realizada,2026-02-26T14:00:00,SES-00175,synthetic,SYN-018568
PEV-00708,VAC-0014,ORG-S2,entrevista_realizada,2026-03-02T17:00:00,SES-00168,synthetic,SYN-018569
PEV-00709,VAC-0014,ORG-S2,entrevista_realizada,2026-03-04T22:00:00,SES-00170,synthetic,SYN-018570
PEV-00710,VAC-0014,ORG-S2,entrevista_realizada,2026-03-05T03:00:00,SES-00166,synthetic,SYN-018571
PEV-00711,VAC-0014,ORG-S2,vacante_cerrada,2026-03-16T10:00:00,,synthetic,SYN-018572
PEV-00712,VAC-0015,ORG-S3,vacante_publicada,2026-07-01T16:22:00,,synthetic,SYN-018573
PEV-00713,VAC-0015,ORG-S3,postulacion_recibida,2026-07-03T10:27:00,APP-00099,synthetic,SYN-018574
PEV-00714,VAC-0015,ORG-S3,cambio_etapa,2026-07-03T10:27:00,APP-00099>recibida,synthetic,SYN-018575
PEV-00715,VAC-0015,ORG-S3,postulacion_recibida,2026-07-06T04:15:00,APP-00096,synthetic,SYN-018576
PEV-00716,VAC-0015,ORG-S3,cambio_etapa,2026-07-06T04:15:00,APP-00096>recibida,synthetic,SYN-018577
PEV-00717,VAC-0015,ORG-S3,cambio_etapa,2026-07-06T15:27:00,APP-00099>evaluacion,synthetic,SYN-018578
PEV-00718,VAC-0015,ORG-S3,evaluacion_programada,2026-07-06T15:27:00,SES-00187,synthetic,SYN-018579
PEV-00719,VAC-0015,ORG-S3,postulacion_recibida,2026-07-08T03:53:00,APP-00098,synthetic,SYN-018580
PEV-00720,VAC-0015,ORG-S3,cambio_etapa,2026-07-08T03:53:00,APP-00098>recibida,synthetic,SYN-018581
PEV-00721,VAC-0015,ORG-S3,cambio_etapa,2026-07-08T12:15:00,APP-00096>evaluacion,synthetic,SYN-018582
PEV-00722,VAC-0015,ORG-S3,evaluacion_programada,2026-07-08T12:15:00,SES-00181,synthetic,SYN-018583
PEV-00723,VAC-0015,ORG-S3,postulacion_recibida,2026-07-11T16:20:00,APP-00097,synthetic,SYN-018584
PEV-00724,VAC-0015,ORG-S3,cambio_etapa,2026-07-11T16:20:00,APP-00097>recibida,synthetic,SYN-018585
PEV-00725,VAC-0015,ORG-S3,cambio_etapa,2026-07-13T10:53:00,APP-00098>evaluacion,synthetic,SYN-018586
PEV-00726,VAC-0015,ORG-S3,evaluacion_programada,2026-07-13T10:53:00,SES-00185,synthetic,SYN-018587
PEV-00727,VAC-0015,ORG-S3,evaluacion_realizada,2026-07-14T23:27:00,SES-00187,synthetic,SYN-018588
PEV-00728,VAC-0015,ORG-S3,cambio_etapa,2026-07-15T20:20:00,APP-00097>evaluacion,synthetic,SYN-018589
PEV-00729,VAC-0015,ORG-S3,evaluacion_programada,2026-07-15T20:20:00,SES-00183,synthetic,SYN-018590
PEV-00730,VAC-0015,ORG-S3,evaluacion_realizada,2026-07-21T17:53:00,SES-00185,synthetic,SYN-018591
PEV-00731,VAC-0015,ORG-S3,cambio_etapa,2026-07-22T16:00:00,APP-00099>entrevista,synthetic,SYN-018592
PEV-00732,VAC-0015,ORG-S3,entrevista_programada,2026-07-22T16:00:00,SES-00188,synthetic,SYN-018593
PEV-00733,VAC-0015,ORG-S3,evaluacion_realizada,2026-07-23T02:20:00,SES-00183,synthetic,SYN-018594
PEV-00734,VAC-0015,ORG-S3,cambio_etapa,2026-07-24T13:00:00,APP-00098>entrevista,synthetic,SYN-018595
PEV-00735,VAC-0015,ORG-S3,entrevista_programada,2026-07-24T13:00:00,SES-00186,synthetic,SYN-018596
PEV-00736,VAC-0015,ORG-S3,evaluacion_realizada,2026-07-24T16:15:00,SES-00181,synthetic,SYN-018597
PEV-00737,VAC-0015,ORG-S3,cambio_etapa,2026-07-25T11:00:00,APP-00097>entrevista,synthetic,SYN-018598
PEV-00738,VAC-0015,ORG-S3,entrevista_programada,2026-07-25T11:00:00,SES-00184,synthetic,SYN-018599
PEV-00739,VAC-0015,ORG-S3,cambio_etapa,2026-07-27T16:00:00,APP-00096>entrevista,synthetic,SYN-018600
PEV-00740,VAC-0015,ORG-S3,entrevista_programada,2026-07-27T16:00:00,SES-00182,synthetic,SYN-018601
PEV-00741,VAC-0015,ORG-S3,entrevista_realizada,2026-08-03T20:00:00,SES-00186,synthetic,SYN-018602
PEV-00742,VAC-0015,ORG-S3,entrevista_realizada,2026-08-06T18:00:00,SES-00184,synthetic,SYN-018603
PEV-00743,VAC-0015,ORG-S3,entrevista_realizada,2026-08-11T21:00:00,SES-00182,synthetic,SYN-018604
PEV-00744,VAC-0015,ORG-S3,vacante_cerrada,2026-08-23T23:00:00,,synthetic,SYN-018605
PEV-00745,VAC-0016,ORG-S1,vacante_publicada,2026-02-20T11:49:00,,synthetic,SYN-018606
PEV-00746,VAC-0016,ORG-S1,postulacion_recibida,2026-02-20T21:13:00,APP-00107,synthetic,SYN-018607
PEV-00747,VAC-0016,ORG-S1,cambio_etapa,2026-02-20T21:13:00,APP-00107>recibida,synthetic,SYN-018608
PEV-00748,VAC-0016,ORG-S1,postulacion_recibida,2026-02-22T21:58:00,APP-00106,synthetic,SYN-018609
PEV-00749,VAC-0016,ORG-S1,cambio_etapa,2026-02-22T21:58:00,APP-00106>recibida,synthetic,SYN-018610
PEV-00750,VAC-0016,ORG-S1,postulacion_recibida,2026-02-23T12:05:00,APP-00100,synthetic,SYN-018611
PEV-00751,VAC-0016,ORG-S1,cambio_etapa,2026-02-23T12:05:00,APP-00100>recibida,synthetic,SYN-018612
PEV-00752,VAC-0016,ORG-S1,postulacion_recibida,2026-02-23T13:10:00,APP-00108,synthetic,SYN-018613
PEV-00753,VAC-0016,ORG-S1,cambio_etapa,2026-02-23T13:10:00,APP-00108>recibida,synthetic,SYN-018614
PEV-00754,VAC-0016,ORG-S1,postulacion_recibida,2026-02-23T21:19:00,APP-00105,synthetic,SYN-018615
PEV-00755,VAC-0016,ORG-S1,cambio_etapa,2026-02-23T21:19:00,APP-00105>recibida,synthetic,SYN-018616
PEV-00756,VAC-0016,ORG-S1,postulacion_recibida,2026-02-24T04:21:00,APP-00103,synthetic,SYN-018617
PEV-00757,VAC-0016,ORG-S1,cambio_etapa,2026-02-24T04:21:00,APP-00103>recibida,synthetic,SYN-018618
PEV-00758,VAC-0016,ORG-S1,postulacion_recibida,2026-02-24T14:06:00,APP-00109,synthetic,SYN-018619
PEV-00759,VAC-0016,ORG-S1,cambio_etapa,2026-02-24T14:06:00,APP-00109>recibida,synthetic,SYN-018620
PEV-00760,VAC-0016,ORG-S1,cambio_etapa,2026-02-24T15:10:00,APP-00108>evaluacion,synthetic,SYN-018621
PEV-00761,VAC-0016,ORG-S1,evaluacion_programada,2026-02-24T15:10:00,SES-00203,synthetic,SYN-018622
PEV-00762,VAC-0016,ORG-S1,cambio_etapa,2026-02-24T22:58:00,APP-00106>evaluacion,synthetic,SYN-018623
PEV-00763,VAC-0016,ORG-S1,evaluacion_programada,2026-02-24T22:58:00,SES-00200,synthetic,SYN-018624
PEV-00764,VAC-0016,ORG-S1,cambio_etapa,2026-02-25T00:13:00,APP-00107>evaluacion,synthetic,SYN-018625
PEV-00765,VAC-0016,ORG-S1,evaluacion_programada,2026-02-25T00:13:00,SES-00201,synthetic,SYN-018626
PEV-00766,VAC-0016,ORG-S1,postulacion_recibida,2026-02-25T03:30:00,APP-00104,synthetic,SYN-018627
PEV-00767,VAC-0016,ORG-S1,cambio_etapa,2026-02-25T03:30:00,APP-00104>recibida,synthetic,SYN-018628
PEV-00768,VAC-0016,ORG-S1,postulacion_recibida,2026-02-25T08:33:00,APP-00112,synthetic,SYN-018629
PEV-00769,VAC-0016,ORG-S1,cambio_etapa,2026-02-25T08:33:00,APP-00112>recibida,synthetic,SYN-018630
PEV-00770,VAC-0016,ORG-S1,evaluacion_programada,2026-02-25T12:05:00,SES-00190,synthetic,SYN-018631
PEV-00771,VAC-0016,ORG-S1,postulacion_recibida,2026-02-25T18:24:00,APP-00101,synthetic,SYN-018632
PEV-00772,VAC-0016,ORG-S1,cambio_etapa,2026-02-25T18:24:00,APP-00101>recibida,synthetic,SYN-018633
PEV-00773,VAC-0016,ORG-S1,postulacion_recibida,2026-02-26T04:29:00,APP-00111,synthetic,SYN-018634
PEV-00774,VAC-0016,ORG-S1,cambio_etapa,2026-02-26T04:29:00,APP-00111>recibida,synthetic,SYN-018635
PEV-00775,VAC-0016,ORG-S1,evaluacion_programada,2026-02-26T05:30:00,SES-00198,synthetic,SYN-018636
PEV-00776,VAC-0016,ORG-S1,cambio_etapa,2026-02-26T16:05:00,APP-00100>evaluacion,synthetic,SYN-018637
PEV-00777,VAC-0016,ORG-S1,evaluacion_programada,2026-02-26T16:05:00,SES-00189,synthetic,SYN-018638
PEV-00778,VAC-0016,ORG-S1,cambio_etapa,2026-02-26T21:06:00,APP-00109>evaluacion,synthetic,SYN-018639
PEV-00779,VAC-0016,ORG-S1,evaluacion_programada,2026-02-26T21:06:00,SES-00205,synthetic,SYN-018640
PEV-00780,VAC-0016,ORG-S1,cambio_etapa,2026-02-27T02:19:00,APP-00105>descartada,synthetic,SYN-018641
PEV-00781,VAC-0016,ORG-S1,postulacion_recibida,2026-02-27T03:41:00,APP-00102,synthetic,SYN-018642
PEV-00782,VAC-0016,ORG-S1,cambio_etapa,2026-02-27T03:41:00,APP-00102>recibida,synthetic,SYN-018643
PEV-00783,VAC-0016,ORG-S1,postulacion_recibida,2026-02-27T04:37:00,APP-00110,synthetic,SYN-018644
PEV-00784,VAC-0016,ORG-S1,cambio_etapa,2026-02-27T04:37:00,APP-00110>recibida,synthetic,SYN-018645
PEV-00785,VAC-0016,ORG-S1,cambio_etapa,2026-02-28T13:00:00,APP-00111>entrevista,synthetic,SYN-018646
PEV-00786,VAC-0016,ORG-S1,entrevista_programada,2026-02-28T13:00:00,SES-00210,synthetic,SYN-018647
PEV-00787,VAC-0016,ORG-S1,cambio_etapa,2026-02-28T18:24:00,APP-00101>evaluacion,synthetic,SYN-018648
PEV-00788,VAC-0016,ORG-S1,evaluacion_programada,2026-02-28T18:24:00,SES-00191,synthetic,SYN-018649
PEV-00789,VAC-0016,ORG-S1,cambio_etapa,2026-03-01T03:41:00,APP-00102>evaluacion,synthetic,SYN-018650
PEV-00790,VAC-0016,ORG-S1,evaluacion_programada,2026-03-01T03:41:00,SES-00193,synthetic,SYN-018651
PEV-00791,VAC-0016,ORG-S1,cambio_etapa,2026-03-01T08:33:00,APP-00112>evaluacion,synthetic,SYN-018652
PEV-00792,VAC-0016,ORG-S1,evaluacion_programada,2026-03-01T08:33:00,SES-00211,synthetic,SYN-018653
PEV-00793,VAC-0016,ORG-S1,cambio_etapa,2026-03-01T09:00:00,APP-00108>entrevista,synthetic,SYN-018654
PEV-00794,VAC-0016,ORG-S1,entrevista_programada,2026-03-01T09:00:00,SES-00204,synthetic,SYN-018655
PEV-00795,VAC-0016,ORG-S1,cambio_etapa,2026-03-01T09:21:00,APP-00103>evaluacion,synthetic,SYN-018656
PEV-00796,VAC-0016,ORG-S1,evaluacion_programada,2026-03-01T09:21:00,SES-00195,synthetic,SYN-018657
PEV-00797,VAC-0016,ORG-S1,cambio_etapa,2026-03-01T09:30:00,APP-00104>evaluacion,synthetic,SYN-018658
PEV-00798,VAC-0016,ORG-S1,evaluacion_programada,2026-03-01T09:30:00,SES-00197,synthetic,SYN-018659
PEV-00799,VAC-0016,ORG-S1,evaluacion_programada,2026-03-01T11:21:00,SES-00196,synthetic,SYN-018660
PEV-00800,VAC-0016,ORG-S1,cambio_etapa,2026-03-01T11:29:00,APP-00111>evaluacion,synthetic,SYN-018661
PEV-00801,VAC-0016,ORG-S1,evaluacion_programada,2026-03-01T11:29:00,SES-00209,synthetic,SYN-018662
PEV-00802,VAC-0016,ORG-S1,cambio_etapa,2026-03-01T12:00:00,APP-00104>entrevista,synthetic,SYN-018663
PEV-00803,VAC-0016,ORG-S1,entrevista_programada,2026-03-01T12:00:00,SES-00199,synthetic,SYN-018664
PEV-00804,VAC-0016,ORG-S1,cambio_etapa,2026-03-01T15:00:00,APP-00102>entrevista,synthetic,SYN-018665
PEV-00805,VAC-0016,ORG-S1,entrevista_programada,2026-03-01T15:00:00,SES-00194,synthetic,SYN-018666
PEV-00806,VAC-0016,ORG-S1,cambio_etapa,2026-03-01T17:00:00,APP-00112>entrevista,synthetic,SYN-018667
PEV-00807,VAC-0016,ORG-S1,entrevista_programada,2026-03-01T17:00:00,SES-00212,synthetic,SYN-018668
PEV-00808,VAC-0016,ORG-S1,evaluacion_realizada,2026-03-01T23:05:00,SES-00189,synthetic,SYN-018669
PEV-00809,VAC-0016,ORG-S1,evaluacion_programada,2026-03-02T01:24:00,SES-00192,synthetic,SYN-018670
PEV-00810,VAC-0016,ORG-S1,cambio_etapa,2026-03-04T08:37:00,APP-00110>evaluacion,synthetic,SYN-018671
PEV-00811,VAC-0016,ORG-S1,evaluacion_programada,2026-03-04T08:37:00,SES-00207,synthetic,SYN-018672
PEV-00812,VAC-0016,ORG-S1,evaluacion_realizada,2026-03-04T11:13:00,SES-00201,synthetic,SYN-018673
PEV-00813,VAC-0016,ORG-S1,cambio_etapa,2026-03-04T15:00:00,APP-00110>entrevista,synthetic,SYN-018674
PEV-00814,VAC-0016,ORG-S1,entrevista_programada,2026-03-04T15:00:00,SES-00208,synthetic,SYN-018675
PEV-00815,VAC-0016,ORG-S1,evaluacion_realizada,2026-03-05T19:21:00,SES-00195,synthetic,SYN-018676
PEV-00816,VAC-0016,ORG-S1,entrevista_realizada,2026-03-05T21:00:00,SES-00194,synthetic,SYN-018677
PEV-00817,VAC-0016,ORG-S1,evaluacion_realizada,2026-03-06T08:41:00,SES-00193,synthetic,SYN-018678
PEV-00818,VAC-0016,ORG-S1,cambio_etapa,2026-03-06T10:00:00,APP-00107>entrevista,synthetic,SYN-018679
PEV-00819,VAC-0016,ORG-S1,entrevista_programada,2026-03-06T10:00:00,SES-00202,synthetic,SYN-018680
PEV-00820,VAC-0016,ORG-S1,cambio_etapa,2026-03-06T14:00:00,APP-00109>entrevista,synthetic,SYN-018681
PEV-00821,VAC-0016,ORG-S1,entrevista_programada,2026-03-06T14:00:00,SES-00206,synthetic,SYN-018682
PEV-00822,VAC-0016,ORG-S1,evaluacion_realizada,2026-03-06T17:29:00,SES-00209,synthetic,SYN-018683
PEV-00823,VAC-0016,ORG-S1,evaluacion_realizada,2026-03-07T11:30:00,SES-00198,synthetic,SYN-018684
PEV-00824,VAC-0016,ORG-S1,entrevista_realizada,2026-03-07T16:00:00,SES-00208,synthetic,SYN-018685
PEV-00825,VAC-0016,ORG-S1,entrevista_realizada,2026-03-07T17:00:00,SES-00199,synthetic,SYN-018686
PEV-00826,VAC-0016,ORG-S1,evaluacion_realizada,2026-03-09T03:06:00,SES-00205,synthetic,SYN-018687
PEV-00827,VAC-0016,ORG-S1,entrevista_realizada,2026-03-11T00:00:00,SES-00212,synthetic,SYN-018688
PEV-00828,VAC-0016,ORG-S1,evaluacion_realizada,2026-03-11T15:33:00,SES-00211,synthetic,SYN-018689
PEV-00829,VAC-0016,ORG-S1,evaluacion_realizada,2026-03-11T21:24:00,SES-00191,synthetic,SYN-018690
PEV-00830,VAC-0016,ORG-S1,evaluacion_realizada,2026-03-13T02:58:00,SES-00200,synthetic,SYN-018691
PEV-00831,VAC-0016,ORG-S1,evaluacion_realizada,2026-03-13T14:30:00,SES-00197,synthetic,SYN-018692
PEV-00832,VAC-0016,ORG-S1,entrevista_realizada,2026-03-13T17:00:00,SES-00202,synthetic,SYN-018693
PEV-00833,VAC-0016,ORG-S1,evaluacion_realizada,2026-03-14T04:24:00,SES-00192,synthetic,SYN-018694
PEV-00834,VAC-0016,ORG-S1,entrevista_realizada,2026-03-14T19:00:00,SES-00206,synthetic,SYN-018695
PEV-00835,VAC-0016,ORG-S1,evaluacion_realizada,2026-03-15T13:37:00,SES-00207,synthetic,SYN-018696
PEV-00836,VAC-0016,ORG-S1,evaluacion_realizada,2026-03-15T20:21:00,SES-00196,synthetic,SYN-018697
PEV-00837,VAC-0016,ORG-S1,vacante_cerrada,2026-03-23T04:21:00,,synthetic,SYN-018698
PEV-00838,VAC-0017,ORG-S2,vacante_publicada,2026-05-25T17:18:00,,synthetic,SYN-018699
PEV-00839,VAC-0017,ORG-S2,postulacion_recibida,2026-06-01T16:55:00,APP-00115,synthetic,SYN-018700
PEV-00840,VAC-0017,ORG-S2,cambio_etapa,2026-06-01T16:55:00,APP-00115>recibida,synthetic,SYN-018701
PEV-00841,VAC-0017,ORG-S2,postulacion_recibida,2026-06-04T09:07:00,APP-00113,synthetic,SYN-018702
PEV-00842,VAC-0017,ORG-S2,cambio_etapa,2026-06-04T09:07:00,APP-00113>recibida,synthetic,SYN-018703
PEV-00843,VAC-0017,ORG-S2,postulacion_recibida,2026-06-04T09:18:00,APP-00114,synthetic,SYN-018704
PEV-00844,VAC-0017,ORG-S2,cambio_etapa,2026-06-04T09:18:00,APP-00114>recibida,synthetic,SYN-018705
PEV-00845,VAC-0017,ORG-S2,cambio_etapa,2026-06-04T18:55:00,APP-00115>evaluacion,synthetic,SYN-018706
PEV-00846,VAC-0017,ORG-S2,evaluacion_programada,2026-06-04T18:55:00,SES-00217,synthetic,SYN-018707
PEV-00847,VAC-0017,ORG-S2,evaluacion_programada,2026-06-06T13:18:00,SES-00216,synthetic,SYN-018708
PEV-00848,VAC-0017,ORG-S2,cambio_etapa,2026-06-07T12:18:00,APP-00114>evaluacion,synthetic,SYN-018709
PEV-00849,VAC-0017,ORG-S2,evaluacion_programada,2026-06-07T12:18:00,SES-00215,synthetic,SYN-018710
PEV-00850,VAC-0017,ORG-S2,cambio_etapa,2026-06-08T10:07:00,APP-00113>evaluacion,synthetic,SYN-018711
PEV-00851,VAC-0017,ORG-S2,evaluacion_programada,2026-06-08T10:07:00,SES-00213,synthetic,SYN-018712
PEV-00852,VAC-0017,ORG-S2,postulacion_recibida,2026-06-12T02:31:00,APP-00116,synthetic,SYN-018713
PEV-00853,VAC-0017,ORG-S2,cambio_etapa,2026-06-12T02:31:00,APP-00116>recibida,synthetic,SYN-018714
PEV-00854,VAC-0017,ORG-S2,cambio_etapa,2026-06-16T05:31:00,APP-00116>descartada,synthetic,SYN-018715
PEV-00855,VAC-0017,ORG-S2,evaluacion_realizada,2026-06-16T22:18:00,SES-00215,synthetic,SYN-018716
PEV-00856,VAC-0017,ORG-S2,cambio_etapa,2026-06-18T09:00:00,APP-00113>entrevista,synthetic,SYN-018717
PEV-00857,VAC-0017,ORG-S2,entrevista_programada,2026-06-18T09:00:00,SES-00214,synthetic,SYN-018718
PEV-00858,VAC-0017,ORG-S2,evaluacion_realizada,2026-06-20T03:55:00,SES-00217,synthetic,SYN-018719
PEV-00859,VAC-0017,ORG-S2,evaluacion_realizada,2026-06-20T12:07:00,SES-00213,synthetic,SYN-018720
PEV-00860,VAC-0017,ORG-S2,evaluacion_realizada,2026-06-22T17:18:00,SES-00216,synthetic,SYN-018721
PEV-00861,VAC-0017,ORG-S2,entrevista_realizada,2026-07-01T15:00:00,SES-00214,synthetic,SYN-018722
PEV-00862,VAC-0017,ORG-S2,vacante_cerrada,2026-07-11T21:00:00,,synthetic,SYN-018723
PEV-00863,VAC-0018,ORG-S3,vacante_publicada,2026-08-16T12:33:00,,synthetic,SYN-018724
PEV-00864,VAC-0018,ORG-S3,postulacion_recibida,2026-08-16T22:06:00,APP-00120,synthetic,SYN-018725
PEV-00865,VAC-0018,ORG-S3,cambio_etapa,2026-08-16T22:06:00,APP-00120>recibida,synthetic,SYN-018726
PEV-00866,VAC-0018,ORG-S3,postulacion_recibida,2026-08-20T08:39:00,APP-00121,synthetic,SYN-018727
PEV-00867,VAC-0018,ORG-S3,cambio_etapa,2026-08-20T08:39:00,APP-00121>recibida,synthetic,SYN-018728
PEV-00868,VAC-0018,ORG-S3,postulacion_recibida,2026-08-21T14:34:00,APP-00117,synthetic,SYN-018729
PEV-00869,VAC-0018,ORG-S3,cambio_etapa,2026-08-21T14:34:00,APP-00117>recibida,synthetic,SYN-018730
PEV-00870,VAC-0018,ORG-S3,cambio_etapa,2026-08-22T00:06:00,APP-00120>evaluacion,synthetic,SYN-018731
PEV-00871,VAC-0018,ORG-S3,evaluacion_programada,2026-08-22T00:06:00,SES-00220,synthetic,SYN-018732
PEV-00872,VAC-0018,ORG-S3,cambio_etapa,2026-08-22T15:34:00,APP-00117>descartada,synthetic,SYN-018733
PEV-00873,VAC-0018,ORG-S3,cambio_etapa,2026-08-25T09:39:00,APP-00121>descartada,synthetic,SYN-018734
PEV-00874,VAC-0018,ORG-S3,postulacion_recibida,2026-08-26T16:53:00,APP-00119,synthetic,SYN-018735
PEV-00875,VAC-0018,ORG-S3,cambio_etapa,2026-08-26T16:53:00,APP-00119>recibida,synthetic,SYN-018736
PEV-00876,VAC-0018,ORG-S3,postulacion_recibida,2026-08-29T20:33:00,APP-00118,synthetic,SYN-018737
PEV-00877,VAC-0018,ORG-S3,cambio_etapa,2026-08-29T20:33:00,APP-00118>recibida,synthetic,SYN-018738
PEV-00878,VAC-0018,ORG-S3,cambio_etapa,2026-08-30T00:53:00,APP-00119>evaluacion,synthetic,SYN-018739
PEV-00879,VAC-0018,ORG-S3,evaluacion_programada,2026-08-30T00:53:00,SES-00219,synthetic,SYN-018740
PEV-00880,VAC-0018,ORG-S3,cambio_etapa,2026-09-01T22:33:00,APP-00118>evaluacion,synthetic,SYN-018741
PEV-00881,VAC-0018,ORG-S3,evaluacion_programada,2026-09-01T22:33:00,SES-00218,synthetic,SYN-018742
PEV-00882,VAC-0018,ORG-S3,cambio_etapa,2026-09-02T11:00:00,APP-00120>entrevista,synthetic,SYN-018743
PEV-00883,VAC-0018,ORG-S3,entrevista_programada,2026-09-02T11:00:00,SES-00221,synthetic,SYN-018744
PEV-00884,VAC-0018,ORG-S3,evaluacion_realizada,2026-09-04T05:06:00,SES-00220,synthetic,SYN-018745
PEV-00885,VAC-0018,ORG-S3,evaluacion_realizada,2026-09-08T03:53:00,SES-00219,synthetic,SYN-018746
PEV-00886,VAC-0018,ORG-S3,entrevista_realizada,2026-09-15T17:00:00,SES-00221,synthetic,SYN-018747
PEV-00887,VAC-0018,ORG-S3,evaluacion_realizada,2026-09-16T00:33:00,SES-00218,synthetic,SYN-018748
PEV-00888,VAC-0018,ORG-S3,vacante_cerrada,2026-09-26T05:33:00,,synthetic,SYN-018749
PEV-00889,VAC-0019,ORG-S1,vacante_publicada,2026-08-09T14:10:00,,synthetic,SYN-018750
PEV-00890,VAC-0019,ORG-S1,postulacion_recibida,2026-08-10T09:37:00,APP-00126,synthetic,SYN-018751
PEV-00891,VAC-0019,ORG-S1,cambio_etapa,2026-08-10T09:37:00,APP-00126>recibida,synthetic,SYN-018752
PEV-00892,VAC-0019,ORG-S1,postulacion_recibida,2026-08-11T21:14:00,APP-00123,synthetic,SYN-018753
PEV-00893,VAC-0019,ORG-S1,cambio_etapa,2026-08-11T21:14:00,APP-00123>recibida,synthetic,SYN-018754
PEV-00894,VAC-0019,ORG-S1,postulacion_recibida,2026-08-12T01:49:00,APP-00133,synthetic,SYN-018755
PEV-00895,VAC-0019,ORG-S1,cambio_etapa,2026-08-12T01:49:00,APP-00133>recibida,synthetic,SYN-018756
PEV-00896,VAC-0019,ORG-S1,postulacion_recibida,2026-08-12T20:38:00,APP-00134,synthetic,SYN-018757
PEV-00897,VAC-0019,ORG-S1,cambio_etapa,2026-08-12T20:38:00,APP-00134>recibida,synthetic,SYN-018758
PEV-00898,VAC-0019,ORG-S1,cambio_etapa,2026-08-13T09:37:00,APP-00126>evaluacion,synthetic,SYN-018759
PEV-00899,VAC-0019,ORG-S1,evaluacion_programada,2026-08-13T09:37:00,SES-00230,synthetic,SYN-018760
PEV-00900,VAC-0019,ORG-S1,cambio_etapa,2026-08-13T21:14:00,APP-00123>evaluacion,synthetic,SYN-018761
PEV-00901,VAC-0019,ORG-S1,evaluacion_programada,2026-08-13T21:14:00,SES-00224,synthetic,SYN-018762
PEV-00902,VAC-0019,ORG-S1,evaluacion_programada,2026-08-14T02:49:00,SES-00243,synthetic,SYN-018763
PEV-00903,VAC-0019,ORG-S1,cambio_etapa,2026-08-14T22:38:00,APP-00134>evaluacion,synthetic,SYN-018764
PEV-00904,VAC-0019,ORG-S1,evaluacion_programada,2026-08-14T22:38:00,SES-00245,synthetic,SYN-018765
PEV-00905,VAC-0019,ORG-S1,cambio_etapa,2026-08-15T03:49:00,APP-00133>evaluacion,synthetic,SYN-018766
PEV-00906,VAC-0019,ORG-S1,evaluacion_programada,2026-08-15T03:49:00,SES-00242,synthetic,SYN-018767
PEV-00907,VAC-0019,ORG-S1,postulacion_recibida,2026-08-15T14:44:00,APP-00130,synthetic,SYN-018768
PEV-00908,VAC-0019,ORG-S1,cambio_etapa,2026-08-15T14:44:00,APP-00130>recibida,synthetic,SYN-018769
PEV-00909,VAC-0019,ORG-S1,cambio_etapa,2026-08-16T22:44:00,APP-00130>evaluacion,synthetic,SYN-018770
PEV-00910,VAC-0019,ORG-S1,evaluacion_programada,2026-08-16T22:44:00,SES-00238,synthetic,SYN-018771
PEV-00911,VAC-0019,ORG-S1,postulacion_recibida,2026-08-17T10:51:00,APP-00124,synthetic,SYN-018772
PEV-00912,VAC-0019,ORG-S1,cambio_etapa,2026-08-17T10:51:00,APP-00124>recibida,synthetic,SYN-018773
PEV-00913,VAC-0019,ORG-S1,cambio_etapa,2026-08-20T13:51:00,APP-00124>evaluacion,synthetic,SYN-018774
PEV-00914,VAC-0019,ORG-S1,evaluacion_programada,2026-08-20T13:51:00,SES-00226,synthetic,SYN-018775
PEV-00915,VAC-0019,ORG-S1,postulacion_recibida,2026-08-20T22:10:00,APP-00122,synthetic,SYN-018776
PEV-00916,VAC-0019,ORG-S1,cambio_etapa,2026-08-20T22:10:00,APP-00122>recibida,synthetic,SYN-018777
PEV-00917,VAC-0019,ORG-S1,postulacion_recibida,2026-08-20T23:53:00,APP-00131,synthetic,SYN-018778
PEV-00918,VAC-0019,ORG-S1,cambio_etapa,2026-08-20T23:53:00,APP-00131>recibida,synthetic,SYN-018779
PEV-00919,VAC-0019,ORG-S1,postulacion_recibida,2026-08-21T15:15:00,APP-00132,synthetic,SYN-018780
PEV-00920,VAC-0019,ORG-S1,cambio_etapa,2026-08-21T15:15:00,APP-00132>recibida,synthetic,SYN-018781
PEV-00921,VAC-0019,ORG-S1,postulacion_recibida,2026-08-23T12:49:00,APP-00129,synthetic,SYN-018782
PEV-00922,VAC-0019,ORG-S1,cambio_etapa,2026-08-23T12:49:00,APP-00129>recibida,synthetic,SYN-018783
PEV-00923,VAC-0019,ORG-S1,postulacion_recibida,2026-08-23T15:04:00,APP-00128,synthetic,SYN-018784
PEV-00924,VAC-0019,ORG-S1,cambio_etapa,2026-08-23T15:04:00,APP-00128>recibida,synthetic,SYN-018785
PEV-00925,VAC-0019,ORG-S1,cambio_etapa,2026-08-24T15:04:00,APP-00128>evaluacion,synthetic,SYN-018786
PEV-00926,VAC-0019,ORG-S1,evaluacion_programada,2026-08-24T15:04:00,SES-00233,synthetic,SYN-018787
PEV-00927,VAC-0019,ORG-S1,cambio_etapa,2026-08-24T15:15:00,APP-00132>evaluacion,synthetic,SYN-018788
PEV-00928,VAC-0019,ORG-S1,evaluacion_programada,2026-08-24T15:15:00,SES-00240,synthetic,SYN-018789
PEV-00929,VAC-0019,ORG-S1,evaluacion_realizada,2026-08-24T15:37:00,SES-00230,synthetic,SYN-018790
PEV-00930,VAC-0019,ORG-S1,cambio_etapa,2026-08-24T15:49:00,APP-00129>evaluacion,synthetic,SYN-018791
PEV-00931,VAC-0019,ORG-S1,evaluacion_programada,2026-08-24T15:49:00,SES-00236,synthetic,SYN-018792
PEV-00932,VAC-0019,ORG-S1,evaluacion_programada,2026-08-24T23:04:00,SES-00234,synthetic,SYN-018793
PEV-00933,VAC-0019,ORG-S1,postulacion_recibida,2026-08-25T14:56:00,APP-00127,synthetic,SYN-018794
PEV-00934,VAC-0019,ORG-S1,cambio_etapa,2026-08-25T14:56:00,APP-00127>recibida,synthetic,SYN-018795
PEV-00935,VAC-0019,ORG-S1,postulacion_recibida,2026-08-25T18:25:00,APP-00125,synthetic,SYN-018796
PEV-00936,VAC-0019,ORG-S1,cambio_etapa,2026-08-25T18:25:00,APP-00125>recibida,synthetic,SYN-018797
PEV-00937,VAC-0019,ORG-S1,cambio_etapa,2026-08-26T01:53:00,APP-00131>descartada,synthetic,SYN-018798
PEV-00938,VAC-0019,ORG-S1,postulacion_recibida,2026-08-26T08:51:00,APP-00135,synthetic,SYN-018799
PEV-00939,VAC-0019,ORG-S1,cambio_etapa,2026-08-26T08:51:00,APP-00135>recibida,synthetic,SYN-018800
PEV-00940,VAC-0019,ORG-S1,cambio_etapa,2026-08-28T16:56:00,APP-00127>evaluacion,synthetic,SYN-018801
PEV-00941,VAC-0019,ORG-S1,evaluacion_programada,2026-08-28T16:56:00,SES-00232,synthetic,SYN-018802
PEV-00942,VAC-0019,ORG-S1,cambio_etapa,2026-08-29T00:25:00,APP-00125>evaluacion,synthetic,SYN-018803
PEV-00943,VAC-0019,ORG-S1,evaluacion_programada,2026-08-29T00:25:00,SES-00228,synthetic,SYN-018804
PEV-00944,VAC-0019,ORG-S1,evaluacion_realizada,2026-08-29T10:49:00,SES-00242,synthetic,SYN-018805
PEV-00945,VAC-0019,ORG-S1,cambio_etapa,2026-08-29T13:51:00,APP-00135>evaluacion,synthetic,SYN-018806
PEV-00946,VAC-0019,ORG-S1,evaluacion_programada,2026-08-29T13:51:00,SES-00247,synthetic,SYN-018807
PEV-00947,VAC-0019,ORG-S1,cambio_etapa,2026-08-30T00:00:00,APP-00122>evaluacion,synthetic,SYN-018808
PEV-00948,VAC-0019,ORG-S1,evaluacion_programada,2026-08-30T00:00:00,SES-00222,synthetic,SYN-018809
PEV-00949,VAC-0019,ORG-S1,cambio_etapa,2026-08-30T11:00:00,APP-00132>entrevista,synthetic,SYN-018810
PEV-00950,VAC-0019,ORG-S1,entrevista_programada,2026-08-30T11:00:00,SES-00241,synthetic,SYN-018811
PEV-00951,VAC-0019,ORG-S1,cambio_etapa,2026-08-30T16:00:00,APP-00129>entrevista,synthetic,SYN-018812
PEV-00952,VAC-0019,ORG-S1,entrevista_programada,2026-08-30T16:00:00,SES-00237,synthetic,SYN-018813
PEV-00953,VAC-0019,ORG-S1,evaluacion_realizada,2026-08-31T02:44:00,SES-00238,synthetic,SYN-018814
PEV-00954,VAC-0019,ORG-S1,cambio_etapa,2026-08-31T12:00:00,APP-00123>entrevista,synthetic,SYN-018815
PEV-00955,VAC-0019,ORG-S1,entrevista_programada,2026-08-31T12:00:00,SES-00225,synthetic,SYN-018816
PEV-00956,VAC-0019,ORG-S1,evaluacion_realizada,2026-08-31T16:49:00,SES-00236,synthetic,SYN-018817
PEV-00957,VAC-0019,ORG-S1,cambio_etapa,2026-08-31T17:00:00,APP-00134>entrevista,synthetic,SYN-018818
PEV-00958,VAC-0019,ORG-S1,entrevista_programada,2026-08-31T17:00:00,SES-00246,synthetic,SYN-018819
PEV-00959,VAC-0019,ORG-S1,evaluacion_realizada,2026-09-01T08:49:00,SES-00243,synthetic,SYN-018820
PEV-00960,VAC-0019,ORG-S1,cambio_etapa,2026-09-02T16:00:00,APP-00126>entrevista,synthetic,SYN-018821
PEV-00961,VAC-0019,ORG-S1,entrevista_programada,2026-09-02T16:00:00,SES-00231,synthetic,SYN-018822
PEV-00962,VAC-0019,ORG-S1,evaluacion_realizada,2026-09-02T23:04:00,SES-00233,synthetic,SYN-018823
PEV-00963,VAC-0019,ORG-S1,evaluacion_realizada,2026-09-03T03:00:00,SES-00224,synthetic,SYN-018824
PEV-00964,VAC-0019,ORG-S1,evaluacion_realizada,2026-09-03T04:38:00,SES-00245,synthetic,SYN-018825
PEV-00965,VAC-0019,ORG-S1,cambio_etapa,2026-09-03T10:00:00,APP-00122>entrevista,synthetic,SYN-018826
PEV-00966,VAC-0019,ORG-S1,entrevista_programada,2026-09-03T10:00:00,SES-00223,synthetic,SYN-018827
PEV-00967,VAC-0019,ORG-S1,cambio_etapa,2026-09-03T14:00:00,APP-00133>entrevista,synthetic,SYN-018828
PEV-00968,VAC-0019,ORG-S1,entrevista_programada,2026-09-03T14:00:00,SES-00244,synthetic,SYN-018829
PEV-00969,VAC-0019,ORG-S1,cambio_etapa,2026-09-04T09:00:00,APP-00125>entrevista,synthetic,SYN-018830
PEV-00970,VAC-0019,ORG-S1,entrevista_programada,2026-09-04T09:00:00,SES-00229,synthetic,SYN-018831
PEV-00971,VAC-0019,ORG-S1,cambio_etapa,2026-09-04T17:00:00,APP-00124>entrevista,synthetic,SYN-018832
PEV-00972,VAC-0019,ORG-S1,entrevista_programada,2026-09-04T17:00:00,SES-00227,synthetic,SYN-018833
PEV-00973,VAC-0019,ORG-S1,cambio_etapa,2026-09-05T09:00:00,APP-00128>entrevista,synthetic,SYN-018834
PEV-00974,VAC-0019,ORG-S1,entrevista_programada,2026-09-05T09:00:00,SES-00235,synthetic,SYN-018835
PEV-00975,VAC-0019,ORG-S1,cambio_etapa,2026-09-05T11:00:00,APP-00130>entrevista,synthetic,SYN-018836
PEV-00976,VAC-0019,ORG-S1,entrevista_programada,2026-09-05T11:00:00,SES-00239,synthetic,SYN-018837
PEV-00977,VAC-0019,ORG-S1,evaluacion_realizada,2026-09-05T21:56:00,SES-00232,synthetic,SYN-018838
PEV-00978,VAC-0019,ORG-S1,entrevista_realizada,2026-09-06T02:00:00,SES-00237,synthetic,SYN-018839
PEV-00979,VAC-0019,ORG-S1,evaluacion_realizada,2026-09-07T19:51:00,SES-00226,synthetic,SYN-018840
PEV-00980,VAC-0019,ORG-S1,evaluacion_realizada,2026-09-08T01:15:00,SES-00240,synthetic,SYN-018841
PEV-00981,VAC-0019,ORG-S1,evaluacion_realizada,2026-09-08T10:25:00,SES-00228,synthetic,SYN-018842
PEV-00982,VAC-0019,ORG-S1,entrevista_realizada,2026-09-09T19:00:00,SES-00225,synthetic,SYN-018843
PEV-00983,VAC-0019,ORG-S1,entrevista_realizada,2026-09-10T14:00:00,SES-00239,synthetic,SYN-018844
PEV-00984,VAC-0019,ORG-S1,entrevista_realizada,2026-09-10T19:00:00,SES-00231,synthetic,SYN-018845
PEV-00985,VAC-0019,ORG-S1,entrevista_realizada,2026-09-13T19:00:00,SES-00227,synthetic,SYN-018846
PEV-00986,VAC-0019,ORG-S1,entrevista_realizada,2026-09-14T18:00:00,SES-00241,synthetic,SYN-018847
PEV-00987,VAC-0019,ORG-S1,evaluacion_realizada,2026-09-14T18:51:00,SES-00247,synthetic,SYN-018848
PEV-00988,VAC-0019,ORG-S1,entrevista_realizada,2026-09-16T02:00:00,SES-00246,synthetic,SYN-018849
PEV-00989,VAC-0019,ORG-S1,entrevista_realizada,2026-09-18T19:00:00,SES-00244,synthetic,SYN-018850
PEV-00990,VAC-0019,ORG-S1,entrevista_realizada,2026-09-19T14:00:00,SES-00235,synthetic,SYN-018851
PEV-00991,VAC-0019,ORG-S1,entrevista_realizada,2026-09-19T16:00:00,SES-00223,synthetic,SYN-018852
PEV-00992,VAC-0019,ORG-S1,entrevista_realizada,2026-09-21T18:00:00,SES-00229,synthetic,SYN-018853
PEV-00993,VAC-0019,ORG-S1,vacante_cerrada,2026-09-27T23:00:00,,synthetic,SYN-018854
PEV-00994,VAC-0020,ORG-S2,vacante_publicada,2026-05-09T15:22:00,,synthetic,SYN-018855
PEV-00995,VAC-0020,ORG-S2,postulacion_recibida,2026-05-15T09:56:00,APP-00136,synthetic,SYN-018856
PEV-00996,VAC-0020,ORG-S2,cambio_etapa,2026-05-15T09:56:00,APP-00136>recibida,synthetic,SYN-018857
PEV-00997,VAC-0020,ORG-S2,postulacion_recibida,2026-05-15T15:23:00,APP-00137,synthetic,SYN-018858
PEV-00998,VAC-0020,ORG-S2,cambio_etapa,2026-05-15T15:23:00,APP-00137>recibida,synthetic,SYN-018859
PEV-00999,VAC-0020,ORG-S2,cambio_etapa,2026-05-19T09:00:00,APP-00137>entrevista,synthetic,SYN-018860
PEV-01000,VAC-0020,ORG-S2,entrevista_programada,2026-05-19T09:00:00,SES-00251,synthetic,SYN-018861
PEV-01001,VAC-0020,ORG-S2,cambio_etapa,2026-05-19T17:23:00,APP-00137>evaluacion,synthetic,SYN-018862
PEV-01002,VAC-0020,ORG-S2,evaluacion_programada,2026-05-19T17:23:00,SES-00250,synthetic,SYN-018863
PEV-01003,VAC-0020,ORG-S2,cambio_etapa,2026-05-20T11:56:00,APP-00136>evaluacion,synthetic,SYN-018864
PEV-01004,VAC-0020,ORG-S2,evaluacion_programada,2026-05-20T11:56:00,SES-00248,synthetic,SYN-018865
PEV-01005,VAC-0020,ORG-S2,cambio_etapa,2026-05-21T11:00:00,APP-00136>entrevista,synthetic,SYN-018866
PEV-01006,VAC-0020,ORG-S2,entrevista_programada,2026-05-21T11:00:00,SES-00249,synthetic,SYN-018867
PEV-01007,VAC-0020,ORG-S2,evaluacion_realizada,2026-05-26T17:56:00,SES-00248,synthetic,SYN-018868
PEV-01008,VAC-0020,ORG-S2,entrevista_realizada,2026-06-02T14:00:00,SES-00249,synthetic,SYN-018869
PEV-01009,VAC-0020,ORG-S2,evaluacion_realizada,2026-06-06T19:23:00,SES-00250,synthetic,SYN-018870
PEV-01010,VAC-0020,ORG-S2,vacante_cerrada,2026-06-20T22:23:00,,synthetic,SYN-018871
PEV-01011,VAC-0021,ORG-S3,vacante_publicada,2026-08-17T13:31:00,,synthetic,SYN-018872
PEV-01012,VAC-0021,ORG-S3,postulacion_recibida,2026-08-17T23:59:00,APP-00140,synthetic,SYN-018873
PEV-01013,VAC-0021,ORG-S3,cambio_etapa,2026-08-17T23:59:00,APP-00140>recibida,synthetic,SYN-018874
PEV-01014,VAC-0021,ORG-S3,cambio_etapa,2026-08-20T00:59:00,APP-00140>evaluacion,synthetic,SYN-018875
PEV-01015,VAC-0021,ORG-S3,evaluacion_programada,2026-08-20T00:59:00,SES-00253,synthetic,SYN-018876
PEV-01016,VAC-0021,ORG-S3,postulacion_recibida,2026-08-25T18:28:00,APP-00139,synthetic,SYN-018877
PEV-01017,VAC-0021,ORG-S3,cambio_etapa,2026-08-25T18:28:00,APP-00139>recibida,synthetic,SYN-018878
PEV-01018,VAC-0021,ORG-S3,cambio_etapa,2026-08-29T22:28:00,APP-00139>evaluacion,synthetic,SYN-018879
PEV-01019,VAC-0021,ORG-S3,evaluacion_programada,2026-08-29T22:28:00,SES-00252,synthetic,SYN-018880
PEV-01020,VAC-0021,ORG-S3,postulacion_recibida,2026-08-30T02:35:00,APP-00138,synthetic,SYN-018881
PEV-01021,VAC-0021,ORG-S3,cambio_etapa,2026-08-30T02:35:00,APP-00138>recibida,synthetic,SYN-018882
PEV-01022,VAC-0021,ORG-S3,evaluacion_realizada,2026-08-31T05:59:00,SES-00253,synthetic,SYN-018883
PEV-01023,VAC-0021,ORG-S3,cambio_etapa,2026-09-03T03:35:00,APP-00138>descartada,synthetic,SYN-018884
PEV-01024,VAC-0021,ORG-S3,evaluacion_realizada,2026-09-05T02:28:00,SES-00252,synthetic,SYN-018885
PEV-01025,VAC-0021,ORG-S3,cambio_etapa,2026-09-06T13:00:00,APP-00140>entrevista,synthetic,SYN-018886
PEV-01026,VAC-0021,ORG-S3,entrevista_programada,2026-09-06T13:00:00,SES-00254,synthetic,SYN-018887
PEV-01027,VAC-0021,ORG-S3,entrevista_realizada,2026-09-20T21:00:00,SES-00254,synthetic,SYN-018888
PEV-01028,VAC-0022,ORG-S1,vacante_publicada,2026-06-04T10:51:00,,synthetic,SYN-018889
PEV-01029,VAC-0022,ORG-S1,postulacion_recibida,2026-06-07T04:20:00,APP-00141,synthetic,SYN-018890
PEV-01030,VAC-0022,ORG-S1,cambio_etapa,2026-06-07T04:20:00,APP-00141>recibida,synthetic,SYN-018891
PEV-01031,VAC-0022,ORG-S1,postulacion_recibida,2026-06-09T20:26:00,APP-00147,synthetic,SYN-018892
PEV-01032,VAC-0022,ORG-S1,cambio_etapa,2026-06-09T20:26:00,APP-00147>recibida,synthetic,SYN-018893
PEV-01033,VAC-0022,ORG-S1,cambio_etapa,2026-06-11T03:26:00,APP-00147>evaluacion,synthetic,SYN-018894
PEV-01034,VAC-0022,ORG-S1,evaluacion_programada,2026-06-11T03:26:00,SES-00267,synthetic,SYN-018895
PEV-01035,VAC-0022,ORG-S1,cambio_etapa,2026-06-11T07:20:00,APP-00141>evaluacion,synthetic,SYN-018896
PEV-01036,VAC-0022,ORG-S1,evaluacion_programada,2026-06-11T07:20:00,SES-00255,synthetic,SYN-018897
PEV-01037,VAC-0022,ORG-S1,evaluacion_programada,2026-06-15T01:26:00,SES-00268,synthetic,SYN-018898
PEV-01038,VAC-0022,ORG-S1,postulacion_recibida,2026-06-16T01:42:00,APP-00144,synthetic,SYN-018899
PEV-01039,VAC-0022,ORG-S1,cambio_etapa,2026-06-16T01:42:00,APP-00144>recibida,synthetic,SYN-018900
PEV-01040,VAC-0022,ORG-S1,postulacion_recibida,2026-06-16T19:39:00,APP-00146,synthetic,SYN-018901
PEV-01041,VAC-0022,ORG-S1,cambio_etapa,2026-06-16T19:39:00,APP-00146>recibida,synthetic,SYN-018902
PEV-01042,VAC-0022,ORG-S1,evaluacion_programada,2026-06-17T08:42:00,SES-00261,synthetic,SYN-018903
PEV-01043,VAC-0022,ORG-S1,postulacion_recibida,2026-06-18T11:13:00,APP-00145,synthetic,SYN-018904
PEV-01044,VAC-0022,ORG-S1,cambio_etapa,2026-06-18T11:13:00,APP-00145>recibida,synthetic,SYN-018905
PEV-01045,VAC-0022,ORG-S1,cambio_etapa,2026-06-18T21:39:00,APP-00146>evaluacion,synthetic,SYN-018906
PEV-01046,VAC-0022,ORG-S1,evaluacion_programada,2026-06-18T21:39:00,SES-00265,synthetic,SYN-018907
PEV-01047,VAC-0022,ORG-S1,postulacion_recibida,2026-06-19T06:55:00,APP-00143,synthetic,SYN-018908
PEV-01048,VAC-0022,ORG-S1,cambio_etapa,2026-06-19T06:55:00,APP-00143>recibida,synthetic,SYN-018909
PEV-01049,VAC-0022,ORG-S1,postulacion_recibida,2026-06-19T22:51:00,APP-00142,synthetic,SYN-018910
PEV-01050,VAC-0022,ORG-S1,cambio_etapa,2026-06-19T22:51:00,APP-00142>recibida,synthetic,SYN-018911
PEV-01051,VAC-0022,ORG-S1,cambio_etapa,2026-06-20T19:13:00,APP-00145>evaluacion,synthetic,SYN-018912
PEV-01052,VAC-0022,ORG-S1,evaluacion_programada,2026-06-20T19:13:00,SES-00263,synthetic,SYN-018913
PEV-01053,VAC-0022,ORG-S1,cambio_etapa,2026-06-21T01:42:00,APP-00144>evaluacion,synthetic,SYN-018914
PEV-01054,VAC-0022,ORG-S1,evaluacion_programada,2026-06-21T01:42:00,SES-00260,synthetic,SYN-018915
PEV-01055,VAC-0022,ORG-S1,cambio_etapa,2026-06-21T16:00:00,APP-00147>entrevista,synthetic,SYN-018916
PEV-01056,VAC-0022,ORG-S1,entrevista_programada,2026-06-21T16:00:00,SES-00269,synthetic,SYN-018917
PEV-01057,VAC-0022,ORG-S1,cambio_etapa,2026-06-22T12:00:00,APP-00143>entrevista,synthetic,SYN-018918
PEV-01058,VAC-0022,ORG-S1,entrevista_programada,2026-06-22T12:00:00,SES-00259,synthetic,SYN-018919
PEV-01059,VAC-0022,ORG-S1,cambio_etapa,2026-06-22T16:00:00,APP-00146>entrevista,synthetic,SYN-018920
PEV-01060,VAC-0022,ORG-S1,entrevista_programada,2026-06-22T16:00:00,SES-00266,synthetic,SYN-018921
PEV-01061,VAC-0022,ORG-S1,cambio_etapa,2026-06-22T22:51:00,APP-00142>evaluacion,synthetic,SYN-018922
PEV-01062,VAC-0022,ORG-S1,evaluacion_programada,2026-06-22T22:51:00,SES-00256,synthetic,SYN-018923
PEV-01063,VAC-0022,ORG-S1,evaluacion_realizada,2026-06-23T04:26:00,SES-00267,synthetic,SYN-018924
PEV-01064,VAC-0022,ORG-S1,cambio_etapa,2026-06-24T06:55:00,APP-00143>evaluacion,synthetic,SYN-018925
PEV-01065,VAC-0022,ORG-S1,evaluacion_programada,2026-06-24T06:55:00,SES-00258,synthetic,SYN-018926
PEV-01066,VAC-0022,ORG-S1,cambio_etapa,2026-06-24T16:00:00,APP-00142>entrevista,synthetic,SYN-018927
PEV-01067,VAC-0022,ORG-S1,entrevista_programada,2026-06-24T16:00:00,SES-00257,synthetic,SYN-018928
PEV-01068,VAC-0022,ORG-S1,evaluacion_realizada,2026-06-25T01:00:00,SES-00255,synthetic,SYN-018929
PEV-01069,VAC-0022,ORG-S1,evaluacion_realizada,2026-06-25T04:13:00,SES-00263,synthetic,SYN-018930
PEV-01070,VAC-0022,ORG-S1,cambio_etapa,2026-06-26T09:00:00,APP-00144>entrevista,synthetic,SYN-018931
PEV-01071,VAC-0022,ORG-S1,entrevista_programada,2026-06-26T09:00:00,SES-00262,synthetic,SYN-018932
PEV-01072,VAC-0022,ORG-S1,cambio_etapa,2026-06-26T12:00:00,APP-00145>entrevista,synthetic,SYN-018933
PEV-01073,VAC-0022,ORG-S1,entrevista_programada,2026-06-26T12:00:00,SES-00264,synthetic,SYN-018934
PEV-01074,VAC-0022,ORG-S1,evaluacion_realizada,2026-06-28T05:39:00,SES-00265,synthetic,SYN-018935
PEV-01075,VAC-0022,ORG-S1,evaluacion_realizada,2026-06-29T14:42:00,SES-00261,synthetic,SYN-018936
PEV-01076,VAC-0022,ORG-S1,entrevista_realizada,2026-07-04T02:00:00,SES-00257,synthetic,SYN-018937
PEV-01077,VAC-0022,ORG-S1,entrevista_realizada,2026-07-04T02:00:00,SES-00269,synthetic,SYN-018938
PEV-01078,VAC-0022,ORG-S1,evaluacion_realizada,2026-07-05T08:42:00,SES-00260,synthetic,SYN-018939
PEV-01079,VAC-0022,ORG-S1,entrevista_realizada,2026-07-05T21:00:00,SES-00266,synthetic,SYN-018940
PEV-01080,VAC-0022,ORG-S1,evaluacion_realizada,2026-07-07T05:51:00,SES-00256,synthetic,SYN-018941
PEV-01081,VAC-0022,ORG-S1,entrevista_realizada,2026-07-07T16:00:00,SES-00259,synthetic,SYN-018942
PEV-01082,VAC-0022,ORG-S1,vacante_cerrada,2026-07-16T22:00:00,,synthetic,SYN-018943
PEV-01083,VAC-0023,ORG-S2,vacante_publicada,2026-05-19T00:00:00,,synthetic,SYN-018944
PEV-01084,VAC-0023,ORG-S2,postulacion_recibida,2026-05-19T05:34:00,APP-00149,synthetic,SYN-018945
PEV-01085,VAC-0023,ORG-S2,cambio_etapa,2026-05-19T05:34:00,APP-00149>recibida,synthetic,SYN-018946
PEV-01086,VAC-0023,ORG-S2,postulacion_recibida,2026-05-19T19:36:00,APP-00157,synthetic,SYN-018947
PEV-01087,VAC-0023,ORG-S2,cambio_etapa,2026-05-19T19:36:00,APP-00157>recibida,synthetic,SYN-018948
PEV-01088,VAC-0023,ORG-S2,postulacion_recibida,2026-05-22T04:48:00,APP-00153,synthetic,SYN-018949
PEV-01089,VAC-0023,ORG-S2,cambio_etapa,2026-05-22T04:48:00,APP-00153>recibida,synthetic,SYN-018950
PEV-01090,VAC-0023,ORG-S2,postulacion_recibida,2026-05-22T07:25:00,APP-00148,synthetic,SYN-018951
PEV-01091,VAC-0023,ORG-S2,cambio_etapa,2026-05-22T07:25:00,APP-00148>recibida,synthetic,SYN-018952
PEV-01092,VAC-0023,ORG-S2,postulacion_recibida,2026-05-22T09:17:00,APP-00158,synthetic,SYN-018953
PEV-01093,VAC-0023,ORG-S2,cambio_etapa,2026-05-22T09:17:00,APP-00158>recibida,synthetic,SYN-018954
PEV-01094,VAC-0023,ORG-S2,cambio_etapa,2026-05-22T10:34:00,APP-00149>descartada,synthetic,SYN-018955
PEV-01095,VAC-0023,ORG-S2,postulacion_recibida,2026-05-23T02:30:00,APP-00154,synthetic,SYN-018956
PEV-01096,VAC-0023,ORG-S2,cambio_etapa,2026-05-23T02:30:00,APP-00154>recibida,synthetic,SYN-018957
PEV-01097,VAC-0023,ORG-S2,cambio_etapa,2026-05-23T02:36:00,APP-00157>evaluacion,synthetic,SYN-018958
PEV-01098,VAC-0023,ORG-S2,evaluacion_programada,2026-05-23T02:36:00,SES-00288,synthetic,SYN-018959
PEV-01099,VAC-0023,ORG-S2,cambio_etapa,2026-05-23T13:17:00,APP-00158>evaluacion,synthetic,SYN-018960
PEV-01100,VAC-0023,ORG-S2,evaluacion_programada,2026-05-23T13:17:00,SES-00290,synthetic,SYN-018961
PEV-01101,VAC-0023,ORG-S2,cambio_etapa,2026-05-24T05:48:00,APP-00153>evaluacion,synthetic,SYN-018962
PEV-01102,VAC-0023,ORG-S2,evaluacion_programada,2026-05-24T05:48:00,SES-00279,synthetic,SYN-018963
PEV-01103,VAC-0023,ORG-S2,postulacion_recibida,2026-05-24T21:57:00,APP-00150,synthetic,SYN-018964
PEV-01104,VAC-0023,ORG-S2,cambio_etapa,2026-05-24T21:57:00,APP-00150>recibida,synthetic,SYN-018965
PEV-01105,VAC-0023,ORG-S2,evaluacion_programada,2026-05-25T15:25:00,SES-00271,synthetic,SYN-018966
PEV-01106,VAC-0023,ORG-S2,evaluacion_programada,2026-05-26T11:17:00,SES-00291,synthetic,SYN-018967
PEV-01107,VAC-0023,ORG-S2,cambio_etapa,2026-05-27T09:25:00,APP-00148>evaluacion,synthetic,SYN-018968
PEV-01108,VAC-0023,ORG-S2,evaluacion_programada,2026-05-27T09:25:00,SES-00270,synthetic,SYN-018969
PEV-01109,VAC-0023,ORG-S2,cambio_etapa,2026-05-27T10:30:00,APP-00154>evaluacion,synthetic,SYN-018970
PEV-01110,VAC-0023,ORG-S2,evaluacion_programada,2026-05-27T10:30:00,SES-00281,synthetic,SYN-018971
PEV-01111,VAC-0023,ORG-S2,postulacion_recibida,2026-05-27T14:00:00,APP-00151,synthetic,SYN-018972
PEV-01112,VAC-0023,ORG-S2,cambio_etapa,2026-05-27T14:00:00,APP-00151>recibida,synthetic,SYN-018973
PEV-01113,VAC-0023,ORG-S2,postulacion_recibida,2026-05-28T03:59:00,APP-00155,synthetic,SYN-018974
PEV-01114,VAC-0023,ORG-S2,cambio_etapa,2026-05-28T03:59:00,APP-00155>recibida,synthetic,SYN-018975
PEV-01115,VAC-0023,ORG-S2,postulacion_recibida,2026-05-29T01:56:00,APP-00156,synthetic,SYN-018976
PEV-01116,VAC-0023,ORG-S2,cambio_etapa,2026-05-29T01:56:00,APP-00156>recibida,synthetic,SYN-018977
PEV-01117,VAC-0023,ORG-S2,postulacion_recibida,2026-05-29T12:46:00,APP-00152,synthetic,SYN-018978
PEV-01118,VAC-0023,ORG-S2,cambio_etapa,2026-05-29T12:46:00,APP-00152>recibida,synthetic,SYN-018979
PEV-01119,VAC-0023,ORG-S2,cambio_etapa,2026-05-29T21:00:00,APP-00151>evaluacion,synthetic,SYN-018980
PEV-01120,VAC-0023,ORG-S2,evaluacion_programada,2026-05-29T21:00:00,SES-00275,synthetic,SYN-018981
PEV-01121,VAC-0023,ORG-S2,cambio_etapa,2026-05-30T05:57:00,APP-00150>evaluacion,synthetic,SYN-018982
PEV-01122,VAC-0023,ORG-S2,evaluacion_programada,2026-05-30T05:57:00,SES-00273,synthetic,SYN-018983
PEV-01123,VAC-0023,ORG-S2,evaluacion_programada,2026-06-01T03:56:00,SES-00286,synthetic,SYN-018984
PEV-01124,VAC-0023,ORG-S2,cambio_etapa,2026-06-01T08:56:00,APP-00156>evaluacion,synthetic,SYN-018985
PEV-01125,VAC-0023,ORG-S2,evaluacion_programada,2026-06-01T08:56:00,SES-00285,synthetic,SYN-018986
PEV-01126,VAC-0023,ORG-S2,cambio_etapa,2026-06-01T18:46:00,APP-00152>evaluacion,synthetic,SYN-018987
PEV-01127,VAC-0023,ORG-S2,evaluacion_programada,2026-06-01T18:46:00,SES-00277,synthetic,SYN-018988
PEV-01128,VAC-0023,ORG-S2,cambio_etapa,2026-06-02T08:59:00,APP-00155>evaluacion,synthetic,SYN-018989
PEV-01129,VAC-0023,ORG-S2,evaluacion_programada,2026-06-02T08:59:00,SES-00283,synthetic,SYN-018990
PEV-01130,VAC-0023,ORG-S2,cambio_etapa,2026-06-03T11:00:00,APP-00150>entrevista,synthetic,SYN-018991
PEV-01131,VAC-0023,ORG-S2,entrevista_programada,2026-06-03T11:00:00,SES-00274,synthetic,SYN-018992
PEV-01132,VAC-0023,ORG-S2,cambio_etapa,2026-06-03T14:00:00,APP-00151>entrevista,synthetic,SYN-018993
PEV-01133,VAC-0023,ORG-S2,entrevista_programada,2026-06-03T14:00:00,SES-00276,synthetic,SYN-018994
PEV-01134,VAC-0023,ORG-S2,cambio_etapa,2026-06-03T16:00:00,APP-00155>entrevista,synthetic,SYN-018995
PEV-01135,VAC-0023,ORG-S2,entrevista_programada,2026-06-03T16:00:00,SES-00284,synthetic,SYN-018996
PEV-01136,VAC-0023,ORG-S2,cambio_etapa,2026-06-04T10:00:00,APP-00148>entrevista,synthetic,SYN-018997
PEV-01137,VAC-0023,ORG-S2,entrevista_programada,2026-06-04T10:00:00,SES-00272,synthetic,SYN-018998
PEV-01138,VAC-0023,ORG-S2,cambio_etapa,2026-06-04T15:00:00,APP-00154>entrevista,synthetic,SYN-018999
PEV-01139,VAC-0023,ORG-S2,entrevista_programada,2026-06-04T15:00:00,SES-00282,synthetic,SYN-019000
PEV-01140,VAC-0023,ORG-S2,cambio_etapa,2026-06-06T10:00:00,APP-00153>entrevista,synthetic,SYN-019001
PEV-01141,VAC-0023,ORG-S2,entrevista_programada,2026-06-06T10:00:00,SES-00280,synthetic,SYN-019002
PEV-01142,VAC-0023,ORG-S2,evaluacion_realizada,2026-06-06T10:48:00,SES-00279,synthetic,SYN-019003
PEV-01143,VAC-0023,ORG-S2,cambio_etapa,2026-06-06T17:00:00,APP-00152>entrevista,synthetic,SYN-019004
PEV-01144,VAC-0023,ORG-S2,entrevista_programada,2026-06-06T17:00:00,SES-00278,synthetic,SYN-019005
PEV-01145,VAC-0023,ORG-S2,evaluacion_realizada,2026-06-07T10:56:00,SES-00285,synthetic,SYN-019006
PEV-01146,VAC-0023,ORG-S2,evaluacion_realizada,2026-06-07T15:17:00,SES-00290,synthetic,SYN-019007
PEV-01147,VAC-0023,ORG-S2,entrevista_realizada,2026-06-07T16:00:00,SES-00274,synthetic,SYN-019008
PEV-01148,VAC-0023,ORG-S2,entrevista_realizada,2026-06-08T00:00:00,SES-00276,synthetic,SYN-019009
PEV-01149,VAC-0023,ORG-S2,cambio_etapa,2026-06-08T10:00:00,APP-00157>entrevista,synthetic,SYN-019010
PEV-01150,VAC-0023,ORG-S2,cambio_etapa,2026-06-08T10:00:00,APP-00158>entrevista,synthetic,SYN-019011
PEV-01151,VAC-0023,ORG-S2,entrevista_programada,2026-06-08T10:00:00,SES-00289,synthetic,SYN-019012
PEV-01152,VAC-0023,ORG-S2,entrevista_programada,2026-06-08T10:00:00,SES-00292,synthetic,SYN-019013
PEV-01153,VAC-0023,ORG-S2,evaluacion_realizada,2026-06-08T22:25:00,SES-00271,synthetic,SYN-019014
PEV-01154,VAC-0023,ORG-S2,evaluacion_realizada,2026-06-09T06:36:00,SES-00288,synthetic,SYN-019015
PEV-01155,VAC-0023,ORG-S2,cambio_etapa,2026-06-09T14:00:00,APP-00156>entrevista,synthetic,SYN-019016
PEV-01156,VAC-0023,ORG-S2,entrevista_programada,2026-06-09T14:00:00,SES-00287,synthetic,SYN-019017
PEV-01157,VAC-0023,ORG-S2,evaluacion_realizada,2026-06-09T17:30:00,SES-00281,synthetic,SYN-019018
PEV-01158,VAC-0023,ORG-S2,entrevista_realizada,2026-06-09T18:00:00,SES-00282,synthetic,SYN-019019
PEV-01159,VAC-0023,ORG-S2,evaluacion_realizada,2026-06-09T18:17:00,SES-00291,synthetic,SYN-019020
PEV-01160,VAC-0023,ORG-S2,evaluacion_realizada,2026-06-10T07:57:00,SES-00273,synthetic,SYN-019021
PEV-01161,VAC-0023,ORG-S2,evaluacion_realizada,2026-06-11T07:56:00,SES-00286,synthetic,SYN-019022
PEV-01162,VAC-0023,ORG-S2,evaluacion_realizada,2026-06-11T22:00:00,SES-00275,synthetic,SYN-019023
PEV-01163,VAC-0023,ORG-S2,entrevista_realizada,2026-06-12T18:00:00,SES-00272,synthetic,SYN-019024
PEV-01164,VAC-0023,ORG-S2,entrevista_realizada,2026-06-12T22:00:00,SES-00278,synthetic,SYN-019025
PEV-01165,VAC-0023,ORG-S2,evaluacion_realizada,2026-06-13T09:59:00,SES-00283,synthetic,SYN-019026
PEV-01166,VAC-0023,ORG-S2,entrevista_realizada,2026-06-17T22:00:00,SES-00284,synthetic,SYN-019027
PEV-01167,VAC-0023,ORG-S2,entrevista_realizada,2026-06-20T14:00:00,SES-00280,synthetic,SYN-019028
PEV-01168,VAC-0023,ORG-S2,entrevista_realizada,2026-06-23T17:00:00,SES-00287,synthetic,SYN-019029
PEV-01169,VAC-0023,ORG-S2,entrevista_realizada,2026-06-23T19:00:00,SES-00289,synthetic,SYN-019030
PEV-01170,VAC-0023,ORG-S2,entrevista_realizada,2026-06-24T17:00:00,SES-00292,synthetic,SYN-019031
PEV-01171,VAC-0023,ORG-S2,vacante_cerrada,2026-06-30T23:00:00,,synthetic,SYN-019032
PEV-01172,VAC-0024,ORG-S3,vacante_publicada,2026-04-08T12:41:00,,synthetic,SYN-019033
PEV-01173,VAC-0024,ORG-S3,postulacion_recibida,2026-04-08T19:14:00,APP-00160,synthetic,SYN-019034
PEV-01174,VAC-0024,ORG-S3,cambio_etapa,2026-04-08T19:14:00,APP-00160>recibida,synthetic,SYN-019035
PEV-01175,VAC-0024,ORG-S3,postulacion_recibida,2026-04-08T21:48:00,APP-00159,synthetic,SYN-019036
PEV-01176,VAC-0024,ORG-S3,cambio_etapa,2026-04-08T21:48:00,APP-00159>recibida,synthetic,SYN-019037
PEV-01177,VAC-0024,ORG-S3,postulacion_recibida,2026-04-09T20:51:00,APP-00162,synthetic,SYN-019038
PEV-01178,VAC-0024,ORG-S3,cambio_etapa,2026-04-09T20:51:00,APP-00162>recibida,synthetic,SYN-019039
PEV-01179,VAC-0024,ORG-S3,cambio_etapa,2026-04-09T23:14:00,APP-00160>evaluacion,synthetic,SYN-019040
PEV-01180,VAC-0024,ORG-S3,evaluacion_programada,2026-04-09T23:14:00,SES-00294,synthetic,SYN-019041
PEV-01181,VAC-0024,ORG-S3,cambio_etapa,2026-04-09T23:48:00,APP-00159>evaluacion,synthetic,SYN-019042
PEV-01182,VAC-0024,ORG-S3,evaluacion_programada,2026-04-09T23:48:00,SES-00293,synthetic,SYN-019043
PEV-01183,VAC-0024,ORG-S3,postulacion_recibida,2026-04-14T17:11:00,APP-00161,synthetic,SYN-019044
PEV-01184,VAC-0024,ORG-S3,cambio_etapa,2026-04-14T17:11:00,APP-00161>recibida,synthetic,SYN-019045
PEV-01185,VAC-0024,ORG-S3,cambio_etapa,2026-04-15T00:51:00,APP-00162>descartada,synthetic,SYN-019046
PEV-01186,VAC-0024,ORG-S3,evaluacion_realizada,2026-04-17T07:48:00,SES-00293,synthetic,SYN-019047
PEV-01187,VAC-0024,ORG-S3,evaluacion_realizada,2026-04-18T03:14:00,SES-00294,synthetic,SYN-019048
PEV-01188,VAC-0024,ORG-S3,cambio_etapa,2026-04-19T22:11:00,APP-00161>evaluacion,synthetic,SYN-019049
PEV-01189,VAC-0024,ORG-S3,evaluacion_programada,2026-04-19T22:11:00,SES-00296,synthetic,SYN-019050
PEV-01190,VAC-0024,ORG-S3,cambio_etapa,2026-04-20T13:00:00,APP-00161>entrevista,synthetic,SYN-019051
PEV-01191,VAC-0024,ORG-S3,entrevista_programada,2026-04-20T13:00:00,SES-00297,synthetic,SYN-019052
PEV-01192,VAC-0024,ORG-S3,cambio_etapa,2026-04-21T14:00:00,APP-00160>entrevista,synthetic,SYN-019053
PEV-01193,VAC-0024,ORG-S3,entrevista_programada,2026-04-21T14:00:00,SES-00295,synthetic,SYN-019054
PEV-01194,VAC-0024,ORG-S3,entrevista_realizada,2026-04-25T19:00:00,SES-00297,synthetic,SYN-019055
PEV-01195,VAC-0024,ORG-S3,evaluacion_realizada,2026-04-29T07:11:00,SES-00296,synthetic,SYN-019056
PEV-01196,VAC-0024,ORG-S3,entrevista_realizada,2026-04-29T16:00:00,SES-00295,synthetic,SYN-019057
PEV-01197,VAC-0024,ORG-S3,vacante_cerrada,2026-05-09T17:00:00,,synthetic,SYN-019058
PEV-01198,VAC-0025,ORG-S1,vacante_publicada,2026-05-31T10:47:00,,synthetic,SYN-019059
PEV-01199,VAC-0025,ORG-S1,postulacion_recibida,2026-06-03T20:06:00,APP-00173,synthetic,SYN-019060
PEV-01200,VAC-0025,ORG-S1,cambio_etapa,2026-06-03T20:06:00,APP-00173>recibida,synthetic,SYN-019061
PEV-01201,VAC-0025,ORG-S1,postulacion_recibida,2026-06-03T20:28:00,APP-00172,synthetic,SYN-019062
PEV-01202,VAC-0025,ORG-S1,cambio_etapa,2026-06-03T20:28:00,APP-00172>recibida,synthetic,SYN-019063
PEV-01203,VAC-0025,ORG-S1,postulacion_recibida,2026-06-04T17:24:00,APP-00170,synthetic,SYN-019064
PEV-01204,VAC-0025,ORG-S1,cambio_etapa,2026-06-04T17:24:00,APP-00170>recibida,synthetic,SYN-019065
PEV-01205,VAC-0025,ORG-S1,postulacion_recibida,2026-06-05T00:24:00,APP-00165,synthetic,SYN-019066
PEV-01206,VAC-0025,ORG-S1,cambio_etapa,2026-06-05T00:24:00,APP-00165>recibida,synthetic,SYN-019067
PEV-01207,VAC-0025,ORG-S1,postulacion_recibida,2026-06-05T10:17:00,APP-00166,synthetic,SYN-019068
PEV-01208,VAC-0025,ORG-S1,cambio_etapa,2026-06-05T10:17:00,APP-00166>recibida,synthetic,SYN-019069
PEV-01209,VAC-0025,ORG-S1,postulacion_recibida,2026-06-07T00:53:00,APP-00167,synthetic,SYN-019070
PEV-01210,VAC-0025,ORG-S1,cambio_etapa,2026-06-07T00:53:00,APP-00167>recibida,synthetic,SYN-019071
PEV-01211,VAC-0025,ORG-S1,postulacion_recibida,2026-06-07T03:48:00,APP-00163,synthetic,SYN-019072
PEV-01212,VAC-0025,ORG-S1,cambio_etapa,2026-06-07T03:48:00,APP-00163>recibida,synthetic,SYN-019073
PEV-01213,VAC-0025,ORG-S1,postulacion_recibida,2026-06-07T20:22:00,APP-00169,synthetic,SYN-019074
PEV-01214,VAC-0025,ORG-S1,cambio_etapa,2026-06-07T20:22:00,APP-00169>recibida,synthetic,SYN-019075
PEV-01215,VAC-0025,ORG-S1,cambio_etapa,2026-06-08T00:28:00,APP-00172>evaluacion,synthetic,SYN-019076
PEV-01216,VAC-0025,ORG-S1,evaluacion_programada,2026-06-08T00:28:00,SES-00317,synthetic,SYN-019077
PEV-01217,VAC-0025,ORG-S1,cambio_etapa,2026-06-08T15:17:00,APP-00166>evaluacion,synthetic,SYN-019078
PEV-01218,VAC-0025,ORG-S1,evaluacion_programada,2026-06-08T15:17:00,SES-00306,synthetic,SYN-019079
PEV-01219,VAC-0025,ORG-S1,postulacion_recibida,2026-06-08T17:15:00,APP-00164,synthetic,SYN-019080
PEV-01220,VAC-0025,ORG-S1,cambio_etapa,2026-06-08T17:15:00,APP-00164>recibida,synthetic,SYN-019081
PEV-01221,VAC-0025,ORG-S1,cambio_etapa,2026-06-09T01:22:00,APP-00169>evaluacion,synthetic,SYN-019082
PEV-01222,VAC-0025,ORG-S1,evaluacion_programada,2026-06-09T01:22:00,SES-00312,synthetic,SYN-019083
PEV-01223,VAC-0025,ORG-S1,cambio_etapa,2026-06-09T02:06:00,APP-00173>evaluacion,synthetic,SYN-019084
PEV-01224,VAC-0025,ORG-S1,evaluacion_programada,2026-06-09T02:06:00,SES-00319,synthetic,SYN-019085
PEV-01225,VAC-0025,ORG-S1,cambio_etapa,2026-06-09T03:24:00,APP-00165>evaluacion,synthetic,SYN-019086
PEV-01226,VAC-0025,ORG-S1,evaluacion_programada,2026-06-09T03:24:00,SES-00304,synthetic,SYN-019087
PEV-01227,VAC-0025,ORG-S1,cambio_etapa,2026-06-09T17:15:00,APP-00164>evaluacion,synthetic,SYN-019088
PEV-01228,VAC-0025,ORG-S1,evaluacion_programada,2026-06-09T17:15:00,SES-00301,synthetic,SYN-019089
PEV-01229,VAC-0025,ORG-S1,cambio_etapa,2026-06-09T21:24:00,APP-00170>evaluacion,synthetic,SYN-019090
PEV-01230,VAC-0025,ORG-S1,evaluacion_programada,2026-06-09T21:24:00,SES-00314,synthetic,SYN-019091
PEV-01231,VAC-0025,ORG-S1,evaluacion_programada,2026-06-10T13:17:00,SES-00307,synthetic,SYN-019092
PEV-01232,VAC-0025,ORG-S1,cambio_etapa,2026-06-11T04:53:00,APP-00167>evaluacion,synthetic,SYN-019093
PEV-01233,VAC-0025,ORG-S1,evaluacion_programada,2026-06-11T04:53:00,SES-00308,synthetic,SYN-019094
PEV-01234,VAC-0025,ORG-S1,postulacion_recibida,2026-06-11T12:56:00,APP-00168,synthetic,SYN-019095
PEV-01235,VAC-0025,ORG-S1,cambio_etapa,2026-06-11T12:56:00,APP-00168>recibida,synthetic,SYN-019096
PEV-01236,VAC-0025,ORG-S1,evaluacion_programada,2026-06-11T18:15:00,SES-00302,synthetic,SYN-019097
PEV-01237,VAC-0025,ORG-S1,cambio_etapa,2026-06-12T10:48:00,APP-00163>evaluacion,synthetic,SYN-019098
PEV-01238,VAC-0025,ORG-S1,evaluacion_programada,2026-06-12T10:48:00,SES-00298,synthetic,SYN-019099
PEV-01239,VAC-0025,ORG-S1,postulacion_recibida,2026-06-12T11:23:00,APP-00171,synthetic,SYN-019100
PEV-01240,VAC-0025,ORG-S1,cambio_etapa,2026-06-12T11:23:00,APP-00171>recibida,synthetic,SYN-019101
PEV-01241,VAC-0025,ORG-S1,evaluacion_programada,2026-06-12T11:48:00,SES-00299,synthetic,SYN-019102
PEV-01242,VAC-0025,ORG-S1,cambio_etapa,2026-06-13T19:56:00,APP-00168>evaluacion,synthetic,SYN-019103
PEV-01243,VAC-0025,ORG-S1,evaluacion_programada,2026-06-13T19:56:00,SES-00310,synthetic,SYN-019104
PEV-01244,VAC-0025,ORG-S1,cambio_etapa,2026-06-15T14:00:00,APP-00172>entrevista,synthetic,SYN-019105
PEV-01245,VAC-0025,ORG-S1,entrevista_programada,2026-06-15T14:00:00,SES-00318,synthetic,SYN-019106
PEV-01246,VAC-0025,ORG-S1,cambio_etapa,2026-06-16T12:00:00,APP-00173>entrevista,synthetic,SYN-019107
PEV-01247,VAC-0025,ORG-S1,entrevista_programada,2026-06-16T12:00:00,SES-00320,synthetic,SYN-019108
PEV-01248,VAC-0025,ORG-S1,cambio_etapa,2026-06-16T16:23:00,APP-00171>evaluacion,synthetic,SYN-019109
PEV-01249,VAC-0025,ORG-S1,evaluacion_programada,2026-06-16T16:23:00,SES-00315,synthetic,SYN-019110
PEV-01250,VAC-0025,ORG-S1,evaluacion_realizada,2026-06-16T21:15:00,SES-00301,synthetic,SYN-019111
PEV-01251,VAC-0025,ORG-S1,evaluacion_realizada,2026-06-17T01:00:00,SES-00306,synthetic,SYN-019112
PEV-01252,VAC-0025,ORG-S1,cambio_etapa,2026-06-17T14:00:00,APP-00164>entrevista,synthetic,SYN-019113
PEV-01253,VAC-0025,ORG-S1,cambio_etapa,2026-06-17T14:00:00,APP-00168>entrevista,synthetic,SYN-019114
PEV-01254,VAC-0025,ORG-S1,entrevista_programada,2026-06-17T14:00:00,SES-00303,synthetic,SYN-019115
PEV-01255,VAC-0025,ORG-S1,entrevista_programada,2026-06-17T14:00:00,SES-00311,synthetic,SYN-019116
PEV-01256,VAC-0025,ORG-S1,cambio_etapa,2026-06-17T15:00:00,APP-00169>entrevista,synthetic,SYN-019117
PEV-01257,VAC-0025,ORG-S1,entrevista_programada,2026-06-17T15:00:00,SES-00313,synthetic,SYN-019118
PEV-01258,VAC-0025,ORG-S1,cambio_etapa,2026-06-20T09:00:00,APP-00167>entrevista,synthetic,SYN-019119
PEV-01259,VAC-0025,ORG-S1,cambio_etapa,2026-06-20T09:00:00,APP-00171>entrevista,synthetic,SYN-019120
PEV-01260,VAC-0025,ORG-S1,entrevista_programada,2026-06-20T09:00:00,SES-00309,synthetic,SYN-019121
PEV-01261,VAC-0025,ORG-S1,entrevista_programada,2026-06-20T09:00:00,SES-00316,synthetic,SYN-019122
PEV-01262,VAC-0025,ORG-S1,cambio_etapa,2026-06-20T14:00:00,APP-00165>entrevista,synthetic,SYN-019123
PEV-01263,VAC-0025,ORG-S1,entrevista_programada,2026-06-20T14:00:00,SES-00305,synthetic,SYN-019124
PEV-01264,VAC-0025,ORG-S1,cambio_etapa,2026-06-20T16:00:00,APP-00163>entrevista,synthetic,SYN-019125
PEV-01265,VAC-0025,ORG-S1,entrevista_programada,2026-06-20T16:00:00,SES-00300,synthetic,SYN-019126
PEV-01266,VAC-0025,ORG-S1,evaluacion_realizada,2026-06-21T05:24:00,SES-00304,synthetic,SYN-019127
PEV-01267,VAC-0025,ORG-S1,evaluacion_realizada,2026-06-22T08:06:00,SES-00319,synthetic,SYN-019128
PEV-01268,VAC-0025,ORG-S1,evaluacion_realizada,2026-06-22T08:28:00,SES-00317,synthetic,SYN-019129
PEV-01269,VAC-0025,ORG-S1,evaluacion_realizada,2026-06-23T01:56:00,SES-00310,synthetic,SYN-019130
PEV-01270,VAC-0025,ORG-S1,evaluacion_realizada,2026-06-24T07:22:00,SES-00312,synthetic,SYN-019131
PEV-01271,VAC-0025,ORG-S1,entrevista_realizada,2026-06-25T21:00:00,SES-00300,synthetic,SYN-019132
PEV-01272,VAC-0025,ORG-S1,entrevista_realizada,2026-06-26T20:00:00,SES-00320,synthetic,SYN-019133
PEV-01273,VAC-0025,ORG-S1,evaluacion_realizada,2026-06-26T20:48:00,SES-00299,synthetic,SYN-019134
PEV-01274,VAC-0025,ORG-S1,entrevista_realizada,2026-06-26T22:00:00,SES-00318,synthetic,SYN-019135
PEV-01275,VAC-0025,ORG-S1,evaluacion_realizada,2026-06-27T11:53:00,SES-00308,synthetic,SYN-019136
PEV-01276,VAC-0025,ORG-S1,entrevista_realizada,2026-06-28T01:00:00,SES-00313,synthetic,SYN-019137
PEV-01277,VAC-0025,ORG-S1,entrevista_realizada,2026-06-28T18:00:00,SES-00311,synthetic,SYN-019138
PEV-01278,VAC-0025,ORG-S1,entrevista_realizada,2026-06-28T22:00:00,SES-00305,synthetic,SYN-019139
PEV-01279,VAC-0025,ORG-S1,evaluacion_realizada,2026-06-28T22:23:00,SES-00315,synthetic,SYN-019140
PEV-01280,VAC-0025,ORG-S1,evaluacion_realizada,2026-06-28T23:15:00,SES-00302,synthetic,SYN-019141
PEV-01281,VAC-0025,ORG-S1,entrevista_realizada,2026-06-29T16:00:00,SES-00303,synthetic,SYN-019142
PEV-01282,VAC-0025,ORG-S1,entrevista_realizada,2026-06-30T10:00:00,SES-00316,synthetic,SYN-019143
PEV-01283,VAC-0025,ORG-S1,entrevista_realizada,2026-07-06T10:00:00,SES-00309,synthetic,SYN-019144
PEV-01284,VAC-0025,ORG-S1,vacante_cerrada,2026-07-19T11:00:00,,synthetic,SYN-019145
PEV-01285,VAC-0026,ORG-S2,vacante_publicada,2026-01-27T10:58:00,,synthetic,SYN-019146
PEV-01286,VAC-0026,ORG-S2,postulacion_recibida,2026-01-27T17:10:00,APP-00184,synthetic,SYN-019147
PEV-01287,VAC-0026,ORG-S2,cambio_etapa,2026-01-27T17:10:00,APP-00184>recibida,synthetic,SYN-019148
PEV-01288,VAC-0026,ORG-S2,postulacion_recibida,2026-01-28T17:43:00,APP-00182,synthetic,SYN-019149
PEV-01289,VAC-0026,ORG-S2,cambio_etapa,2026-01-28T17:43:00,APP-00182>recibida,synthetic,SYN-019150
PEV-01290,VAC-0026,ORG-S2,cambio_etapa,2026-01-28T18:10:00,APP-00184>evaluacion,synthetic,SYN-019151
PEV-01291,VAC-0026,ORG-S2,evaluacion_programada,2026-01-28T18:10:00,SES-00339,synthetic,SYN-019152
PEV-01292,VAC-0026,ORG-S2,postulacion_recibida,2026-01-28T22:48:00,APP-00176,synthetic,SYN-019153
PEV-01293,VAC-0026,ORG-S2,cambio_etapa,2026-01-28T22:48:00,APP-00176>recibida,synthetic,SYN-019154
PEV-01294,VAC-0026,ORG-S2,postulacion_recibida,2026-01-29T10:50:00,APP-00181,synthetic,SYN-019155
PEV-01295,VAC-0026,ORG-S2,cambio_etapa,2026-01-29T10:50:00,APP-00181>recibida,synthetic,SYN-019156
PEV-01296,VAC-0026,ORG-S2,postulacion_recibida,2026-01-29T11:41:00,APP-00179,synthetic,SYN-019157
PEV-01297,VAC-0026,ORG-S2,cambio_etapa,2026-01-29T11:41:00,APP-00179>recibida,synthetic,SYN-019158
PEV-01298,VAC-0026,ORG-S2,cambio_etapa,2026-01-29T20:43:00,APP-00182>evaluacion,synthetic,SYN-019159
PEV-01299,VAC-0026,ORG-S2,evaluacion_programada,2026-01-29T20:43:00,SES-00335,synthetic,SYN-019160
PEV-01300,VAC-0026,ORG-S2,cambio_etapa,2026-01-30T18:41:00,APP-00179>evaluacion,synthetic,SYN-019161
PEV-01301,VAC-0026,ORG-S2,evaluacion_programada,2026-01-30T18:41:00,SES-00330,synthetic,SYN-019162
PEV-01302,VAC-0026,ORG-S2,postulacion_recibida,2026-01-30T20:28:00,APP-00185,synthetic,SYN-019163
PEV-01303,VAC-0026,ORG-S2,cambio_etapa,2026-01-30T20:28:00,APP-00185>recibida,synthetic,SYN-019164
PEV-01304,VAC-0026,ORG-S2,postulacion_recibida,2026-01-31T04:49:00,APP-00174,synthetic,SYN-019165
PEV-01305,VAC-0026,ORG-S2,cambio_etapa,2026-01-31T04:49:00,APP-00174>recibida,synthetic,SYN-019166
PEV-01306,VAC-0026,ORG-S2,postulacion_recibida,2026-01-31T23:27:00,APP-00177,synthetic,SYN-019167
PEV-01307,VAC-0026,ORG-S2,cambio_etapa,2026-01-31T23:27:00,APP-00177>recibida,synthetic,SYN-019168
PEV-01308,VAC-0026,ORG-S2,cambio_etapa,2026-02-01T00:48:00,APP-00176>evaluacion,synthetic,SYN-019169
PEV-01309,VAC-0026,ORG-S2,evaluacion_programada,2026-02-01T00:48:00,SES-00323,synthetic,SYN-019170
PEV-01310,VAC-0026,ORG-S2,postulacion_recibida,2026-02-01T11:05:00,APP-00175,synthetic,SYN-019171
PEV-01311,VAC-0026,ORG-S2,cambio_etapa,2026-02-01T11:05:00,APP-00175>recibida,synthetic,SYN-019172
PEV-01312,VAC-0026,ORG-S2,cambio_etapa,2026-02-01T18:50:00,APP-00181>evaluacion,synthetic,SYN-019173
PEV-01313,VAC-0026,ORG-S2,evaluacion_programada,2026-02-01T18:50:00,SES-00333,synthetic,SYN-019174
PEV-01314,VAC-0026,ORG-S2,evaluacion_realizada,2026-02-02T23:10:00,SES-00339,synthetic,SYN-019175
PEV-01315,VAC-0026,ORG-S2,cambio_etapa,2026-02-03T02:28:00,APP-00185>descartada,synthetic,SYN-019176
PEV-01316,VAC-0026,ORG-S2,postulacion_recibida,2026-02-03T02:33:00,APP-00180,synthetic,SYN-019177
PEV-01317,VAC-0026,ORG-S2,cambio_etapa,2026-02-03T02:33:00,APP-00180>recibida,synthetic,SYN-019178
PEV-01318,VAC-0026,ORG-S2,postulacion_recibida,2026-02-03T08:33:00,APP-00183,synthetic,SYN-019179
PEV-01319,VAC-0026,ORG-S2,cambio_etapa,2026-02-03T08:33:00,APP-00183>recibida,synthetic,SYN-019180
PEV-01320,VAC-0026,ORG-S2,postulacion_recibida,2026-02-03T12:40:00,APP-00178,synthetic,SYN-019181
PEV-01321,VAC-0026,ORG-S2,cambio_etapa,2026-02-03T12:40:00,APP-00178>recibida,synthetic,SYN-019182
PEV-01322,VAC-0026,ORG-S2,cambio_etapa,2026-02-05T08:33:00,APP-00180>evaluacion,synthetic,SYN-019183
PEV-01323,VAC-0026,ORG-S2,evaluacion_programada,2026-02-05T08:33:00,SES-00332,synthetic,SYN-019184
PEV-01324,VAC-0026,ORG-S2,cambio_etapa,2026-02-05T10:49:00,APP-00174>descartada,synthetic,SYN-019185
PEV-01325,VAC-0026,ORG-S2,cambio_etapa,2026-02-05T13:00:00,APP-00181>entrevista,synthetic,SYN-019186
PEV-01326,VAC-0026,ORG-S2,entrevista_programada,2026-02-05T13:00:00,SES-00334,synthetic,SYN-019187
PEV-01327,VAC-0026,ORG-S2,cambio_etapa,2026-02-06T03:27:00,APP-00177>evaluacion,synthetic,SYN-019188
PEV-01328,VAC-0026,ORG-S2,evaluacion_programada,2026-02-06T03:27:00,SES-00325,synthetic,SYN-019189
PEV-01329,VAC-0026,ORG-S2,cambio_etapa,2026-02-06T09:00:00,APP-00177>entrevista,synthetic,SYN-019190
PEV-01330,VAC-0026,ORG-S2,entrevista_programada,2026-02-06T09:00:00,SES-00326,synthetic,SYN-019191
PEV-01331,VAC-0026,ORG-S2,cambio_etapa,2026-02-06T12:00:00,APP-00182>entrevista,synthetic,SYN-019192
PEV-01332,VAC-0026,ORG-S2,entrevista_programada,2026-02-06T12:00:00,SES-00336,synthetic,SYN-019193
PEV-01333,VAC-0026,ORG-S2,cambio_etapa,2026-02-06T14:05:00,APP-00175>evaluacion,synthetic,SYN-019194
PEV-01334,VAC-0026,ORG-S2,evaluacion_programada,2026-02-06T14:05:00,SES-00321,synthetic,SYN-019195
PEV-01335,VAC-0026,ORG-S2,cambio_etapa,2026-02-07T10:00:00,APP-00179>entrevista,synthetic,SYN-019196
PEV-01336,VAC-0026,ORG-S2,entrevista_programada,2026-02-07T10:00:00,SES-00331,synthetic,SYN-019197
PEV-01337,VAC-0026,ORG-S2,cambio_etapa,2026-02-07T11:33:00,APP-00183>evaluacion,synthetic,SYN-019198
PEV-01338,VAC-0026,ORG-S2,evaluacion_programada,2026-02-07T11:33:00,SES-00337,synthetic,SYN-019199
PEV-01339,VAC-0026,ORG-S2,cambio_etapa,2026-02-07T13:00:00,APP-00175>entrevista,synthetic,SYN-019200
PEV-01340,VAC-0026,ORG-S2,cambio_etapa,2026-02-07T13:00:00,APP-00183>entrevista,synthetic,SYN-019201
PEV-01341,VAC-0026,ORG-S2,entrevista_programada,2026-02-07T13:00:00,SES-00322,synthetic,SYN-019202
PEV-01342,VAC-0026,ORG-S2,entrevista_programada,2026-02-07T13:00:00,SES-00338,synthetic,SYN-019203
PEV-01343,VAC-0026,ORG-S2,cambio_etapa,2026-02-07T17:40:00,APP-00178>evaluacion,synthetic,SYN-019204
PEV-01344,VAC-0026,ORG-S2,evaluacion_programada,2026-02-07T17:40:00,SES-00327,synthetic,SYN-019205
PEV-01345,VAC-0026,ORG-S2,evaluacion_realizada,2026-02-07T22:50:00,SES-00333,synthetic,SYN-019206
PEV-01346,VAC-0026,ORG-S2,evaluacion_programada,2026-02-08T19:40:00,SES-00328,synthetic,SYN-019207
PEV-01347,VAC-0026,ORG-S2,cambio_etapa,2026-02-10T10:00:00,APP-00178>entrevista,synthetic,SYN-019208
PEV-01348,VAC-0026,ORG-S2,entrevista_programada,2026-02-10T10:00:00,SES-00329,synthetic,SYN-019209
PEV-01349,VAC-0026,ORG-S2,cambio_etapa,2026-02-10T17:00:00,APP-00176>entrevista,synthetic,SYN-019210
PEV-01350,VAC-0026,ORG-S2,entrevista_programada,2026-02-10T17:00:00,SES-00324,synthetic,SYN-019211
PEV-01351,VAC-0026,ORG-S2,evaluacion_realizada,2026-02-11T07:48:00,SES-00323,synthetic,SYN-019212
PEV-01352,VAC-0026,ORG-S2,entrevista_realizada,2026-02-11T13:00:00,SES-00331,synthetic,SYN-019213
PEV-01353,VAC-0026,ORG-S2,evaluacion_realizada,2026-02-11T14:27:00,SES-00325,synthetic,SYN-019214
PEV-01354,VAC-0026,ORG-S2,entrevista_realizada,2026-02-11T23:00:00,SES-00338,synthetic,SYN-019215
PEV-01355,VAC-0026,ORG-S2,evaluacion_realizada,2026-02-12T01:43:00,SES-00335,synthetic,SYN-019216
PEV-01356,VAC-0026,ORG-S2,entrevista_realizada,2026-02-14T21:00:00,SES-00322,synthetic,SYN-019217
PEV-01357,VAC-0026,ORG-S2,entrevista_realizada,2026-02-15T19:00:00,SES-00334,synthetic,SYN-019218
PEV-01358,VAC-0026,ORG-S2,evaluacion_realizada,2026-02-15T19:33:00,SES-00337,synthetic,SYN-019219
PEV-01359,VAC-0026,ORG-S2,evaluacion_realizada,2026-02-16T02:40:00,SES-00328,synthetic,SYN-019220
PEV-01360,VAC-0026,ORG-S2,evaluacion_realizada,2026-02-18T19:05:00,SES-00321,synthetic,SYN-019221
PEV-01361,VAC-0026,ORG-S2,evaluacion_realizada,2026-02-19T19:33:00,SES-00332,synthetic,SYN-019222
PEV-01362,VAC-0026,ORG-S2,entrevista_realizada,2026-02-21T21:00:00,SES-00324,synthetic,SYN-019223
PEV-01363,VAC-0026,ORG-S2,entrevista_realizada,2026-02-24T12:00:00,SES-00329,synthetic,SYN-019224
PEV-01364,VAC-0026,ORG-S2,vacante_cerrada,2026-03-02T15:00:00,,synthetic,SYN-019225
PEV-01365,VAC-0027,ORG-S3,vacante_publicada,2026-07-03T17:00:00,,synthetic,SYN-019226
PEV-01366,VAC-0027,ORG-S3,postulacion_recibida,2026-07-03T23:42:00,APP-00193,synthetic,SYN-019227
PEV-01367,VAC-0027,ORG-S3,cambio_etapa,2026-07-03T23:42:00,APP-00193>recibida,synthetic,SYN-019228
PEV-01368,VAC-0027,ORG-S3,postulacion_recibida,2026-07-04T05:09:00,APP-00186,synthetic,SYN-019229
PEV-01369,VAC-0027,ORG-S3,cambio_etapa,2026-07-04T05:09:00,APP-00186>recibida,synthetic,SYN-019230
PEV-01370,VAC-0027,ORG-S3,postulacion_recibida,2026-07-04T23:08:00,APP-00192,synthetic,SYN-019231
PEV-01371,VAC-0027,ORG-S3,cambio_etapa,2026-07-04T23:08:00,APP-00192>recibida,synthetic,SYN-019232
PEV-01372,VAC-0027,ORG-S3,postulacion_recibida,2026-07-05T20:04:00,APP-00187,synthetic,SYN-019233
PEV-01373,VAC-0027,ORG-S3,cambio_etapa,2026-07-05T20:04:00,APP-00187>recibida,synthetic,SYN-019234
PEV-01374,VAC-0027,ORG-S3,cambio_etapa,2026-07-06T04:08:00,APP-00192>descartada,synthetic,SYN-019235
PEV-01375,VAC-0027,ORG-S3,postulacion_recibida,2026-07-06T13:50:00,APP-00191,synthetic,SYN-019236
PEV-01376,VAC-0027,ORG-S3,cambio_etapa,2026-07-06T13:50:00,APP-00191>recibida,synthetic,SYN-019237
PEV-01377,VAC-0027,ORG-S3,cambio_etapa,2026-07-08T01:42:00,APP-00193>evaluacion,synthetic,SYN-019238
PEV-01378,VAC-0027,ORG-S3,evaluacion_programada,2026-07-08T01:42:00,SES-00353,synthetic,SYN-019239
PEV-01379,VAC-0027,ORG-S3,cambio_etapa,2026-07-09T11:09:00,APP-00186>evaluacion,synthetic,SYN-019240
PEV-01380,VAC-0027,ORG-S3,evaluacion_programada,2026-07-09T11:09:00,SES-00340,synthetic,SYN-019241
PEV-01381,VAC-0027,ORG-S3,cambio_etapa,2026-07-10T00:04:00,APP-00187>evaluacion,synthetic,SYN-019242
PEV-01382,VAC-0027,ORG-S3,evaluacion_programada,2026-07-10T00:04:00,SES-00342,synthetic,SYN-019243
PEV-01383,VAC-0027,ORG-S3,cambio_etapa,2026-07-10T17:50:00,APP-00191>evaluacion,synthetic,SYN-019244
PEV-01384,VAC-0027,ORG-S3,evaluacion_programada,2026-07-10T17:50:00,SES-00351,synthetic,SYN-019245
PEV-01385,VAC-0027,ORG-S3,postulacion_recibida,2026-07-11T09:21:00,APP-00189,synthetic,SYN-019246
PEV-01386,VAC-0027,ORG-S3,cambio_etapa,2026-07-11T09:21:00,APP-00189>recibida,synthetic,SYN-019247
PEV-01387,VAC-0027,ORG-S3,postulacion_recibida,2026-07-11T17:36:00,APP-00190,synthetic,SYN-019248
PEV-01388,VAC-0027,ORG-S3,cambio_etapa,2026-07-11T17:36:00,APP-00190>recibida,synthetic,SYN-019249
PEV-01389,VAC-0027,ORG-S3,postulacion_recibida,2026-07-12T04:31:00,APP-00194,synthetic,SYN-019250
PEV-01390,VAC-0027,ORG-S3,cambio_etapa,2026-07-12T04:31:00,APP-00194>recibida,synthetic,SYN-019251
PEV-01391,VAC-0027,ORG-S3,cambio_etapa,2026-07-12T21:36:00,APP-00190>evaluacion,synthetic,SYN-019252
PEV-01392,VAC-0027,ORG-S3,evaluacion_programada,2026-07-12T21:36:00,SES-00349,synthetic,SYN-019253
PEV-01393,VAC-0027,ORG-S3,cambio_etapa,2026-07-14T08:31:00,APP-00194>evaluacion,synthetic,SYN-019254
PEV-01394,VAC-0027,ORG-S3,evaluacion_programada,2026-07-14T08:31:00,SES-00355,synthetic,SYN-019255
PEV-01395,VAC-0027,ORG-S3,evaluacion_realizada,2026-07-16T06:42:00,SES-00353,synthetic,SYN-019256
PEV-01396,VAC-0027,ORG-S3,cambio_etapa,2026-07-16T17:21:00,APP-00189>evaluacion,synthetic,SYN-019257
PEV-01397,VAC-0027,ORG-S3,evaluacion_programada,2026-07-16T17:21:00,SES-00347,synthetic,SYN-019258
PEV-01398,VAC-0027,ORG-S3,postulacion_recibida,2026-07-16T18:10:00,APP-00188,synthetic,SYN-019259
PEV-01399,VAC-0027,ORG-S3,cambio_etapa,2026-07-16T18:10:00,APP-00188>recibida,synthetic,SYN-019260
PEV-01400,VAC-0027,ORG-S3,cambio_etapa,2026-07-17T11:00:00,APP-00186>entrevista,synthetic,SYN-019261
PEV-01401,VAC-0027,ORG-S3,entrevista_programada,2026-07-17T11:00:00,SES-00341,synthetic,SYN-019262
PEV-01402,VAC-0027,ORG-S3,cambio_etapa,2026-07-19T13:00:00,APP-00187>entrevista,synthetic,SYN-019263
PEV-01403,VAC-0027,ORG-S3,entrevista_programada,2026-07-19T13:00:00,SES-00343,synthetic,SYN-019264
PEV-01404,VAC-0027,ORG-S3,cambio_etapa,2026-07-20T11:00:00,APP-00191>entrevista,synthetic,SYN-019265
PEV-01405,VAC-0027,ORG-S3,entrevista_programada,2026-07-20T11:00:00,SES-00352,synthetic,SYN-019266
PEV-01406,VAC-0027,ORG-S3,cambio_etapa,2026-07-20T13:00:00,APP-00188>entrevista,synthetic,SYN-019267
PEV-01407,VAC-0027,ORG-S3,entrevista_programada,2026-07-20T13:00:00,SES-00346,synthetic,SYN-019268
PEV-01408,VAC-0027,ORG-S3,cambio_etapa,2026-07-20T23:10:00,APP-00188>evaluacion,synthetic,SYN-019269
PEV-01409,VAC-0027,ORG-S3,evaluacion_programada,2026-07-20T23:10:00,SES-00344,synthetic,SYN-019270
PEV-01410,VAC-0027,ORG-S3,evaluacion_realizada,2026-07-21T06:04:00,SES-00342,synthetic,SYN-019271
PEV-01411,VAC-0027,ORG-S3,cambio_etapa,2026-07-21T09:00:00,APP-00194>entrevista,synthetic,SYN-019272
PEV-01412,VAC-0027,ORG-S3,entrevista_programada,2026-07-21T09:00:00,SES-00356,synthetic,SYN-019273
PEV-01413,VAC-0027,ORG-S3,evaluacion_realizada,2026-07-21T13:31:00,SES-00355,synthetic,SYN-019274
PEV-01414,VAC-0027,ORG-S3,cambio_etapa,2026-07-21T17:00:00,APP-00190>entrevista,synthetic,SYN-019275
PEV-01415,VAC-0027,ORG-S3,entrevista_programada,2026-07-21T17:00:00,SES-00350,synthetic,SYN-019276
PEV-01416,VAC-0027,ORG-S3,evaluacion_realizada,2026-07-21T23:50:00,SES-00351,synthetic,SYN-019277
PEV-01417,VAC-0027,ORG-S3,evaluacion_programada,2026-07-22T01:10:00,SES-00345,synthetic,SYN-019278
PEV-01418,VAC-0027,ORG-S3,cambio_etapa,2026-07-22T13:00:00,APP-00193>entrevista,synthetic,SYN-019279
PEV-01419,VAC-0027,ORG-S3,entrevista_programada,2026-07-22T13:00:00,SES-00354,synthetic,SYN-019280
PEV-01420,VAC-0027,ORG-S3,cambio_etapa,2026-07-23T13:00:00,APP-00189>entrevista,synthetic,SYN-019281
PEV-01421,VAC-0027,ORG-S3,entrevista_programada,2026-07-23T13:00:00,SES-00348,synthetic,SYN-019282
PEV-01422,VAC-0027,ORG-S3,evaluacion_realizada,2026-07-23T14:09:00,SES-00340,synthetic,SYN-019283
PEV-01423,VAC-0027,ORG-S3,entrevista_realizada,2026-07-25T22:00:00,SES-00350,synthetic,SYN-019284
PEV-01424,VAC-0027,ORG-S3,entrevista_realizada,2026-07-26T15:00:00,SES-00343,synthetic,SYN-019285
PEV-01425,VAC-0027,ORG-S3,evaluacion_realizada,2026-07-27T21:21:00,SES-00347,synthetic,SYN-019286
PEV-01426,VAC-0027,ORG-S3,entrevista_realizada,2026-07-29T18:00:00,SES-00354,synthetic,SYN-019287
PEV-01427,VAC-0027,ORG-S3,evaluacion_realizada,2026-07-30T00:10:00,SES-00344,synthetic,SYN-019288
PEV-01428,VAC-0027,ORG-S3,evaluacion_realizada,2026-07-30T07:36:00,SES-00349,synthetic,SYN-019289
PEV-01429,VAC-0027,ORG-S3,entrevista_realizada,2026-08-01T15:00:00,SES-00346,synthetic,SYN-019290
PEV-01430,VAC-0027,ORG-S3,entrevista_realizada,2026-08-01T19:00:00,SES-00341,synthetic,SYN-019291
PEV-01431,VAC-0027,ORG-S3,evaluacion_realizada,2026-08-02T11:10:00,SES-00345,synthetic,SYN-019292
PEV-01432,VAC-0027,ORG-S3,entrevista_realizada,2026-08-05T15:00:00,SES-00356,synthetic,SYN-019293
PEV-01433,VAC-0027,ORG-S3,entrevista_realizada,2026-08-09T19:00:00,SES-00348,synthetic,SYN-019294
PEV-01434,VAC-0027,ORG-S3,vacante_cerrada,2026-08-24T03:00:00,,synthetic,SYN-019295
PEV-01435,VAC-0028,ORG-S1,vacante_publicada,2026-02-25T10:37:00,,synthetic,SYN-019296
PEV-01436,VAC-0028,ORG-S1,postulacion_recibida,2026-02-25T22:05:00,APP-00195,synthetic,SYN-019297
PEV-01437,VAC-0028,ORG-S1,cambio_etapa,2026-02-25T22:05:00,APP-00195>recibida,synthetic,SYN-019298
PEV-01438,VAC-0028,ORG-S1,postulacion_recibida,2026-02-28T11:30:00,APP-00196,synthetic,SYN-019299
PEV-01439,VAC-0028,ORG-S1,cambio_etapa,2026-02-28T11:30:00,APP-00196>recibida,synthetic,SYN-019300
PEV-01440,VAC-0028,ORG-S1,cambio_etapa,2026-03-01T18:30:00,APP-00196>evaluacion,synthetic,SYN-019301
PEV-01441,VAC-0028,ORG-S1,evaluacion_programada,2026-03-01T18:30:00,SES-00359,synthetic,SYN-019302
PEV-01442,VAC-0028,ORG-S1,postulacion_recibida,2026-03-03T10:42:00,APP-00197,synthetic,SYN-019303
PEV-01443,VAC-0028,ORG-S1,cambio_etapa,2026-03-03T10:42:00,APP-00197>recibida,synthetic,SYN-019304
PEV-01444,VAC-0028,ORG-S1,cambio_etapa,2026-03-04T11:42:00,APP-00197>evaluacion,synthetic,SYN-019305
PEV-01445,VAC-0028,ORG-S1,evaluacion_programada,2026-03-04T11:42:00,SES-00361,synthetic,SYN-019306
PEV-01446,VAC-0028,ORG-S1,postulacion_recibida,2026-03-10T14:42:00,APP-00198,synthetic,SYN-019307
PEV-01447,VAC-0028,ORG-S1,cambio_etapa,2026-03-10T14:42:00,APP-00198>recibida,synthetic,SYN-019308
PEV-01448,VAC-0028,ORG-S1,evaluacion_realizada,2026-03-11T04:30:00,SES-00359,synthetic,SYN-019309
PEV-01449,VAC-0028,ORG-S1,cambio_etapa,2026-03-12T00:00:00,APP-00195>evaluacion,synthetic,SYN-019310
PEV-01450,VAC-0028,ORG-S1,evaluacion_programada,2026-03-12T00:00:00,SES-00357,synthetic,SYN-019311
PEV-01451,VAC-0028,ORG-S1,cambio_etapa,2026-03-12T15:00:00,APP-00195>entrevista,synthetic,SYN-019312
PEV-01452,VAC-0028,ORG-S1,entrevista_programada,2026-03-12T15:00:00,SES-00358,synthetic,SYN-019313
PEV-01453,VAC-0028,ORG-S1,cambio_etapa,2026-03-12T16:00:00,APP-00198>entrevista,synthetic,SYN-019314
PEV-01454,VAC-0028,ORG-S1,entrevista_programada,2026-03-12T16:00:00,SES-00364,synthetic,SYN-019315
PEV-01455,VAC-0028,ORG-S1,cambio_etapa,2026-03-13T13:00:00,APP-00196>entrevista,synthetic,SYN-019316
PEV-01456,VAC-0028,ORG-S1,entrevista_programada,2026-03-13T13:00:00,SES-00360,synthetic,SYN-019317
PEV-01457,VAC-0028,ORG-S1,entrevista_realizada,2026-03-14T20:00:00,SES-00364,synthetic,SYN-019318
PEV-01458,VAC-0028,ORG-S1,cambio_etapa,2026-03-15T13:00:00,APP-00197>entrevista,synthetic,SYN-019319
PEV-01459,VAC-0028,ORG-S1,entrevista_programada,2026-03-15T13:00:00,SES-00362,synthetic,SYN-019320
PEV-01460,VAC-0028,ORG-S1,cambio_etapa,2026-03-15T15:42:00,APP-00198>evaluacion,synthetic,SYN-019321
PEV-01461,VAC-0028,ORG-S1,evaluacion_programada,2026-03-15T15:42:00,SES-00363,synthetic,SYN-019322
PEV-01462,VAC-0028,ORG-S1,evaluacion_realizada,2026-03-18T04:00:00,SES-00357,synthetic,SYN-019323
PEV-01463,VAC-0028,ORG-S1,evaluacion_realizada,2026-03-18T15:42:00,SES-00361,synthetic,SYN-019324
PEV-01464,VAC-0028,ORG-S1,entrevista_realizada,2026-03-21T22:00:00,SES-00360,synthetic,SYN-019325
PEV-01465,VAC-0028,ORG-S1,entrevista_realizada,2026-03-22T00:00:00,SES-00362,synthetic,SYN-019326
PEV-01466,VAC-0028,ORG-S1,evaluacion_realizada,2026-03-23T17:42:00,SES-00363,synthetic,SYN-019327
PEV-01467,VAC-0028,ORG-S1,entrevista_realizada,2026-03-25T17:00:00,SES-00358,synthetic,SYN-019328
PEV-01468,VAC-0028,ORG-S1,vacante_cerrada,2026-04-07T01:00:00,,synthetic,SYN-019329
PEV-01469,VAC-0029,ORG-S2,vacante_publicada,2026-05-27T16:18:00,,synthetic,SYN-019330
PEV-01470,VAC-0029,ORG-S2,postulacion_recibida,2026-05-29T01:37:00,APP-00205,synthetic,SYN-019331
PEV-01471,VAC-0029,ORG-S2,cambio_etapa,2026-05-29T01:37:00,APP-00205>recibida,synthetic,SYN-019332
PEV-01472,VAC-0029,ORG-S2,postulacion_recibida,2026-05-31T03:19:00,APP-00200,synthetic,SYN-019333
PEV-01473,VAC-0029,ORG-S2,cambio_etapa,2026-05-31T03:19:00,APP-00200>recibida,synthetic,SYN-019334
PEV-01474,VAC-0029,ORG-S2,postulacion_recibida,2026-05-31T07:30:00,APP-00202,synthetic,SYN-019335
PEV-01475,VAC-0029,ORG-S2,cambio_etapa,2026-05-31T07:30:00,APP-00202>recibida,synthetic,SYN-019336
PEV-01476,VAC-0029,ORG-S2,cambio_etapa,2026-06-01T07:37:00,APP-00205>evaluacion,synthetic,SYN-019337
PEV-01477,VAC-0029,ORG-S2,evaluacion_programada,2026-06-01T07:37:00,SES-00377,synthetic,SYN-019338
PEV-01478,VAC-0029,ORG-S2,postulacion_recibida,2026-06-01T11:25:00,APP-00201,synthetic,SYN-019339
PEV-01479,VAC-0029,ORG-S2,cambio_etapa,2026-06-01T11:25:00,APP-00201>recibida,synthetic,SYN-019340
PEV-01480,VAC-0029,ORG-S2,cambio_etapa,2026-06-02T07:30:00,APP-00202>evaluacion,synthetic,SYN-019341
PEV-01481,VAC-0029,ORG-S2,evaluacion_programada,2026-06-02T07:30:00,SES-00372,synthetic,SYN-019342
PEV-01482,VAC-0029,ORG-S2,cambio_etapa,2026-06-03T07:19:00,APP-00200>evaluacion,synthetic,SYN-019343
PEV-01483,VAC-0029,ORG-S2,evaluacion_programada,2026-06-03T07:19:00,SES-00368,synthetic,SYN-019344
PEV-01484,VAC-0029,ORG-S2,postulacion_recibida,2026-06-04T05:43:00,APP-00204,synthetic,SYN-019345
PEV-01485,VAC-0029,ORG-S2,cambio_etapa,2026-06-04T05:43:00,APP-00204>recibida,synthetic,SYN-019346
PEV-01486,VAC-0029,ORG-S2,postulacion_recibida,2026-06-04T13:38:00,APP-00203,synthetic,SYN-019347
PEV-01487,VAC-0029,ORG-S2,cambio_etapa,2026-06-04T13:38:00,APP-00203>recibida,synthetic,SYN-019348
PEV-01488,VAC-0029,ORG-S2,cambio_etapa,2026-06-05T14:25:00,APP-00201>evaluacion,synthetic,SYN-019349
PEV-01489,VAC-0029,ORG-S2,evaluacion_programada,2026-06-05T14:25:00,SES-00370,synthetic,SYN-019350
PEV-01490,VAC-0029,ORG-S2,postulacion_recibida,2026-06-07T10:10:00,APP-00206,synthetic,SYN-019351
PEV-01491,VAC-0029,ORG-S2,cambio_etapa,2026-06-07T10:10:00,APP-00206>recibida,synthetic,SYN-019352
PEV-01492,VAC-0029,ORG-S2,postulacion_recibida,2026-06-07T13:17:00,APP-00199,synthetic,SYN-019353
PEV-01493,VAC-0029,ORG-S2,cambio_etapa,2026-06-07T13:17:00,APP-00199>recibida,synthetic,SYN-019354
PEV-01494,VAC-0029,ORG-S2,cambio_etapa,2026-06-09T12:10:00,APP-00206>evaluacion,synthetic,SYN-019355
PEV-01495,VAC-0029,ORG-S2,evaluacion_programada,2026-06-09T12:10:00,SES-00379,synthetic,SYN-019356
PEV-01496,VAC-0029,ORG-S2,cambio_etapa,2026-06-09T14:38:00,APP-00203>evaluacion,synthetic,SYN-019357
PEV-01497,VAC-0029,ORG-S2,evaluacion_programada,2026-06-09T14:38:00,SES-00373,synthetic,SYN-019358
PEV-01498,VAC-0029,ORG-S2,cambio_etapa,2026-06-10T00:00:00,APP-00204>evaluacion,synthetic,SYN-019359
PEV-01499,VAC-0029,ORG-S2,evaluacion_programada,2026-06-10T00:00:00,SES-00375,synthetic,SYN-019360
PEV-01500,VAC-0029,ORG-S2,cambio_etapa,2026-06-10T16:00:00,APP-00203>entrevista,synthetic,SYN-019361
PEV-01501,VAC-0029,ORG-S2,entrevista_programada,2026-06-10T16:00:00,SES-00374,synthetic,SYN-019362
PEV-01502,VAC-0029,ORG-S2,evaluacion_programada,2026-06-10T17:17:00,SES-00366,synthetic,SYN-019363
PEV-01503,VAC-0029,ORG-S2,cambio_etapa,2026-06-10T19:17:00,APP-00199>evaluacion,synthetic,SYN-019364
PEV-01504,VAC-0029,ORG-S2,evaluacion_programada,2026-06-10T19:17:00,SES-00365,synthetic,SYN-019365
PEV-01505,VAC-0029,ORG-S2,cambio_etapa,2026-06-11T10:00:00,APP-00206>entrevista,synthetic,SYN-019366
PEV-01506,VAC-0029,ORG-S2,entrevista_programada,2026-06-11T10:00:00,SES-00380,synthetic,SYN-019367
PEV-01507,VAC-0029,ORG-S2,evaluacion_realizada,2026-06-11T12:30:00,SES-00372,synthetic,SYN-019368
PEV-01508,VAC-0029,ORG-S2,cambio_etapa,2026-06-12T09:00:00,APP-00205>entrevista,synthetic,SYN-019369
PEV-01509,VAC-0029,ORG-S2,entrevista_programada,2026-06-12T09:00:00,SES-00378,synthetic,SYN-019370
PEV-01510,VAC-0029,ORG-S2,cambio_etapa,2026-06-13T13:00:00,APP-00204>entrevista,synthetic,SYN-019371
PEV-01511,VAC-0029,ORG-S2,entrevista_programada,2026-06-13T13:00:00,SES-00376,synthetic,SYN-019372
PEV-01512,VAC-0029,ORG-S2,cambio_etapa,2026-06-14T14:00:00,APP-00200>entrevista,synthetic,SYN-019373
PEV-01513,VAC-0029,ORG-S2,entrevista_programada,2026-06-14T14:00:00,SES-00369,synthetic,SYN-019374
PEV-01514,VAC-0029,ORG-S2,cambio_etapa,2026-06-14T15:00:00,APP-00199>entrevista,synthetic,SYN-019375
PEV-01515,VAC-0029,ORG-S2,entrevista_programada,2026-06-14T15:00:00,SES-00367,synthetic,SYN-019376
PEV-01516,VAC-0029,ORG-S2,evaluacion_realizada,2026-06-15T11:37:00,SES-00377,synthetic,SYN-019377
PEV-01517,VAC-0029,ORG-S2,cambio_etapa,2026-06-16T12:00:00,APP-00201>entrevista,synthetic,SYN-019378
PEV-01518,VAC-0029,ORG-S2,entrevista_programada,2026-06-16T12:00:00,SES-00371,synthetic,SYN-019379
PEV-01519,VAC-0029,ORG-S2,evaluacion_realizada,2026-06-18T12:19:00,SES-00368,synthetic,SYN-019380
PEV-01520,VAC-0029,ORG-S2,entrevista_realizada,2026-06-18T15:00:00,SES-00380,synthetic,SYN-019381
PEV-01521,VAC-0029,ORG-S2,evaluacion_realizada,2026-06-18T19:25:00,SES-00370,synthetic,SYN-019382
PEV-01522,VAC-0029,ORG-S2,entrevista_realizada,2026-06-19T20:00:00,SES-00376,synthetic,SYN-019383
PEV-01523,VAC-0029,ORG-S2,evaluacion_realizada,2026-06-20T05:00:00,SES-00375,synthetic,SYN-019384
PEV-01524,VAC-0029,ORG-S2,entrevista_realizada,2026-06-20T16:00:00,SES-00378,synthetic,SYN-019385
PEV-01525,VAC-0029,ORG-S2,evaluacion_realizada,2026-06-23T00:17:00,SES-00366,synthetic,SYN-019386
PEV-01526,VAC-0029,ORG-S2,entrevista_realizada,2026-06-23T20:00:00,SES-00369,synthetic,SYN-019387
PEV-01527,VAC-0029,ORG-S2,entrevista_realizada,2026-06-25T21:00:00,SES-00367,synthetic,SYN-019388
PEV-01528,VAC-0029,ORG-S2,evaluacion_realizada,2026-06-27T17:38:00,SES-00373,synthetic,SYN-019389
PEV-01529,VAC-0029,ORG-S2,evaluacion_realizada,2026-06-27T23:17:00,SES-00365,synthetic,SYN-019390
PEV-01530,VAC-0029,ORG-S2,entrevista_realizada,2026-06-29T00:00:00,SES-00374,synthetic,SYN-019391
PEV-01531,VAC-0029,ORG-S2,entrevista_realizada,2026-07-03T19:00:00,SES-00371,synthetic,SYN-019392
PEV-01532,VAC-0029,ORG-S2,vacante_cerrada,2026-07-10T03:00:00,,synthetic,SYN-019393
PEV-01533,VAC-0030,ORG-S3,vacante_publicada,2026-05-22T13:03:00,,synthetic,SYN-019394
PEV-01534,VAC-0030,ORG-S3,postulacion_recibida,2026-05-25T04:07:00,APP-00210,synthetic,SYN-019395
PEV-01535,VAC-0030,ORG-S3,cambio_etapa,2026-05-25T04:07:00,APP-00210>recibida,synthetic,SYN-019396
PEV-01536,VAC-0030,ORG-S3,postulacion_recibida,2026-05-29T19:06:00,APP-00209,synthetic,SYN-019397
PEV-01537,VAC-0030,ORG-S3,cambio_etapa,2026-05-29T19:06:00,APP-00209>recibida,synthetic,SYN-019398
PEV-01538,VAC-0030,ORG-S3,cambio_etapa,2026-05-30T12:07:00,APP-00210>evaluacion,synthetic,SYN-019399
PEV-01539,VAC-0030,ORG-S3,evaluacion_programada,2026-05-30T12:07:00,SES-00384,synthetic,SYN-019400
PEV-01540,VAC-0030,ORG-S3,postulacion_recibida,2026-06-01T17:33:00,APP-00208,synthetic,SYN-019401
PEV-01541,VAC-0030,ORG-S3,cambio_etapa,2026-06-01T17:33:00,APP-00208>recibida,synthetic,SYN-019402
PEV-01542,VAC-0030,ORG-S3,cambio_etapa,2026-06-03T23:06:00,APP-00209>descartada,synthetic,SYN-019403
PEV-01543,VAC-0030,ORG-S3,cambio_etapa,2026-06-04T23:33:00,APP-00208>evaluacion,synthetic,SYN-019404
PEV-01544,VAC-0030,ORG-S3,evaluacion_programada,2026-06-04T23:33:00,SES-00382,synthetic,SYN-019405
PEV-01545,VAC-0030,ORG-S3,postulacion_recibida,2026-06-05T15:31:00,APP-00207,synthetic,SYN-019406
PEV-01546,VAC-0030,ORG-S3,cambio_etapa,2026-06-05T15:31:00,APP-00207>recibida,synthetic,SYN-019407
PEV-01547,VAC-0030,ORG-S3,cambio_etapa,2026-06-07T19:31:00,APP-00207>evaluacion,synthetic,SYN-019408
PEV-01548,VAC-0030,ORG-S3,evaluacion_programada,2026-06-07T19:31:00,SES-00381,synthetic,SYN-019409
PEV-01549,VAC-0030,ORG-S3,evaluacion_realizada,2026-06-08T18:07:00,SES-00384,synthetic,SYN-019410
PEV-01550,VAC-0030,ORG-S3,cambio_etapa,2026-06-13T14:00:00,APP-00210>entrevista,synthetic,SYN-019411
PEV-01551,VAC-0030,ORG-S3,entrevista_programada,2026-06-13T14:00:00,SES-00385,synthetic,SYN-019412
PEV-01552,VAC-0030,ORG-S3,cambio_etapa,2026-06-16T14:00:00,APP-00208>entrevista,synthetic,SYN-019413
PEV-01553,VAC-0030,ORG-S3,entrevista_programada,2026-06-16T14:00:00,SES-00383,synthetic,SYN-019414
PEV-01554,VAC-0030,ORG-S3,evaluacion_realizada,2026-06-18T01:33:00,SES-00382,synthetic,SYN-019415
PEV-01555,VAC-0030,ORG-S3,evaluacion_realizada,2026-06-23T22:31:00,SES-00381,synthetic,SYN-019416
PEV-01556,VAC-0030,ORG-S3,entrevista_realizada,2026-06-29T17:00:00,SES-00385,synthetic,SYN-019417
PEV-01557,VAC-0030,ORG-S3,vacante_cerrada,2026-07-08T21:00:00,,synthetic,SYN-019418
PEV-01558,VAC-0031,ORG-S1,vacante_publicada,2026-04-24T13:38:00,,synthetic,SYN-019419
PEV-01559,VAC-0031,ORG-S1,postulacion_recibida,2026-04-25T09:56:00,APP-00211,synthetic,SYN-019420
PEV-01560,VAC-0031,ORG-S1,cambio_etapa,2026-04-25T09:56:00,APP-00211>recibida,synthetic,SYN-019421
PEV-01561,VAC-0031,ORG-S1,postulacion_recibida,2026-04-25T16:09:00,APP-00218,synthetic,SYN-019422
PEV-01562,VAC-0031,ORG-S1,cambio_etapa,2026-04-25T16:09:00,APP-00218>recibida,synthetic,SYN-019423
PEV-01563,VAC-0031,ORG-S1,postulacion_recibida,2026-04-26T00:40:00,APP-00213,synthetic,SYN-019424
PEV-01564,VAC-0031,ORG-S1,cambio_etapa,2026-04-26T00:40:00,APP-00213>recibida,synthetic,SYN-019425
PEV-01565,VAC-0031,ORG-S1,postulacion_recibida,2026-04-28T02:26:00,APP-00222,synthetic,SYN-019426
PEV-01566,VAC-0031,ORG-S1,cambio_etapa,2026-04-28T02:26:00,APP-00222>recibida,synthetic,SYN-019427
PEV-01567,VAC-0031,ORG-S1,postulacion_recibida,2026-04-28T07:12:00,APP-00215,synthetic,SYN-019428
PEV-01568,VAC-0031,ORG-S1,cambio_etapa,2026-04-28T07:12:00,APP-00215>recibida,synthetic,SYN-019429
PEV-01569,VAC-0031,ORG-S1,postulacion_recibida,2026-04-28T13:25:00,APP-00219,synthetic,SYN-019430
PEV-01570,VAC-0031,ORG-S1,cambio_etapa,2026-04-28T13:25:00,APP-00219>recibida,synthetic,SYN-019431
PEV-01571,VAC-0031,ORG-S1,postulacion_recibida,2026-04-29T00:02:00,APP-00217,synthetic,SYN-019432
PEV-01572,VAC-0031,ORG-S1,cambio_etapa,2026-04-29T00:02:00,APP-00217>recibida,synthetic,SYN-019433
PEV-01573,VAC-0031,ORG-S1,cambio_etapa,2026-04-29T02:40:00,APP-00213>evaluacion,synthetic,SYN-019434
PEV-01574,VAC-0031,ORG-S1,evaluacion_programada,2026-04-29T02:40:00,SES-00390,synthetic,SYN-019435
PEV-01575,VAC-0031,ORG-S1,cambio_etapa,2026-04-29T14:56:00,APP-00211>evaluacion,synthetic,SYN-019436
PEV-01576,VAC-0031,ORG-S1,evaluacion_programada,2026-04-29T14:56:00,SES-00386,synthetic,SYN-019437
PEV-01577,VAC-0031,ORG-S1,cambio_etapa,2026-04-30T11:12:00,APP-00215>evaluacion,synthetic,SYN-019438
PEV-01578,VAC-0031,ORG-S1,evaluacion_programada,2026-04-30T11:12:00,SES-00394,synthetic,SYN-019439
PEV-01579,VAC-0031,ORG-S1,cambio_etapa,2026-04-30T21:09:00,APP-00218>evaluacion,synthetic,SYN-019440
PEV-01580,VAC-0031,ORG-S1,evaluacion_programada,2026-04-30T21:09:00,SES-00399,synthetic,SYN-019441
PEV-01581,VAC-0031,ORG-S1,postulacion_recibida,2026-05-01T05:56:00,APP-00216,synthetic,SYN-019442
PEV-01582,VAC-0031,ORG-S1,cambio_etapa,2026-05-01T05:56:00,APP-00216>recibida,synthetic,SYN-019443
PEV-01583,VAC-0031,ORG-S1,postulacion_recibida,2026-05-01T11:34:00,APP-00212,synthetic,SYN-019444
PEV-01584,VAC-0031,ORG-S1,cambio_etapa,2026-05-01T11:34:00,APP-00212>recibida,synthetic,SYN-019445
PEV-01585,VAC-0031,ORG-S1,cambio_etapa,2026-05-02T01:02:00,APP-00217>evaluacion,synthetic,SYN-019446
PEV-01586,VAC-0031,ORG-S1,evaluacion_programada,2026-05-02T01:02:00,SES-00398,synthetic,SYN-019447
PEV-01587,VAC-0031,ORG-S1,cambio_etapa,2026-05-02T10:26:00,APP-00222>evaluacion,synthetic,SYN-019448
PEV-01588,VAC-0031,ORG-S1,evaluacion_programada,2026-05-02T10:26:00,SES-00406,synthetic,SYN-019449
PEV-01589,VAC-0031,ORG-S1,postulacion_recibida,2026-05-02T13:38:00,APP-00220,synthetic,SYN-019450
PEV-01590,VAC-0031,ORG-S1,cambio_etapa,2026-05-02T13:38:00,APP-00220>recibida,synthetic,SYN-019451
PEV-01591,VAC-0031,ORG-S1,postulacion_recibida,2026-05-02T15:09:00,APP-00214,synthetic,SYN-019452
PEV-01592,VAC-0031,ORG-S1,cambio_etapa,2026-05-02T15:09:00,APP-00214>recibida,synthetic,SYN-019453
PEV-01593,VAC-0031,ORG-S1,postulacion_recibida,2026-05-02T19:58:00,APP-00221,synthetic,SYN-019454
PEV-01594,VAC-0031,ORG-S1,cambio_etapa,2026-05-02T19:58:00,APP-00221>recibida,synthetic,SYN-019455
PEV-01595,VAC-0031,ORG-S1,cambio_etapa,2026-05-03T06:56:00,APP-00216>evaluacion,synthetic,SYN-019456
PEV-01596,VAC-0031,ORG-S1,evaluacion_programada,2026-05-03T06:56:00,SES-00396,synthetic,SYN-019457
PEV-01597,VAC-0031,ORG-S1,evaluacion_realizada,2026-05-03T11:40:00,SES-00390,synthetic,SYN-019458
PEV-01598,VAC-0031,ORG-S1,evaluacion_programada,2026-05-04T03:58:00,SES-00404,synthetic,SYN-019459
PEV-01599,VAC-0031,ORG-S1,cambio_etapa,2026-05-04T22:58:00,APP-00221>evaluacion,synthetic,SYN-019460
PEV-01600,VAC-0031,ORG-S1,evaluacion_programada,2026-05-04T22:58:00,SES-00403,synthetic,SYN-019461
PEV-01601,VAC-0031,ORG-S1,cambio_etapa,2026-05-05T16:34:00,APP-00212>evaluacion,synthetic,SYN-019462
PEV-01602,VAC-0031,ORG-S1,evaluacion_programada,2026-05-05T16:34:00,SES-00388,synthetic,SYN-019463
PEV-01603,VAC-0031,ORG-S1,evaluacion_realizada,2026-05-07T06:09:00,SES-00399,synthetic,SYN-019464
PEV-01604,VAC-0031,ORG-S1,postulacion_recibida,2026-05-07T10:26:00,APP-00223,synthetic,SYN-019465
PEV-01605,VAC-0031,ORG-S1,cambio_etapa,2026-05-07T10:26:00,APP-00223>recibida,synthetic,SYN-019466
PEV-01606,VAC-0031,ORG-S1,cambio_etapa,2026-05-07T19:38:00,APP-00220>evaluacion,synthetic,SYN-019467
PEV-01607,VAC-0031,ORG-S1,evaluacion_programada,2026-05-07T19:38:00,SES-00401,synthetic,SYN-019468
PEV-01608,VAC-0031,ORG-S1,cambio_etapa,2026-05-08T00:00:00,APP-00214>evaluacion,synthetic,SYN-019469
PEV-01609,VAC-0031,ORG-S1,cambio_etapa,2026-05-08T00:00:00,APP-00219>evaluacion,synthetic,SYN-019470
PEV-01610,VAC-0031,ORG-S1,evaluacion_programada,2026-05-08T00:00:00,SES-00392,synthetic,SYN-019471
PEV-01611,VAC-0031,ORG-S1,evaluacion_programada,2026-05-08T00:00:00,SES-00400,synthetic,SYN-019472
PEV-01612,VAC-0031,ORG-S1,evaluacion_realizada,2026-05-08T05:02:00,SES-00398,synthetic,SYN-019473
PEV-01613,VAC-0031,ORG-S1,cambio_etapa,2026-05-09T09:00:00,APP-00211>entrevista,synthetic,SYN-019474
PEV-01614,VAC-0031,ORG-S1,entrevista_programada,2026-05-09T09:00:00,SES-00387,synthetic,SYN-019475
PEV-01615,VAC-0031,ORG-S1,cambio_etapa,2026-05-09T11:00:00,APP-00212>entrevista,synthetic,SYN-019476
PEV-01616,VAC-0031,ORG-S1,cambio_etapa,2026-05-09T11:00:00,APP-00216>entrevista,synthetic,SYN-019477
PEV-01617,VAC-0031,ORG-S1,entrevista_programada,2026-05-09T11:00:00,SES-00389,synthetic,SYN-019478
PEV-01618,VAC-0031,ORG-S1,entrevista_programada,2026-05-09T11:00:00,SES-00397,synthetic,SYN-019479
PEV-01619,VAC-0031,ORG-S1,cambio_etapa,2026-05-09T14:00:00,APP-00220>entrevista,synthetic,SYN-019480
PEV-01620,VAC-0031,ORG-S1,entrevista_programada,2026-05-09T14:00:00,SES-00402,synthetic,SYN-019481
PEV-01621,VAC-0031,ORG-S1,cambio_etapa,2026-05-09T15:00:00,APP-00223>entrevista,synthetic,SYN-019482
PEV-01622,VAC-0031,ORG-S1,entrevista_programada,2026-05-09T15:00:00,SES-00409,synthetic,SYN-019483
PEV-01623,VAC-0031,ORG-S1,cambio_etapa,2026-05-09T16:00:00,APP-00221>entrevista,synthetic,SYN-019484
PEV-01624,VAC-0031,ORG-S1,cambio_etapa,2026-05-09T16:00:00,APP-00222>entrevista,synthetic,SYN-019485
PEV-01625,VAC-0031,ORG-S1,entrevista_programada,2026-05-09T16:00:00,SES-00405,synthetic,SYN-019486
PEV-01626,VAC-0031,ORG-S1,entrevista_programada,2026-05-09T16:00:00,SES-00407,synthetic,SYN-019487
PEV-01627,VAC-0031,ORG-S1,cambio_etapa,2026-05-09T17:00:00,APP-00215>entrevista,synthetic,SYN-019488
PEV-01628,VAC-0031,ORG-S1,entrevista_programada,2026-05-09T17:00:00,SES-00395,synthetic,SYN-019489
PEV-01629,VAC-0031,ORG-S1,cambio_etapa,2026-05-10T15:00:00,APP-00214>entrevista,synthetic,SYN-019490
PEV-01630,VAC-0031,ORG-S1,entrevista_programada,2026-05-10T15:00:00,SES-00393,synthetic,SYN-019491
PEV-01631,VAC-0031,ORG-S1,cambio_etapa,2026-05-10T15:26:00,APP-00223>evaluacion,synthetic,SYN-019492
PEV-01632,VAC-0031,ORG-S1,evaluacion_programada,2026-05-10T15:26:00,SES-00408,synthetic,SYN-019493
PEV-01633,VAC-0031,ORG-S1,evaluacion_realizada,2026-05-10T17:56:00,SES-00386,synthetic,SYN-019494
PEV-01634,VAC-0031,ORG-S1,evaluacion_realizada,2026-05-10T21:34:00,SES-00388,synthetic,SYN-019495
PEV-01635,VAC-0031,ORG-S1,evaluacion_realizada,2026-05-11T20:26:00,SES-00406,synthetic,SYN-019496
PEV-01636,VAC-0031,ORG-S1,cambio_etapa,2026-05-12T17:00:00,APP-00213>entrevista,synthetic,SYN-019497
PEV-01637,VAC-0031,ORG-S1,entrevista_programada,2026-05-12T17:00:00,SES-00391,synthetic,SYN-019498
PEV-01638,VAC-0031,ORG-S1,evaluacion_realizada,2026-05-13T06:00:00,SES-00392,synthetic,SYN-019499
PEV-01639,VAC-0031,ORG-S1,evaluacion_realizada,2026-05-14T20:26:00,SES-00408,synthetic,SYN-019500
PEV-01640,VAC-0031,ORG-S1,evaluacion_realizada,2026-05-15T13:56:00,SES-00396,synthetic,SYN-019501
PEV-01641,VAC-0031,ORG-S1,evaluacion_realizada,2026-05-16T00:38:00,SES-00401,synthetic,SYN-019502
PEV-01642,VAC-0031,ORG-S1,evaluacion_realizada,2026-05-16T10:58:00,SES-00404,synthetic,SYN-019503
PEV-01643,VAC-0031,ORG-S1,entrevista_realizada,2026-05-16T20:00:00,SES-00407,synthetic,SYN-019504
PEV-01644,VAC-0031,ORG-S1,evaluacion_realizada,2026-05-17T05:58:00,SES-00403,synthetic,SYN-019505
PEV-01645,VAC-0031,ORG-S1,evaluacion_realizada,2026-05-17T19:12:00,SES-00394,synthetic,SYN-019506
PEV-01646,VAC-0031,ORG-S1,entrevista_realizada,2026-05-19T17:00:00,SES-00397,synthetic,SYN-019507
PEV-01647,VAC-0031,ORG-S1,entrevista_realizada,2026-05-19T18:00:00,SES-00389,synthetic,SYN-019508
PEV-01648,VAC-0031,ORG-S1,entrevista_realizada,2026-05-20T22:00:00,SES-00405,synthetic,SYN-019509
PEV-01649,VAC-0031,ORG-S1,entrevista_realizada,2026-05-20T23:00:00,SES-00395,synthetic,SYN-019510
PEV-01650,VAC-0031,ORG-S1,entrevista_realizada,2026-05-21T00:00:00,SES-00409,synthetic,SYN-019511
PEV-01651,VAC-0031,ORG-S1,entrevista_realizada,2026-05-21T01:00:00,SES-00393,synthetic,SYN-019512
PEV-01652,VAC-0031,ORG-S1,evaluacion_realizada,2026-05-21T07:00:00,SES-00400,synthetic,SYN-019513
PEV-01653,VAC-0031,ORG-S1,entrevista_realizada,2026-05-24T00:00:00,SES-00391,synthetic,SYN-019514
PEV-01654,VAC-0031,ORG-S1,entrevista_realizada,2026-05-26T01:00:00,SES-00402,synthetic,SYN-019515
PEV-01655,VAC-0031,ORG-S1,vacante_cerrada,2026-06-02T02:00:00,,synthetic,SYN-019516
PEV-01656,VAC-0032,ORG-S2,vacante_publicada,2026-03-07T10:21:00,,synthetic,SYN-019517
PEV-01657,VAC-0032,ORG-S2,postulacion_recibida,2026-03-07T16:04:00,APP-00230,synthetic,SYN-019518
PEV-01658,VAC-0032,ORG-S2,cambio_etapa,2026-03-07T16:04:00,APP-00230>recibida,synthetic,SYN-019519
PEV-01659,VAC-0032,ORG-S2,cambio_etapa,2026-03-08T19:04:00,APP-00230>evaluacion,synthetic,SYN-019520
PEV-01660,VAC-0032,ORG-S2,evaluacion_programada,2026-03-08T19:04:00,SES-00420,synthetic,SYN-019521
PEV-01661,VAC-0032,ORG-S2,postulacion_recibida,2026-03-10T10:14:00,APP-00228,synthetic,SYN-019522
PEV-01662,VAC-0032,ORG-S2,cambio_etapa,2026-03-10T10:14:00,APP-00228>recibida,synthetic,SYN-019523
PEV-01663,VAC-0032,ORG-S2,postulacion_recibida,2026-03-11T00:28:00,APP-00225,synthetic,SYN-019524
PEV-01664,VAC-0032,ORG-S2,cambio_etapa,2026-03-11T00:28:00,APP-00225>recibida,synthetic,SYN-019525
PEV-01665,VAC-0032,ORG-S2,postulacion_recibida,2026-03-11T05:28:00,APP-00231,synthetic,SYN-019526
PEV-01666,VAC-0032,ORG-S2,cambio_etapa,2026-03-11T05:28:00,APP-00231>recibida,synthetic,SYN-019527
PEV-01667,VAC-0032,ORG-S2,cambio_etapa,2026-03-11T17:14:00,APP-00228>evaluacion,synthetic,SYN-019528
PEV-01668,VAC-0032,ORG-S2,evaluacion_programada,2026-03-11T17:14:00,SES-00415,synthetic,SYN-019529
PEV-01669,VAC-0032,ORG-S2,evaluacion_programada,2026-03-12T13:28:00,SES-00423,synthetic,SYN-019530
PEV-01670,VAC-0032,ORG-S2,evaluacion_programada,2026-03-12T18:14:00,SES-00416,synthetic,SYN-019531
PEV-01671,VAC-0032,ORG-S2,cambio_etapa,2026-03-13T10:28:00,APP-00231>evaluacion,synthetic,SYN-019532
PEV-01672,VAC-0032,ORG-S2,evaluacion_programada,2026-03-13T10:28:00,SES-00422,synthetic,SYN-019533
PEV-01673,VAC-0032,ORG-S2,postulacion_recibida,2026-03-14T06:19:00,APP-00233,synthetic,SYN-019534
PEV-01674,VAC-0032,ORG-S2,cambio_etapa,2026-03-14T06:19:00,APP-00233>recibida,synthetic,SYN-019535
PEV-01675,VAC-0032,ORG-S2,postulacion_recibida,2026-03-14T21:47:00,APP-00224,synthetic,SYN-019536
PEV-01676,VAC-0032,ORG-S2,cambio_etapa,2026-03-14T21:47:00,APP-00224>recibida,synthetic,SYN-019537
PEV-01677,VAC-0032,ORG-S2,cambio_etapa,2026-03-15T05:28:00,APP-00225>evaluacion,synthetic,SYN-019538
PEV-01678,VAC-0032,ORG-S2,evaluacion_programada,2026-03-15T05:28:00,SES-00411,synthetic,SYN-019539
PEV-01679,VAC-0032,ORG-S2,cambio_etapa,2026-03-15T07:19:00,APP-00233>descartada,synthetic,SYN-019540
PEV-01680,VAC-0032,ORG-S2,postulacion_recibida,2026-03-17T11:40:00,APP-00232,synthetic,SYN-019541
PEV-01681,VAC-0032,ORG-S2,cambio_etapa,2026-03-17T11:40:00,APP-00232>recibida,synthetic,SYN-019542
PEV-01682,VAC-0032,ORG-S2,cambio_etapa,2026-03-18T02:47:00,APP-00224>evaluacion,synthetic,SYN-019543
PEV-01683,VAC-0032,ORG-S2,evaluacion_programada,2026-03-18T02:47:00,SES-00410,synthetic,SYN-019544
PEV-01684,VAC-0032,ORG-S2,postulacion_recibida,2026-03-18T22:30:00,APP-00226,synthetic,SYN-019545
PEV-01685,VAC-0032,ORG-S2,cambio_etapa,2026-03-18T22:30:00,APP-00226>recibida,synthetic,SYN-019546
PEV-01686,VAC-0032,ORG-S2,evaluacion_realizada,2026-03-18T23:14:00,SES-00416,synthetic,SYN-019547
PEV-01687,VAC-0032,ORG-S2,cambio_etapa,2026-03-19T19:40:00,APP-00232>evaluacion,synthetic,SYN-019548
PEV-01688,VAC-0032,ORG-S2,evaluacion_programada,2026-03-19T19:40:00,SES-00425,synthetic,SYN-019549
PEV-01689,VAC-0032,ORG-S2,postulacion_recibida,2026-03-20T10:16:00,APP-00229,synthetic,SYN-019550
PEV-01690,VAC-0032,ORG-S2,cambio_etapa,2026-03-20T10:16:00,APP-00229>recibida,synthetic,SYN-019551
PEV-01691,VAC-0032,ORG-S2,evaluacion_realizada,2026-03-22T03:04:00,SES-00420,synthetic,SYN-019552
PEV-01692,VAC-0032,ORG-S2,cambio_etapa,2026-03-22T13:16:00,APP-00229>evaluacion,synthetic,SYN-019553
PEV-01693,VAC-0032,ORG-S2,evaluacion_programada,2026-03-22T13:16:00,SES-00418,synthetic,SYN-019554
PEV-01694,VAC-0032,ORG-S2,cambio_etapa,2026-03-23T03:30:00,APP-00226>evaluacion,synthetic,SYN-019555
PEV-01695,VAC-0032,ORG-S2,evaluacion_programada,2026-03-23T03:30:00,SES-00412,synthetic,SYN-019556
PEV-01696,VAC-0032,ORG-S2,postulacion_recibida,2026-03-23T04:39:00,APP-00227,synthetic,SYN-019557
PEV-01697,VAC-0032,ORG-S2,cambio_etapa,2026-03-23T04:39:00,APP-00227>recibida,synthetic,SYN-019558
PEV-01698,VAC-0032,ORG-S2,evaluacion_realizada,2026-03-24T15:28:00,SES-00423,synthetic,SYN-019559
PEV-01699,VAC-0032,ORG-S2,evaluacion_realizada,2026-03-26T20:14:00,SES-00415,synthetic,SYN-019560
PEV-01700,VAC-0032,ORG-S2,evaluacion_realizada,2026-03-27T15:28:00,SES-00422,synthetic,SYN-019561
PEV-01701,VAC-0032,ORG-S2,cambio_etapa,2026-03-28T09:00:00,APP-00228>entrevista,synthetic,SYN-019562
PEV-01702,VAC-0032,ORG-S2,entrevista_programada,2026-03-28T09:00:00,SES-00417,synthetic,SYN-019563
PEV-01703,VAC-0032,ORG-S2,cambio_etapa,2026-03-28T11:39:00,APP-00227>evaluacion,synthetic,SYN-019564
PEV-01704,VAC-0032,ORG-S2,evaluacion_programada,2026-03-28T11:39:00,SES-00413,synthetic,SYN-019565
PEV-01705,VAC-0032,ORG-S2,evaluacion_realizada,2026-03-28T12:28:00,SES-00411,synthetic,SYN-019566
PEV-01706,VAC-0032,ORG-S2,cambio_etapa,2026-03-29T09:00:00,APP-00232>entrevista,synthetic,SYN-019567
PEV-01707,VAC-0032,ORG-S2,entrevista_programada,2026-03-29T09:00:00,SES-00426,synthetic,SYN-019568
PEV-01708,VAC-0032,ORG-S2,evaluacion_realizada,2026-03-29T20:16:00,SES-00418,synthetic,SYN-019569
PEV-01709,VAC-0032,ORG-S2,cambio_etapa,2026-03-30T09:00:00,APP-00231>entrevista,synthetic,SYN-019570
PEV-01710,VAC-0032,ORG-S2,entrevista_programada,2026-03-30T09:00:00,SES-00424,synthetic,SYN-019571
PEV-01711,VAC-0032,ORG-S2,evaluacion_realizada,2026-03-30T14:30:00,SES-00412,synthetic,SYN-019572
PEV-01712,VAC-0032,ORG-S2,cambio_etapa,2026-03-31T14:00:00,APP-00229>entrevista,synthetic,SYN-019573
PEV-01713,VAC-0032,ORG-S2,entrevista_programada,2026-03-31T14:00:00,SES-00419,synthetic,SYN-019574
PEV-01714,VAC-0032,ORG-S2,cambio_etapa,2026-03-31T15:00:00,APP-00227>entrevista,synthetic,SYN-019575
PEV-01715,VAC-0032,ORG-S2,entrevista_programada,2026-03-31T15:00:00,SES-00414,synthetic,SYN-019576
PEV-01716,VAC-0032,ORG-S2,evaluacion_realizada,2026-04-01T09:47:00,SES-00410,synthetic,SYN-019577
PEV-01717,VAC-0032,ORG-S2,cambio_etapa,2026-04-01T14:00:00,APP-00230>entrevista,synthetic,SYN-019578
PEV-01718,VAC-0032,ORG-S2,entrevista_programada,2026-04-01T14:00:00,SES-00421,synthetic,SYN-019579
PEV-01719,VAC-0032,ORG-S2,evaluacion_realizada,2026-04-02T02:40:00,SES-00425,synthetic,SYN-019580
PEV-01720,VAC-0032,ORG-S2,entrevista_realizada,2026-04-04T12:00:00,SES-00417,synthetic,SYN-019581
PEV-01721,VAC-0032,ORG-S2,evaluacion_realizada,2026-04-04T16:39:00,SES-00413,synthetic,SYN-019582
PEV-01722,VAC-0032,ORG-S2,entrevista_realizada,2026-04-06T14:00:00,SES-00426,synthetic,SYN-019583
PEV-01723,VAC-0032,ORG-S2,entrevista_realizada,2026-04-10T15:00:00,SES-00421,synthetic,SYN-019584
PEV-01724,VAC-0032,ORG-S2,entrevista_realizada,2026-04-12T19:00:00,SES-00424,synthetic,SYN-019585
PEV-01725,VAC-0032,ORG-S2,entrevista_realizada,2026-04-14T17:00:00,SES-00419,synthetic,SYN-019586
PEV-01726,VAC-0032,ORG-S2,vacante_cerrada,2026-04-25T21:00:00,,synthetic,SYN-019587
PEV-01727,VAC-0033,ORG-S3,vacante_publicada,2026-06-13T00:00:00,,synthetic,SYN-019588
PEV-01728,VAC-0033,ORG-S3,postulacion_recibida,2026-06-15T11:28:00,APP-00235,synthetic,SYN-019589
PEV-01729,VAC-0033,ORG-S3,cambio_etapa,2026-06-15T11:28:00,APP-00235>recibida,synthetic,SYN-019590
PEV-01730,VAC-0033,ORG-S3,postulacion_recibida,2026-06-16T05:00:00,APP-00237,synthetic,SYN-019591
PEV-01731,VAC-0033,ORG-S3,cambio_etapa,2026-06-16T05:00:00,APP-00237>recibida,synthetic,SYN-019592
PEV-01732,VAC-0033,ORG-S3,cambio_etapa,2026-06-17T15:28:00,APP-00235>evaluacion,synthetic,SYN-019593
PEV-01733,VAC-0033,ORG-S3,evaluacion_programada,2026-06-17T15:28:00,SES-00429,synthetic,SYN-019594
PEV-01734,VAC-0033,ORG-S3,cambio_etapa,2026-06-18T12:00:00,APP-00237>evaluacion,synthetic,SYN-019595
PEV-01735,VAC-0033,ORG-S3,evaluacion_programada,2026-06-18T12:00:00,SES-00433,synthetic,SYN-019596
PEV-01736,VAC-0033,ORG-S3,postulacion_recibida,2026-06-19T18:57:00,APP-00242,synthetic,SYN-019597
PEV-01737,VAC-0033,ORG-S3,cambio_etapa,2026-06-19T18:57:00,APP-00242>recibida,synthetic,SYN-019598
PEV-01738,VAC-0033,ORG-S3,postulacion_recibida,2026-06-20T14:12:00,APP-00243,synthetic,SYN-019599
PEV-01739,VAC-0033,ORG-S3,cambio_etapa,2026-06-20T14:12:00,APP-00243>recibida,synthetic,SYN-019600
PEV-01740,VAC-0033,ORG-S3,cambio_etapa,2026-06-21T00:57:00,APP-00242>descartada,synthetic,SYN-019601
PEV-01741,VAC-0033,ORG-S3,postulacion_recibida,2026-06-21T01:44:00,APP-00241,synthetic,SYN-019602
PEV-01742,VAC-0033,ORG-S3,cambio_etapa,2026-06-21T01:44:00,APP-00241>recibida,synthetic,SYN-019603
PEV-01743,VAC-0033,ORG-S3,postulacion_recibida,2026-06-21T06:34:00,APP-00240,synthetic,SYN-019604
PEV-01744,VAC-0033,ORG-S3,cambio_etapa,2026-06-21T06:34:00,APP-00240>recibida,synthetic,SYN-019605
PEV-01745,VAC-0033,ORG-S3,cambio_etapa,2026-06-22T09:34:00,APP-00240>evaluacion,synthetic,SYN-019606
PEV-01746,VAC-0033,ORG-S3,evaluacion_programada,2026-06-22T09:34:00,SES-00440,synthetic,SYN-019607
PEV-01747,VAC-0033,ORG-S3,postulacion_recibida,2026-06-22T11:08:00,APP-00238,synthetic,SYN-019608
PEV-01748,VAC-0033,ORG-S3,cambio_etapa,2026-06-22T11:08:00,APP-00238>recibida,synthetic,SYN-019609
PEV-01749,VAC-0033,ORG-S3,cambio_etapa,2026-06-22T18:12:00,APP-00243>evaluacion,synthetic,SYN-019610
PEV-01750,VAC-0033,ORG-S3,evaluacion_programada,2026-06-22T18:12:00,SES-00444,synthetic,SYN-019611
PEV-01751,VAC-0033,ORG-S3,postulacion_recibida,2026-06-23T17:57:00,APP-00234,synthetic,SYN-019612
PEV-01752,VAC-0033,ORG-S3,cambio_etapa,2026-06-23T17:57:00,APP-00234>recibida,synthetic,SYN-019613
PEV-01753,VAC-0033,ORG-S3,cambio_etapa,2026-06-24T06:44:00,APP-00241>evaluacion,synthetic,SYN-019614
PEV-01754,VAC-0033,ORG-S3,evaluacion_programada,2026-06-24T06:44:00,SES-00442,synthetic,SYN-019615
PEV-01755,VAC-0033,ORG-S3,cambio_etapa,2026-06-26T14:08:00,APP-00238>evaluacion,synthetic,SYN-019616
PEV-01756,VAC-0033,ORG-S3,evaluacion_programada,2026-06-26T14:08:00,SES-00435,synthetic,SYN-019617
PEV-01757,VAC-0033,ORG-S3,postulacion_recibida,2026-06-27T08:02:00,APP-00239,synthetic,SYN-019618
PEV-01758,VAC-0033,ORG-S3,cambio_etapa,2026-06-27T08:02:00,APP-00239>recibida,synthetic,SYN-019619
PEV-01759,VAC-0033,ORG-S3,evaluacion_programada,2026-06-27T15:08:00,SES-00436,synthetic,SYN-019620
PEV-01760,VAC-0033,ORG-S3,cambio_etapa,2026-06-27T22:57:00,APP-00234>evaluacion,synthetic,SYN-019621
PEV-01761,VAC-0033,ORG-S3,evaluacion_programada,2026-06-27T22:57:00,SES-00427,synthetic,SYN-019622
PEV-01762,VAC-0033,ORG-S3,postulacion_recibida,2026-06-29T05:00:00,APP-00236,synthetic,SYN-019623
PEV-01763,VAC-0033,ORG-S3,cambio_etapa,2026-06-29T05:00:00,APP-00236>recibida,synthetic,SYN-019624
PEV-01764,VAC-0033,ORG-S3,cambio_etapa,2026-06-30T12:02:00,APP-00239>evaluacion,synthetic,SYN-019625
PEV-01765,VAC-0033,ORG-S3,evaluacion_programada,2026-06-30T12:02:00,SES-00438,synthetic,SYN-019626
PEV-01766,VAC-0033,ORG-S3,evaluacion_realizada,2026-06-30T12:44:00,SES-00442,synthetic,SYN-019627
PEV-01767,VAC-0033,ORG-S3,cambio_etapa,2026-06-30T17:00:00,APP-00234>entrevista,synthetic,SYN-019628
PEV-01768,VAC-0033,ORG-S3,cambio_etapa,2026-06-30T17:00:00,APP-00236>entrevista,synthetic,SYN-019629
PEV-01769,VAC-0033,ORG-S3,entrevista_programada,2026-06-30T17:00:00,SES-00428,synthetic,SYN-019630
PEV-01770,VAC-0033,ORG-S3,entrevista_programada,2026-06-30T17:00:00,SES-00432,synthetic,SYN-019631
PEV-01771,VAC-0033,ORG-S3,cambio_etapa,2026-07-01T11:00:00,APP-00235>entrevista,synthetic,SYN-019632
PEV-01772,VAC-0033,ORG-S3,entrevista_programada,2026-07-01T11:00:00,SES-00430,synthetic,SYN-019633
PEV-01773,VAC-0033,ORG-S3,cambio_etapa,2026-07-02T11:00:00,APP-00239>entrevista,synthetic,SYN-019634
PEV-01774,VAC-0033,ORG-S3,entrevista_programada,2026-07-02T11:00:00,SES-00439,synthetic,SYN-019635
PEV-01775,VAC-0033,ORG-S3,cambio_etapa,2026-07-02T14:00:00,APP-00243>entrevista,synthetic,SYN-019636
PEV-01776,VAC-0033,ORG-S3,entrevista_programada,2026-07-02T14:00:00,SES-00445,synthetic,SYN-019637
PEV-01777,VAC-0033,ORG-S3,evaluacion_realizada,2026-07-03T00:12:00,SES-00444,synthetic,SYN-019638
PEV-01778,VAC-0033,ORG-S3,cambio_etapa,2026-07-03T11:00:00,APP-00236>evaluacion,synthetic,SYN-019639
PEV-01779,VAC-0033,ORG-S3,evaluacion_programada,2026-07-03T11:00:00,SES-00431,synthetic,SYN-019640
PEV-01780,VAC-0033,ORG-S3,cambio_etapa,2026-07-03T13:00:00,APP-00237>entrevista,synthetic,SYN-019641
PEV-01781,VAC-0033,ORG-S3,entrevista_programada,2026-07-03T13:00:00,SES-00434,synthetic,SYN-019642
PEV-01782,VAC-0033,ORG-S3,cambio_etapa,2026-07-03T15:00:00,APP-00238>entrevista,synthetic,SYN-019643
PEV-01783,VAC-0033,ORG-S3,entrevista_programada,2026-07-03T15:00:00,SES-00437,synthetic,SYN-019644
PEV-01784,VAC-0033,ORG-S3,cambio_etapa,2026-07-04T15:00:00,APP-00240>entrevista,synthetic,SYN-019645
PEV-01785,VAC-0033,ORG-S3,cambio_etapa,2026-07-04T15:00:00,APP-00241>entrevista,synthetic,SYN-019646
PEV-01786,VAC-0033,ORG-S3,entrevista_programada,2026-07-04T15:00:00,SES-00441,synthetic,SYN-019647
PEV-01787,VAC-0033,ORG-S3,entrevista_programada,2026-07-04T15:00:00,SES-00443,synthetic,SYN-019648
PEV-01788,VAC-0033,ORG-S3,evaluacion_realizada,2026-07-04T18:00:00,SES-00433,synthetic,SYN-019649
PEV-01789,VAC-0033,ORG-S3,evaluacion_realizada,2026-07-05T20:28:00,SES-00429,synthetic,SYN-019650
PEV-01790,VAC-0033,ORG-S3,evaluacion_realizada,2026-07-06T18:02:00,SES-00438,synthetic,SYN-019651
PEV-01791,VAC-0033,ORG-S3,evaluacion_realizada,2026-07-10T18:08:00,SES-00435,synthetic,SYN-019652
PEV-01792,VAC-0033,ORG-S3,entrevista_realizada,2026-07-11T13:00:00,SES-00439,synthetic,SYN-019653
PEV-01793,VAC-0033,ORG-S3,evaluacion_realizada,2026-07-11T19:00:00,SES-00431,synthetic,SYN-019654
PEV-01794,VAC-0033,ORG-S3,entrevista_realizada,2026-07-12T19:00:00,SES-00443,synthetic,SYN-019655
PEV-01795,VAC-0033,ORG-S3,evaluacion_realizada,2026-07-12T21:08:00,SES-00436,synthetic,SYN-019656
PEV-01796,VAC-0033,ORG-S3,evaluacion_realizada,2026-07-13T07:57:00,SES-00427,synthetic,SYN-019657
PEV-01797,VAC-0033,ORG-S3,entrevista_realizada,2026-07-13T22:00:00,SES-00428,synthetic,SYN-019658
PEV-01798,VAC-0033,ORG-S3,entrevista_realizada,2026-07-14T14:00:00,SES-00434,synthetic,SYN-019659
PEV-01799,VAC-0033,ORG-S3,entrevista_realizada,2026-07-14T16:00:00,SES-00445,synthetic,SYN-019660
PEV-01800,VAC-0033,ORG-S3,entrevista_realizada,2026-07-15T19:00:00,SES-00437,synthetic,SYN-019661
PEV-01801,VAC-0033,ORG-S3,entrevista_realizada,2026-07-17T14:00:00,SES-00430,synthetic,SYN-019662
PEV-01802,VAC-0033,ORG-S3,entrevista_realizada,2026-07-17T21:00:00,SES-00441,synthetic,SYN-019663
PEV-01803,VAC-0033,ORG-S3,vacante_cerrada,2026-07-24T04:00:00,,synthetic,SYN-019664
PEV-01804,VAC-0034,ORG-S1,vacante_publicada,2026-06-09T15:15:00,,synthetic,SYN-019665
PEV-01805,VAC-0034,ORG-S1,postulacion_recibida,2026-06-12T04:20:00,APP-00249,synthetic,SYN-019666
PEV-01806,VAC-0034,ORG-S1,cambio_etapa,2026-06-12T04:20:00,APP-00249>recibida,synthetic,SYN-019667
PEV-01807,VAC-0034,ORG-S1,postulacion_recibida,2026-06-12T19:39:00,APP-00247,synthetic,SYN-019668
PEV-01808,VAC-0034,ORG-S1,cambio_etapa,2026-06-12T19:39:00,APP-00247>recibida,synthetic,SYN-019669
PEV-01809,VAC-0034,ORG-S1,postulacion_recibida,2026-06-12T22:43:00,APP-00245,synthetic,SYN-019670
PEV-01810,VAC-0034,ORG-S1,cambio_etapa,2026-06-12T22:43:00,APP-00245>recibida,synthetic,SYN-019671
PEV-01811,VAC-0034,ORG-S1,cambio_etapa,2026-06-13T23:39:00,APP-00247>evaluacion,synthetic,SYN-019672
PEV-01812,VAC-0034,ORG-S1,evaluacion_programada,2026-06-13T23:39:00,SES-00452,synthetic,SYN-019673
PEV-01813,VAC-0034,ORG-S1,cambio_etapa,2026-06-14T04:20:00,APP-00249>evaluacion,synthetic,SYN-019674
PEV-01814,VAC-0034,ORG-S1,evaluacion_programada,2026-06-14T04:20:00,SES-00457,synthetic,SYN-019675
PEV-01815,VAC-0034,ORG-S1,postulacion_recibida,2026-06-14T10:20:00,APP-00246,synthetic,SYN-019676
PEV-01816,VAC-0034,ORG-S1,cambio_etapa,2026-06-14T10:20:00,APP-00246>recibida,synthetic,SYN-019677
PEV-01817,VAC-0034,ORG-S1,postulacion_recibida,2026-06-15T15:01:00,APP-00248,synthetic,SYN-019678
PEV-01818,VAC-0034,ORG-S1,cambio_etapa,2026-06-15T15:01:00,APP-00248>recibida,synthetic,SYN-019679
PEV-01819,VAC-0034,ORG-S1,postulacion_recibida,2026-06-16T12:30:00,APP-00250,synthetic,SYN-019680
PEV-01820,VAC-0034,ORG-S1,cambio_etapa,2026-06-16T12:30:00,APP-00250>recibida,synthetic,SYN-019681
PEV-01821,VAC-0034,ORG-S1,evaluacion_programada,2026-06-16T15:01:00,SES-00455,synthetic,SYN-019682
PEV-01822,VAC-0034,ORG-S1,cambio_etapa,2026-06-16T20:01:00,APP-00248>evaluacion,synthetic,SYN-019683
PEV-01823,VAC-0034,ORG-S1,evaluacion_programada,2026-06-16T20:01:00,SES-00454,synthetic,SYN-019684
PEV-01824,VAC-0034,ORG-S1,cambio_etapa,2026-06-17T00:43:00,APP-00245>evaluacion,synthetic,SYN-019685
PEV-01825,VAC-0034,ORG-S1,evaluacion_programada,2026-06-17T00:43:00,SES-00448,synthetic,SYN-019686
PEV-01826,VAC-0034,ORG-S1,postulacion_recibida,2026-06-17T08:23:00,APP-00244,synthetic,SYN-019687
PEV-01827,VAC-0034,ORG-S1,cambio_etapa,2026-06-17T08:23:00,APP-00244>recibida,synthetic,SYN-019688
PEV-01828,VAC-0034,ORG-S1,cambio_etapa,2026-06-18T00:00:00,APP-00246>evaluacion,synthetic,SYN-019689
PEV-01829,VAC-0034,ORG-S1,evaluacion_programada,2026-06-18T00:00:00,SES-00450,synthetic,SYN-019690
PEV-01830,VAC-0034,ORG-S1,cambio_etapa,2026-06-18T10:00:00,APP-00245>entrevista,synthetic,SYN-019691
PEV-01831,VAC-0034,ORG-S1,entrevista_programada,2026-06-18T10:00:00,SES-00449,synthetic,SYN-019692
PEV-01832,VAC-0034,ORG-S1,cambio_etapa,2026-06-18T13:30:00,APP-00250>evaluacion,synthetic,SYN-019693
PEV-01833,VAC-0034,ORG-S1,evaluacion_programada,2026-06-18T13:30:00,SES-00459,synthetic,SYN-019694
PEV-01834,VAC-0034,ORG-S1,cambio_etapa,2026-06-18T17:00:00,APP-00247>entrevista,synthetic,SYN-019695
PEV-01835,VAC-0034,ORG-S1,entrevista_programada,2026-06-18T17:00:00,SES-00453,synthetic,SYN-019696
PEV-01836,VAC-0034,ORG-S1,cambio_etapa,2026-06-19T08:23:00,APP-00244>evaluacion,synthetic,SYN-019697
PEV-01837,VAC-0034,ORG-S1,evaluacion_programada,2026-06-19T08:23:00,SES-00446,synthetic,SYN-019698
PEV-01838,VAC-0034,ORG-S1,cambio_etapa,2026-06-19T15:00:00,APP-00250>entrevista,synthetic,SYN-019699
PEV-01839,VAC-0034,ORG-S1,entrevista_programada,2026-06-19T15:00:00,SES-00460,synthetic,SYN-019700
PEV-01840,VAC-0034,ORG-S1,cambio_etapa,2026-06-21T11:00:00,APP-00248>entrevista,synthetic,SYN-019701
PEV-01841,VAC-0034,ORG-S1,entrevista_programada,2026-06-21T11:00:00,SES-00456,synthetic,SYN-019702
PEV-01842,VAC-0034,ORG-S1,cambio_etapa,2026-06-21T15:00:00,APP-00249>entrevista,synthetic,SYN-019703
PEV-01843,VAC-0034,ORG-S1,entrevista_programada,2026-06-21T15:00:00,SES-00458,synthetic,SYN-019704
PEV-01844,VAC-0034,ORG-S1,evaluacion_realizada,2026-06-22T07:20:00,SES-00457,synthetic,SYN-019705
PEV-01845,VAC-0034,ORG-S1,cambio_etapa,2026-06-22T11:00:00,APP-00246>entrevista,synthetic,SYN-019706
PEV-01846,VAC-0034,ORG-S1,entrevista_programada,2026-06-22T11:00:00,SES-00451,synthetic,SYN-019707
PEV-01847,VAC-0034,ORG-S1,cambio_etapa,2026-06-23T11:00:00,APP-00244>entrevista,synthetic,SYN-019708
PEV-01848,VAC-0034,ORG-S1,entrevista_programada,2026-06-23T11:00:00,SES-00447,synthetic,SYN-019709
PEV-01849,VAC-0034,ORG-S1,evaluacion_realizada,2026-06-24T18:30:00,SES-00459,synthetic,SYN-019710
PEV-01850,VAC-0034,ORG-S1,evaluacion_realizada,2026-06-25T23:01:00,SES-00454,synthetic,SYN-019711
PEV-01851,VAC-0034,ORG-S1,evaluacion_realizada,2026-06-26T16:23:00,SES-00446,synthetic,SYN-019712
PEV-01852,VAC-0034,ORG-S1,entrevista_realizada,2026-06-26T19:00:00,SES-00453,synthetic,SYN-019713
PEV-01853,VAC-0034,ORG-S1,evaluacion_realizada,2026-06-26T19:01:00,SES-00455,synthetic,SYN-019714
PEV-01854,VAC-0034,ORG-S1,evaluacion_realizada,2026-06-27T04:43:00,SES-00448,synthetic,SYN-019715
PEV-01855,VAC-0034,ORG-S1,entrevista_realizada,2026-06-29T20:00:00,SES-00456,synthetic,SYN-019716
PEV-01856,VAC-0034,ORG-S1,evaluacion_realizada,2026-07-01T04:00:00,SES-00450,synthetic,SYN-019717
PEV-01857,VAC-0034,ORG-S1,entrevista_realizada,2026-07-02T00:00:00,SES-00458,synthetic,SYN-019718
PEV-01858,VAC-0034,ORG-S1,entrevista_realizada,2026-07-02T14:00:00,SES-00447,synthetic,SYN-019719
PEV-01859,VAC-0034,ORG-S1,entrevista_realizada,2026-07-02T15:00:00,SES-00449,synthetic,SYN-019720
PEV-01860,VAC-0034,ORG-S1,entrevista_realizada,2026-07-02T18:00:00,SES-00451,synthetic,SYN-019721
PEV-01861,VAC-0034,ORG-S1,entrevista_realizada,2026-07-06T23:00:00,SES-00460,synthetic,SYN-019722
PEV-01862,VAC-0034,ORG-S1,vacante_cerrada,2026-07-11T06:00:00,,synthetic,SYN-019723
PEV-01863,VAC-0035,ORG-S2,vacante_publicada,2026-06-05T13:32:00,,synthetic,SYN-019724
PEV-01864,VAC-0035,ORG-S2,postulacion_recibida,2026-06-05T22:46:00,APP-00255,synthetic,SYN-019725
PEV-01865,VAC-0035,ORG-S2,cambio_etapa,2026-06-05T22:46:00,APP-00255>recibida,synthetic,SYN-019726
PEV-01866,VAC-0035,ORG-S2,postulacion_recibida,2026-06-06T09:26:00,APP-00261,synthetic,SYN-019727
PEV-01867,VAC-0035,ORG-S2,cambio_etapa,2026-06-06T09:26:00,APP-00261>recibida,synthetic,SYN-019728
PEV-01868,VAC-0035,ORG-S2,postulacion_recibida,2026-06-08T01:22:00,APP-00260,synthetic,SYN-019729
PEV-01869,VAC-0035,ORG-S2,cambio_etapa,2026-06-08T01:22:00,APP-00260>recibida,synthetic,SYN-019730
PEV-01870,VAC-0035,ORG-S2,postulacion_recibida,2026-06-09T01:45:00,APP-00256,synthetic,SYN-019731
PEV-01871,VAC-0035,ORG-S2,cambio_etapa,2026-06-09T01:45:00,APP-00256>recibida,synthetic,SYN-019732
PEV-01872,VAC-0035,ORG-S2,postulacion_recibida,2026-06-09T02:51:00,APP-00252,synthetic,SYN-019733
PEV-01873,VAC-0035,ORG-S2,cambio_etapa,2026-06-09T02:51:00,APP-00252>recibida,synthetic,SYN-019734
PEV-01874,VAC-0035,ORG-S2,cambio_etapa,2026-06-09T22:46:00,APP-00255>evaluacion,synthetic,SYN-019735
PEV-01875,VAC-0035,ORG-S2,evaluacion_programada,2026-06-09T22:46:00,SES-00467,synthetic,SYN-019736
PEV-01876,VAC-0035,ORG-S2,cambio_etapa,2026-06-11T01:45:00,APP-00256>evaluacion,synthetic,SYN-019737
PEV-01877,VAC-0035,ORG-S2,evaluacion_programada,2026-06-11T01:45:00,SES-00469,synthetic,SYN-019738
PEV-01878,VAC-0035,ORG-S2,postulacion_recibida,2026-06-11T23:19:00,APP-00257,synthetic,SYN-019739
PEV-01879,VAC-0035,ORG-S2,cambio_etapa,2026-06-11T23:19:00,APP-00257>recibida,synthetic,SYN-019740
PEV-01880,VAC-0035,ORG-S2,cambio_etapa,2026-06-12T01:22:00,APP-00260>evaluacion,synthetic,SYN-019741
PEV-01881,VAC-0035,ORG-S2,evaluacion_programada,2026-06-12T01:22:00,SES-00477,synthetic,SYN-019742
PEV-01882,VAC-0035,ORG-S2,postulacion_recibida,2026-06-13T07:18:00,APP-00258,synthetic,SYN-019743
PEV-01883,VAC-0035,ORG-S2,cambio_etapa,2026-06-13T07:18:00,APP-00258>recibida,synthetic,SYN-019744
PEV-01884,VAC-0035,ORG-S2,evaluacion_realizada,2026-06-13T23:46:00,SES-00467,synthetic,SYN-019745
PEV-01885,VAC-0035,ORG-S2,cambio_etapa,2026-06-14T07:51:00,APP-00252>evaluacion,synthetic,SYN-019746
PEV-01886,VAC-0035,ORG-S2,evaluacion_programada,2026-06-14T07:51:00,SES-00464,synthetic,SYN-019747
PEV-01887,VAC-0035,ORG-S2,cambio_etapa,2026-06-14T08:18:00,APP-00258>evaluacion,synthetic,SYN-019748
PEV-01888,VAC-0035,ORG-S2,evaluacion_programada,2026-06-14T08:18:00,SES-00473,synthetic,SYN-019749
PEV-01889,VAC-0035,ORG-S2,postulacion_recibida,2026-06-15T03:25:00,APP-00259,synthetic,SYN-019750
PEV-01890,VAC-0035,ORG-S2,cambio_etapa,2026-06-15T03:25:00,APP-00259>recibida,synthetic,SYN-019751
PEV-01891,VAC-0035,ORG-S2,postulacion_recibida,2026-06-15T13:11:00,APP-00254,synthetic,SYN-019752
PEV-01892,VAC-0035,ORG-S2,cambio_etapa,2026-06-15T13:11:00,APP-00254>recibida,synthetic,SYN-019753
PEV-01893,VAC-0035,ORG-S2,postulacion_recibida,2026-06-15T19:06:00,APP-00251,synthetic,SYN-019754
PEV-01894,VAC-0035,ORG-S2,cambio_etapa,2026-06-15T19:06:00,APP-00251>recibida,synthetic,SYN-019755
PEV-01895,VAC-0035,ORG-S2,postulacion_recibida,2026-06-15T23:56:00,APP-00253,synthetic,SYN-019756
PEV-01896,VAC-0035,ORG-S2,cambio_etapa,2026-06-15T23:56:00,APP-00253>recibida,synthetic,SYN-019757
PEV-01897,VAC-0035,ORG-S2,cambio_etapa,2026-06-16T01:19:00,APP-00257>evaluacion,synthetic,SYN-019758
PEV-01898,VAC-0035,ORG-S2,evaluacion_programada,2026-06-16T01:19:00,SES-00471,synthetic,SYN-019759
PEV-01899,VAC-0035,ORG-S2,cambio_etapa,2026-06-17T00:00:00,APP-00261>evaluacion,synthetic,SYN-019760
PEV-01900,VAC-0035,ORG-S2,evaluacion_programada,2026-06-17T00:00:00,SES-00478,synthetic,SYN-019761
PEV-01901,VAC-0035,ORG-S2,cambio_etapa,2026-06-17T03:06:00,APP-00251>evaluacion,synthetic,SYN-019762
PEV-01902,VAC-0035,ORG-S2,evaluacion_programada,2026-06-17T03:06:00,SES-00461,synthetic,SYN-019763
PEV-01903,VAC-0035,ORG-S2,evaluacion_realizada,2026-06-17T06:45:00,SES-00469,synthetic,SYN-019764
PEV-01904,VAC-0035,ORG-S2,cambio_etapa,2026-06-17T06:56:00,APP-00253>evaluacion,synthetic,SYN-019765
PEV-01905,VAC-0035,ORG-S2,evaluacion_programada,2026-06-17T06:56:00,SES-00465,synthetic,SYN-019766
PEV-01906,VAC-0035,ORG-S2,cambio_etapa,2026-06-17T14:00:00,APP-00259>entrevista,synthetic,SYN-019767
PEV-01907,VAC-0035,ORG-S2,entrevista_programada,2026-06-17T14:00:00,SES-00476,synthetic,SYN-019768
PEV-01908,VAC-0035,ORG-S2,cambio_etapa,2026-06-17T16:11:00,APP-00254>descartada,synthetic,SYN-019769
PEV-01909,VAC-0035,ORG-S2,cambio_etapa,2026-06-18T03:25:00,APP-00259>evaluacion,synthetic,SYN-019770
PEV-01910,VAC-0035,ORG-S2,evaluacion_programada,2026-06-18T03:25:00,SES-00475,synthetic,SYN-019771
PEV-01911,VAC-0035,ORG-S2,cambio_etapa,2026-06-18T09:00:00,APP-00251>entrevista,synthetic,SYN-019772
PEV-01912,VAC-0035,ORG-S2,entrevista_programada,2026-06-18T09:00:00,SES-00463,synthetic,SYN-019773
PEV-01913,VAC-0035,ORG-S2,cambio_etapa,2026-06-19T09:00:00,APP-00253>entrevista,synthetic,SYN-019774
PEV-01914,VAC-0035,ORG-S2,cambio_etapa,2026-06-19T09:00:00,APP-00258>entrevista,synthetic,SYN-019775
PEV-01915,VAC-0035,ORG-S2,entrevista_programada,2026-06-19T09:00:00,SES-00466,synthetic,SYN-019776
PEV-01916,VAC-0035,ORG-S2,entrevista_programada,2026-06-19T09:00:00,SES-00474,synthetic,SYN-019777
PEV-01917,VAC-0035,ORG-S2,cambio_etapa,2026-06-19T10:00:00,APP-00257>entrevista,synthetic,SYN-019778
PEV-01918,VAC-0035,ORG-S2,entrevista_programada,2026-06-19T10:00:00,SES-00472,synthetic,SYN-019779
PEV-01919,VAC-0035,ORG-S2,evaluacion_realizada,2026-06-19T17:18:00,SES-00473,synthetic,SYN-019780
PEV-01920,VAC-0035,ORG-S2,evaluacion_programada,2026-06-21T00:06:00,SES-00462,synthetic,SYN-019781
PEV-01921,VAC-0035,ORG-S2,cambio_etapa,2026-06-21T11:00:00,APP-00256>entrevista,synthetic,SYN-019782
PEV-01922,VAC-0035,ORG-S2,entrevista_programada,2026-06-21T11:00:00,SES-00470,synthetic,SYN-019783
PEV-01923,VAC-0035,ORG-S2,evaluacion_realizada,2026-06-22T09:00:00,SES-00478,synthetic,SYN-019784
PEV-01924,VAC-0035,ORG-S2,cambio_etapa,2026-06-22T14:00:00,APP-00255>entrevista,synthetic,SYN-019785
PEV-01925,VAC-0035,ORG-S2,entrevista_programada,2026-06-22T14:00:00,SES-00468,synthetic,SYN-019786
PEV-01926,VAC-0035,ORG-S2,cambio_etapa,2026-06-23T13:00:00,APP-00261>entrevista,synthetic,SYN-019787
PEV-01927,VAC-0035,ORG-S2,entrevista_programada,2026-06-23T13:00:00,SES-00479,synthetic,SYN-019788
PEV-01928,VAC-0035,ORG-S2,evaluacion_realizada,2026-06-24T14:51:00,SES-00464,synthetic,SYN-019789
PEV-01929,VAC-0035,ORG-S2,entrevista_realizada,2026-06-27T14:00:00,SES-00463,synthetic,SYN-019790
PEV-01930,VAC-0035,ORG-S2,evaluacion_realizada,2026-06-28T12:22:00,SES-00477,synthetic,SYN-019791
PEV-01931,VAC-0035,ORG-S2,evaluacion_realizada,2026-06-29T05:19:00,SES-00471,synthetic,SYN-019792
PEV-01932,VAC-0035,ORG-S2,entrevista_realizada,2026-06-29T19:00:00,SES-00476,synthetic,SYN-019793
PEV-01933,VAC-0035,ORG-S2,evaluacion_realizada,2026-06-30T04:06:00,SES-00462,synthetic,SYN-019794
PEV-01934,VAC-0035,ORG-S2,evaluacion_realizada,2026-06-30T08:06:00,SES-00461,synthetic,SYN-019795
PEV-01935,VAC-0035,ORG-S2,entrevista_realizada,2026-06-30T16:00:00,SES-00466,synthetic,SYN-019796
PEV-01936,VAC-0035,ORG-S2,entrevista_realizada,2026-07-01T17:00:00,SES-00474,synthetic,SYN-019797
PEV-01937,VAC-0035,ORG-S2,entrevista_realizada,2026-07-02T11:00:00,SES-00472,synthetic,SYN-019798
PEV-01938,VAC-0035,ORG-S2,entrevista_realizada,2026-07-04T00:00:00,SES-00468,synthetic,SYN-019799
PEV-01939,VAC-0035,ORG-S2,entrevista_realizada,2026-07-07T20:00:00,SES-00479,synthetic,SYN-019800
PEV-01940,VAC-0035,ORG-S2,entrevista_realizada,2026-07-08T12:00:00,SES-00470,synthetic,SYN-019801
PEV-01941,VAC-0035,ORG-S2,vacante_cerrada,2026-07-21T16:00:00,,synthetic,SYN-019802
PEV-01942,VAC-0036,ORG-S3,vacante_publicada,2026-06-13T16:50:00,,synthetic,SYN-019803
PEV-01943,VAC-0036,ORG-S3,postulacion_recibida,2026-06-18T12:24:00,APP-00264,synthetic,SYN-019804
PEV-01944,VAC-0036,ORG-S3,cambio_etapa,2026-06-18T12:24:00,APP-00264>recibida,synthetic,SYN-019805
PEV-01945,VAC-0036,ORG-S3,cambio_etapa,2026-06-20T12:24:00,APP-00264>evaluacion,synthetic,SYN-019806
PEV-01946,VAC-0036,ORG-S3,evaluacion_programada,2026-06-20T12:24:00,SES-00484,synthetic,SYN-019807
PEV-01947,VAC-0036,ORG-S3,postulacion_recibida,2026-06-22T03:16:00,APP-00262,synthetic,SYN-019808
PEV-01948,VAC-0036,ORG-S3,cambio_etapa,2026-06-22T03:16:00,APP-00262>recibida,synthetic,SYN-019809
PEV-01949,VAC-0036,ORG-S3,cambio_etapa,2026-06-23T08:16:00,APP-00262>evaluacion,synthetic,SYN-019810
PEV-01950,VAC-0036,ORG-S3,evaluacion_programada,2026-06-23T08:16:00,SES-00480,synthetic,SYN-019811
PEV-01951,VAC-0036,ORG-S3,postulacion_recibida,2026-06-27T17:53:00,APP-00263,synthetic,SYN-019812
PEV-01952,VAC-0036,ORG-S3,cambio_etapa,2026-06-27T17:53:00,APP-00263>recibida,synthetic,SYN-019813
PEV-01953,VAC-0036,ORG-S3,evaluacion_realizada,2026-06-27T19:24:00,SES-00484,synthetic,SYN-019814
PEV-01954,VAC-0036,ORG-S3,cambio_etapa,2026-07-04T00:00:00,APP-00263>evaluacion,synthetic,SYN-019815
PEV-01955,VAC-0036,ORG-S3,evaluacion_programada,2026-07-04T00:00:00,SES-00482,synthetic,SYN-019816
PEV-01956,VAC-0036,ORG-S3,evaluacion_realizada,2026-07-05T15:16:00,SES-00480,synthetic,SYN-019817
PEV-01957,VAC-0036,ORG-S3,cambio_etapa,2026-07-06T11:00:00,APP-00262>entrevista,synthetic,SYN-019818
PEV-01958,VAC-0036,ORG-S3,entrevista_programada,2026-07-06T11:00:00,SES-00481,synthetic,SYN-019819
PEV-01959,VAC-0036,ORG-S3,cambio_etapa,2026-07-08T15:00:00,APP-00264>entrevista,synthetic,SYN-019820
PEV-01960,VAC-0036,ORG-S3,entrevista_programada,2026-07-08T15:00:00,SES-00485,synthetic,SYN-019821
PEV-01961,VAC-0036,ORG-S3,cambio_etapa,2026-07-09T11:00:00,APP-00263>entrevista,synthetic,SYN-019822
PEV-01962,VAC-0036,ORG-S3,entrevista_programada,2026-07-09T11:00:00,SES-00483,synthetic,SYN-019823
PEV-01963,VAC-0036,ORG-S3,entrevista_realizada,2026-07-14T15:00:00,SES-00483,synthetic,SYN-019824
PEV-01964,VAC-0036,ORG-S3,evaluacion_realizada,2026-07-16T05:00:00,SES-00482,synthetic,SYN-019825
PEV-01965,VAC-0036,ORG-S3,entrevista_realizada,2026-07-16T18:00:00,SES-00481,synthetic,SYN-019826
PEV-01966,VAC-0036,ORG-S3,entrevista_realizada,2026-07-17T23:00:00,SES-00485,synthetic,SYN-019827
PEV-01967,VAC-0036,ORG-S3,vacante_cerrada,2026-07-30T01:00:00,,synthetic,SYN-019828
PEV-01968,VAC-0037,ORG-S1,vacante_publicada,2026-08-18T08:20:00,,synthetic,SYN-019829
PEV-01969,VAC-0037,ORG-S1,postulacion_recibida,2026-08-18T17:19:00,APP-00268,synthetic,SYN-019830
PEV-01970,VAC-0037,ORG-S1,cambio_etapa,2026-08-18T17:19:00,APP-00268>recibida,synthetic,SYN-019831
PEV-01971,VAC-0037,ORG-S1,postulacion_recibida,2026-08-18T19:38:00,APP-00270,synthetic,SYN-019832
PEV-01972,VAC-0037,ORG-S1,cambio_etapa,2026-08-18T19:38:00,APP-00270>recibida,synthetic,SYN-019833
PEV-01973,VAC-0037,ORG-S1,evaluacion_programada,2026-08-20T23:38:00,SES-00496,synthetic,SYN-019834
PEV-01974,VAC-0037,ORG-S1,cambio_etapa,2026-08-21T01:19:00,APP-00268>evaluacion,synthetic,SYN-019835
PEV-01975,VAC-0037,ORG-S1,evaluacion_programada,2026-08-21T01:19:00,SES-00491,synthetic,SYN-019836
PEV-01976,VAC-0037,ORG-S1,postulacion_recibida,2026-08-22T10:04:00,APP-00265,synthetic,SYN-019837
PEV-01977,VAC-0037,ORG-S1,cambio_etapa,2026-08-22T10:04:00,APP-00265>recibida,synthetic,SYN-019838
PEV-01978,VAC-0037,ORG-S1,postulacion_recibida,2026-08-22T13:26:00,APP-00267,synthetic,SYN-019839
PEV-01979,VAC-0037,ORG-S1,cambio_etapa,2026-08-22T13:26:00,APP-00267>recibida,synthetic,SYN-019840
PEV-01980,VAC-0037,ORG-S1,postulacion_recibida,2026-08-22T20:09:00,APP-00269,synthetic,SYN-019841
PEV-01981,VAC-0037,ORG-S1,cambio_etapa,2026-08-22T20:09:00,APP-00269>recibida,synthetic,SYN-019842
PEV-01982,VAC-0037,ORG-S1,postulacion_recibida,2026-08-23T00:41:00,APP-00266,synthetic,SYN-019843
PEV-01983,VAC-0037,ORG-S1,cambio_etapa,2026-08-23T00:41:00,APP-00266>recibida,synthetic,SYN-019844
PEV-01984,VAC-0037,ORG-S1,cambio_etapa,2026-08-23T02:38:00,APP-00270>evaluacion,synthetic,SYN-019845
PEV-01985,VAC-0037,ORG-S1,evaluacion_programada,2026-08-23T02:38:00,SES-00495,synthetic,SYN-019846
PEV-01986,VAC-0037,ORG-S1,postulacion_recibida,2026-08-23T09:27:00,APP-00272,synthetic,SYN-019847
PEV-01987,VAC-0037,ORG-S1,cambio_etapa,2026-08-23T09:27:00,APP-00272>recibida,synthetic,SYN-019848
PEV-01988,VAC-0037,ORG-S1,postulacion_recibida,2026-08-23T17:32:00,APP-00273,synthetic,SYN-019849
PEV-01989,VAC-0037,ORG-S1,cambio_etapa,2026-08-23T17:32:00,APP-00273>recibida,synthetic,SYN-019850
PEV-01990,VAC-0037,ORG-S1,cambio_etapa,2026-08-23T18:04:00,APP-00265>evaluacion,synthetic,SYN-019851
PEV-01991,VAC-0037,ORG-S1,evaluacion_programada,2026-08-23T18:04:00,SES-00486,synthetic,SYN-019852
PEV-01992,VAC-0037,ORG-S1,evaluacion_programada,2026-08-24T06:41:00,SES-00488,synthetic,SYN-019853
PEV-01993,VAC-0037,ORG-S1,cambio_etapa,2026-08-24T18:26:00,APP-00267>evaluacion,synthetic,SYN-019854
PEV-01994,VAC-0037,ORG-S1,evaluacion_programada,2026-08-24T18:26:00,SES-00490,synthetic,SYN-019855
PEV-01995,VAC-0037,ORG-S1,cambio_etapa,2026-08-25T23:32:00,APP-00273>evaluacion,synthetic,SYN-019856
PEV-01996,VAC-0037,ORG-S1,evaluacion_programada,2026-08-25T23:32:00,SES-00501,synthetic,SYN-019857
PEV-01997,VAC-0037,ORG-S1,cambio_etapa,2026-08-26T08:41:00,APP-00266>evaluacion,synthetic,SYN-019858
PEV-01998,VAC-0037,ORG-S1,evaluacion_programada,2026-08-26T08:41:00,SES-00487,synthetic,SYN-019859
PEV-01999,VAC-0037,ORG-S1,cambio_etapa,2026-08-27T09:27:00,APP-00272>evaluacion,synthetic,SYN-019860
PEV-02000,VAC-0037,ORG-S1,evaluacion_programada,2026-08-27T09:27:00,SES-00500,synthetic,SYN-019861
PEV-02001,VAC-0037,ORG-S1,cambio_etapa,2026-08-28T02:09:00,APP-00269>evaluacion,synthetic,SYN-019862
PEV-02002,VAC-0037,ORG-S1,evaluacion_programada,2026-08-28T02:09:00,SES-00493,synthetic,SYN-019863
PEV-02003,VAC-0037,ORG-S1,postulacion_recibida,2026-08-28T13:54:00,APP-00271,synthetic,SYN-019864
PEV-02004,VAC-0037,ORG-S1,cambio_etapa,2026-08-28T13:54:00,APP-00271>recibida,synthetic,SYN-019865
PEV-02005,VAC-0037,ORG-S1,cambio_etapa,2026-08-30T13:00:00,APP-00268>entrevista,synthetic,SYN-019866
PEV-02006,VAC-0037,ORG-S1,entrevista_programada,2026-08-30T13:00:00,SES-00492,synthetic,SYN-019867
PEV-02007,VAC-0037,ORG-S1,cambio_etapa,2026-08-30T19:54:00,APP-00271>evaluacion,synthetic,SYN-019868
PEV-02008,VAC-0037,ORG-S1,evaluacion_programada,2026-08-30T19:54:00,SES-00498,synthetic,SYN-019869
PEV-02009,VAC-0037,ORG-S1,evaluacion_realizada,2026-09-01T02:00:00,SES-00487,synthetic,SYN-019870
PEV-02010,VAC-0037,ORG-S1,evaluacion_realizada,2026-09-01T08:19:00,SES-00491,synthetic,SYN-019871
PEV-02011,VAC-0037,ORG-S1,evaluacion_realizada,2026-09-02T06:32:00,SES-00501,synthetic,SYN-019872
PEV-02012,VAC-0037,ORG-S1,cambio_etapa,2026-09-03T13:00:00,APP-00269>entrevista,synthetic,SYN-019873
PEV-02013,VAC-0037,ORG-S1,entrevista_programada,2026-09-03T13:00:00,SES-00494,synthetic,SYN-019874
PEV-02014,VAC-0037,ORG-S1,cambio_etapa,2026-09-04T11:00:00,APP-00271>entrevista,synthetic,SYN-019875
PEV-02015,VAC-0037,ORG-S1,entrevista_programada,2026-09-04T11:00:00,SES-00499,synthetic,SYN-019876
PEV-02016,VAC-0037,ORG-S1,cambio_etapa,2026-09-04T13:00:00,APP-00266>entrevista,synthetic,SYN-019877
PEV-02017,VAC-0037,ORG-S1,entrevista_programada,2026-09-04T13:00:00,SES-00489,synthetic,SYN-019878
PEV-02018,VAC-0037,ORG-S1,evaluacion_realizada,2026-09-05T11:38:00,SES-00495,synthetic,SYN-019879
PEV-02019,VAC-0037,ORG-S1,cambio_etapa,2026-09-05T16:00:00,APP-00270>entrevista,synthetic,SYN-019880
PEV-02020,VAC-0037,ORG-S1,entrevista_programada,2026-09-05T16:00:00,SES-00497,synthetic,SYN-019881
PEV-02021,VAC-0037,ORG-S1,evaluacion_realizada,2026-09-06T03:54:00,SES-00498,synthetic,SYN-019882
PEV-02022,VAC-0037,ORG-S1,evaluacion_realizada,2026-09-06T04:38:00,SES-00496,synthetic,SYN-019883
PEV-02023,VAC-0037,ORG-S1,evaluacion_realizada,2026-09-06T16:41:00,SES-00488,synthetic,SYN-019884
PEV-02024,VAC-0037,ORG-S1,evaluacion_realizada,2026-09-07T23:26:00,SES-00490,synthetic,SYN-019885
PEV-02025,VAC-0037,ORG-S1,evaluacion_realizada,2026-09-11T08:09:00,SES-00493,synthetic,SYN-019886
PEV-02026,VAC-0037,ORG-S1,evaluacion_realizada,2026-09-11T12:27:00,SES-00500,synthetic,SYN-019887
PEV-02027,VAC-0037,ORG-S1,entrevista_realizada,2026-09-15T21:00:00,SES-00497,synthetic,SYN-019888
PEV-02028,VAC-0037,ORG-S1,entrevista_realizada,2026-09-17T16:00:00,SES-00489,synthetic,SYN-019889
PEV-02029,VAC-0037,ORG-S1,entrevista_realizada,2026-09-17T22:00:00,SES-00492,synthetic,SYN-019890
PEV-02030,VAC-0037,ORG-S1,entrevista_realizada,2026-09-18T15:00:00,SES-00499,synthetic,SYN-019891
PEV-02031,VAC-0037,ORG-S1,vacante_cerrada,2026-09-28T17:00:00,,synthetic,SYN-019892
PEV-02032,VAC-0038,ORG-S2,vacante_publicada,2026-03-27T11:49:00,,synthetic,SYN-019893
PEV-02033,VAC-0038,ORG-S2,postulacion_recibida,2026-03-28T21:29:00,APP-00276,synthetic,SYN-019894
PEV-02034,VAC-0038,ORG-S2,cambio_etapa,2026-03-28T21:29:00,APP-00276>recibida,synthetic,SYN-019895
PEV-02035,VAC-0038,ORG-S2,cambio_etapa,2026-03-31T21:29:00,APP-00276>evaluacion,synthetic,SYN-019896
PEV-02036,VAC-0038,ORG-S2,evaluacion_programada,2026-03-31T21:29:00,SES-00504,synthetic,SYN-019897
PEV-02037,VAC-0038,ORG-S2,postulacion_recibida,2026-04-01T18:23:00,APP-00274,synthetic,SYN-019898
PEV-02038,VAC-0038,ORG-S2,cambio_etapa,2026-04-01T18:23:00,APP-00274>recibida,synthetic,SYN-019899
PEV-02039,VAC-0038,ORG-S2,cambio_etapa,2026-04-04T23:23:00,APP-00274>descartada,synthetic,SYN-019900
PEV-02040,VAC-0038,ORG-S2,postulacion_recibida,2026-04-05T17:52:00,APP-00275,synthetic,SYN-019901
PEV-02041,VAC-0038,ORG-S2,cambio_etapa,2026-04-05T17:52:00,APP-00275>recibida,synthetic,SYN-019902
PEV-02042,VAC-0038,ORG-S2,cambio_etapa,2026-04-06T21:52:00,APP-00275>evaluacion,synthetic,SYN-019903
PEV-02043,VAC-0038,ORG-S2,evaluacion_programada,2026-04-06T21:52:00,SES-00502,synthetic,SYN-019904
PEV-02044,VAC-0038,ORG-S2,postulacion_recibida,2026-04-08T23:04:00,APP-00277,synthetic,SYN-019905
PEV-02045,VAC-0038,ORG-S2,cambio_etapa,2026-04-08T23:04:00,APP-00277>recibida,synthetic,SYN-019906
PEV-02046,VAC-0038,ORG-S2,postulacion_recibida,2026-04-09T10:11:00,APP-00278,synthetic,SYN-019907
PEV-02047,VAC-0038,ORG-S2,cambio_etapa,2026-04-09T10:11:00,APP-00278>recibida,synthetic,SYN-019908
PEV-02048,VAC-0038,ORG-S2,cambio_etapa,2026-04-11T11:11:00,APP-00278>evaluacion,synthetic,SYN-019909
PEV-02049,VAC-0038,ORG-S2,evaluacion_programada,2026-04-11T11:11:00,SES-00508,synthetic,SYN-019910
PEV-02050,VAC-0038,ORG-S2,cambio_etapa,2026-04-12T05:04:00,APP-00277>evaluacion,synthetic,SYN-019911
PEV-02051,VAC-0038,ORG-S2,evaluacion_programada,2026-04-12T05:04:00,SES-00506,synthetic,SYN-019912
PEV-02052,VAC-0038,ORG-S2,cambio_etapa,2026-04-14T15:00:00,APP-00277>entrevista,synthetic,SYN-019913
PEV-02053,VAC-0038,ORG-S2,entrevista_programada,2026-04-14T15:00:00,SES-00507,synthetic,SYN-019914
PEV-02054,VAC-0038,ORG-S2,cambio_etapa,2026-04-17T15:00:00,APP-00276>entrevista,synthetic,SYN-019915
PEV-02055,VAC-0038,ORG-S2,entrevista_programada,2026-04-17T15:00:00,SES-00505,synthetic,SYN-019916
PEV-02056,VAC-0038,ORG-S2,cambio_etapa,2026-04-18T13:00:00,APP-00275>entrevista,synthetic,SYN-019917
PEV-02057,VAC-0038,ORG-S2,entrevista_programada,2026-04-18T13:00:00,SES-00503,synthetic,SYN-019918
PEV-02058,VAC-0038,ORG-S2,evaluacion_realizada,2026-04-19T03:52:00,SES-00502,synthetic,SYN-019919
PEV-02059,VAC-0038,ORG-S2,evaluacion_realizada,2026-04-19T16:04:00,SES-00506,synthetic,SYN-019920
PEV-02060,VAC-0038,ORG-S2,entrevista_realizada,2026-04-20T00:00:00,SES-00507,synthetic,SYN-019921
PEV-02061,VAC-0038,ORG-S2,evaluacion_realizada,2026-04-24T15:11:00,SES-00508,synthetic,SYN-019922
PEV-02062,VAC-0038,ORG-S2,entrevista_realizada,2026-04-26T19:00:00,SES-00503,synthetic,SYN-019923
PEV-02063,VAC-0038,ORG-S2,entrevista_realizada,2026-04-27T21:00:00,SES-00505,synthetic,SYN-019924
PEV-02064,VAC-0038,ORG-S2,vacante_cerrada,2026-05-03T01:00:00,,synthetic,SYN-019925
PEV-02065,VAC-0039,ORG-S3,vacante_publicada,2026-06-26T15:29:00,,synthetic,SYN-019926
PEV-02066,VAC-0039,ORG-S3,postulacion_recibida,2026-06-26T23:02:00,APP-00283,synthetic,SYN-019927
PEV-02067,VAC-0039,ORG-S3,cambio_etapa,2026-06-26T23:02:00,APP-00283>recibida,synthetic,SYN-019928
PEV-02068,VAC-0039,ORG-S3,postulacion_recibida,2026-06-28T06:35:00,APP-00289,synthetic,SYN-019929
PEV-02069,VAC-0039,ORG-S3,cambio_etapa,2026-06-28T06:35:00,APP-00289>recibida,synthetic,SYN-019930
PEV-02070,VAC-0039,ORG-S3,postulacion_recibida,2026-06-28T07:49:00,APP-00292,synthetic,SYN-019931
PEV-02071,VAC-0039,ORG-S3,cambio_etapa,2026-06-28T07:49:00,APP-00292>recibida,synthetic,SYN-019932
PEV-02072,VAC-0039,ORG-S3,postulacion_recibida,2026-06-28T20:09:00,APP-00281,synthetic,SYN-019933
PEV-02073,VAC-0039,ORG-S3,cambio_etapa,2026-06-28T20:09:00,APP-00281>recibida,synthetic,SYN-019934
PEV-02074,VAC-0039,ORG-S3,postulacion_recibida,2026-06-29T01:06:00,APP-00282,synthetic,SYN-019935
PEV-02075,VAC-0039,ORG-S3,cambio_etapa,2026-06-29T01:06:00,APP-00282>recibida,synthetic,SYN-019936
PEV-02076,VAC-0039,ORG-S3,postulacion_recibida,2026-06-29T07:51:00,APP-00288,synthetic,SYN-019937
PEV-02077,VAC-0039,ORG-S3,cambio_etapa,2026-06-29T07:51:00,APP-00288>recibida,synthetic,SYN-019938
PEV-02078,VAC-0039,ORG-S3,cambio_etapa,2026-06-29T10:35:00,APP-00289>evaluacion,synthetic,SYN-019939
PEV-02079,VAC-0039,ORG-S3,evaluacion_programada,2026-06-29T10:35:00,SES-00529,synthetic,SYN-019940
PEV-02080,VAC-0039,ORG-S3,postulacion_recibida,2026-06-29T20:36:00,APP-00279,synthetic,SYN-019941
PEV-02081,VAC-0039,ORG-S3,cambio_etapa,2026-06-29T20:36:00,APP-00279>recibida,synthetic,SYN-019942
PEV-02082,VAC-0039,ORG-S3,postulacion_recibida,2026-06-29T22:16:00,APP-00291,synthetic,SYN-019943
PEV-02083,VAC-0039,ORG-S3,cambio_etapa,2026-06-29T22:16:00,APP-00291>recibida,synthetic,SYN-019944
PEV-02084,VAC-0039,ORG-S3,cambio_etapa,2026-06-30T04:06:00,APP-00282>evaluacion,synthetic,SYN-019945
PEV-02085,VAC-0039,ORG-S3,evaluacion_programada,2026-06-30T04:06:00,SES-00515,synthetic,SYN-019946
PEV-02086,VAC-0039,ORG-S3,cambio_etapa,2026-06-30T12:49:00,APP-00292>evaluacion,synthetic,SYN-019947
PEV-02087,VAC-0039,ORG-S3,evaluacion_programada,2026-06-30T12:49:00,SES-00536,synthetic,SYN-019948
PEV-02088,VAC-0039,ORG-S3,cambio_etapa,2026-06-30T20:09:00,APP-00281>evaluacion,synthetic,SYN-019949
PEV-02089,VAC-0039,ORG-S3,evaluacion_programada,2026-06-30T20:09:00,SES-00513,synthetic,SYN-019950
PEV-02090,VAC-0039,ORG-S3,cambio_etapa,2026-07-01T01:16:00,APP-00291>evaluacion,synthetic,SYN-019951
PEV-02091,VAC-0039,ORG-S3,evaluacion_programada,2026-07-01T01:16:00,SES-00534,synthetic,SYN-019952
PEV-02092,VAC-0039,ORG-S3,cambio_etapa,2026-07-01T03:02:00,APP-00283>descartada,synthetic,SYN-019953
PEV-02093,VAC-0039,ORG-S3,cambio_etapa,2026-07-01T13:51:00,APP-00288>evaluacion,synthetic,SYN-019954
PEV-02094,VAC-0039,ORG-S3,evaluacion_programada,2026-07-01T13:51:00,SES-00527,synthetic,SYN-019955
PEV-02095,VAC-0039,ORG-S3,postulacion_recibida,2026-07-02T11:19:00,APP-00284,synthetic,SYN-019956
PEV-02096,VAC-0039,ORG-S3,cambio_etapa,2026-07-02T11:19:00,APP-00284>recibida,synthetic,SYN-019957
PEV-02097,VAC-0039,ORG-S3,postulacion_recibida,2026-07-03T01:29:00,APP-00280,synthetic,SYN-019958
PEV-02098,VAC-0039,ORG-S3,cambio_etapa,2026-07-03T01:29:00,APP-00280>recibida,synthetic,SYN-019959
PEV-02099,VAC-0039,ORG-S3,evaluacion_programada,2026-07-03T02:36:00,SES-00510,synthetic,SYN-019960
PEV-02100,VAC-0039,ORG-S3,cambio_etapa,2026-07-03T03:36:00,APP-00279>evaluacion,synthetic,SYN-019961
PEV-02101,VAC-0039,ORG-S3,evaluacion_programada,2026-07-03T03:36:00,SES-00509,synthetic,SYN-019962
PEV-02102,VAC-0039,ORG-S3,evaluacion_programada,2026-07-03T06:35:00,SES-00530,synthetic,SYN-019963
PEV-02103,VAC-0039,ORG-S3,cambio_etapa,2026-07-03T13:19:00,APP-00284>evaluacion,synthetic,SYN-019964
PEV-02104,VAC-0039,ORG-S3,evaluacion_programada,2026-07-03T13:19:00,SES-00517,synthetic,SYN-019965
PEV-02105,VAC-0039,ORG-S3,postulacion_recibida,2026-07-03T15:21:00,APP-00286,synthetic,SYN-019966
PEV-02106,VAC-0039,ORG-S3,cambio_etapa,2026-07-03T15:21:00,APP-00286>recibida,synthetic,SYN-019967
PEV-02107,VAC-0039,ORG-S3,evaluacion_programada,2026-07-03T18:19:00,SES-00518,synthetic,SYN-019968
PEV-02108,VAC-0039,ORG-S3,postulacion_recibida,2026-07-04T15:49:00,APP-00285,synthetic,SYN-019969
PEV-02109,VAC-0039,ORG-S3,cambio_etapa,2026-07-04T15:49:00,APP-00285>recibida,synthetic,SYN-019970
PEV-02110,VAC-0039,ORG-S3,postulacion_recibida,2026-07-04T22:59:00,APP-00290,synthetic,SYN-019971
PEV-02111,VAC-0039,ORG-S3,cambio_etapa,2026-07-04T22:59:00,APP-00290>recibida,synthetic,SYN-019972
PEV-02112,VAC-0039,ORG-S3,postulacion_recibida,2026-07-05T01:43:00,APP-00287,synthetic,SYN-019973
PEV-02113,VAC-0039,ORG-S3,cambio_etapa,2026-07-05T01:43:00,APP-00287>recibida,synthetic,SYN-019974
PEV-02114,VAC-0039,ORG-S3,cambio_etapa,2026-07-05T02:29:00,APP-00280>evaluacion,synthetic,SYN-019975
PEV-02115,VAC-0039,ORG-S3,evaluacion_programada,2026-07-05T02:29:00,SES-00512,synthetic,SYN-019976
PEV-02116,VAC-0039,ORG-S3,cambio_etapa,2026-07-06T10:00:00,APP-00285>entrevista,synthetic,SYN-019977
PEV-02117,VAC-0039,ORG-S3,entrevista_programada,2026-07-06T10:00:00,SES-00521,synthetic,SYN-019978
PEV-02118,VAC-0039,ORG-S3,cambio_etapa,2026-07-06T17:00:00,APP-00288>entrevista,synthetic,SYN-019979
PEV-02119,VAC-0039,ORG-S3,entrevista_programada,2026-07-06T17:00:00,SES-00528,synthetic,SYN-019980
PEV-02120,VAC-0039,ORG-S3,evaluacion_realizada,2026-07-07T01:00:00,SES-00530,synthetic,SYN-019981
PEV-02121,VAC-0039,ORG-S3,cambio_etapa,2026-07-07T01:59:00,APP-00290>evaluacion,synthetic,SYN-019982
PEV-02122,VAC-0039,ORG-S3,evaluacion_programada,2026-07-07T01:59:00,SES-00532,synthetic,SYN-019983
PEV-02123,VAC-0039,ORG-S3,cambio_etapa,2026-07-07T17:00:00,APP-00279>entrevista,synthetic,SYN-019984
PEV-02124,VAC-0039,ORG-S3,entrevista_programada,2026-07-07T17:00:00,SES-00511,synthetic,SYN-019985
PEV-02125,VAC-0039,ORG-S3,cambio_etapa,2026-07-07T22:21:00,APP-00286>evaluacion,synthetic,SYN-019986
PEV-02126,VAC-0039,ORG-S3,evaluacion_programada,2026-07-07T22:21:00,SES-00522,synthetic,SYN-019987
PEV-02127,VAC-0039,ORG-S3,evaluacion_programada,2026-07-08T04:43:00,SES-00525,synthetic,SYN-019988
PEV-02128,VAC-0039,ORG-S3,evaluacion_realizada,2026-07-08T08:16:00,SES-00534,synthetic,SYN-019989
PEV-02129,VAC-0039,ORG-S3,evaluacion_realizada,2026-07-08T19:19:00,SES-00518,synthetic,SYN-019990
PEV-02130,VAC-0039,ORG-S3,evaluacion_realizada,2026-07-09T05:36:00,SES-00509,synthetic,SYN-019991
PEV-02131,VAC-0039,ORG-S3,cambio_etapa,2026-07-09T08:43:00,APP-00287>evaluacion,synthetic,SYN-019992
PEV-02132,VAC-0039,ORG-S3,evaluacion_programada,2026-07-09T08:43:00,SES-00524,synthetic,SYN-019993
PEV-02133,VAC-0039,ORG-S3,cambio_etapa,2026-07-09T14:00:00,APP-00286>entrevista,synthetic,SYN-019994
PEV-02134,VAC-0039,ORG-S3,entrevista_programada,2026-07-09T14:00:00,SES-00523,synthetic,SYN-019995
PEV-02135,VAC-0039,ORG-S3,cambio_etapa,2026-07-09T17:00:00,APP-00289>entrevista,synthetic,SYN-019996
PEV-02136,VAC-0039,ORG-S3,entrevista_programada,2026-07-09T17:00:00,SES-00531,synthetic,SYN-019997
PEV-02137,VAC-0039,ORG-S3,cambio_etapa,2026-07-09T21:49:00,APP-00285>evaluacion,synthetic,SYN-019998
PEV-02138,VAC-0039,ORG-S3,evaluacion_programada,2026-07-09T21:49:00,SES-00520,synthetic,SYN-019999
PEV-02139,VAC-0039,ORG-S3,cambio_etapa,2026-07-10T09:00:00,APP-00290>entrevista,synthetic,SYN-020000
PEV-02140,VAC-0039,ORG-S3,entrevista_programada,2026-07-10T09:00:00,SES-00533,synthetic,SYN-020001
PEV-02141,VAC-0039,ORG-S3,cambio_etapa,2026-07-10T13:00:00,APP-00287>entrevista,synthetic,SYN-020002
PEV-02142,VAC-0039,ORG-S3,entrevista_programada,2026-07-10T13:00:00,SES-00526,synthetic,SYN-020003
PEV-02143,VAC-0039,ORG-S3,evaluacion_realizada,2026-07-11T11:29:00,SES-00512,synthetic,SYN-020004
PEV-02144,VAC-0039,ORG-S3,cambio_etapa,2026-07-11T16:00:00,APP-00281>entrevista,synthetic,SYN-020005
PEV-02145,VAC-0039,ORG-S3,entrevista_programada,2026-07-11T16:00:00,SES-00514,synthetic,SYN-020006
PEV-02146,VAC-0039,ORG-S3,cambio_etapa,2026-07-11T17:00:00,APP-00282>entrevista,synthetic,SYN-020007
PEV-02147,VAC-0039,ORG-S3,cambio_etapa,2026-07-11T17:00:00,APP-00291>entrevista,synthetic,SYN-020008
PEV-02148,VAC-0039,ORG-S3,entrevista_programada,2026-07-11T17:00:00,SES-00516,synthetic,SYN-020009
PEV-02149,VAC-0039,ORG-S3,entrevista_programada,2026-07-11T17:00:00,SES-00535,synthetic,SYN-020010
PEV-02150,VAC-0039,ORG-S3,cambio_etapa,2026-07-12T11:00:00,APP-00284>entrevista,synthetic,SYN-020011
PEV-02151,VAC-0039,ORG-S3,entrevista_programada,2026-07-12T11:00:00,SES-00519,synthetic,SYN-020012
PEV-02152,VAC-0039,ORG-S3,evaluacion_realizada,2026-07-13T01:09:00,SES-00513,synthetic,SYN-020013
PEV-02153,VAC-0039,ORG-S3,evaluacion_realizada,2026-07-13T11:06:00,SES-00515,synthetic,SYN-020014
PEV-02154,VAC-0039,ORG-S3,evaluacion_realizada,2026-07-13T18:19:00,SES-00517,synthetic,SYN-020015
PEV-02155,VAC-0039,ORG-S3,evaluacion_realizada,2026-07-14T20:49:00,SES-00536,synthetic,SYN-020016
PEV-02156,VAC-0039,ORG-S3,evaluacion_realizada,2026-07-15T10:59:00,SES-00532,synthetic,SYN-020017
PEV-02157,VAC-0039,ORG-S3,evaluacion_realizada,2026-07-15T11:35:00,SES-00529,synthetic,SYN-020018
PEV-02158,VAC-0039,ORG-S3,evaluacion_realizada,2026-07-16T08:43:00,SES-00525,synthetic,SYN-020019
PEV-02159,VAC-0039,ORG-S3,evaluacion_realizada,2026-07-17T11:36:00,SES-00510,synthetic,SYN-020020
PEV-02160,VAC-0039,ORG-S3,evaluacion_realizada,2026-07-17T18:51:00,SES-00527,synthetic,SYN-020021
PEV-02161,VAC-0039,ORG-S3,entrevista_realizada,2026-07-18T04:00:00,SES-00511,synthetic,SYN-020022
PEV-02162,VAC-0039,ORG-S3,entrevista_realizada,2026-07-18T21:00:00,SES-00531,synthetic,SYN-020023
PEV-02163,VAC-0039,ORG-S3,entrevista_realizada,2026-07-19T14:00:00,SES-00521,synthetic,SYN-020024
PEV-02164,VAC-0039,ORG-S3,entrevista_realizada,2026-07-19T20:00:00,SES-00535,synthetic,SYN-020025
PEV-02165,VAC-0039,ORG-S3,entrevista_realizada,2026-07-20T19:00:00,SES-00523,synthetic,SYN-020026
PEV-02166,VAC-0039,ORG-S3,entrevista_realizada,2026-07-21T15:00:00,SES-00519,synthetic,SYN-020027
PEV-02167,VAC-0039,ORG-S3,entrevista_realizada,2026-07-22T17:00:00,SES-00533,synthetic,SYN-020028
PEV-02168,VAC-0039,ORG-S3,entrevista_realizada,2026-07-24T19:00:00,SES-00516,synthetic,SYN-020029
PEV-02169,VAC-0039,ORG-S3,evaluacion_realizada,2026-07-25T02:21:00,SES-00522,synthetic,SYN-020030
PEV-02170,VAC-0039,ORG-S3,evaluacion_realizada,2026-07-25T05:49:00,SES-00520,synthetic,SYN-020031
PEV-02171,VAC-0039,ORG-S3,entrevista_realizada,2026-07-25T17:00:00,SES-00526,synthetic,SYN-020032
PEV-02172,VAC-0039,ORG-S3,evaluacion_realizada,2026-07-25T19:43:00,SES-00524,synthetic,SYN-020033
PEV-02173,VAC-0039,ORG-S3,entrevista_realizada,2026-07-26T22:00:00,SES-00514,synthetic,SYN-020034
PEV-02174,VAC-0039,ORG-S3,vacante_cerrada,2026-08-01T01:00:00,,synthetic,SYN-020035
PEV-02175,VAC-0040,ORG-S1,vacante_publicada,2026-03-23T10:26:00,,synthetic,SYN-020036
PEV-02176,VAC-0040,ORG-S1,postulacion_recibida,2026-03-23T16:13:00,APP-00298,synthetic,SYN-020037
PEV-02177,VAC-0040,ORG-S1,cambio_etapa,2026-03-23T16:13:00,APP-00298>recibida,synthetic,SYN-020038
PEV-02178,VAC-0040,ORG-S1,postulacion_recibida,2026-03-25T02:38:00,APP-00297,synthetic,SYN-020039
PEV-02179,VAC-0040,ORG-S1,cambio_etapa,2026-03-25T02:38:00,APP-00297>recibida,synthetic,SYN-020040
PEV-02180,VAC-0040,ORG-S1,postulacion_recibida,2026-03-25T03:29:00,APP-00295,synthetic,SYN-020041
PEV-02181,VAC-0040,ORG-S1,cambio_etapa,2026-03-25T03:29:00,APP-00295>recibida,synthetic,SYN-020042
PEV-02182,VAC-0040,ORG-S1,postulacion_recibida,2026-03-26T08:03:00,APP-00299,synthetic,SYN-020043
PEV-02183,VAC-0040,ORG-S1,cambio_etapa,2026-03-26T08:03:00,APP-00299>recibida,synthetic,SYN-020044
PEV-02184,VAC-0040,ORG-S1,postulacion_recibida,2026-03-26T22:38:00,APP-00294,synthetic,SYN-020045
PEV-02185,VAC-0040,ORG-S1,cambio_etapa,2026-03-26T22:38:00,APP-00294>recibida,synthetic,SYN-020046
PEV-02186,VAC-0040,ORG-S1,cambio_etapa,2026-03-27T00:13:00,APP-00298>evaluacion,synthetic,SYN-020047
PEV-02187,VAC-0040,ORG-S1,evaluacion_programada,2026-03-27T00:13:00,SES-00546,synthetic,SYN-020048
PEV-02188,VAC-0040,ORG-S1,evaluacion_programada,2026-03-27T08:38:00,SES-00544,synthetic,SYN-020049
PEV-02189,VAC-0040,ORG-S1,postulacion_recibida,2026-03-28T11:07:00,APP-00296,synthetic,SYN-020050
PEV-02190,VAC-0040,ORG-S1,cambio_etapa,2026-03-28T11:07:00,APP-00296>recibida,synthetic,SYN-020051
PEV-02191,VAC-0040,ORG-S1,postulacion_recibida,2026-03-29T00:29:00,APP-00302,synthetic,SYN-020052
PEV-02192,VAC-0040,ORG-S1,cambio_etapa,2026-03-29T00:29:00,APP-00302>recibida,synthetic,SYN-020053
PEV-02193,VAC-0040,ORG-S1,postulacion_recibida,2026-03-29T03:34:00,APP-00305,synthetic,SYN-020054
PEV-02194,VAC-0040,ORG-S1,cambio_etapa,2026-03-29T03:34:00,APP-00305>recibida,synthetic,SYN-020055
PEV-02195,VAC-0040,ORG-S1,cambio_etapa,2026-03-29T03:38:00,APP-00294>evaluacion,synthetic,SYN-020056
PEV-02196,VAC-0040,ORG-S1,evaluacion_programada,2026-03-29T03:38:00,SES-00538,synthetic,SYN-020057
PEV-02197,VAC-0040,ORG-S1,postulacion_recibida,2026-03-29T08:01:00,APP-00301,synthetic,SYN-020058
PEV-02198,VAC-0040,ORG-S1,cambio_etapa,2026-03-29T08:01:00,APP-00301>recibida,synthetic,SYN-020059
PEV-02199,VAC-0040,ORG-S1,postulacion_recibida,2026-03-29T13:13:00,APP-00304,synthetic,SYN-020060
PEV-02200,VAC-0040,ORG-S1,cambio_etapa,2026-03-29T13:13:00,APP-00304>recibida,synthetic,SYN-020061
PEV-02201,VAC-0040,ORG-S1,postulacion_recibida,2026-03-30T03:38:00,APP-00293,synthetic,SYN-020062
PEV-02202,VAC-0040,ORG-S1,cambio_etapa,2026-03-30T03:38:00,APP-00293>recibida,synthetic,SYN-020063
PEV-02203,VAC-0040,ORG-S1,cambio_etapa,2026-03-30T05:38:00,APP-00297>evaluacion,synthetic,SYN-020064
PEV-02204,VAC-0040,ORG-S1,evaluacion_programada,2026-03-30T05:38:00,SES-00543,synthetic,SYN-020065
PEV-02205,VAC-0040,ORG-S1,cambio_etapa,2026-03-30T08:29:00,APP-00295>evaluacion,synthetic,SYN-020066
PEV-02206,VAC-0040,ORG-S1,evaluacion_programada,2026-03-30T08:29:00,SES-00540,synthetic,SYN-020067
PEV-02207,VAC-0040,ORG-S1,cambio_etapa,2026-03-30T14:03:00,APP-00299>evaluacion,synthetic,SYN-020068
PEV-02208,VAC-0040,ORG-S1,evaluacion_programada,2026-03-30T14:03:00,SES-00547,synthetic,SYN-020069
PEV-02209,VAC-0040,ORG-S1,evaluacion_realizada,2026-03-31T07:13:00,SES-00546,synthetic,SYN-020070
PEV-02210,VAC-0040,ORG-S1,postulacion_recibida,2026-04-01T06:34:00,APP-00303,synthetic,SYN-020071
PEV-02211,VAC-0040,ORG-S1,cambio_etapa,2026-04-01T06:34:00,APP-00303>recibida,synthetic,SYN-020072
PEV-02212,VAC-0040,ORG-S1,cambio_etapa,2026-04-01T13:01:00,APP-00301>evaluacion,synthetic,SYN-020073
PEV-02213,VAC-0040,ORG-S1,evaluacion_programada,2026-04-01T13:01:00,SES-00551,synthetic,SYN-020074
PEV-02214,VAC-0040,ORG-S1,postulacion_recibida,2026-04-01T22:29:00,APP-00300,synthetic,SYN-020075
PEV-02215,VAC-0040,ORG-S1,cambio_etapa,2026-04-01T22:29:00,APP-00300>recibida,synthetic,SYN-020076
PEV-02216,VAC-0040,ORG-S1,cambio_etapa,2026-04-02T00:00:00,APP-00302>evaluacion,synthetic,SYN-020077
PEV-02217,VAC-0040,ORG-S1,evaluacion_programada,2026-04-02T00:00:00,SES-00553,synthetic,SYN-020078
PEV-02218,VAC-0040,ORG-S1,cambio_etapa,2026-04-02T05:38:00,APP-00293>evaluacion,synthetic,SYN-020079
PEV-02219,VAC-0040,ORG-S1,evaluacion_programada,2026-04-02T05:38:00,SES-00537,synthetic,SYN-020080
PEV-02220,VAC-0040,ORG-S1,cambio_etapa,2026-04-02T10:34:00,APP-00305>evaluacion,synthetic,SYN-020081
PEV-02221,VAC-0040,ORG-S1,evaluacion_programada,2026-04-02T10:34:00,SES-00558,synthetic,SYN-020082
PEV-02222,VAC-0040,ORG-S1,cambio_etapa,2026-04-02T14:07:00,APP-00296>evaluacion,synthetic,SYN-020083
PEV-02223,VAC-0040,ORG-S1,evaluacion_programada,2026-04-02T14:07:00,SES-00541,synthetic,SYN-020084
PEV-02224,VAC-0040,ORG-S1,cambio_etapa,2026-04-02T19:13:00,APP-00304>evaluacion,synthetic,SYN-020085
PEV-02225,VAC-0040,ORG-S1,evaluacion_programada,2026-04-02T19:13:00,SES-00556,synthetic,SYN-020086
PEV-02226,VAC-0040,ORG-S1,cambio_etapa,2026-04-03T11:00:00,APP-00302>entrevista,synthetic,SYN-020087
PEV-02227,VAC-0040,ORG-S1,entrevista_programada,2026-04-03T11:00:00,SES-00554,synthetic,SYN-020088
PEV-02228,VAC-0040,ORG-S1,cambio_etapa,2026-04-03T12:00:00,APP-00296>entrevista,synthetic,SYN-020089
PEV-02229,VAC-0040,ORG-S1,entrevista_programada,2026-04-03T12:00:00,SES-00542,synthetic,SYN-020090
PEV-02230,VAC-0040,ORG-S1,cambio_etapa,2026-04-03T13:00:00,APP-00297>entrevista,synthetic,SYN-020091
PEV-02231,VAC-0040,ORG-S1,entrevista_programada,2026-04-03T13:00:00,SES-00545,synthetic,SYN-020092
PEV-02232,VAC-0040,ORG-S1,cambio_etapa,2026-04-03T15:00:00,APP-00301>entrevista,synthetic,SYN-020093
PEV-02233,VAC-0040,ORG-S1,entrevista_programada,2026-04-03T15:00:00,SES-00552,synthetic,SYN-020094
PEV-02234,VAC-0040,ORG-S1,cambio_etapa,2026-04-04T02:29:00,APP-00300>evaluacion,synthetic,SYN-020095
PEV-02235,VAC-0040,ORG-S1,evaluacion_programada,2026-04-04T02:29:00,SES-00549,synthetic,SYN-020096
PEV-02236,VAC-0040,ORG-S1,evaluacion_realizada,2026-04-05T11:38:00,SES-00538,synthetic,SYN-020097
PEV-02237,VAC-0040,ORG-S1,cambio_etapa,2026-04-05T13:00:00,APP-00299>entrevista,synthetic,SYN-020098
PEV-02238,VAC-0040,ORG-S1,entrevista_programada,2026-04-05T13:00:00,SES-00548,synthetic,SYN-020099
PEV-02239,VAC-0040,ORG-S1,cambio_etapa,2026-04-05T13:34:00,APP-00303>evaluacion,synthetic,SYN-020100
PEV-02240,VAC-0040,ORG-S1,evaluacion_programada,2026-04-05T13:34:00,SES-00555,synthetic,SYN-020101
PEV-02241,VAC-0040,ORG-S1,cambio_etapa,2026-04-05T17:00:00,APP-00294>entrevista,synthetic,SYN-020102
PEV-02242,VAC-0040,ORG-S1,entrevista_programada,2026-04-05T17:00:00,SES-00539,synthetic,SYN-020103
PEV-02243,VAC-0040,ORG-S1,evaluacion_realizada,2026-04-06T12:38:00,SES-00544,synthetic,SYN-020104
PEV-02244,VAC-0040,ORG-S1,evaluacion_realizada,2026-04-06T15:29:00,SES-00540,synthetic,SYN-020105
PEV-02245,VAC-0040,ORG-S1,cambio_etapa,2026-04-07T11:00:00,APP-00304>entrevista,synthetic,SYN-020106
PEV-02246,VAC-0040,ORG-S1,entrevista_programada,2026-04-07T11:00:00,SES-00557,synthetic,SYN-020107
PEV-02247,VAC-0040,ORG-S1,cambio_etapa,2026-04-07T12:00:00,APP-00300>entrevista,synthetic,SYN-020108
PEV-02248,VAC-0040,ORG-S1,entrevista_programada,2026-04-07T12:00:00,SES-00550,synthetic,SYN-020109
PEV-02249,VAC-0040,ORG-S1,entrevista_realizada,2026-04-07T20:00:00,SES-00552,synthetic,SYN-020110
PEV-02250,VAC-0040,ORG-S1,evaluacion_realizada,2026-04-09T12:29:00,SES-00549,synthetic,SYN-020111
PEV-02251,VAC-0040,ORG-S1,evaluacion_realizada,2026-04-11T21:07:00,SES-00541,synthetic,SYN-020112
PEV-02252,VAC-0040,ORG-S1,evaluacion_realizada,2026-04-12T01:03:00,SES-00547,synthetic,SYN-020113
PEV-02253,VAC-0040,ORG-S1,evaluacion_realizada,2026-04-12T04:00:00,SES-00553,synthetic,SYN-020114
PEV-02254,VAC-0040,ORG-S1,evaluacion_realizada,2026-04-12T18:34:00,SES-00558,synthetic,SYN-020115
PEV-02255,VAC-0040,ORG-S1,evaluacion_realizada,2026-04-12T21:01:00,SES-00551,synthetic,SYN-020116
PEV-02256,VAC-0040,ORG-S1,entrevista_realizada,2026-04-12T22:00:00,SES-00554,synthetic,SYN-020117
PEV-02257,VAC-0040,ORG-S1,evaluacion_realizada,2026-04-13T00:13:00,SES-00556,synthetic,SYN-020118
PEV-02258,VAC-0040,ORG-S1,evaluacion_realizada,2026-04-13T17:34:00,SES-00555,synthetic,SYN-020119
PEV-02259,VAC-0040,ORG-S1,evaluacion_realizada,2026-04-16T10:38:00,SES-00537,synthetic,SYN-020120
PEV-02260,VAC-0040,ORG-S1,entrevista_realizada,2026-04-17T14:00:00,SES-00557,synthetic,SYN-020121
PEV-02261,VAC-0040,ORG-S1,entrevista_realizada,2026-04-17T20:00:00,SES-00548,synthetic,SYN-020122
PEV-02262,VAC-0040,ORG-S1,entrevista_realizada,2026-04-18T22:00:00,SES-00545,synthetic,SYN-020123
PEV-02263,VAC-0040,ORG-S1,entrevista_realizada,2026-04-20T14:00:00,SES-00550,synthetic,SYN-020124
PEV-02264,VAC-0040,ORG-S1,entrevista_realizada,2026-04-20T22:00:00,SES-00542,synthetic,SYN-020125
PEV-02265,VAC-0040,ORG-S1,vacante_cerrada,2026-04-25T23:00:00,,synthetic,SYN-020126
PEV-02266,VAC-0041,ORG-S2,vacante_publicada,2026-04-29T17:17:00,,synthetic,SYN-020127
PEV-02267,VAC-0041,ORG-S2,postulacion_recibida,2026-05-01T13:10:00,APP-00315,synthetic,SYN-020128
PEV-02268,VAC-0041,ORG-S2,cambio_etapa,2026-05-01T13:10:00,APP-00315>recibida,synthetic,SYN-020129
PEV-02269,VAC-0041,ORG-S2,postulacion_recibida,2026-05-01T23:57:00,APP-00312,synthetic,SYN-020130
PEV-02270,VAC-0041,ORG-S2,cambio_etapa,2026-05-01T23:57:00,APP-00312>recibida,synthetic,SYN-020131
PEV-02271,VAC-0041,ORG-S2,postulacion_recibida,2026-05-03T07:07:00,APP-00310,synthetic,SYN-020132
PEV-02272,VAC-0041,ORG-S2,cambio_etapa,2026-05-03T07:07:00,APP-00310>recibida,synthetic,SYN-020133
PEV-02273,VAC-0041,ORG-S2,postulacion_recibida,2026-05-03T09:15:00,APP-00309,synthetic,SYN-020134
PEV-02274,VAC-0041,ORG-S2,cambio_etapa,2026-05-03T09:15:00,APP-00309>recibida,synthetic,SYN-020135
PEV-02275,VAC-0041,ORG-S2,postulacion_recibida,2026-05-04T14:02:00,APP-00306,synthetic,SYN-020136
PEV-02276,VAC-0041,ORG-S2,cambio_etapa,2026-05-04T14:02:00,APP-00306>recibida,synthetic,SYN-020137
PEV-02277,VAC-0041,ORG-S2,cambio_etapa,2026-05-05T00:57:00,APP-00312>evaluacion,synthetic,SYN-020138
PEV-02278,VAC-0041,ORG-S2,evaluacion_programada,2026-05-05T00:57:00,SES-00569,synthetic,SYN-020139
PEV-02279,VAC-0041,ORG-S2,cambio_etapa,2026-05-05T15:15:00,APP-00309>evaluacion,synthetic,SYN-020140
PEV-02280,VAC-0041,ORG-S2,evaluacion_programada,2026-05-05T15:15:00,SES-00563,synthetic,SYN-020141
PEV-02281,VAC-0041,ORG-S2,cambio_etapa,2026-05-06T14:10:00,APP-00315>evaluacion,synthetic,SYN-020142
PEV-02282,VAC-0041,ORG-S2,evaluacion_programada,2026-05-06T14:10:00,SES-00576,synthetic,SYN-020143
PEV-02283,VAC-0041,ORG-S2,postulacion_recibida,2026-05-07T02:40:00,APP-00308,synthetic,SYN-020144
PEV-02284,VAC-0041,ORG-S2,cambio_etapa,2026-05-07T02:40:00,APP-00308>recibida,synthetic,SYN-020145
PEV-02285,VAC-0041,ORG-S2,cambio_etapa,2026-05-07T18:02:00,APP-00306>evaluacion,synthetic,SYN-020146
PEV-02286,VAC-0041,ORG-S2,evaluacion_programada,2026-05-07T18:02:00,SES-00559,synthetic,SYN-020147
PEV-02287,VAC-0041,ORG-S2,cambio_etapa,2026-05-08T12:07:00,APP-00310>evaluacion,synthetic,SYN-020148
PEV-02288,VAC-0041,ORG-S2,evaluacion_programada,2026-05-08T12:07:00,SES-00565,synthetic,SYN-020149
PEV-02289,VAC-0041,ORG-S2,evaluacion_realizada,2026-05-12T01:15:00,SES-00563,synthetic,SYN-020150
PEV-02290,VAC-0041,ORG-S2,postulacion_recibida,2026-05-12T04:59:00,APP-00311,synthetic,SYN-020151
PEV-02291,VAC-0041,ORG-S2,cambio_etapa,2026-05-12T04:59:00,APP-00311>recibida,synthetic,SYN-020152
PEV-02292,VAC-0041,ORG-S2,cambio_etapa,2026-05-12T07:40:00,APP-00308>evaluacion,synthetic,SYN-020153
PEV-02293,VAC-0041,ORG-S2,evaluacion_programada,2026-05-12T07:40:00,SES-00561,synthetic,SYN-020154
PEV-02294,VAC-0041,ORG-S2,evaluacion_realizada,2026-05-13T00:02:00,SES-00559,synthetic,SYN-020155
PEV-02295,VAC-0041,ORG-S2,evaluacion_realizada,2026-05-13T10:57:00,SES-00569,synthetic,SYN-020156
PEV-02296,VAC-0041,ORG-S2,postulacion_recibida,2026-05-13T14:37:00,APP-00314,synthetic,SYN-020157
PEV-02297,VAC-0041,ORG-S2,cambio_etapa,2026-05-13T14:37:00,APP-00314>recibida,synthetic,SYN-020158
PEV-02298,VAC-0041,ORG-S2,postulacion_recibida,2026-05-14T15:16:00,APP-00307,synthetic,SYN-020159
PEV-02299,VAC-0041,ORG-S2,cambio_etapa,2026-05-14T15:16:00,APP-00307>recibida,synthetic,SYN-020160
PEV-02300,VAC-0041,ORG-S2,postulacion_recibida,2026-05-14T23:41:00,APP-00313,synthetic,SYN-020161
PEV-02301,VAC-0041,ORG-S2,cambio_etapa,2026-05-14T23:41:00,APP-00313>recibida,synthetic,SYN-020162
PEV-02302,VAC-0041,ORG-S2,cambio_etapa,2026-05-15T10:00:00,APP-00312>entrevista,synthetic,SYN-020163
PEV-02303,VAC-0041,ORG-S2,entrevista_programada,2026-05-15T10:00:00,SES-00570,synthetic,SYN-020164
PEV-02304,VAC-0041,ORG-S2,cambio_etapa,2026-05-15T14:00:00,APP-00310>entrevista,synthetic,SYN-020165
PEV-02305,VAC-0041,ORG-S2,entrevista_programada,2026-05-15T14:00:00,SES-00566,synthetic,SYN-020166
PEV-02306,VAC-0041,ORG-S2,evaluacion_realizada,2026-05-15T22:07:00,SES-00565,synthetic,SYN-020167
PEV-02307,VAC-0041,ORG-S2,cambio_etapa,2026-05-16T04:59:00,APP-00311>evaluacion,synthetic,SYN-020168
PEV-02308,VAC-0041,ORG-S2,evaluacion_programada,2026-05-16T04:59:00,SES-00567,synthetic,SYN-020169
PEV-02309,VAC-0041,ORG-S2,evaluacion_programada,2026-05-16T15:37:00,SES-00574,synthetic,SYN-020170
PEV-02310,VAC-0041,ORG-S2,cambio_etapa,2026-05-16T17:00:00,APP-00311>entrevista,synthetic,SYN-020171
PEV-02311,VAC-0041,ORG-S2,entrevista_programada,2026-05-16T17:00:00,SES-00568,synthetic,SYN-020172
PEV-02312,VAC-0041,ORG-S2,cambio_etapa,2026-05-17T11:00:00,APP-00314>entrevista,synthetic,SYN-020173
PEV-02313,VAC-0041,ORG-S2,entrevista_programada,2026-05-17T11:00:00,SES-00575,synthetic,SYN-020174
PEV-02314,VAC-0041,ORG-S2,cambio_etapa,2026-05-17T15:00:00,APP-00306>entrevista,synthetic,SYN-020175
PEV-02315,VAC-0041,ORG-S2,entrevista_programada,2026-05-17T15:00:00,SES-00560,synthetic,SYN-020176
PEV-02316,VAC-0041,ORG-S2,cambio_etapa,2026-05-18T03:41:00,APP-00313>evaluacion,synthetic,SYN-020177
PEV-02317,VAC-0041,ORG-S2,evaluacion_programada,2026-05-18T03:41:00,SES-00571,synthetic,SYN-020178
PEV-02318,VAC-0041,ORG-S2,cambio_etapa,2026-05-18T15:37:00,APP-00314>evaluacion,synthetic,SYN-020179
PEV-02319,VAC-0041,ORG-S2,evaluacion_programada,2026-05-18T15:37:00,SES-00573,synthetic,SYN-020180
PEV-02320,VAC-0041,ORG-S2,cambio_etapa,2026-05-18T16:16:00,APP-00307>descartada,synthetic,SYN-020181
PEV-02321,VAC-0041,ORG-S2,cambio_etapa,2026-05-19T13:00:00,APP-00308>entrevista,synthetic,SYN-020182
PEV-02322,VAC-0041,ORG-S2,entrevista_programada,2026-05-19T13:00:00,SES-00562,synthetic,SYN-020183
PEV-02323,VAC-0041,ORG-S2,cambio_etapa,2026-05-19T16:00:00,APP-00313>entrevista,synthetic,SYN-020184
PEV-02324,VAC-0041,ORG-S2,entrevista_programada,2026-05-19T16:00:00,SES-00572,synthetic,SYN-020185
PEV-02325,VAC-0041,ORG-S2,cambio_etapa,2026-05-19T17:00:00,APP-00315>entrevista,synthetic,SYN-020186
PEV-02326,VAC-0041,ORG-S2,entrevista_programada,2026-05-19T17:00:00,SES-00577,synthetic,SYN-020187
PEV-02327,VAC-0041,ORG-S2,cambio_etapa,2026-05-21T13:00:00,APP-00309>entrevista,synthetic,SYN-020188
PEV-02328,VAC-0041,ORG-S2,entrevista_programada,2026-05-21T13:00:00,SES-00564,synthetic,SYN-020189
PEV-02329,VAC-0041,ORG-S2,evaluacion_realizada,2026-05-22T21:10:00,SES-00576,synthetic,SYN-020190
PEV-02330,VAC-0041,ORG-S2,evaluacion_realizada,2026-05-23T09:41:00,SES-00571,synthetic,SYN-020191
PEV-02331,VAC-0041,ORG-S2,entrevista_realizada,2026-05-24T19:00:00,SES-00560,synthetic,SYN-020192
PEV-02332,VAC-0041,ORG-S2,entrevista_realizada,2026-05-25T13:00:00,SES-00570,synthetic,SYN-020193
PEV-02333,VAC-0041,ORG-S2,entrevista_realizada,2026-05-25T22:00:00,SES-00577,synthetic,SYN-020194
PEV-02334,VAC-0041,ORG-S2,entrevista_realizada,2026-05-26T17:00:00,SES-00566,synthetic,SYN-020195
PEV-02335,VAC-0041,ORG-S2,entrevista_realizada,2026-05-29T20:00:00,SES-00564,synthetic,SYN-020196
PEV-02336,VAC-0041,ORG-S2,entrevista_realizada,2026-05-31T00:00:00,SES-00572,synthetic,SYN-020197
PEV-02337,VAC-0041,ORG-S2,entrevista_realizada,2026-05-31T18:00:00,SES-00562,synthetic,SYN-020198
PEV-02338,VAC-0041,ORG-S2,evaluacion_realizada,2026-06-01T22:37:00,SES-00574,synthetic,SYN-020199
PEV-02339,VAC-0041,ORG-S2,evaluacion_realizada,2026-06-02T21:37:00,SES-00573,synthetic,SYN-020200
PEV-02340,VAC-0041,ORG-S2,vacante_cerrada,2026-06-07T03:37:00,,synthetic,SYN-020201
PEV-02341,VAC-0042,ORG-S3,vacante_publicada,2026-03-03T14:54:00,,synthetic,SYN-020202
PEV-02342,VAC-0042,ORG-S3,postulacion_recibida,2026-03-06T09:08:00,APP-00317,synthetic,SYN-020203
PEV-02343,VAC-0042,ORG-S3,cambio_etapa,2026-03-06T09:08:00,APP-00317>recibida,synthetic,SYN-020204
PEV-02344,VAC-0042,ORG-S3,postulacion_recibida,2026-03-08T02:12:00,APP-00322,synthetic,SYN-020205
PEV-02345,VAC-0042,ORG-S3,cambio_etapa,2026-03-08T02:12:00,APP-00322>recibida,synthetic,SYN-020206
PEV-02346,VAC-0042,ORG-S3,postulacion_recibida,2026-03-08T08:25:00,APP-00321,synthetic,SYN-020207
PEV-02347,VAC-0042,ORG-S3,cambio_etapa,2026-03-08T08:25:00,APP-00321>recibida,synthetic,SYN-020208
PEV-02348,VAC-0042,ORG-S3,cambio_etapa,2026-03-10T09:25:00,APP-00321>evaluacion,synthetic,SYN-020209
PEV-02349,VAC-0042,ORG-S3,evaluacion_programada,2026-03-10T09:25:00,SES-00587,synthetic,SYN-020210
PEV-02350,VAC-0042,ORG-S3,cambio_etapa,2026-03-11T10:08:00,APP-00317>evaluacion,synthetic,SYN-020211
PEV-02351,VAC-0042,ORG-S3,evaluacion_programada,2026-03-11T10:08:00,SES-00580,synthetic,SYN-020212
PEV-02352,VAC-0042,ORG-S3,cambio_etapa,2026-03-12T09:12:00,APP-00322>evaluacion,synthetic,SYN-020213
PEV-02353,VAC-0042,ORG-S3,evaluacion_programada,2026-03-12T09:12:00,SES-00590,synthetic,SYN-020214
PEV-02354,VAC-0042,ORG-S3,evaluacion_programada,2026-03-13T12:25:00,SES-00588,synthetic,SYN-020215
PEV-02355,VAC-0042,ORG-S3,postulacion_recibida,2026-03-13T13:32:00,APP-00318,synthetic,SYN-020216
PEV-02356,VAC-0042,ORG-S3,cambio_etapa,2026-03-13T13:32:00,APP-00318>recibida,synthetic,SYN-020217
PEV-02357,VAC-0042,ORG-S3,postulacion_recibida,2026-03-15T11:44:00,APP-00320,synthetic,SYN-020218
PEV-02358,VAC-0042,ORG-S3,cambio_etapa,2026-03-15T11:44:00,APP-00320>recibida,synthetic,SYN-020219
PEV-02359,VAC-0042,ORG-S3,postulacion_recibida,2026-03-16T19:43:00,APP-00319,synthetic,SYN-020220
PEV-02360,VAC-0042,ORG-S3,cambio_etapa,2026-03-16T19:43:00,APP-00319>recibida,synthetic,SYN-020221
PEV-02361,VAC-0042,ORG-S3,cambio_etapa,2026-03-17T15:32:00,APP-00318>evaluacion,synthetic,SYN-020222
PEV-02362,VAC-0042,ORG-S3,evaluacion_programada,2026-03-17T15:32:00,SES-00582,synthetic,SYN-020223
PEV-02363,VAC-0042,ORG-S3,postulacion_recibida,2026-03-17T22:41:00,APP-00316,synthetic,SYN-020224
PEV-02364,VAC-0042,ORG-S3,cambio_etapa,2026-03-17T22:41:00,APP-00316>recibida,synthetic,SYN-020225
PEV-02365,VAC-0042,ORG-S3,cambio_etapa,2026-03-18T11:00:00,APP-00322>entrevista,synthetic,SYN-020226
PEV-02366,VAC-0042,ORG-S3,entrevista_programada,2026-03-18T11:00:00,SES-00591,synthetic,SYN-020227
PEV-02367,VAC-0042,ORG-S3,evaluacion_realizada,2026-03-18T14:25:00,SES-00588,synthetic,SYN-020228
PEV-02368,VAC-0042,ORG-S3,cambio_etapa,2026-03-18T14:44:00,APP-00320>evaluacion,synthetic,SYN-020229
PEV-02369,VAC-0042,ORG-S3,evaluacion_programada,2026-03-18T14:44:00,SES-00585,synthetic,SYN-020230
PEV-02370,VAC-0042,ORG-S3,evaluacion_realizada,2026-03-19T16:12:00,SES-00590,synthetic,SYN-020231
PEV-02371,VAC-0042,ORG-S3,cambio_etapa,2026-03-20T02:41:00,APP-00316>evaluacion,synthetic,SYN-020232
PEV-02372,VAC-0042,ORG-S3,evaluacion_programada,2026-03-20T02:41:00,SES-00578,synthetic,SYN-020233
PEV-02373,VAC-0042,ORG-S3,cambio_etapa,2026-03-20T16:00:00,APP-00317>entrevista,synthetic,SYN-020234
PEV-02374,VAC-0042,ORG-S3,entrevista_programada,2026-03-20T16:00:00,SES-00581,synthetic,SYN-020235
PEV-02375,VAC-0042,ORG-S3,cambio_etapa,2026-03-21T00:43:00,APP-00319>evaluacion,synthetic,SYN-020236
PEV-02376,VAC-0042,ORG-S3,evaluacion_programada,2026-03-21T00:43:00,SES-00584,synthetic,SYN-020237
PEV-02377,VAC-0042,ORG-S3,evaluacion_realizada,2026-03-21T13:25:00,SES-00587,synthetic,SYN-020238
PEV-02378,VAC-0042,ORG-S3,cambio_etapa,2026-03-21T16:00:00,APP-00318>entrevista,synthetic,SYN-020239
PEV-02379,VAC-0042,ORG-S3,entrevista_programada,2026-03-21T16:00:00,SES-00583,synthetic,SYN-020240
PEV-02380,VAC-0042,ORG-S3,cambio_etapa,2026-03-22T16:00:00,APP-00321>entrevista,synthetic,SYN-020241
PEV-02381,VAC-0042,ORG-S3,entrevista_programada,2026-03-22T16:00:00,SES-00589,synthetic,SYN-020242
PEV-02382,VAC-0042,ORG-S3,evaluacion_realizada,2026-03-22T17:08:00,SES-00580,synthetic,SYN-020243
PEV-02383,VAC-0042,ORG-S3,cambio_etapa,2026-03-24T15:00:00,APP-00316>entrevista,synthetic,SYN-020244
PEV-02384,VAC-0042,ORG-S3,entrevista_programada,2026-03-24T15:00:00,SES-00579,synthetic,SYN-020245
PEV-02385,VAC-0042,ORG-S3,cambio_etapa,2026-03-24T17:00:00,APP-00320>entrevista,synthetic,SYN-020246
PEV-02386,VAC-0042,ORG-S3,entrevista_programada,2026-03-24T17:00:00,SES-00586,synthetic,SYN-020247
PEV-02387,VAC-0042,ORG-S3,evaluacion_realizada,2026-03-25T07:41:00,SES-00578,synthetic,SYN-020248
PEV-02388,VAC-0042,ORG-S3,entrevista_realizada,2026-03-29T03:00:00,SES-00583,synthetic,SYN-020249
PEV-02389,VAC-0042,ORG-S3,evaluacion_realizada,2026-03-30T01:32:00,SES-00582,synthetic,SYN-020250
PEV-02390,VAC-0042,ORG-S3,evaluacion_realizada,2026-03-31T20:44:00,SES-00585,synthetic,SYN-020251
PEV-02391,VAC-0042,ORG-S3,entrevista_realizada,2026-04-01T01:00:00,SES-00586,synthetic,SYN-020252
PEV-02392,VAC-0042,ORG-S3,entrevista_realizada,2026-04-01T17:00:00,SES-00581,synthetic,SYN-020253
PEV-02393,VAC-0042,ORG-S3,evaluacion_realizada,2026-04-03T09:43:00,SES-00584,synthetic,SYN-020254
PEV-02394,VAC-0042,ORG-S3,entrevista_realizada,2026-04-04T18:00:00,SES-00589,synthetic,SYN-020255
PEV-02395,VAC-0042,ORG-S3,entrevista_realizada,2026-04-05T22:00:00,SES-00579,synthetic,SYN-020256
PEV-02396,VAC-0042,ORG-S3,vacante_cerrada,2026-04-14T01:00:00,,synthetic,SYN-020257
PEV-02397,VAC-0043,ORG-S1,vacante_publicada,2026-04-02T00:00:00,,synthetic,SYN-020258
PEV-02398,VAC-0043,ORG-S1,postulacion_recibida,2026-04-03T11:10:00,APP-00323,synthetic,SYN-020259
PEV-02399,VAC-0043,ORG-S1,cambio_etapa,2026-04-03T11:10:00,APP-00323>recibida,synthetic,SYN-020260
PEV-02400,VAC-0043,ORG-S1,postulacion_recibida,2026-04-03T16:55:00,APP-00332,synthetic,SYN-020261
PEV-02401,VAC-0043,ORG-S1,cambio_etapa,2026-04-03T16:55:00,APP-00332>recibida,synthetic,SYN-020262
PEV-02402,VAC-0043,ORG-S1,postulacion_recibida,2026-04-03T18:14:00,APP-00326,synthetic,SYN-020263
PEV-02403,VAC-0043,ORG-S1,cambio_etapa,2026-04-03T18:14:00,APP-00326>recibida,synthetic,SYN-020264
PEV-02404,VAC-0043,ORG-S1,postulacion_recibida,2026-04-03T20:59:00,APP-00328,synthetic,SYN-020265
PEV-02405,VAC-0043,ORG-S1,cambio_etapa,2026-04-03T20:59:00,APP-00328>recibida,synthetic,SYN-020266
PEV-02406,VAC-0043,ORG-S1,postulacion_recibida,2026-04-03T23:26:00,APP-00335,synthetic,SYN-020267
PEV-02407,VAC-0043,ORG-S1,cambio_etapa,2026-04-03T23:26:00,APP-00335>recibida,synthetic,SYN-020268
PEV-02408,VAC-0043,ORG-S1,postulacion_recibida,2026-04-05T07:04:00,APP-00334,synthetic,SYN-020269
PEV-02409,VAC-0043,ORG-S1,cambio_etapa,2026-04-05T07:04:00,APP-00334>recibida,synthetic,SYN-020270
PEV-02410,VAC-0043,ORG-S1,cambio_etapa,2026-04-05T07:26:00,APP-00335>evaluacion,synthetic,SYN-020271
PEV-02411,VAC-0043,ORG-S1,evaluacion_programada,2026-04-05T07:26:00,SES-00610,synthetic,SYN-020272
PEV-02412,VAC-0043,ORG-S1,cambio_etapa,2026-04-05T12:10:00,APP-00323>evaluacion,synthetic,SYN-020273
PEV-02413,VAC-0043,ORG-S1,evaluacion_programada,2026-04-05T12:10:00,SES-00592,synthetic,SYN-020274
PEV-02414,VAC-0043,ORG-S1,postulacion_recibida,2026-04-05T17:13:00,APP-00327,synthetic,SYN-020275
PEV-02415,VAC-0043,ORG-S1,cambio_etapa,2026-04-05T17:13:00,APP-00327>recibida,synthetic,SYN-020276
PEV-02416,VAC-0043,ORG-S1,postulacion_recibida,2026-04-06T22:18:00,APP-00324,synthetic,SYN-020277
PEV-02417,VAC-0043,ORG-S1,cambio_etapa,2026-04-06T22:18:00,APP-00324>recibida,synthetic,SYN-020278
PEV-02418,VAC-0043,ORG-S1,cambio_etapa,2026-04-07T00:13:00,APP-00327>evaluacion,synthetic,SYN-020279
PEV-02419,VAC-0043,ORG-S1,evaluacion_programada,2026-04-07T00:13:00,SES-00600,synthetic,SYN-020280
PEV-02420,VAC-0043,ORG-S1,cambio_etapa,2026-04-07T17:55:00,APP-00332>evaluacion,synthetic,SYN-020281
PEV-02421,VAC-0043,ORG-S1,evaluacion_programada,2026-04-07T17:55:00,SES-00608,synthetic,SYN-020282
PEV-02422,VAC-0043,ORG-S1,cambio_etapa,2026-04-07T21:59:00,APP-00328>evaluacion,synthetic,SYN-020283
PEV-02423,VAC-0043,ORG-S1,evaluacion_programada,2026-04-07T21:59:00,SES-00602,synthetic,SYN-020284
PEV-02424,VAC-0043,ORG-S1,postulacion_recibida,2026-04-08T01:58:00,APP-00325,synthetic,SYN-020285
PEV-02425,VAC-0043,ORG-S1,cambio_etapa,2026-04-08T01:58:00,APP-00325>recibida,synthetic,SYN-020286
PEV-02426,VAC-0043,ORG-S1,cambio_etapa,2026-04-08T12:04:00,APP-00334>descartada,synthetic,SYN-020287
PEV-02427,VAC-0043,ORG-S1,postulacion_recibida,2026-04-08T13:24:00,APP-00330,synthetic,SYN-020288
PEV-02428,VAC-0043,ORG-S1,cambio_etapa,2026-04-08T13:24:00,APP-00330>recibida,synthetic,SYN-020289
PEV-02429,VAC-0043,ORG-S1,cambio_etapa,2026-04-08T19:14:00,APP-00326>evaluacion,synthetic,SYN-020290
PEV-02430,VAC-0043,ORG-S1,evaluacion_programada,2026-04-08T19:14:00,SES-00599,synthetic,SYN-020291
PEV-02431,VAC-0043,ORG-S1,postulacion_recibida,2026-04-09T03:46:00,APP-00331,synthetic,SYN-020292
PEV-02432,VAC-0043,ORG-S1,cambio_etapa,2026-04-09T03:46:00,APP-00331>recibida,synthetic,SYN-020293
PEV-02433,VAC-0043,ORG-S1,cambio_etapa,2026-04-09T08:58:00,APP-00325>evaluacion,synthetic,SYN-020294
PEV-02434,VAC-0043,ORG-S1,evaluacion_programada,2026-04-09T08:58:00,SES-00597,synthetic,SYN-020295
PEV-02435,VAC-0043,ORG-S1,postulacion_recibida,2026-04-09T14:50:00,APP-00329,synthetic,SYN-020296
PEV-02436,VAC-0043,ORG-S1,cambio_etapa,2026-04-09T14:50:00,APP-00329>recibida,synthetic,SYN-020297
PEV-02437,VAC-0043,ORG-S1,evaluacion_programada,2026-04-10T05:18:00,SES-00595,synthetic,SYN-020298
PEV-02438,VAC-0043,ORG-S1,cambio_etapa,2026-04-10T10:46:00,APP-00331>evaluacion,synthetic,SYN-020299
PEV-02439,VAC-0043,ORG-S1,evaluacion_programada,2026-04-10T10:46:00,SES-00606,synthetic,SYN-020300
PEV-02440,VAC-0043,ORG-S1,cambio_etapa,2026-04-10T15:24:00,APP-00330>evaluacion,synthetic,SYN-020301
PEV-02441,VAC-0043,ORG-S1,evaluacion_programada,2026-04-10T15:24:00,SES-00605,synthetic,SYN-020302
PEV-02442,VAC-0043,ORG-S1,postulacion_recibida,2026-04-10T19:49:00,APP-00333,synthetic,SYN-020303
PEV-02443,VAC-0043,ORG-S1,cambio_etapa,2026-04-10T19:49:00,APP-00333>recibida,synthetic,SYN-020304
PEV-02444,VAC-0043,ORG-S1,cambio_etapa,2026-04-11T03:18:00,APP-00324>evaluacion,synthetic,SYN-020305
PEV-02445,VAC-0043,ORG-S1,evaluacion_programada,2026-04-11T03:18:00,SES-00594,synthetic,SYN-020306
PEV-02446,VAC-0043,ORG-S1,cambio_etapa,2026-04-12T00:49:00,APP-00333>descartada,synthetic,SYN-020307
PEV-02447,VAC-0043,ORG-S1,cambio_etapa,2026-04-12T14:50:00,APP-00329>evaluacion,synthetic,SYN-020308
PEV-02448,VAC-0043,ORG-S1,evaluacion_programada,2026-04-12T14:50:00,SES-00604,synthetic,SYN-020309
PEV-02449,VAC-0043,ORG-S1,cambio_etapa,2026-04-12T17:00:00,APP-00323>entrevista,synthetic,SYN-020310
PEV-02450,VAC-0043,ORG-S1,entrevista_programada,2026-04-12T17:00:00,SES-00593,synthetic,SYN-020311
PEV-02451,VAC-0043,ORG-S1,cambio_etapa,2026-04-13T14:00:00,APP-00324>entrevista,synthetic,SYN-020312
PEV-02452,VAC-0043,ORG-S1,entrevista_programada,2026-04-13T14:00:00,SES-00596,synthetic,SYN-020313
PEV-02453,VAC-0043,ORG-S1,evaluacion_realizada,2026-04-14T02:00:00,SES-00610,synthetic,SYN-020314
PEV-02454,VAC-0043,ORG-S1,cambio_etapa,2026-04-14T17:00:00,APP-00325>entrevista,synthetic,SYN-020315
PEV-02455,VAC-0043,ORG-S1,entrevista_programada,2026-04-14T17:00:00,SES-00598,synthetic,SYN-020316
PEV-02456,VAC-0043,ORG-S1,evaluacion_realizada,2026-04-15T00:14:00,SES-00599,synthetic,SYN-020317
PEV-02457,VAC-0043,ORG-S1,cambio_etapa,2026-04-15T17:00:00,APP-00328>entrevista,synthetic,SYN-020318
PEV-02458,VAC-0043,ORG-S1,entrevista_programada,2026-04-15T17:00:00,SES-00603,synthetic,SYN-020319
PEV-02459,VAC-0043,ORG-S1,cambio_etapa,2026-04-16T09:00:00,APP-00327>entrevista,synthetic,SYN-020320
PEV-02460,VAC-0043,ORG-S1,entrevista_programada,2026-04-16T09:00:00,SES-00601,synthetic,SYN-020321
PEV-02461,VAC-0043,ORG-S1,cambio_etapa,2026-04-17T17:00:00,APP-00331>entrevista,synthetic,SYN-020322
PEV-02462,VAC-0043,ORG-S1,entrevista_programada,2026-04-17T17:00:00,SES-00607,synthetic,SYN-020323
PEV-02463,VAC-0043,ORG-S1,evaluacion_realizada,2026-04-18T00:24:00,SES-00605,synthetic,SYN-020324
PEV-02464,VAC-0043,ORG-S1,evaluacion_realizada,2026-04-18T09:18:00,SES-00595,synthetic,SYN-020325
PEV-02465,VAC-0043,ORG-S1,cambio_etapa,2026-04-18T10:00:00,APP-00332>entrevista,synthetic,SYN-020326
PEV-02466,VAC-0043,ORG-S1,entrevista_programada,2026-04-18T10:00:00,SES-00609,synthetic,SYN-020327
PEV-02467,VAC-0043,ORG-S1,evaluacion_realizada,2026-04-18T20:55:00,SES-00608,synthetic,SYN-020328
PEV-02468,VAC-0043,ORG-S1,evaluacion_realizada,2026-04-19T14:46:00,SES-00606,synthetic,SYN-020329
PEV-02469,VAC-0043,ORG-S1,evaluacion_realizada,2026-04-19T14:58:00,SES-00597,synthetic,SYN-020330
PEV-02470,VAC-0043,ORG-S1,entrevista_realizada,2026-04-21T20:00:00,SES-00593,synthetic,SYN-020331
PEV-02471,VAC-0043,ORG-S1,entrevista_realizada,2026-04-21T22:00:00,SES-00596,synthetic,SYN-020332
PEV-02472,VAC-0043,ORG-S1,evaluacion_realizada,2026-04-22T13:18:00,SES-00594,synthetic,SYN-020333
PEV-02473,VAC-0043,ORG-S1,evaluacion_realizada,2026-04-23T06:59:00,SES-00602,synthetic,SYN-020334
PEV-02474,VAC-0043,ORG-S1,evaluacion_realizada,2026-04-25T19:50:00,SES-00604,synthetic,SYN-020335
PEV-02475,VAC-0043,ORG-S1,entrevista_realizada,2026-04-26T12:00:00,SES-00601,synthetic,SYN-020336
PEV-02476,VAC-0043,ORG-S1,entrevista_realizada,2026-04-26T22:00:00,SES-00603,synthetic,SYN-020337
PEV-02477,VAC-0043,ORG-S1,entrevista_realizada,2026-04-28T00:00:00,SES-00598,synthetic,SYN-020338
PEV-02478,VAC-0043,ORG-S1,entrevista_realizada,2026-05-01T03:00:00,SES-00607,synthetic,SYN-020339
PEV-02479,VAC-0043,ORG-S1,entrevista_realizada,2026-05-02T15:00:00,SES-00609,synthetic,SYN-020340
PEV-02480,VAC-0043,ORG-S1,vacante_cerrada,2026-05-09T19:00:00,,synthetic,SYN-020341
PEV-02481,VAC-0044,ORG-S2,vacante_publicada,2026-01-25T17:03:00,,synthetic,SYN-020342
PEV-02482,VAC-0044,ORG-S2,postulacion_recibida,2026-01-26T19:54:00,APP-00341,synthetic,SYN-020343
PEV-02483,VAC-0044,ORG-S2,cambio_etapa,2026-01-26T19:54:00,APP-00341>recibida,synthetic,SYN-020344
PEV-02484,VAC-0044,ORG-S2,cambio_etapa,2026-01-29T00:54:00,APP-00341>evaluacion,synthetic,SYN-020345
PEV-02485,VAC-0044,ORG-S2,evaluacion_programada,2026-01-29T00:54:00,SES-00622,synthetic,SYN-020346
PEV-02486,VAC-0044,ORG-S2,postulacion_recibida,2026-01-29T08:43:00,APP-00336,synthetic,SYN-020347
PEV-02487,VAC-0044,ORG-S2,cambio_etapa,2026-01-29T08:43:00,APP-00336>recibida,synthetic,SYN-020348
PEV-02488,VAC-0044,ORG-S2,postulacion_recibida,2026-01-30T00:35:00,APP-00344,synthetic,SYN-020349
PEV-02489,VAC-0044,ORG-S2,cambio_etapa,2026-01-30T00:35:00,APP-00344>recibida,synthetic,SYN-020350
PEV-02490,VAC-0044,ORG-S2,cambio_etapa,2026-02-01T14:43:00,APP-00336>evaluacion,synthetic,SYN-020351
PEV-02491,VAC-0044,ORG-S2,evaluacion_programada,2026-02-01T14:43:00,SES-00611,synthetic,SYN-020352
PEV-02492,VAC-0044,ORG-S2,cambio_etapa,2026-02-02T08:35:00,APP-00344>evaluacion,synthetic,SYN-020353
PEV-02493,VAC-0044,ORG-S2,evaluacion_programada,2026-02-02T08:35:00,SES-00627,synthetic,SYN-020354
PEV-02494,VAC-0044,ORG-S2,postulacion_recibida,2026-02-04T06:12:00,APP-00338,synthetic,SYN-020355
PEV-02495,VAC-0044,ORG-S2,cambio_etapa,2026-02-04T06:12:00,APP-00338>recibida,synthetic,SYN-020356
PEV-02496,VAC-0044,ORG-S2,postulacion_recibida,2026-02-05T11:00:00,APP-00343,synthetic,SYN-020357
PEV-02497,VAC-0044,ORG-S2,cambio_etapa,2026-02-05T11:00:00,APP-00343>recibida,synthetic,SYN-020358
PEV-02498,VAC-0044,ORG-S2,cambio_etapa,2026-02-06T10:12:00,APP-00338>evaluacion,synthetic,SYN-020359
PEV-02499,VAC-0044,ORG-S2,evaluacion_programada,2026-02-06T10:12:00,SES-00615,synthetic,SYN-020360
PEV-02500,VAC-0044,ORG-S2,postulacion_recibida,2026-02-08T02:48:00,APP-00337,synthetic,SYN-020361
PEV-02501,VAC-0044,ORG-S2,cambio_etapa,2026-02-08T02:48:00,APP-00337>recibida,synthetic,SYN-020362
PEV-02502,VAC-0044,ORG-S2,postulacion_recibida,2026-02-08T04:35:00,APP-00340,synthetic,SYN-020363
PEV-02503,VAC-0044,ORG-S2,cambio_etapa,2026-02-08T04:35:00,APP-00340>recibida,synthetic,SYN-020364
PEV-02504,VAC-0044,ORG-S2,evaluacion_programada,2026-02-08T08:12:00,SES-00616,synthetic,SYN-020365
PEV-02505,VAC-0044,ORG-S2,postulacion_recibida,2026-02-09T17:58:00,APP-00339,synthetic,SYN-020366
PEV-02506,VAC-0044,ORG-S2,cambio_etapa,2026-02-09T17:58:00,APP-00339>recibida,synthetic,SYN-020367
PEV-02507,VAC-0044,ORG-S2,cambio_etapa,2026-02-10T17:00:00,APP-00343>evaluacion,synthetic,SYN-020368
PEV-02508,VAC-0044,ORG-S2,evaluacion_programada,2026-02-10T17:00:00,SES-00626,synthetic,SYN-020369
PEV-02509,VAC-0044,ORG-S2,cambio_etapa,2026-02-10T17:58:00,APP-00339>evaluacion,synthetic,SYN-020370
PEV-02510,VAC-0044,ORG-S2,evaluacion_programada,2026-02-10T17:58:00,SES-00618,synthetic,SYN-020371
PEV-02511,VAC-0044,ORG-S2,postulacion_recibida,2026-02-11T07:06:00,APP-00342,synthetic,SYN-020372
PEV-02512,VAC-0044,ORG-S2,cambio_etapa,2026-02-11T07:06:00,APP-00342>recibida,synthetic,SYN-020373
PEV-02513,VAC-0044,ORG-S2,cambio_etapa,2026-02-13T02:48:00,APP-00337>evaluacion,synthetic,SYN-020374
PEV-02514,VAC-0044,ORG-S2,evaluacion_programada,2026-02-13T02:48:00,SES-00613,synthetic,SYN-020375
PEV-02515,VAC-0044,ORG-S2,evaluacion_realizada,2026-02-13T05:00:00,SES-00616,synthetic,SYN-020376
PEV-02516,VAC-0044,ORG-S2,cambio_etapa,2026-02-13T12:35:00,APP-00340>evaluacion,synthetic,SYN-020377
PEV-02517,VAC-0044,ORG-S2,evaluacion_programada,2026-02-13T12:35:00,SES-00620,synthetic,SYN-020378
PEV-02518,VAC-0044,ORG-S2,cambio_etapa,2026-02-13T14:00:00,APP-00341>entrevista,synthetic,SYN-020379
PEV-02519,VAC-0044,ORG-S2,entrevista_programada,2026-02-13T14:00:00,SES-00623,synthetic,SYN-020380
PEV-02520,VAC-0044,ORG-S2,cambio_etapa,2026-02-13T17:00:00,APP-00338>entrevista,synthetic,SYN-020381
PEV-02521,VAC-0044,ORG-S2,entrevista_programada,2026-02-13T17:00:00,SES-00617,synthetic,SYN-020382
PEV-02522,VAC-0044,ORG-S2,evaluacion_realizada,2026-02-14T01:58:00,SES-00618,synthetic,SYN-020383
PEV-02523,VAC-0044,ORG-S2,evaluacion_realizada,2026-02-14T04:00:00,SES-00622,synthetic,SYN-020384
PEV-02524,VAC-0044,ORG-S2,cambio_etapa,2026-02-14T12:00:00,APP-00340>entrevista,synthetic,SYN-020385
PEV-02525,VAC-0044,ORG-S2,entrevista_programada,2026-02-14T12:00:00,SES-00621,synthetic,SYN-020386
PEV-02526,VAC-0044,ORG-S2,evaluacion_realizada,2026-02-15T01:00:00,SES-00611,synthetic,SYN-020387
PEV-02527,VAC-0044,ORG-S2,cambio_etapa,2026-02-15T12:00:00,APP-00336>entrevista,synthetic,SYN-020388
PEV-02528,VAC-0044,ORG-S2,entrevista_programada,2026-02-15T12:00:00,SES-00612,synthetic,SYN-020389
PEV-02529,VAC-0044,ORG-S2,evaluacion_realizada,2026-02-15T17:35:00,SES-00627,synthetic,SYN-020390
PEV-02530,VAC-0044,ORG-S2,cambio_etapa,2026-02-16T15:06:00,APP-00342>evaluacion,synthetic,SYN-020391
PEV-02531,VAC-0044,ORG-S2,evaluacion_programada,2026-02-16T15:06:00,SES-00624,synthetic,SYN-020392
PEV-02532,VAC-0044,ORG-S2,cambio_etapa,2026-02-17T14:00:00,APP-00342>entrevista,synthetic,SYN-020393
PEV-02533,VAC-0044,ORG-S2,entrevista_programada,2026-02-17T14:00:00,SES-00625,synthetic,SYN-020394
PEV-02534,VAC-0044,ORG-S2,cambio_etapa,2026-02-17T17:00:00,APP-00339>entrevista,synthetic,SYN-020395
PEV-02535,VAC-0044,ORG-S2,entrevista_programada,2026-02-17T17:00:00,SES-00619,synthetic,SYN-020396
PEV-02536,VAC-0044,ORG-S2,evaluacion_realizada,2026-02-17T18:12:00,SES-00615,synthetic,SYN-020397
PEV-02537,VAC-0044,ORG-S2,cambio_etapa,2026-02-18T17:00:00,APP-00337>entrevista,synthetic,SYN-020398
PEV-02538,VAC-0044,ORG-S2,entrevista_programada,2026-02-18T17:00:00,SES-00614,synthetic,SYN-020399
PEV-02539,VAC-0044,ORG-S2,entrevista_realizada,2026-02-21T16:00:00,SES-00621,synthetic,SYN-020400
PEV-02540,VAC-0044,ORG-S2,evaluacion_realizada,2026-02-24T16:35:00,SES-00620,synthetic,SYN-020401
PEV-02541,VAC-0044,ORG-S2,entrevista_realizada,2026-02-24T20:00:00,SES-00617,synthetic,SYN-020402
PEV-02542,VAC-0044,ORG-S2,evaluacion_realizada,2026-02-25T10:48:00,SES-00613,synthetic,SYN-020403
PEV-02543,VAC-0044,ORG-S2,entrevista_realizada,2026-02-25T19:00:00,SES-00612,synthetic,SYN-020404
PEV-02544,VAC-0044,ORG-S2,entrevista_realizada,2026-02-27T18:00:00,SES-00625,synthetic,SYN-020405
PEV-02545,VAC-0044,ORG-S2,entrevista_realizada,2026-02-27T23:00:00,SES-00614,synthetic,SYN-020406
PEV-02546,VAC-0044,ORG-S2,entrevista_realizada,2026-02-28T21:00:00,SES-00619,synthetic,SYN-020407
PEV-02547,VAC-0044,ORG-S2,evaluacion_realizada,2026-03-02T17:06:00,SES-00624,synthetic,SYN-020408
PEV-02548,VAC-0044,ORG-S2,vacante_cerrada,2026-03-08T23:06:00,,synthetic,SYN-020409
PEV-02549,VAC-0045,ORG-S3,vacante_publicada,2026-08-11T16:44:00,,synthetic,SYN-020410
PEV-02550,VAC-0045,ORG-S3,postulacion_recibida,2026-08-11T20:45:00,APP-00345,synthetic,SYN-020411
PEV-02551,VAC-0045,ORG-S3,cambio_etapa,2026-08-11T20:45:00,APP-00345>recibida,synthetic,SYN-020412
PEV-02552,VAC-0045,ORG-S3,postulacion_recibida,2026-08-12T08:35:00,APP-00354,synthetic,SYN-020413
PEV-02553,VAC-0045,ORG-S3,cambio_etapa,2026-08-12T08:35:00,APP-00354>recibida,synthetic,SYN-020414
PEV-02554,VAC-0045,ORG-S3,postulacion_recibida,2026-08-12T21:43:00,APP-00353,synthetic,SYN-020415
PEV-02555,VAC-0045,ORG-S3,cambio_etapa,2026-08-12T21:43:00,APP-00353>recibida,synthetic,SYN-020416
PEV-02556,VAC-0045,ORG-S3,postulacion_recibida,2026-08-13T08:50:00,APP-00355,synthetic,SYN-020417
PEV-02557,VAC-0045,ORG-S3,cambio_etapa,2026-08-13T08:50:00,APP-00355>recibida,synthetic,SYN-020418
PEV-02558,VAC-0045,ORG-S3,postulacion_recibida,2026-08-13T22:15:00,APP-00356,synthetic,SYN-020419
PEV-02559,VAC-0045,ORG-S3,cambio_etapa,2026-08-13T22:15:00,APP-00356>recibida,synthetic,SYN-020420
PEV-02560,VAC-0045,ORG-S3,postulacion_recibida,2026-08-13T23:35:00,APP-00347,synthetic,SYN-020421
PEV-02561,VAC-0045,ORG-S3,cambio_etapa,2026-08-13T23:35:00,APP-00347>recibida,synthetic,SYN-020422
PEV-02562,VAC-0045,ORG-S3,cambio_etapa,2026-08-14T09:35:00,APP-00354>evaluacion,synthetic,SYN-020423
PEV-02563,VAC-0045,ORG-S3,evaluacion_programada,2026-08-14T09:35:00,SES-00645,synthetic,SYN-020424
PEV-02564,VAC-0045,ORG-S3,cambio_etapa,2026-08-15T03:15:00,APP-00356>evaluacion,synthetic,SYN-020425
PEV-02565,VAC-0045,ORG-S3,evaluacion_programada,2026-08-15T03:15:00,SES-00648,synthetic,SYN-020426
PEV-02566,VAC-0045,ORG-S3,cambio_etapa,2026-08-16T01:45:00,APP-00345>evaluacion,synthetic,SYN-020427
PEV-02567,VAC-0045,ORG-S3,evaluacion_programada,2026-08-16T01:45:00,SES-00628,synthetic,SYN-020428
PEV-02568,VAC-0045,ORG-S3,postulacion_recibida,2026-08-16T12:38:00,APP-00352,synthetic,SYN-020429
PEV-02569,VAC-0045,ORG-S3,cambio_etapa,2026-08-16T12:38:00,APP-00352>recibida,synthetic,SYN-020430
PEV-02570,VAC-0045,ORG-S3,cambio_etapa,2026-08-16T13:50:00,APP-00355>evaluacion,synthetic,SYN-020431
PEV-02571,VAC-0045,ORG-S3,evaluacion_programada,2026-08-16T13:50:00,SES-00647,synthetic,SYN-020432
PEV-02572,VAC-0045,ORG-S3,cambio_etapa,2026-08-17T00:35:00,APP-00347>evaluacion,synthetic,SYN-020433
PEV-02573,VAC-0045,ORG-S3,evaluacion_programada,2026-08-17T00:35:00,SES-00632,synthetic,SYN-020434
PEV-02574,VAC-0045,ORG-S3,cambio_etapa,2026-08-17T23:43:00,APP-00353>evaluacion,synthetic,SYN-020435
PEV-02575,VAC-0045,ORG-S3,evaluacion_programada,2026-08-17T23:43:00,SES-00643,synthetic,SYN-020436
PEV-02576,VAC-0045,ORG-S3,postulacion_recibida,2026-08-18T05:28:00,APP-00346,synthetic,SYN-020437
PEV-02577,VAC-0045,ORG-S3,cambio_etapa,2026-08-18T05:28:00,APP-00346>recibida,synthetic,SYN-020438
PEV-02578,VAC-0045,ORG-S3,postulacion_recibida,2026-08-18T07:09:00,APP-00349,synthetic,SYN-020439
PEV-02579,VAC-0045,ORG-S3,cambio_etapa,2026-08-18T07:09:00,APP-00349>recibida,synthetic,SYN-020440
PEV-02580,VAC-0045,ORG-S3,postulacion_recibida,2026-08-18T09:15:00,APP-00350,synthetic,SYN-020441
PEV-02581,VAC-0045,ORG-S3,cambio_etapa,2026-08-18T09:15:00,APP-00350>recibida,synthetic,SYN-020442
PEV-02582,VAC-0045,ORG-S3,postulacion_recibida,2026-08-18T19:39:00,APP-00348,synthetic,SYN-020443
PEV-02583,VAC-0045,ORG-S3,cambio_etapa,2026-08-18T19:39:00,APP-00348>recibida,synthetic,SYN-020444
PEV-02584,VAC-0045,ORG-S3,postulacion_recibida,2026-08-18T22:19:00,APP-00351,synthetic,SYN-020445
PEV-02585,VAC-0045,ORG-S3,cambio_etapa,2026-08-18T22:19:00,APP-00351>recibida,synthetic,SYN-020446
PEV-02586,VAC-0045,ORG-S3,cambio_etapa,2026-08-19T12:09:00,APP-00349>evaluacion,synthetic,SYN-020447
PEV-02587,VAC-0045,ORG-S3,evaluacion_programada,2026-08-19T12:09:00,SES-00636,synthetic,SYN-020448
PEV-02588,VAC-0045,ORG-S3,cambio_etapa,2026-08-19T19:38:00,APP-00352>evaluacion,synthetic,SYN-020449
PEV-02589,VAC-0045,ORG-S3,evaluacion_programada,2026-08-19T19:38:00,SES-00641,synthetic,SYN-020450
PEV-02590,VAC-0045,ORG-S3,cambio_etapa,2026-08-20T03:19:00,APP-00351>evaluacion,synthetic,SYN-020451
PEV-02591,VAC-0045,ORG-S3,evaluacion_programada,2026-08-20T03:19:00,SES-00639,synthetic,SYN-020452
PEV-02592,VAC-0045,ORG-S3,cambio_etapa,2026-08-20T15:15:00,APP-00350>evaluacion,synthetic,SYN-020453
PEV-02593,VAC-0045,ORG-S3,evaluacion_programada,2026-08-20T15:15:00,SES-00637,synthetic,SYN-020454
PEV-02594,VAC-0045,ORG-S3,cambio_etapa,2026-08-20T23:39:00,APP-00348>evaluacion,synthetic,SYN-020455
PEV-02595,VAC-0045,ORG-S3,evaluacion_programada,2026-08-20T23:39:00,SES-00634,synthetic,SYN-020456
PEV-02596,VAC-0045,ORG-S3,cambio_etapa,2026-08-21T09:00:00,APP-00348>entrevista,synthetic,SYN-020457
PEV-02597,VAC-0045,ORG-S3,entrevista_programada,2026-08-21T09:00:00,SES-00635,synthetic,SYN-020458
PEV-02598,VAC-0045,ORG-S3,cambio_etapa,2026-08-22T09:28:00,APP-00346>evaluacion,synthetic,SYN-020459
PEV-02599,VAC-0045,ORG-S3,evaluacion_programada,2026-08-22T09:28:00,SES-00630,synthetic,SYN-020460
PEV-02600,VAC-0045,ORG-S3,cambio_etapa,2026-08-22T10:00:00,APP-00351>entrevista,synthetic,SYN-020461
PEV-02601,VAC-0045,ORG-S3,entrevista_programada,2026-08-22T10:00:00,SES-00640,synthetic,SYN-020462
PEV-02602,VAC-0045,ORG-S3,cambio_etapa,2026-08-22T12:00:00,APP-00352>entrevista,synthetic,SYN-020463
PEV-02603,VAC-0045,ORG-S3,entrevista_programada,2026-08-22T12:00:00,SES-00642,synthetic,SYN-020464
PEV-02604,VAC-0045,ORG-S3,cambio_etapa,2026-08-22T14:00:00,APP-00356>entrevista,synthetic,SYN-020465
PEV-02605,VAC-0045,ORG-S3,entrevista_programada,2026-08-22T14:00:00,SES-00649,synthetic,SYN-020466
PEV-02606,VAC-0045,ORG-S3,cambio_etapa,2026-08-23T14:00:00,APP-00353>entrevista,synthetic,SYN-020467
PEV-02607,VAC-0045,ORG-S3,entrevista_programada,2026-08-23T14:00:00,SES-00644,synthetic,SYN-020468
PEV-02608,VAC-0045,ORG-S3,cambio_etapa,2026-08-23T16:00:00,APP-00347>entrevista,synthetic,SYN-020469
PEV-02609,VAC-0045,ORG-S3,entrevista_programada,2026-08-23T16:00:00,SES-00633,synthetic,SYN-020470
PEV-02610,VAC-0045,ORG-S3,cambio_etapa,2026-08-25T12:00:00,APP-00350>entrevista,synthetic,SYN-020471
PEV-02611,VAC-0045,ORG-S3,entrevista_programada,2026-08-25T12:00:00,SES-00638,synthetic,SYN-020472
PEV-02612,VAC-0045,ORG-S3,cambio_etapa,2026-08-26T11:00:00,APP-00354>entrevista,synthetic,SYN-020473
PEV-02613,VAC-0045,ORG-S3,entrevista_programada,2026-08-26T11:00:00,SES-00646,synthetic,SYN-020474
PEV-02614,VAC-0045,ORG-S3,cambio_etapa,2026-08-26T13:00:00,APP-00346>entrevista,synthetic,SYN-020475
PEV-02615,VAC-0045,ORG-S3,entrevista_programada,2026-08-26T13:00:00,SES-00631,synthetic,SYN-020476
PEV-02616,VAC-0045,ORG-S3,evaluacion_realizada,2026-08-26T13:15:00,SES-00648,synthetic,SYN-020477
PEV-02617,VAC-0045,ORG-S3,cambio_etapa,2026-08-26T14:00:00,APP-00345>entrevista,synthetic,SYN-020478
PEV-02618,VAC-0045,ORG-S3,entrevista_programada,2026-08-26T14:00:00,SES-00629,synthetic,SYN-020479
PEV-02619,VAC-0045,ORG-S3,evaluacion_realizada,2026-08-28T01:38:00,SES-00641,synthetic,SYN-020480
PEV-02620,VAC-0045,ORG-S3,evaluacion_realizada,2026-08-28T18:15:00,SES-00637,synthetic,SYN-020481
PEV-02621,VAC-0045,ORG-S3,evaluacion_realizada,2026-08-29T14:28:00,SES-00630,synthetic,SYN-020482
PEV-02622,VAC-0045,ORG-S3,evaluacion_realizada,2026-08-29T15:35:00,SES-00645,synthetic,SYN-020483
PEV-02623,VAC-0045,ORG-S3,evaluacion_realizada,2026-08-30T10:19:00,SES-00639,synthetic,SYN-020484
PEV-02624,VAC-0045,ORG-S3,entrevista_realizada,2026-08-30T16:00:00,SES-00635,synthetic,SYN-020485
PEV-02625,VAC-0045,ORG-S3,evaluacion_realizada,2026-08-30T22:50:00,SES-00647,synthetic,SYN-020486
PEV-02626,VAC-0045,ORG-S3,evaluacion_realizada,2026-08-31T08:45:00,SES-00628,synthetic,SYN-020487
PEV-02627,VAC-0045,ORG-S3,entrevista_realizada,2026-09-01T16:00:00,SES-00642,synthetic,SYN-020488
PEV-02628,VAC-0045,ORG-S3,entrevista_realizada,2026-09-01T21:00:00,SES-00633,synthetic,SYN-020489
PEV-02629,VAC-0045,ORG-S3,entrevista_realizada,2026-09-02T16:00:00,SES-00640,synthetic,SYN-020490
PEV-02630,VAC-0045,ORG-S3,entrevista_realizada,2026-09-02T21:00:00,SES-00649,synthetic,SYN-020491
PEV-02631,VAC-0045,ORG-S3,evaluacion_realizada,2026-09-03T19:09:00,SES-00636,synthetic,SYN-020492
PEV-02632,VAC-0045,ORG-S3,evaluacion_realizada,2026-09-05T08:43:00,SES-00643,synthetic,SYN-020493
PEV-02633,VAC-0045,ORG-S3,evaluacion_realizada,2026-09-06T08:39:00,SES-00634,synthetic,SYN-020494
PEV-02634,VAC-0045,ORG-S3,entrevista_realizada,2026-09-09T14:00:00,SES-00638,synthetic,SYN-020495
PEV-02635,VAC-0045,ORG-S3,entrevista_realizada,2026-09-09T17:00:00,SES-00644,synthetic,SYN-020496
PEV-02636,VAC-0045,ORG-S3,entrevista_realizada,2026-09-10T14:00:00,SES-00646,synthetic,SYN-020497
PEV-02637,VAC-0045,ORG-S3,entrevista_realizada,2026-09-12T21:00:00,SES-00629,synthetic,SYN-020498
PEV-02638,VAC-0045,ORG-S3,entrevista_realizada,2026-09-13T17:00:00,SES-00631,synthetic,SYN-020499
PEV-02639,VAC-0045,ORG-S3,vacante_cerrada,2026-09-20T19:00:00,,synthetic,SYN-020500
PEV-02640,VAC-0046,ORG-S1,vacante_publicada,2026-06-30T09:14:00,,synthetic,SYN-020501
PEV-02641,VAC-0046,ORG-S1,postulacion_recibida,2026-06-30T12:31:00,APP-00360,synthetic,SYN-020502
PEV-02642,VAC-0046,ORG-S1,cambio_etapa,2026-06-30T12:31:00,APP-00360>recibida,synthetic,SYN-020503
PEV-02643,VAC-0046,ORG-S1,cambio_etapa,2026-07-04T18:31:00,APP-00360>descartada,synthetic,SYN-020504
PEV-02644,VAC-0046,ORG-S1,postulacion_recibida,2026-07-06T00:38:00,APP-00363,synthetic,SYN-020505
PEV-02645,VAC-0046,ORG-S1,cambio_etapa,2026-07-06T00:38:00,APP-00363>recibida,synthetic,SYN-020506
PEV-02646,VAC-0046,ORG-S1,postulacion_recibida,2026-07-06T10:27:00,APP-00357,synthetic,SYN-020507
PEV-02647,VAC-0046,ORG-S1,cambio_etapa,2026-07-06T10:27:00,APP-00357>recibida,synthetic,SYN-020508
PEV-02648,VAC-0046,ORG-S1,cambio_etapa,2026-07-08T05:38:00,APP-00363>evaluacion,synthetic,SYN-020509
PEV-02649,VAC-0046,ORG-S1,evaluacion_programada,2026-07-08T05:38:00,SES-00659,synthetic,SYN-020510
PEV-02650,VAC-0046,ORG-S1,postulacion_recibida,2026-07-08T10:57:00,APP-00362,synthetic,SYN-020511
PEV-02651,VAC-0046,ORG-S1,cambio_etapa,2026-07-08T10:57:00,APP-00362>recibida,synthetic,SYN-020512
PEV-02652,VAC-0046,ORG-S1,cambio_etapa,2026-07-10T10:27:00,APP-00357>evaluacion,synthetic,SYN-020513
PEV-02653,VAC-0046,ORG-S1,evaluacion_programada,2026-07-10T10:27:00,SES-00650,synthetic,SYN-020514
PEV-02654,VAC-0046,ORG-S1,postulacion_recibida,2026-07-11T14:15:00,APP-00359,synthetic,SYN-020515
PEV-02655,VAC-0046,ORG-S1,cambio_etapa,2026-07-11T14:15:00,APP-00359>recibida,synthetic,SYN-020516
PEV-02656,VAC-0046,ORG-S1,postulacion_recibida,2026-07-12T00:35:00,APP-00358,synthetic,SYN-020517
PEV-02657,VAC-0046,ORG-S1,cambio_etapa,2026-07-12T00:35:00,APP-00358>recibida,synthetic,SYN-020518
PEV-02658,VAC-0046,ORG-S1,cambio_etapa,2026-07-13T12:57:00,APP-00362>evaluacion,synthetic,SYN-020519
PEV-02659,VAC-0046,ORG-S1,evaluacion_programada,2026-07-13T12:57:00,SES-00657,synthetic,SYN-020520
PEV-02660,VAC-0046,ORG-S1,cambio_etapa,2026-07-16T07:35:00,APP-00358>evaluacion,synthetic,SYN-020521
PEV-02661,VAC-0046,ORG-S1,evaluacion_programada,2026-07-16T07:35:00,SES-00652,synthetic,SYN-020522
PEV-02662,VAC-0046,ORG-S1,postulacion_recibida,2026-07-17T22:47:00,APP-00361,synthetic,SYN-020523
PEV-02663,VAC-0046,ORG-S1,cambio_etapa,2026-07-17T22:47:00,APP-00361>recibida,synthetic,SYN-020524
PEV-02664,VAC-0046,ORG-S1,cambio_etapa,2026-07-20T00:00:00,APP-00359>evaluacion,synthetic,SYN-020525
PEV-02665,VAC-0046,ORG-S1,evaluacion_programada,2026-07-20T00:00:00,SES-00654,synthetic,SYN-020526
PEV-02666,VAC-0046,ORG-S1,cambio_etapa,2026-07-20T10:00:00,APP-00362>entrevista,synthetic,SYN-020527
PEV-02667,VAC-0046,ORG-S1,entrevista_programada,2026-07-20T10:00:00,SES-00658,synthetic,SYN-020528
PEV-02668,VAC-0046,ORG-S1,cambio_etapa,2026-07-20T14:00:00,APP-00357>entrevista,synthetic,SYN-020529
PEV-02669,VAC-0046,ORG-S1,cambio_etapa,2026-07-20T14:00:00,APP-00363>entrevista,synthetic,SYN-020530
PEV-02670,VAC-0046,ORG-S1,entrevista_programada,2026-07-20T14:00:00,SES-00651,synthetic,SYN-020531
PEV-02671,VAC-0046,ORG-S1,entrevista_programada,2026-07-20T14:00:00,SES-00660,synthetic,SYN-020532
PEV-02672,VAC-0046,ORG-S1,evaluacion_realizada,2026-07-22T18:57:00,SES-00657,synthetic,SYN-020533
PEV-02673,VAC-0046,ORG-S1,cambio_etapa,2026-07-22T23:47:00,APP-00361>evaluacion,synthetic,SYN-020534
PEV-02674,VAC-0046,ORG-S1,evaluacion_programada,2026-07-22T23:47:00,SES-00656,synthetic,SYN-020535
PEV-02675,VAC-0046,ORG-S1,evaluacion_realizada,2026-07-24T04:00:00,SES-00659,synthetic,SYN-020536
PEV-02676,VAC-0046,ORG-S1,cambio_etapa,2026-07-24T17:00:00,APP-00358>entrevista,synthetic,SYN-020537
PEV-02677,VAC-0046,ORG-S1,entrevista_programada,2026-07-24T17:00:00,SES-00653,synthetic,SYN-020538
PEV-02678,VAC-0046,ORG-S1,cambio_etapa,2026-07-25T11:00:00,APP-00359>entrevista,synthetic,SYN-020539
PEV-02679,VAC-0046,ORG-S1,entrevista_programada,2026-07-25T11:00:00,SES-00655,synthetic,SYN-020540
PEV-02680,VAC-0046,ORG-S1,evaluacion_realizada,2026-07-27T12:27:00,SES-00650,synthetic,SYN-020541
PEV-02681,VAC-0046,ORG-S1,entrevista_realizada,2026-07-28T16:00:00,SES-00658,synthetic,SYN-020542
PEV-02682,VAC-0046,ORG-S1,entrevista_realizada,2026-07-29T23:00:00,SES-00651,synthetic,SYN-020543
PEV-02683,VAC-0046,ORG-S1,entrevista_realizada,2026-07-31T21:00:00,SES-00660,synthetic,SYN-020544
PEV-02684,VAC-0046,ORG-S1,evaluacion_realizada,2026-08-02T04:00:00,SES-00654,synthetic,SYN-020545
PEV-02685,VAC-0046,ORG-S1,evaluacion_realizada,2026-08-02T17:35:00,SES-00652,synthetic,SYN-020546
PEV-02686,VAC-0046,ORG-S1,evaluacion_realizada,2026-08-03T04:47:00,SES-00656,synthetic,SYN-020547
PEV-02687,VAC-0046,ORG-S1,entrevista_realizada,2026-08-04T00:00:00,SES-00653,synthetic,SYN-020548
PEV-02688,VAC-0046,ORG-S1,entrevista_realizada,2026-08-05T19:00:00,SES-00655,synthetic,SYN-020549
PEV-02689,VAC-0046,ORG-S1,vacante_cerrada,2026-08-11T20:00:00,,synthetic,SYN-020550
PEV-02690,VAC-0047,ORG-S2,vacante_publicada,2026-07-14T17:07:00,,synthetic,SYN-020551
PEV-02691,VAC-0047,ORG-S2,postulacion_recibida,2026-07-15T12:44:00,APP-00366,synthetic,SYN-020552
PEV-02692,VAC-0047,ORG-S2,cambio_etapa,2026-07-15T12:44:00,APP-00366>recibida,synthetic,SYN-020553
PEV-02693,VAC-0047,ORG-S2,postulacion_recibida,2026-07-16T12:10:00,APP-00365,synthetic,SYN-020554
PEV-02694,VAC-0047,ORG-S2,cambio_etapa,2026-07-16T12:10:00,APP-00365>recibida,synthetic,SYN-020555
PEV-02695,VAC-0047,ORG-S2,postulacion_recibida,2026-07-16T12:26:00,APP-00368,synthetic,SYN-020556
PEV-02696,VAC-0047,ORG-S2,cambio_etapa,2026-07-16T12:26:00,APP-00368>recibida,synthetic,SYN-020557
PEV-02697,VAC-0047,ORG-S2,cambio_etapa,2026-07-16T20:44:00,APP-00366>evaluacion,synthetic,SYN-020558
PEV-02698,VAC-0047,ORG-S2,evaluacion_programada,2026-07-16T20:44:00,SES-00664,synthetic,SYN-020559
PEV-02699,VAC-0047,ORG-S2,cambio_etapa,2026-07-17T19:10:00,APP-00365>evaluacion,synthetic,SYN-020560
PEV-02700,VAC-0047,ORG-S2,evaluacion_programada,2026-07-17T19:10:00,SES-00662,synthetic,SYN-020561
PEV-02701,VAC-0047,ORG-S2,cambio_etapa,2026-07-21T17:26:00,APP-00368>evaluacion,synthetic,SYN-020562
PEV-02702,VAC-0047,ORG-S2,evaluacion_programada,2026-07-21T17:26:00,SES-00667,synthetic,SYN-020563
PEV-02703,VAC-0047,ORG-S2,postulacion_recibida,2026-07-22T15:05:00,APP-00367,synthetic,SYN-020564
PEV-02704,VAC-0047,ORG-S2,cambio_etapa,2026-07-22T15:05:00,APP-00367>recibida,synthetic,SYN-020565
PEV-02705,VAC-0047,ORG-S2,postulacion_recibida,2026-07-23T01:57:00,APP-00373,synthetic,SYN-020566
PEV-02706,VAC-0047,ORG-S2,cambio_etapa,2026-07-23T01:57:00,APP-00373>recibida,synthetic,SYN-020567
PEV-02707,VAC-0047,ORG-S2,postulacion_recibida,2026-07-23T04:32:00,APP-00369,synthetic,SYN-020568
PEV-02708,VAC-0047,ORG-S2,cambio_etapa,2026-07-23T04:32:00,APP-00369>recibida,synthetic,SYN-020569
PEV-02709,VAC-0047,ORG-S2,postulacion_recibida,2026-07-23T07:18:00,APP-00371,synthetic,SYN-020570
PEV-02710,VAC-0047,ORG-S2,cambio_etapa,2026-07-23T07:18:00,APP-00371>recibida,synthetic,SYN-020571
PEV-02711,VAC-0047,ORG-S2,cambio_etapa,2026-07-23T19:05:00,APP-00367>evaluacion,synthetic,SYN-020572
PEV-02712,VAC-0047,ORG-S2,evaluacion_programada,2026-07-23T19:05:00,SES-00665,synthetic,SYN-020573
PEV-02713,VAC-0047,ORG-S2,postulacion_recibida,2026-07-24T05:39:00,APP-00370,synthetic,SYN-020574
PEV-02714,VAC-0047,ORG-S2,cambio_etapa,2026-07-24T05:39:00,APP-00370>recibida,synthetic,SYN-020575
PEV-02715,VAC-0047,ORG-S2,postulacion_recibida,2026-07-25T04:52:00,APP-00374,synthetic,SYN-020576
PEV-02716,VAC-0047,ORG-S2,cambio_etapa,2026-07-25T04:52:00,APP-00374>recibida,synthetic,SYN-020577
PEV-02717,VAC-0047,ORG-S2,cambio_etapa,2026-07-25T06:39:00,APP-00370>evaluacion,synthetic,SYN-020578
PEV-02718,VAC-0047,ORG-S2,evaluacion_programada,2026-07-25T06:39:00,SES-00670,synthetic,SYN-020579
PEV-02719,VAC-0047,ORG-S2,postulacion_recibida,2026-07-25T23:28:00,APP-00364,synthetic,SYN-020580
PEV-02720,VAC-0047,ORG-S2,cambio_etapa,2026-07-25T23:28:00,APP-00364>recibida,synthetic,SYN-020581
PEV-02721,VAC-0047,ORG-S2,cambio_etapa,2026-07-26T05:52:00,APP-00374>evaluacion,synthetic,SYN-020582
PEV-02722,VAC-0047,ORG-S2,evaluacion_programada,2026-07-26T05:52:00,SES-00677,synthetic,SYN-020583
PEV-02723,VAC-0047,ORG-S2,postulacion_recibida,2026-07-26T13:15:00,APP-00375,synthetic,SYN-020584
PEV-02724,VAC-0047,ORG-S2,cambio_etapa,2026-07-26T13:15:00,APP-00375>recibida,synthetic,SYN-020585
PEV-02725,VAC-0047,ORG-S2,cambio_etapa,2026-07-27T04:32:00,APP-00369>evaluacion,synthetic,SYN-020586
PEV-02726,VAC-0047,ORG-S2,evaluacion_programada,2026-07-27T04:32:00,SES-00668,synthetic,SYN-020587
PEV-02727,VAC-0047,ORG-S2,cambio_etapa,2026-07-27T06:57:00,APP-00373>evaluacion,synthetic,SYN-020588
PEV-02728,VAC-0047,ORG-S2,evaluacion_programada,2026-07-27T06:57:00,SES-00675,synthetic,SYN-020589
PEV-02729,VAC-0047,ORG-S2,postulacion_recibida,2026-07-27T23:21:00,APP-00372,synthetic,SYN-020590
PEV-02730,VAC-0047,ORG-S2,cambio_etapa,2026-07-27T23:21:00,APP-00372>recibida,synthetic,SYN-020591
PEV-02731,VAC-0047,ORG-S2,cambio_etapa,2026-07-28T06:28:00,APP-00364>evaluacion,synthetic,SYN-020592
PEV-02732,VAC-0047,ORG-S2,evaluacion_programada,2026-07-28T06:28:00,SES-00661,synthetic,SYN-020593
PEV-02733,VAC-0047,ORG-S2,cambio_etapa,2026-07-28T11:18:00,APP-00371>evaluacion,synthetic,SYN-020594
PEV-02734,VAC-0047,ORG-S2,evaluacion_programada,2026-07-28T11:18:00,SES-00673,synthetic,SYN-020595
PEV-02735,VAC-0047,ORG-S2,evaluacion_programada,2026-07-28T11:39:00,SES-00671,synthetic,SYN-020596
PEV-02736,VAC-0047,ORG-S2,cambio_etapa,2026-07-28T15:15:00,APP-00375>evaluacion,synthetic,SYN-020597
PEV-02737,VAC-0047,ORG-S2,evaluacion_programada,2026-07-28T15:15:00,SES-00679,synthetic,SYN-020598
PEV-02738,VAC-0047,ORG-S2,cambio_etapa,2026-07-30T14:00:00,APP-00373>entrevista,synthetic,SYN-020599
PEV-02739,VAC-0047,ORG-S2,entrevista_programada,2026-07-30T14:00:00,SES-00676,synthetic,SYN-020600
PEV-02740,VAC-0047,ORG-S2,cambio_etapa,2026-07-31T04:21:00,APP-00372>evaluacion,synthetic,SYN-020601
PEV-02741,VAC-0047,ORG-S2,evaluacion_programada,2026-07-31T04:21:00,SES-00674,synthetic,SYN-020602
PEV-02742,VAC-0047,ORG-S2,cambio_etapa,2026-08-01T14:00:00,APP-00375>entrevista,synthetic,SYN-020603
PEV-02743,VAC-0047,ORG-S2,entrevista_programada,2026-08-01T14:00:00,SES-00680,synthetic,SYN-020604
PEV-02744,VAC-0047,ORG-S2,evaluacion_realizada,2026-08-02T06:05:00,SES-00665,synthetic,SYN-020605
PEV-02745,VAC-0047,ORG-S2,evaluacion_realizada,2026-08-02T06:44:00,SES-00664,synthetic,SYN-020606
PEV-02746,VAC-0047,ORG-S2,cambio_etapa,2026-08-02T09:00:00,APP-00365>entrevista,synthetic,SYN-020607
PEV-02747,VAC-0047,ORG-S2,entrevista_programada,2026-08-02T09:00:00,SES-00663,synthetic,SYN-020608
PEV-02748,VAC-0047,ORG-S2,cambio_etapa,2026-08-02T12:00:00,APP-00374>entrevista,synthetic,SYN-020609
PEV-02749,VAC-0047,ORG-S2,entrevista_programada,2026-08-02T12:00:00,SES-00678,synthetic,SYN-020610
PEV-02750,VAC-0047,ORG-S2,evaluacion_realizada,2026-08-02T15:39:00,SES-00670,synthetic,SYN-020611
PEV-02751,VAC-0047,ORG-S2,evaluacion_realizada,2026-08-03T00:26:00,SES-00667,synthetic,SYN-020612
PEV-02752,VAC-0047,ORG-S2,cambio_etapa,2026-08-03T09:00:00,APP-00369>entrevista,synthetic,SYN-020613
PEV-02753,VAC-0047,ORG-S2,entrevista_programada,2026-08-03T09:00:00,SES-00669,synthetic,SYN-020614
PEV-02754,VAC-0047,ORG-S2,cambio_etapa,2026-08-04T10:00:00,APP-00370>entrevista,synthetic,SYN-020615
PEV-02755,VAC-0047,ORG-S2,entrevista_programada,2026-08-04T10:00:00,SES-00672,synthetic,SYN-020616
PEV-02756,VAC-0047,ORG-S2,evaluacion_realizada,2026-08-04T22:10:00,SES-00662,synthetic,SYN-020617
PEV-02757,VAC-0047,ORG-S2,cambio_etapa,2026-08-05T10:00:00,APP-00367>entrevista,synthetic,SYN-020618
PEV-02758,VAC-0047,ORG-S2,entrevista_programada,2026-08-05T10:00:00,SES-00666,synthetic,SYN-020619
PEV-02759,VAC-0047,ORG-S2,entrevista_realizada,2026-08-07T10:00:00,SES-00663,synthetic,SYN-020620
PEV-02760,VAC-0047,ORG-S2,entrevista_realizada,2026-08-08T18:00:00,SES-00680,synthetic,SYN-020621
PEV-02761,VAC-0047,ORG-S2,evaluacion_realizada,2026-08-09T11:57:00,SES-00675,synthetic,SYN-020622
PEV-02762,VAC-0047,ORG-S2,evaluacion_realizada,2026-08-09T16:28:00,SES-00661,synthetic,SYN-020623
PEV-02763,VAC-0047,ORG-S2,evaluacion_realizada,2026-08-09T19:15:00,SES-00679,synthetic,SYN-020624
PEV-02764,VAC-0047,ORG-S2,entrevista_realizada,2026-08-10T16:00:00,SES-00676,synthetic,SYN-020625
PEV-02765,VAC-0047,ORG-S2,evaluacion_realizada,2026-08-10T16:18:00,SES-00673,synthetic,SYN-020626
PEV-02766,VAC-0047,ORG-S2,evaluacion_realizada,2026-08-11T07:32:00,SES-00668,synthetic,SYN-020627
PEV-02767,VAC-0047,ORG-S2,evaluacion_realizada,2026-08-11T08:52:00,SES-00677,synthetic,SYN-020628
PEV-02768,VAC-0047,ORG-S2,evaluacion_realizada,2026-08-11T10:21:00,SES-00674,synthetic,SYN-020629
PEV-02769,VAC-0047,ORG-S2,evaluacion_realizada,2026-08-11T21:39:00,SES-00671,synthetic,SYN-020630
PEV-02770,VAC-0047,ORG-S2,entrevista_realizada,2026-08-13T19:00:00,SES-00678,synthetic,SYN-020631
PEV-02771,VAC-0047,ORG-S2,entrevista_realizada,2026-08-17T15:00:00,SES-00672,synthetic,SYN-020632
PEV-02772,VAC-0047,ORG-S2,entrevista_realizada,2026-08-19T15:00:00,SES-00669,synthetic,SYN-020633
PEV-02773,VAC-0047,ORG-S2,vacante_cerrada,2026-09-02T23:00:00,,synthetic,SYN-020634
PEV-02774,VAC-0048,ORG-S3,vacante_publicada,2026-03-02T15:25:00,,synthetic,SYN-020635
PEV-02775,VAC-0048,ORG-S3,postulacion_recibida,2026-03-08T04:40:00,APP-00378,synthetic,SYN-020636
PEV-02776,VAC-0048,ORG-S3,cambio_etapa,2026-03-08T04:40:00,APP-00378>recibida,synthetic,SYN-020637
PEV-02777,VAC-0048,ORG-S3,cambio_etapa,2026-03-09T06:40:00,APP-00378>descartada,synthetic,SYN-020638
PEV-02778,VAC-0048,ORG-S3,postulacion_recibida,2026-03-12T21:59:00,APP-00377,synthetic,SYN-020639
PEV-02779,VAC-0048,ORG-S3,cambio_etapa,2026-03-12T21:59:00,APP-00377>recibida,synthetic,SYN-020640
PEV-02780,VAC-0048,ORG-S3,postulacion_recibida,2026-03-14T15:28:00,APP-00380,synthetic,SYN-020641
PEV-02781,VAC-0048,ORG-S3,cambio_etapa,2026-03-14T15:28:00,APP-00380>recibida,synthetic,SYN-020642
PEV-02782,VAC-0048,ORG-S3,postulacion_recibida,2026-03-14T20:50:00,APP-00381,synthetic,SYN-020643
PEV-02783,VAC-0048,ORG-S3,cambio_etapa,2026-03-14T20:50:00,APP-00381>recibida,synthetic,SYN-020644
PEV-02784,VAC-0048,ORG-S3,cambio_etapa,2026-03-17T02:50:00,APP-00381>evaluacion,synthetic,SYN-020645
PEV-02785,VAC-0048,ORG-S3,evaluacion_programada,2026-03-17T02:50:00,SES-00686,synthetic,SYN-020646
PEV-02786,VAC-0048,ORG-S3,cambio_etapa,2026-03-17T02:59:00,APP-00377>evaluacion,synthetic,SYN-020647
PEV-02787,VAC-0048,ORG-S3,evaluacion_programada,2026-03-17T02:59:00,SES-00683,synthetic,SYN-020648
PEV-02788,VAC-0048,ORG-S3,cambio_etapa,2026-03-18T22:28:00,APP-00380>evaluacion,synthetic,SYN-020649
PEV-02789,VAC-0048,ORG-S3,evaluacion_programada,2026-03-18T22:28:00,SES-00685,synthetic,SYN-020650
PEV-02790,VAC-0048,ORG-S3,postulacion_recibida,2026-03-20T06:50:00,APP-00376,synthetic,SYN-020651
PEV-02791,VAC-0048,ORG-S3,cambio_etapa,2026-03-20T06:50:00,APP-00376>recibida,synthetic,SYN-020652
PEV-02792,VAC-0048,ORG-S3,postulacion_recibida,2026-03-21T17:50:00,APP-00379,synthetic,SYN-020653
PEV-02793,VAC-0048,ORG-S3,cambio_etapa,2026-03-21T17:50:00,APP-00379>recibida,synthetic,SYN-020654
PEV-02794,VAC-0048,ORG-S3,postulacion_recibida,2026-03-22T21:23:00,APP-00382,synthetic,SYN-020655
PEV-02795,VAC-0048,ORG-S3,cambio_etapa,2026-03-22T21:23:00,APP-00382>recibida,synthetic,SYN-020656
PEV-02796,VAC-0048,ORG-S3,cambio_etapa,2026-03-23T17:00:00,APP-00376>entrevista,synthetic,SYN-020657
PEV-02797,VAC-0048,ORG-S3,entrevista_programada,2026-03-23T17:00:00,SES-00682,synthetic,SYN-020658
PEV-02798,VAC-0048,ORG-S3,cambio_etapa,2026-03-24T20:50:00,APP-00379>evaluacion,synthetic,SYN-020659
PEV-02799,VAC-0048,ORG-S3,evaluacion_programada,2026-03-24T20:50:00,SES-00684,synthetic,SYN-020660
PEV-02800,VAC-0048,ORG-S3,evaluacion_realizada,2026-03-25T05:28:00,SES-00685,synthetic,SYN-020661
PEV-02801,VAC-0048,ORG-S3,cambio_etapa,2026-03-25T09:00:00,APP-00381>entrevista,synthetic,SYN-020662
PEV-02802,VAC-0048,ORG-S3,entrevista_programada,2026-03-25T09:00:00,SES-00687,synthetic,SYN-020663
PEV-02803,VAC-0048,ORG-S3,cambio_etapa,2026-03-25T10:50:00,APP-00376>evaluacion,synthetic,SYN-020664
PEV-02804,VAC-0048,ORG-S3,evaluacion_programada,2026-03-25T10:50:00,SES-00681,synthetic,SYN-020665
PEV-02805,VAC-0048,ORG-S3,cambio_etapa,2026-03-25T11:00:00,APP-00382>entrevista,synthetic,SYN-020666
PEV-02806,VAC-0048,ORG-S3,entrevista_programada,2026-03-25T11:00:00,SES-00689,synthetic,SYN-020667
PEV-02807,VAC-0048,ORG-S3,cambio_etapa,2026-03-26T22:23:00,APP-00382>evaluacion,synthetic,SYN-020668
PEV-02808,VAC-0048,ORG-S3,evaluacion_programada,2026-03-26T22:23:00,SES-00688,synthetic,SYN-020669
PEV-02809,VAC-0048,ORG-S3,evaluacion_realizada,2026-03-27T00:50:00,SES-00684,synthetic,SYN-020670
PEV-02810,VAC-0048,ORG-S3,evaluacion_realizada,2026-03-28T08:59:00,SES-00683,synthetic,SYN-020671
PEV-02811,VAC-0048,ORG-S3,entrevista_realizada,2026-03-28T22:00:00,SES-00682,synthetic,SYN-020672
PEV-02812,VAC-0048,ORG-S3,entrevista_realizada,2026-03-30T20:00:00,SES-00689,synthetic,SYN-020673
PEV-02813,VAC-0048,ORG-S3,entrevista_realizada,2026-04-05T18:00:00,SES-00687,synthetic,SYN-020674
PEV-02814,VAC-0048,ORG-S3,evaluacion_realizada,2026-04-06T16:50:00,SES-00681,synthetic,SYN-020675
PEV-02815,VAC-0048,ORG-S3,evaluacion_realizada,2026-04-09T04:23:00,SES-00688,synthetic,SYN-020676
PEV-02816,VAC-0048,ORG-S3,vacante_cerrada,2026-04-20T08:23:00,,synthetic,SYN-020677
PEV-02817,VAC-0049,ORG-S1,vacante_publicada,2026-02-10T09:46:00,,synthetic,SYN-020678
PEV-02818,VAC-0049,ORG-S1,postulacion_recibida,2026-02-11T01:27:00,APP-00387,synthetic,SYN-020679
PEV-02819,VAC-0049,ORG-S1,cambio_etapa,2026-02-11T01:27:00,APP-00387>recibida,synthetic,SYN-020680
PEV-02820,VAC-0049,ORG-S1,postulacion_recibida,2026-02-11T20:50:00,APP-00385,synthetic,SYN-020681
PEV-02821,VAC-0049,ORG-S1,cambio_etapa,2026-02-11T20:50:00,APP-00385>recibida,synthetic,SYN-020682
PEV-02822,VAC-0049,ORG-S1,postulacion_recibida,2026-02-13T19:56:00,APP-00383,synthetic,SYN-020683
PEV-02823,VAC-0049,ORG-S1,cambio_etapa,2026-02-13T19:56:00,APP-00383>recibida,synthetic,SYN-020684
PEV-02824,VAC-0049,ORG-S1,cambio_etapa,2026-02-14T04:27:00,APP-00387>descartada,synthetic,SYN-020685
PEV-02825,VAC-0049,ORG-S1,postulacion_recibida,2026-02-14T06:43:00,APP-00384,synthetic,SYN-020686
PEV-02826,VAC-0049,ORG-S1,cambio_etapa,2026-02-14T06:43:00,APP-00384>recibida,synthetic,SYN-020687
PEV-02827,VAC-0049,ORG-S1,postulacion_recibida,2026-02-15T11:17:00,APP-00389,synthetic,SYN-020688
PEV-02828,VAC-0049,ORG-S1,cambio_etapa,2026-02-15T11:17:00,APP-00389>recibida,synthetic,SYN-020689
PEV-02829,VAC-0049,ORG-S1,cambio_etapa,2026-02-16T20:50:00,APP-00385>evaluacion,synthetic,SYN-020690
PEV-02830,VAC-0049,ORG-S1,evaluacion_programada,2026-02-16T20:50:00,SES-00694,synthetic,SYN-020691
PEV-02831,VAC-0049,ORG-S1,cambio_etapa,2026-02-17T20:56:00,APP-00383>evaluacion,synthetic,SYN-020692
PEV-02832,VAC-0049,ORG-S1,evaluacion_programada,2026-02-17T20:56:00,SES-00690,synthetic,SYN-020693
PEV-02833,VAC-0049,ORG-S1,cambio_etapa,2026-02-18T07:43:00,APP-00384>evaluacion,synthetic,SYN-020694
PEV-02834,VAC-0049,ORG-S1,evaluacion_programada,2026-02-18T07:43:00,SES-00692,synthetic,SYN-020695
PEV-02835,VAC-0049,ORG-S1,cambio_etapa,2026-02-20T13:17:00,APP-00389>evaluacion,synthetic,SYN-020696
PEV-02836,VAC-0049,ORG-S1,evaluacion_programada,2026-02-20T13:17:00,SES-00702,synthetic,SYN-020697
PEV-02837,VAC-0049,ORG-S1,postulacion_recibida,2026-02-20T18:22:00,APP-00390,synthetic,SYN-020698
PEV-02838,VAC-0049,ORG-S1,cambio_etapa,2026-02-20T18:22:00,APP-00390>recibida,synthetic,SYN-020699
PEV-02839,VAC-0049,ORG-S1,cambio_etapa,2026-02-21T20:22:00,APP-00390>evaluacion,synthetic,SYN-020700
PEV-02840,VAC-0049,ORG-S1,evaluacion_programada,2026-02-21T20:22:00,SES-00704,synthetic,SYN-020701
PEV-02841,VAC-0049,ORG-S1,postulacion_recibida,2026-02-23T15:27:00,APP-00386,synthetic,SYN-020702
PEV-02842,VAC-0049,ORG-S1,cambio_etapa,2026-02-23T15:27:00,APP-00386>recibida,synthetic,SYN-020703
PEV-02843,VAC-0049,ORG-S1,evaluacion_realizada,2026-02-24T04:50:00,SES-00694,synthetic,SYN-020704
PEV-02844,VAC-0049,ORG-S1,postulacion_recibida,2026-02-25T09:27:00,APP-00388,synthetic,SYN-020705
PEV-02845,VAC-0049,ORG-S1,cambio_etapa,2026-02-25T09:27:00,APP-00388>recibida,synthetic,SYN-020706
PEV-02846,VAC-0049,ORG-S1,cambio_etapa,2026-02-26T10:27:00,APP-00388>evaluacion,synthetic,SYN-020707
PEV-02847,VAC-0049,ORG-S1,evaluacion_programada,2026-02-26T10:27:00,SES-00699,synthetic,SYN-020708
PEV-02848,VAC-0049,ORG-S1,evaluacion_realizada,2026-02-26T14:17:00,SES-00702,synthetic,SYN-020709
PEV-02849,VAC-0049,ORG-S1,evaluacion_programada,2026-02-26T19:27:00,SES-00697,synthetic,SYN-020710
PEV-02850,VAC-0049,ORG-S1,evaluacion_realizada,2026-02-27T02:22:00,SES-00704,synthetic,SYN-020711
PEV-02851,VAC-0049,ORG-S1,cambio_etapa,2026-02-28T18:27:00,APP-00386>evaluacion,synthetic,SYN-020712
PEV-02852,VAC-0049,ORG-S1,evaluacion_programada,2026-02-28T18:27:00,SES-00696,synthetic,SYN-020713
PEV-02853,VAC-0049,ORG-S1,evaluacion_programada,2026-03-02T09:27:00,SES-00700,synthetic,SYN-020714
PEV-02854,VAC-0049,ORG-S1,cambio_etapa,2026-03-02T17:00:00,APP-00389>entrevista,synthetic,SYN-020715
PEV-02855,VAC-0049,ORG-S1,entrevista_programada,2026-03-02T17:00:00,SES-00703,synthetic,SYN-020716
PEV-02856,VAC-0049,ORG-S1,cambio_etapa,2026-03-03T12:00:00,APP-00390>entrevista,synthetic,SYN-020717
PEV-02857,VAC-0049,ORG-S1,entrevista_programada,2026-03-03T12:00:00,SES-00705,synthetic,SYN-020718
PEV-02858,VAC-0049,ORG-S1,evaluacion_realizada,2026-03-03T13:43:00,SES-00692,synthetic,SYN-020719
PEV-02859,VAC-0049,ORG-S1,evaluacion_realizada,2026-03-04T02:00:00,SES-00690,synthetic,SYN-020720
PEV-02860,VAC-0049,ORG-S1,evaluacion_realizada,2026-03-04T02:00:00,SES-00697,synthetic,SYN-020721
PEV-02861,VAC-0049,ORG-S1,cambio_etapa,2026-03-04T11:00:00,APP-00388>entrevista,synthetic,SYN-020722
PEV-02862,VAC-0049,ORG-S1,entrevista_programada,2026-03-04T11:00:00,SES-00701,synthetic,SYN-020723
PEV-02863,VAC-0049,ORG-S1,cambio_etapa,2026-03-04T17:00:00,APP-00383>entrevista,synthetic,SYN-020724
PEV-02864,VAC-0049,ORG-S1,entrevista_programada,2026-03-04T17:00:00,SES-00691,synthetic,SYN-020725
PEV-02865,VAC-0049,ORG-S1,cambio_etapa,2026-03-05T11:00:00,APP-00385>entrevista,synthetic,SYN-020726
PEV-02866,VAC-0049,ORG-S1,entrevista_programada,2026-03-05T11:00:00,SES-00695,synthetic,SYN-020727
PEV-02867,VAC-0049,ORG-S1,cambio_etapa,2026-03-07T10:00:00,APP-00386>entrevista,synthetic,SYN-020728
PEV-02868,VAC-0049,ORG-S1,entrevista_programada,2026-03-07T10:00:00,SES-00698,synthetic,SYN-020729
PEV-02869,VAC-0049,ORG-S1,cambio_etapa,2026-03-07T12:00:00,APP-00384>entrevista,synthetic,SYN-020730
PEV-02870,VAC-0049,ORG-S1,entrevista_programada,2026-03-07T12:00:00,SES-00693,synthetic,SYN-020731
PEV-02871,VAC-0049,ORG-S1,evaluacion_realizada,2026-03-08T16:27:00,SES-00699,synthetic,SYN-020732
PEV-02872,VAC-0049,ORG-S1,entrevista_realizada,2026-03-09T16:00:00,SES-00695,synthetic,SYN-020733
PEV-02873,VAC-0049,ORG-S1,entrevista_realizada,2026-03-13T02:00:00,SES-00703,synthetic,SYN-020734
PEV-02874,VAC-0049,ORG-S1,entrevista_realizada,2026-03-13T16:00:00,SES-00693,synthetic,SYN-020735
PEV-02875,VAC-0049,ORG-S1,entrevista_realizada,2026-03-13T23:00:00,SES-00705,synthetic,SYN-020736
PEV-02876,VAC-0049,ORG-S1,evaluacion_realizada,2026-03-14T20:27:00,SES-00700,synthetic,SYN-020737
PEV-02877,VAC-0049,ORG-S1,entrevista_realizada,2026-03-16T16:00:00,SES-00701,synthetic,SYN-020738
PEV-02878,VAC-0049,ORG-S1,evaluacion_realizada,2026-03-16T22:27:00,SES-00696,synthetic,SYN-020739
PEV-02879,VAC-0049,ORG-S1,entrevista_realizada,2026-03-18T04:00:00,SES-00691,synthetic,SYN-020740
PEV-02880,VAC-0049,ORG-S1,vacante_cerrada,2026-03-23T11:00:00,,synthetic,SYN-020741
PEV-02881,VAC-0050,ORG-S2,vacante_publicada,2026-04-09T11:56:00,,synthetic,SYN-020742
PEV-02882,VAC-0050,ORG-S2,postulacion_recibida,2026-04-09T23:40:00,APP-00394,synthetic,SYN-020743
PEV-02883,VAC-0050,ORG-S2,cambio_etapa,2026-04-09T23:40:00,APP-00394>recibida,synthetic,SYN-020744
PEV-02884,VAC-0050,ORG-S2,postulacion_recibida,2026-04-10T08:10:00,APP-00396,synthetic,SYN-020745
PEV-02885,VAC-0050,ORG-S2,cambio_etapa,2026-04-10T08:10:00,APP-00396>recibida,synthetic,SYN-020746
PEV-02886,VAC-0050,ORG-S2,postulacion_recibida,2026-04-10T20:17:00,APP-00398,synthetic,SYN-020747
PEV-02887,VAC-0050,ORG-S2,cambio_etapa,2026-04-10T20:17:00,APP-00398>recibida,synthetic,SYN-020748
PEV-02888,VAC-0050,ORG-S2,postulacion_recibida,2026-04-11T11:09:00,APP-00399,synthetic,SYN-020749
PEV-02889,VAC-0050,ORG-S2,cambio_etapa,2026-04-11T11:09:00,APP-00399>recibida,synthetic,SYN-020750
PEV-02890,VAC-0050,ORG-S2,cambio_etapa,2026-04-12T23:40:00,APP-00394>evaluacion,synthetic,SYN-020751
PEV-02891,VAC-0050,ORG-S2,evaluacion_programada,2026-04-12T23:40:00,SES-00709,synthetic,SYN-020752
PEV-02892,VAC-0050,ORG-S2,postulacion_recibida,2026-04-13T02:38:00,APP-00395,synthetic,SYN-020753
PEV-02893,VAC-0050,ORG-S2,cambio_etapa,2026-04-13T02:38:00,APP-00395>recibida,synthetic,SYN-020754
PEV-02894,VAC-0050,ORG-S2,cambio_etapa,2026-04-14T02:38:00,APP-00395>evaluacion,synthetic,SYN-020755
PEV-02895,VAC-0050,ORG-S2,evaluacion_programada,2026-04-14T02:38:00,SES-00711,synthetic,SYN-020756
PEV-02896,VAC-0050,ORG-S2,cambio_etapa,2026-04-14T16:10:00,APP-00396>evaluacion,synthetic,SYN-020757
PEV-02897,VAC-0050,ORG-S2,evaluacion_programada,2026-04-14T16:10:00,SES-00713,synthetic,SYN-020758
PEV-02898,VAC-0050,ORG-S2,cambio_etapa,2026-04-15T17:09:00,APP-00399>evaluacion,synthetic,SYN-020759
PEV-02899,VAC-0050,ORG-S2,evaluacion_programada,2026-04-15T17:09:00,SES-00718,synthetic,SYN-020760
PEV-02900,VAC-0050,ORG-S2,postulacion_recibida,2026-04-16T03:25:00,APP-00401,synthetic,SYN-020761
PEV-02901,VAC-0050,ORG-S2,cambio_etapa,2026-04-16T03:25:00,APP-00401>recibida,synthetic,SYN-020762
PEV-02902,VAC-0050,ORG-S2,evaluacion_programada,2026-04-17T04:25:00,SES-00721,synthetic,SYN-020763
PEV-02903,VAC-0050,ORG-S2,cambio_etapa,2026-04-18T04:25:00,APP-00401>evaluacion,synthetic,SYN-020764
PEV-02904,VAC-0050,ORG-S2,evaluacion_programada,2026-04-18T04:25:00,SES-00720,synthetic,SYN-020765
PEV-02905,VAC-0050,ORG-S2,postulacion_recibida,2026-04-18T19:18:00,APP-00392,synthetic,SYN-020766
PEV-02906,VAC-0050,ORG-S2,cambio_etapa,2026-04-18T19:18:00,APP-00392>recibida,synthetic,SYN-020767
PEV-02907,VAC-0050,ORG-S2,postulacion_recibida,2026-04-20T09:51:00,APP-00400,synthetic,SYN-020768
PEV-02908,VAC-0050,ORG-S2,cambio_etapa,2026-04-20T09:51:00,APP-00400>recibida,synthetic,SYN-020769
PEV-02909,VAC-0050,ORG-S2,evaluacion_realizada,2026-04-20T11:38:00,SES-00711,synthetic,SYN-020770
PEV-02910,VAC-0050,ORG-S2,cambio_etapa,2026-04-22T15:51:00,APP-00400>descartada,synthetic,SYN-020771
PEV-02911,VAC-0050,ORG-S2,evaluacion_realizada,2026-04-23T03:09:00,SES-00718,synthetic,SYN-020772
PEV-02912,VAC-0050,ORG-S2,cambio_etapa,2026-04-23T19:18:00,APP-00392>evaluacion,synthetic,SYN-020773
PEV-02913,VAC-0050,ORG-S2,evaluacion_programada,2026-04-23T19:18:00,SES-00707,synthetic,SYN-020774
PEV-02914,VAC-0050,ORG-S2,evaluacion_realizada,2026-04-24T01:10:00,SES-00713,synthetic,SYN-020775
PEV-02915,VAC-0050,ORG-S2,postulacion_recibida,2026-04-24T23:38:00,APP-00397,synthetic,SYN-020776
PEV-02916,VAC-0050,ORG-S2,cambio_etapa,2026-04-24T23:38:00,APP-00397>recibida,synthetic,SYN-020777
PEV-02917,VAC-0050,ORG-S2,evaluacion_realizada,2026-04-25T00:40:00,SES-00709,synthetic,SYN-020778
PEV-02918,VAC-0050,ORG-S2,postulacion_recibida,2026-04-25T03:57:00,APP-00391,synthetic,SYN-020779
PEV-02919,VAC-0050,ORG-S2,cambio_etapa,2026-04-25T03:57:00,APP-00391>recibida,synthetic,SYN-020780
PEV-02920,VAC-0050,ORG-S2,postulacion_recibida,2026-04-25T05:29:00,APP-00402,synthetic,SYN-020781
PEV-02921,VAC-0050,ORG-S2,cambio_etapa,2026-04-25T05:29:00,APP-00402>recibida,synthetic,SYN-020782
PEV-02922,VAC-0050,ORG-S2,postulacion_recibida,2026-04-25T22:45:00,APP-00393,synthetic,SYN-020783
PEV-02923,VAC-0050,ORG-S2,cambio_etapa,2026-04-25T22:45:00,APP-00393>recibida,synthetic,SYN-020784
PEV-02924,VAC-0050,ORG-S2,cambio_etapa,2026-04-26T00:00:00,APP-00398>evaluacion,synthetic,SYN-020785
PEV-02925,VAC-0050,ORG-S2,evaluacion_programada,2026-04-26T00:00:00,SES-00716,synthetic,SYN-020786
PEV-02926,VAC-0050,ORG-S2,cambio_etapa,2026-04-26T09:57:00,APP-00391>evaluacion,synthetic,SYN-020787
PEV-02927,VAC-0050,ORG-S2,evaluacion_programada,2026-04-26T09:57:00,SES-00706,synthetic,SYN-020788
PEV-02928,VAC-0050,ORG-S2,evaluacion_realizada,2026-04-26T10:25:00,SES-00720,synthetic,SYN-020789
PEV-02929,VAC-0050,ORG-S2,cambio_etapa,2026-04-26T15:00:00,APP-00392>entrevista,synthetic,SYN-020790
PEV-02930,VAC-0050,ORG-S2,entrevista_programada,2026-04-26T15:00:00,SES-00708,synthetic,SYN-020791
PEV-02931,VAC-0050,ORG-S2,cambio_etapa,2026-04-27T04:45:00,APP-00393>descartada,synthetic,SYN-020792
PEV-02932,VAC-0050,ORG-S2,cambio_etapa,2026-04-27T13:00:00,APP-00396>entrevista,synthetic,SYN-020793
PEV-02933,VAC-0050,ORG-S2,entrevista_programada,2026-04-27T13:00:00,SES-00714,synthetic,SYN-020794
PEV-02934,VAC-0050,ORG-S2,cambio_etapa,2026-04-28T11:29:00,APP-00402>evaluacion,synthetic,SYN-020795
PEV-02935,VAC-0050,ORG-S2,evaluacion_programada,2026-04-28T11:29:00,SES-00722,synthetic,SYN-020796
PEV-02936,VAC-0050,ORG-S2,cambio_etapa,2026-04-29T05:38:00,APP-00397>evaluacion,synthetic,SYN-020797
PEV-02937,VAC-0050,ORG-S2,evaluacion_programada,2026-04-29T05:38:00,SES-00715,synthetic,SYN-020798
PEV-02938,VAC-0050,ORG-S2,cambio_etapa,2026-04-29T12:00:00,APP-00395>entrevista,synthetic,SYN-020799
PEV-02939,VAC-0050,ORG-S2,entrevista_programada,2026-04-29T12:00:00,SES-00712,synthetic,SYN-020800
PEV-02940,VAC-0050,ORG-S2,evaluacion_realizada,2026-04-30T07:25:00,SES-00721,synthetic,SYN-020801
PEV-02941,VAC-0050,ORG-S2,cambio_etapa,2026-05-01T10:00:00,APP-00399>entrevista,synthetic,SYN-020802
PEV-02942,VAC-0050,ORG-S2,entrevista_programada,2026-05-01T10:00:00,SES-00719,synthetic,SYN-020803
PEV-02943,VAC-0050,ORG-S2,cambio_etapa,2026-05-01T12:00:00,APP-00402>entrevista,synthetic,SYN-020804
PEV-02944,VAC-0050,ORG-S2,entrevista_programada,2026-05-01T12:00:00,SES-00723,synthetic,SYN-020805
PEV-02945,VAC-0050,ORG-S2,cambio_etapa,2026-05-02T09:00:00,APP-00394>entrevista,synthetic,SYN-020806
PEV-02946,VAC-0050,ORG-S2,entrevista_programada,2026-05-02T09:00:00,SES-00710,synthetic,SYN-020807
PEV-02947,VAC-0050,ORG-S2,cambio_etapa,2026-05-02T13:00:00,APP-00398>entrevista,synthetic,SYN-020808
PEV-02948,VAC-0050,ORG-S2,entrevista_programada,2026-05-02T13:00:00,SES-00717,synthetic,SYN-020809
PEV-02949,VAC-0050,ORG-S2,evaluacion_realizada,2026-05-03T07:38:00,SES-00715,synthetic,SYN-020810
PEV-02950,VAC-0050,ORG-S2,entrevista_realizada,2026-05-03T20:00:00,SES-00714,synthetic,SYN-020811
PEV-02951,VAC-0050,ORG-S2,evaluacion_realizada,2026-05-08T00:18:00,SES-00707,synthetic,SYN-020812
PEV-02952,VAC-0050,ORG-S2,entrevista_realizada,2026-05-08T16:00:00,SES-00708,synthetic,SYN-020813
PEV-02953,VAC-0050,ORG-S2,evaluacion_realizada,2026-05-08T19:57:00,SES-00706,synthetic,SYN-020814
PEV-02954,VAC-0050,ORG-S2,entrevista_realizada,2026-05-09T16:00:00,SES-00717,synthetic,SYN-020815
PEV-02955,VAC-0050,ORG-S2,evaluacion_realizada,2026-05-10T18:29:00,SES-00722,synthetic,SYN-020816
PEV-02956,VAC-0050,ORG-S2,evaluacion_realizada,2026-05-11T03:00:00,SES-00716,synthetic,SYN-020817
PEV-02957,VAC-0050,ORG-S2,entrevista_realizada,2026-05-11T17:00:00,SES-00719,synthetic,SYN-020818
PEV-02958,VAC-0050,ORG-S2,entrevista_realizada,2026-05-13T14:00:00,SES-00710,synthetic,SYN-020819
PEV-02959,VAC-0050,ORG-S2,entrevista_realizada,2026-05-15T20:00:00,SES-00712,synthetic,SYN-020820
PEV-02960,VAC-0050,ORG-S2,entrevista_realizada,2026-05-17T20:00:00,SES-00723,synthetic,SYN-020821
PEV-02961,VAC-0050,ORG-S2,vacante_cerrada,2026-05-30T02:00:00,,synthetic,SYN-020822
PEV-02962,VAC-0051,ORG-S3,vacante_publicada,2026-03-10T13:32:00,,synthetic,SYN-020823
PEV-02963,VAC-0051,ORG-S3,postulacion_recibida,2026-03-16T03:14:00,APP-00405,synthetic,SYN-020824
PEV-02964,VAC-0051,ORG-S3,cambio_etapa,2026-03-16T03:14:00,APP-00405>recibida,synthetic,SYN-020825
PEV-02965,VAC-0051,ORG-S3,postulacion_recibida,2026-03-16T03:39:00,APP-00403,synthetic,SYN-020826
PEV-02966,VAC-0051,ORG-S3,cambio_etapa,2026-03-16T03:39:00,APP-00403>recibida,synthetic,SYN-020827
PEV-02967,VAC-0051,ORG-S3,postulacion_recibida,2026-03-16T14:29:00,APP-00404,synthetic,SYN-020828
PEV-02968,VAC-0051,ORG-S3,cambio_etapa,2026-03-16T14:29:00,APP-00404>recibida,synthetic,SYN-020829
PEV-02969,VAC-0051,ORG-S3,cambio_etapa,2026-03-21T05:14:00,APP-00405>evaluacion,synthetic,SYN-020830
PEV-02970,VAC-0051,ORG-S3,evaluacion_programada,2026-03-21T05:14:00,SES-00726,synthetic,SYN-020831
PEV-02971,VAC-0051,ORG-S3,cambio_etapa,2026-03-21T07:39:00,APP-00403>descartada,synthetic,SYN-020832
PEV-02972,VAC-0051,ORG-S3,cambio_etapa,2026-03-21T21:29:00,APP-00404>evaluacion,synthetic,SYN-020833
PEV-02973,VAC-0051,ORG-S3,evaluacion_programada,2026-03-21T21:29:00,SES-00724,synthetic,SYN-020834
PEV-02974,VAC-0051,ORG-S3,cambio_etapa,2026-04-01T11:00:00,APP-00405>entrevista,synthetic,SYN-020835
PEV-02975,VAC-0051,ORG-S3,entrevista_programada,2026-04-01T11:00:00,SES-00727,synthetic,SYN-020836
PEV-02976,VAC-0051,ORG-S3,cambio_etapa,2026-04-02T12:00:00,APP-00404>entrevista,synthetic,SYN-020837
PEV-02977,VAC-0051,ORG-S3,entrevista_programada,2026-04-02T12:00:00,SES-00725,synthetic,SYN-020838
PEV-02978,VAC-0051,ORG-S3,evaluacion_realizada,2026-04-03T04:29:00,SES-00724,synthetic,SYN-020839
PEV-02979,VAC-0051,ORG-S3,evaluacion_realizada,2026-04-03T12:14:00,SES-00726,synthetic,SYN-020840
PEV-02980,VAC-0051,ORG-S3,entrevista_realizada,2026-04-10T18:00:00,SES-00727,synthetic,SYN-020841
PEV-02981,VAC-0051,ORG-S3,entrevista_realizada,2026-04-14T15:00:00,SES-00725,synthetic,SYN-020842
PEV-02982,VAC-0051,ORG-S3,vacante_cerrada,2026-04-19T21:00:00,,synthetic,SYN-020843
PEV-02983,VAC-0052,ORG-S1,vacante_publicada,2026-05-21T09:33:00,,synthetic,SYN-020844
PEV-02984,VAC-0052,ORG-S1,postulacion_recibida,2026-05-23T11:59:00,APP-00416,synthetic,SYN-020845
PEV-02985,VAC-0052,ORG-S1,cambio_etapa,2026-05-23T11:59:00,APP-00416>recibida,synthetic,SYN-020846
PEV-02986,VAC-0052,ORG-S1,postulacion_recibida,2026-05-25T09:31:00,APP-00411,synthetic,SYN-020847
PEV-02987,VAC-0052,ORG-S1,cambio_etapa,2026-05-25T09:31:00,APP-00411>recibida,synthetic,SYN-020848
PEV-02988,VAC-0052,ORG-S1,postulacion_recibida,2026-05-25T14:37:00,APP-00417,synthetic,SYN-020849
PEV-02989,VAC-0052,ORG-S1,cambio_etapa,2026-05-25T14:37:00,APP-00417>recibida,synthetic,SYN-020850
PEV-02990,VAC-0052,ORG-S1,postulacion_recibida,2026-05-26T22:04:00,APP-00410,synthetic,SYN-020851
PEV-02991,VAC-0052,ORG-S1,cambio_etapa,2026-05-26T22:04:00,APP-00410>recibida,synthetic,SYN-020852
PEV-02992,VAC-0052,ORG-S1,postulacion_recibida,2026-05-27T11:50:00,APP-00413,synthetic,SYN-020853
PEV-02993,VAC-0052,ORG-S1,cambio_etapa,2026-05-27T11:50:00,APP-00413>recibida,synthetic,SYN-020854
PEV-02994,VAC-0052,ORG-S1,cambio_etapa,2026-05-27T15:37:00,APP-00417>evaluacion,synthetic,SYN-020855
PEV-02995,VAC-0052,ORG-S1,evaluacion_programada,2026-05-27T15:37:00,SES-00748,synthetic,SYN-020856
PEV-02996,VAC-0052,ORG-S1,cambio_etapa,2026-05-27T16:59:00,APP-00416>descartada,synthetic,SYN-020857
PEV-02997,VAC-0052,ORG-S1,cambio_etapa,2026-05-28T11:31:00,APP-00411>evaluacion,synthetic,SYN-020858
PEV-02998,VAC-0052,ORG-S1,evaluacion_programada,2026-05-28T11:31:00,SES-00738,synthetic,SYN-020859
PEV-02999,VAC-0052,ORG-S1,cambio_etapa,2026-05-29T06:04:00,APP-00410>evaluacion,synthetic,SYN-020860
PEV-03000,VAC-0052,ORG-S1,evaluacion_programada,2026-05-29T06:04:00,SES-00737,synthetic,SYN-020861
PEV-03001,VAC-0052,ORG-S1,cambio_etapa,2026-05-29T13:50:00,APP-00413>evaluacion,synthetic,SYN-020862
PEV-03002,VAC-0052,ORG-S1,evaluacion_programada,2026-05-29T13:50:00,SES-00742,synthetic,SYN-020863
PEV-03003,VAC-0052,ORG-S1,postulacion_recibida,2026-05-30T04:15:00,APP-00406,synthetic,SYN-020864
PEV-03004,VAC-0052,ORG-S1,cambio_etapa,2026-05-30T04:15:00,APP-00406>recibida,synthetic,SYN-020865
PEV-03005,VAC-0052,ORG-S1,postulacion_recibida,2026-05-31T05:41:00,APP-00409,synthetic,SYN-020866
PEV-03006,VAC-0052,ORG-S1,cambio_etapa,2026-05-31T05:41:00,APP-00409>recibida,synthetic,SYN-020867
PEV-03007,VAC-0052,ORG-S1,cambio_etapa,2026-05-31T09:15:00,APP-00406>evaluacion,synthetic,SYN-020868
PEV-03008,VAC-0052,ORG-S1,evaluacion_programada,2026-05-31T09:15:00,SES-00728,synthetic,SYN-020869
PEV-03009,VAC-0052,ORG-S1,postulacion_recibida,2026-05-31T21:05:00,APP-00414,synthetic,SYN-020870
PEV-03010,VAC-0052,ORG-S1,cambio_etapa,2026-05-31T21:05:00,APP-00414>recibida,synthetic,SYN-020871
PEV-03011,VAC-0052,ORG-S1,cambio_etapa,2026-06-01T11:41:00,APP-00409>evaluacion,synthetic,SYN-020872
PEV-03012,VAC-0052,ORG-S1,evaluacion_programada,2026-06-01T11:41:00,SES-00735,synthetic,SYN-020873
PEV-03013,VAC-0052,ORG-S1,postulacion_recibida,2026-06-02T09:26:00,APP-00408,synthetic,SYN-020874
PEV-03014,VAC-0052,ORG-S1,cambio_etapa,2026-06-02T09:26:00,APP-00408>recibida,synthetic,SYN-020875
PEV-03015,VAC-0052,ORG-S1,postulacion_recibida,2026-06-03T03:31:00,APP-00407,synthetic,SYN-020876
PEV-03016,VAC-0052,ORG-S1,cambio_etapa,2026-06-03T03:31:00,APP-00407>recibida,synthetic,SYN-020877
PEV-03017,VAC-0052,ORG-S1,evaluacion_programada,2026-06-03T04:05:00,SES-00744,synthetic,SYN-020878
PEV-03018,VAC-0052,ORG-S1,cambio_etapa,2026-06-04T03:31:00,APP-00407>evaluacion,synthetic,SYN-020879
PEV-03019,VAC-0052,ORG-S1,evaluacion_programada,2026-06-04T03:31:00,SES-00731,synthetic,SYN-020880
PEV-03020,VAC-0052,ORG-S1,postulacion_recibida,2026-06-04T16:28:00,APP-00412,synthetic,SYN-020881
PEV-03021,VAC-0052,ORG-S1,cambio_etapa,2026-06-04T16:28:00,APP-00412>recibida,synthetic,SYN-020882
PEV-03022,VAC-0052,ORG-S1,cambio_etapa,2026-06-05T04:05:00,APP-00414>evaluacion,synthetic,SYN-020883
PEV-03023,VAC-0052,ORG-S1,evaluacion_programada,2026-06-05T04:05:00,SES-00743,synthetic,SYN-020884
PEV-03024,VAC-0052,ORG-S1,postulacion_recibida,2026-06-05T20:55:00,APP-00415,synthetic,SYN-020885
PEV-03025,VAC-0052,ORG-S1,cambio_etapa,2026-06-05T20:55:00,APP-00415>recibida,synthetic,SYN-020886
PEV-03026,VAC-0052,ORG-S1,evaluacion_programada,2026-06-06T00:00:00,SES-00729,synthetic,SYN-020887
PEV-03027,VAC-0052,ORG-S1,cambio_etapa,2026-06-06T09:00:00,APP-00406>entrevista,synthetic,SYN-020888
PEV-03028,VAC-0052,ORG-S1,cambio_etapa,2026-06-06T09:00:00,APP-00415>entrevista,synthetic,SYN-020889
PEV-03029,VAC-0052,ORG-S1,entrevista_programada,2026-06-06T09:00:00,SES-00730,synthetic,SYN-020890
PEV-03030,VAC-0052,ORG-S1,entrevista_programada,2026-06-06T09:00:00,SES-00747,synthetic,SYN-020891
PEV-03031,VAC-0052,ORG-S1,cambio_etapa,2026-06-06T10:00:00,APP-00409>entrevista,synthetic,SYN-020892
PEV-03032,VAC-0052,ORG-S1,entrevista_programada,2026-06-06T10:00:00,SES-00736,synthetic,SYN-020893
PEV-03033,VAC-0052,ORG-S1,cambio_etapa,2026-06-06T13:26:00,APP-00408>evaluacion,synthetic,SYN-020894
PEV-03034,VAC-0052,ORG-S1,evaluacion_programada,2026-06-06T13:26:00,SES-00733,synthetic,SYN-020895
PEV-03035,VAC-0052,ORG-S1,cambio_etapa,2026-06-06T14:00:00,APP-00411>entrevista,synthetic,SYN-020896
PEV-03036,VAC-0052,ORG-S1,entrevista_programada,2026-06-06T14:00:00,SES-00739,synthetic,SYN-020897
PEV-03037,VAC-0052,ORG-S1,cambio_etapa,2026-06-07T15:00:00,APP-00414>entrevista,synthetic,SYN-020898
PEV-03038,VAC-0052,ORG-S1,entrevista_programada,2026-06-07T15:00:00,SES-00745,synthetic,SYN-020899
PEV-03039,VAC-0052,ORG-S1,evaluacion_realizada,2026-06-07T20:15:00,SES-00728,synthetic,SYN-020900
PEV-03040,VAC-0052,ORG-S1,evaluacion_programada,2026-06-08T19:28:00,SES-00741,synthetic,SYN-020901
PEV-03041,VAC-0052,ORG-S1,cambio_etapa,2026-06-09T03:55:00,APP-00415>evaluacion,synthetic,SYN-020902
PEV-03042,VAC-0052,ORG-S1,evaluacion_programada,2026-06-09T03:55:00,SES-00746,synthetic,SYN-020903
PEV-03043,VAC-0052,ORG-S1,cambio_etapa,2026-06-09T11:00:00,APP-00407>entrevista,synthetic,SYN-020904
PEV-03044,VAC-0052,ORG-S1,entrevista_programada,2026-06-09T11:00:00,SES-00732,synthetic,SYN-020905
PEV-03045,VAC-0052,ORG-S1,cambio_etapa,2026-06-09T21:28:00,APP-00412>evaluacion,synthetic,SYN-020906
PEV-03046,VAC-0052,ORG-S1,evaluacion_programada,2026-06-09T21:28:00,SES-00740,synthetic,SYN-020907
PEV-03047,VAC-0052,ORG-S1,cambio_etapa,2026-06-10T09:00:00,APP-00408>entrevista,synthetic,SYN-020908
PEV-03048,VAC-0052,ORG-S1,entrevista_programada,2026-06-10T09:00:00,SES-00734,synthetic,SYN-020909
PEV-03049,VAC-0052,ORG-S1,evaluacion_realizada,2026-06-10T14:04:00,SES-00737,synthetic,SYN-020910
PEV-03050,VAC-0052,ORG-S1,evaluacion_realizada,2026-06-11T19:50:00,SES-00742,synthetic,SYN-020911
PEV-03051,VAC-0052,ORG-S1,cambio_etapa,2026-06-12T12:00:00,APP-00417>entrevista,synthetic,SYN-020912
PEV-03052,VAC-0052,ORG-S1,entrevista_programada,2026-06-12T12:00:00,SES-00749,synthetic,SYN-020913
PEV-03053,VAC-0052,ORG-S1,evaluacion_realizada,2026-06-13T20:37:00,SES-00748,synthetic,SYN-020914
PEV-03054,VAC-0052,ORG-S1,evaluacion_realizada,2026-06-14T04:31:00,SES-00731,synthetic,SYN-020915
PEV-03055,VAC-0052,ORG-S1,entrevista_realizada,2026-06-14T12:00:00,SES-00736,synthetic,SYN-020916
PEV-03056,VAC-0052,ORG-S1,evaluacion_realizada,2026-06-16T01:28:00,SES-00740,synthetic,SYN-020917
PEV-03057,VAC-0052,ORG-S1,evaluacion_realizada,2026-06-16T05:00:00,SES-00729,synthetic,SYN-020918
PEV-03058,VAC-0052,ORG-S1,evaluacion_realizada,2026-06-17T10:05:00,SES-00743,synthetic,SYN-020919
PEV-03059,VAC-0052,ORG-S1,entrevista_realizada,2026-06-17T16:00:00,SES-00732,synthetic,SYN-020920
PEV-03060,VAC-0052,ORG-S1,evaluacion_realizada,2026-06-17T17:41:00,SES-00735,synthetic,SYN-020921
PEV-03061,VAC-0052,ORG-S1,entrevista_realizada,2026-06-17T20:00:00,SES-00734,synthetic,SYN-020922
PEV-03062,VAC-0052,ORG-S1,evaluacion_realizada,2026-06-18T11:55:00,SES-00746,synthetic,SYN-020923
PEV-03063,VAC-0052,ORG-S1,entrevista_realizada,2026-06-18T12:00:00,SES-00747,synthetic,SYN-020924
PEV-03064,VAC-0052,ORG-S1,evaluacion_realizada,2026-06-20T09:05:00,SES-00744,synthetic,SYN-020925
PEV-03065,VAC-0052,ORG-S1,entrevista_realizada,2026-06-21T16:00:00,SES-00730,synthetic,SYN-020926
PEV-03066,VAC-0052,ORG-S1,entrevista_realizada,2026-06-21T16:00:00,SES-00749,synthetic,SYN-020927
PEV-03067,VAC-0052,ORG-S1,evaluacion_realizada,2026-06-22T04:28:00,SES-00741,synthetic,SYN-020928
PEV-03068,VAC-0052,ORG-S1,evaluacion_realizada,2026-06-22T18:26:00,SES-00733,synthetic,SYN-020929
PEV-03069,VAC-0052,ORG-S1,vacante_cerrada,2026-06-29T00:26:00,,synthetic,SYN-020930
PEV-03070,VAC-0053,ORG-S2,vacante_publicada,2026-04-26T00:00:00,,synthetic,SYN-020931
PEV-03071,VAC-0053,ORG-S2,postulacion_recibida,2026-04-26T09:44:00,APP-00425,synthetic,SYN-020932
PEV-03072,VAC-0053,ORG-S2,cambio_etapa,2026-04-26T09:44:00,APP-00425>recibida,synthetic,SYN-020933
PEV-03073,VAC-0053,ORG-S2,postulacion_recibida,2026-04-27T08:53:00,APP-00431,synthetic,SYN-020934
PEV-03074,VAC-0053,ORG-S2,cambio_etapa,2026-04-27T08:53:00,APP-00431>recibida,synthetic,SYN-020935
PEV-03075,VAC-0053,ORG-S2,postulacion_recibida,2026-04-28T02:42:00,APP-00423,synthetic,SYN-020936
PEV-03076,VAC-0053,ORG-S2,cambio_etapa,2026-04-28T02:42:00,APP-00423>recibida,synthetic,SYN-020937
PEV-03077,VAC-0053,ORG-S2,postulacion_recibida,2026-04-28T03:32:00,APP-00429,synthetic,SYN-020938
PEV-03078,VAC-0053,ORG-S2,cambio_etapa,2026-04-28T03:32:00,APP-00429>recibida,synthetic,SYN-020939
PEV-03079,VAC-0053,ORG-S2,cambio_etapa,2026-04-28T10:44:00,APP-00425>evaluacion,synthetic,SYN-020940
PEV-03080,VAC-0053,ORG-S2,evaluacion_programada,2026-04-28T10:44:00,SES-00759,synthetic,SYN-020941
PEV-03081,VAC-0053,ORG-S2,postulacion_recibida,2026-04-28T13:53:00,APP-00428,synthetic,SYN-020942
PEV-03082,VAC-0053,ORG-S2,cambio_etapa,2026-04-28T13:53:00,APP-00428>recibida,synthetic,SYN-020943
PEV-03083,VAC-0053,ORG-S2,postulacion_recibida,2026-04-28T20:36:00,APP-00422,synthetic,SYN-020944
PEV-03084,VAC-0053,ORG-S2,cambio_etapa,2026-04-28T20:36:00,APP-00422>recibida,synthetic,SYN-020945
PEV-03085,VAC-0053,ORG-S2,cambio_etapa,2026-04-29T10:53:00,APP-00431>descartada,synthetic,SYN-020946
PEV-03086,VAC-0053,ORG-S2,postulacion_recibida,2026-04-29T12:36:00,APP-00421,synthetic,SYN-020947
PEV-03087,VAC-0053,ORG-S2,cambio_etapa,2026-04-29T12:36:00,APP-00421>recibida,synthetic,SYN-020948
PEV-03088,VAC-0053,ORG-S2,postulacion_recibida,2026-05-01T06:48:00,APP-00427,synthetic,SYN-020949
PEV-03089,VAC-0053,ORG-S2,cambio_etapa,2026-05-01T06:48:00,APP-00427>recibida,synthetic,SYN-020950
PEV-03090,VAC-0053,ORG-S2,cambio_etapa,2026-05-02T02:36:00,APP-00422>evaluacion,synthetic,SYN-020951
PEV-03091,VAC-0053,ORG-S2,evaluacion_programada,2026-05-02T02:36:00,SES-00756,synthetic,SYN-020952
PEV-03092,VAC-0053,ORG-S2,postulacion_recibida,2026-05-02T10:08:00,APP-00426,synthetic,SYN-020953
PEV-03093,VAC-0053,ORG-S2,cambio_etapa,2026-05-02T10:08:00,APP-00426>recibida,synthetic,SYN-020954
PEV-03094,VAC-0053,ORG-S2,postulacion_recibida,2026-05-02T15:07:00,APP-00430,synthetic,SYN-020955
PEV-03095,VAC-0053,ORG-S2,cambio_etapa,2026-05-02T15:07:00,APP-00430>recibida,synthetic,SYN-020956
PEV-03096,VAC-0053,ORG-S2,postulacion_recibida,2026-05-02T18:01:00,APP-00419,synthetic,SYN-020957
PEV-03097,VAC-0053,ORG-S2,cambio_etapa,2026-05-02T18:01:00,APP-00419>recibida,synthetic,SYN-020958
PEV-03098,VAC-0053,ORG-S2,postulacion_recibida,2026-05-02T19:40:00,APP-00424,synthetic,SYN-020959
PEV-03099,VAC-0053,ORG-S2,cambio_etapa,2026-05-02T19:40:00,APP-00424>recibida,synthetic,SYN-020960
PEV-03100,VAC-0053,ORG-S2,cambio_etapa,2026-05-03T05:42:00,APP-00423>evaluacion,synthetic,SYN-020961
PEV-03101,VAC-0053,ORG-S2,evaluacion_programada,2026-05-03T05:42:00,SES-00757,synthetic,SYN-020962
PEV-03102,VAC-0053,ORG-S2,cambio_etapa,2026-05-03T09:32:00,APP-00429>evaluacion,synthetic,SYN-020963
PEV-03103,VAC-0053,ORG-S2,evaluacion_programada,2026-05-03T09:32:00,SES-00766,synthetic,SYN-020964
PEV-03104,VAC-0053,ORG-S2,postulacion_recibida,2026-05-03T13:47:00,APP-00420,synthetic,SYN-020965
PEV-03105,VAC-0053,ORG-S2,cambio_etapa,2026-05-03T13:47:00,APP-00420>recibida,synthetic,SYN-020966
PEV-03106,VAC-0053,ORG-S2,cambio_etapa,2026-05-03T13:48:00,APP-00427>evaluacion,synthetic,SYN-020967
PEV-03107,VAC-0053,ORG-S2,evaluacion_programada,2026-05-03T13:48:00,SES-00763,synthetic,SYN-020968
PEV-03108,VAC-0053,ORG-S2,cambio_etapa,2026-05-03T14:36:00,APP-00421>evaluacion,synthetic,SYN-020969
PEV-03109,VAC-0053,ORG-S2,evaluacion_programada,2026-05-03T14:36:00,SES-00754,synthetic,SYN-020970
PEV-03110,VAC-0053,ORG-S2,cambio_etapa,2026-05-03T18:53:00,APP-00428>evaluacion,synthetic,SYN-020971
PEV-03111,VAC-0053,ORG-S2,evaluacion_programada,2026-05-03T18:53:00,SES-00765,synthetic,SYN-020972
PEV-03112,VAC-0053,ORG-S2,postulacion_recibida,2026-05-04T04:41:00,APP-00418,synthetic,SYN-020973
PEV-03113,VAC-0053,ORG-S2,cambio_etapa,2026-05-04T04:41:00,APP-00418>recibida,synthetic,SYN-020974
PEV-03114,VAC-0053,ORG-S2,cambio_etapa,2026-05-04T22:40:00,APP-00424>descartada,synthetic,SYN-020975
PEV-03115,VAC-0053,ORG-S2,cambio_etapa,2026-05-06T00:00:00,APP-00430>evaluacion,synthetic,SYN-020976
PEV-03116,VAC-0053,ORG-S2,evaluacion_programada,2026-05-06T00:00:00,SES-00768,synthetic,SYN-020977
PEV-03117,VAC-0053,ORG-S2,cambio_etapa,2026-05-06T10:00:00,APP-00421>entrevista,synthetic,SYN-020978
PEV-03118,VAC-0053,ORG-S2,entrevista_programada,2026-05-06T10:00:00,SES-00755,synthetic,SYN-020979
PEV-03119,VAC-0053,ORG-S2,cambio_etapa,2026-05-06T20:01:00,APP-00419>descartada,synthetic,SYN-020980
PEV-03120,VAC-0053,ORG-S2,evaluacion_realizada,2026-05-07T05:00:00,SES-00766,synthetic,SYN-020981
PEV-03121,VAC-0053,ORG-S2,cambio_etapa,2026-05-07T09:00:00,APP-00427>entrevista,synthetic,SYN-020982
PEV-03122,VAC-0053,ORG-S2,entrevista_programada,2026-05-07T09:00:00,SES-00764,synthetic,SYN-020983
PEV-03123,VAC-0053,ORG-S2,cambio_etapa,2026-05-07T11:08:00,APP-00426>evaluacion,synthetic,SYN-020984
PEV-03124,VAC-0053,ORG-S2,evaluacion_programada,2026-05-07T11:08:00,SES-00761,synthetic,SYN-020985
PEV-03125,VAC-0053,ORG-S2,cambio_etapa,2026-05-07T17:47:00,APP-00420>evaluacion,synthetic,SYN-020986
PEV-03126,VAC-0053,ORG-S2,evaluacion_programada,2026-05-07T17:47:00,SES-00752,synthetic,SYN-020987
PEV-03127,VAC-0053,ORG-S2,cambio_etapa,2026-05-08T10:41:00,APP-00418>evaluacion,synthetic,SYN-020988
PEV-03128,VAC-0053,ORG-S2,evaluacion_programada,2026-05-08T10:41:00,SES-00750,synthetic,SYN-020989
PEV-03129,VAC-0053,ORG-S2,cambio_etapa,2026-05-08T15:00:00,APP-00418>entrevista,synthetic,SYN-020990
PEV-03130,VAC-0053,ORG-S2,entrevista_programada,2026-05-08T15:00:00,SES-00751,synthetic,SYN-020991
PEV-03131,VAC-0053,ORG-S2,cambio_etapa,2026-05-08T17:00:00,APP-00423>entrevista,synthetic,SYN-020992
PEV-03132,VAC-0053,ORG-S2,entrevista_programada,2026-05-08T17:00:00,SES-00758,synthetic,SYN-020993
PEV-03133,VAC-0053,ORG-S2,evaluacion_realizada,2026-05-08T23:36:00,SES-00754,synthetic,SYN-020994
PEV-03134,VAC-0053,ORG-S2,cambio_etapa,2026-05-09T16:00:00,APP-00430>entrevista,synthetic,SYN-020995
PEV-03135,VAC-0053,ORG-S2,entrevista_programada,2026-05-09T16:00:00,SES-00769,synthetic,SYN-020996
PEV-03136,VAC-0053,ORG-S2,cambio_etapa,2026-05-09T17:00:00,APP-00420>entrevista,synthetic,SYN-020997
PEV-03137,VAC-0053,ORG-S2,entrevista_programada,2026-05-09T17:00:00,SES-00753,synthetic,SYN-020998
PEV-03138,VAC-0053,ORG-S2,cambio_etapa,2026-05-10T09:00:00,APP-00426>entrevista,synthetic,SYN-020999
PEV-03139,VAC-0053,ORG-S2,entrevista_programada,2026-05-10T09:00:00,SES-00762,synthetic,SYN-021000
PEV-03140,VAC-0053,ORG-S2,evaluacion_realizada,2026-05-11T11:42:00,SES-00757,synthetic,SYN-021001
PEV-03141,VAC-0053,ORG-S2,cambio_etapa,2026-05-11T12:00:00,APP-00429>entrevista,synthetic,SYN-021002
PEV-03142,VAC-0053,ORG-S2,entrevista_programada,2026-05-11T12:00:00,SES-00767,synthetic,SYN-021003
PEV-03143,VAC-0053,ORG-S2,evaluacion_realizada,2026-05-11T12:44:00,SES-00759,synthetic,SYN-021004
PEV-03144,VAC-0053,ORG-S2,evaluacion_realizada,2026-05-12T11:41:00,SES-00750,synthetic,SYN-021005
PEV-03145,VAC-0053,ORG-S2,cambio_etapa,2026-05-12T13:00:00,APP-00425>entrevista,synthetic,SYN-021006
PEV-03146,VAC-0053,ORG-S2,entrevista_programada,2026-05-12T13:00:00,SES-00760,synthetic,SYN-021007
PEV-03147,VAC-0053,ORG-S2,entrevista_realizada,2026-05-12T23:00:00,SES-00758,synthetic,SYN-021008
PEV-03148,VAC-0053,ORG-S2,entrevista_realizada,2026-05-13T12:00:00,SES-00764,synthetic,SYN-021009
PEV-03149,VAC-0053,ORG-S2,evaluacion_realizada,2026-05-14T01:00:00,SES-00768,synthetic,SYN-021010
PEV-03150,VAC-0053,ORG-S2,evaluacion_realizada,2026-05-14T12:36:00,SES-00756,synthetic,SYN-021011
PEV-03151,VAC-0053,ORG-S2,evaluacion_realizada,2026-05-14T22:47:00,SES-00752,synthetic,SYN-021012
PEV-03152,VAC-0053,ORG-S2,entrevista_realizada,2026-05-17T02:00:00,SES-00751,synthetic,SYN-021013
PEV-03153,VAC-0053,ORG-S2,evaluacion_realizada,2026-05-17T18:48:00,SES-00763,synthetic,SYN-021014
PEV-03154,VAC-0053,ORG-S2,entrevista_realizada,2026-05-21T02:00:00,SES-00753,synthetic,SYN-021015
PEV-03155,VAC-0053,ORG-S2,entrevista_realizada,2026-05-23T11:00:00,SES-00762,synthetic,SYN-021016
PEV-03156,VAC-0053,ORG-S2,entrevista_realizada,2026-05-25T21:00:00,SES-00769,synthetic,SYN-021017
PEV-03157,VAC-0053,ORG-S2,entrevista_realizada,2026-05-25T23:00:00,SES-00767,synthetic,SYN-021018
PEV-03158,VAC-0053,ORG-S2,entrevista_realizada,2026-05-30T00:00:00,SES-00760,synthetic,SYN-021019
PEV-03159,VAC-0053,ORG-S2,vacante_cerrada,2026-06-11T08:00:00,,synthetic,SYN-021020
PEV-03160,VAC-0054,ORG-S3,vacante_publicada,2026-04-02T12:41:00,,synthetic,SYN-021021
PEV-03161,VAC-0054,ORG-S3,postulacion_recibida,2026-04-04T00:21:00,APP-00435,synthetic,SYN-021022
PEV-03162,VAC-0054,ORG-S3,cambio_etapa,2026-04-04T00:21:00,APP-00435>recibida,synthetic,SYN-021023
PEV-03163,VAC-0054,ORG-S3,postulacion_recibida,2026-04-04T17:31:00,APP-00437,synthetic,SYN-021024
PEV-03164,VAC-0054,ORG-S3,cambio_etapa,2026-04-04T17:31:00,APP-00437>recibida,synthetic,SYN-021025
PEV-03165,VAC-0054,ORG-S3,evaluacion_programada,2026-04-05T02:21:00,SES-00776,synthetic,SYN-021026
PEV-03166,VAC-0054,ORG-S3,evaluacion_programada,2026-04-06T21:31:00,SES-00781,synthetic,SYN-021027
PEV-03167,VAC-0054,ORG-S3,postulacion_recibida,2026-04-07T06:53:00,APP-00433,synthetic,SYN-021028
PEV-03168,VAC-0054,ORG-S3,cambio_etapa,2026-04-07T06:53:00,APP-00433>recibida,synthetic,SYN-021029
PEV-03169,VAC-0054,ORG-S3,cambio_etapa,2026-04-07T07:21:00,APP-00435>evaluacion,synthetic,SYN-021030
PEV-03170,VAC-0054,ORG-S3,evaluacion_programada,2026-04-07T07:21:00,SES-00775,synthetic,SYN-021031
PEV-03171,VAC-0054,ORG-S3,cambio_etapa,2026-04-08T10:53:00,APP-00433>evaluacion,synthetic,SYN-021032
PEV-03172,VAC-0054,ORG-S3,evaluacion_programada,2026-04-08T10:53:00,SES-00771,synthetic,SYN-021033
PEV-03173,VAC-0054,ORG-S3,cambio_etapa,2026-04-09T00:31:00,APP-00437>evaluacion,synthetic,SYN-021034
PEV-03174,VAC-0054,ORG-S3,evaluacion_programada,2026-04-09T00:31:00,SES-00780,synthetic,SYN-021035
PEV-03175,VAC-0054,ORG-S3,evaluacion_realizada,2026-04-13T05:21:00,SES-00776,synthetic,SYN-021036
PEV-03176,VAC-0054,ORG-S3,evaluacion_realizada,2026-04-13T05:31:00,SES-00780,synthetic,SYN-021037
PEV-03177,VAC-0054,ORG-S3,evaluacion_realizada,2026-04-15T23:31:00,SES-00781,synthetic,SYN-021038
PEV-03178,VAC-0054,ORG-S3,postulacion_recibida,2026-04-17T02:22:00,APP-00432,synthetic,SYN-021039
PEV-03179,VAC-0054,ORG-S3,cambio_etapa,2026-04-17T02:22:00,APP-00432>recibida,synthetic,SYN-021040
PEV-03180,VAC-0054,ORG-S3,postulacion_recibida,2026-04-17T03:51:00,APP-00434,synthetic,SYN-021041
PEV-03181,VAC-0054,ORG-S3,cambio_etapa,2026-04-17T03:51:00,APP-00434>recibida,synthetic,SYN-021042
PEV-03182,VAC-0054,ORG-S3,evaluacion_realizada,2026-04-17T15:53:00,SES-00771,synthetic,SYN-021043
PEV-03183,VAC-0054,ORG-S3,cambio_etapa,2026-04-19T08:22:00,APP-00432>evaluacion,synthetic,SYN-021044
PEV-03184,VAC-0054,ORG-S3,evaluacion_programada,2026-04-19T08:22:00,SES-00770,synthetic,SYN-021045
PEV-03185,VAC-0054,ORG-S3,postulacion_recibida,2026-04-19T09:22:00,APP-00436,synthetic,SYN-021046
PEV-03186,VAC-0054,ORG-S3,cambio_etapa,2026-04-19T09:22:00,APP-00436>recibida,synthetic,SYN-021047
PEV-03187,VAC-0054,ORG-S3,evaluacion_realizada,2026-04-19T10:21:00,SES-00775,synthetic,SYN-021048
PEV-03188,VAC-0054,ORG-S3,cambio_etapa,2026-04-20T09:00:00,APP-00436>entrevista,synthetic,SYN-021049
PEV-03189,VAC-0054,ORG-S3,entrevista_programada,2026-04-20T09:00:00,SES-00779,synthetic,SYN-021050
PEV-03190,VAC-0054,ORG-S3,cambio_etapa,2026-04-20T14:22:00,APP-00436>evaluacion,synthetic,SYN-021051
PEV-03191,VAC-0054,ORG-S3,evaluacion_programada,2026-04-20T14:22:00,SES-00778,synthetic,SYN-021052
PEV-03192,VAC-0054,ORG-S3,cambio_etapa,2026-04-21T11:00:00,APP-00434>entrevista,synthetic,SYN-021053
PEV-03193,VAC-0054,ORG-S3,entrevista_programada,2026-04-21T11:00:00,SES-00774,synthetic,SYN-021054
PEV-03194,VAC-0054,ORG-S3,cambio_etapa,2026-04-21T17:00:00,APP-00437>entrevista,synthetic,SYN-021055
PEV-03195,VAC-0054,ORG-S3,entrevista_programada,2026-04-21T17:00:00,SES-00782,synthetic,SYN-021056
PEV-03196,VAC-0054,ORG-S3,cambio_etapa,2026-04-22T07:51:00,APP-00434>evaluacion,synthetic,SYN-021057
PEV-03197,VAC-0054,ORG-S3,evaluacion_programada,2026-04-22T07:51:00,SES-00773,synthetic,SYN-021058
PEV-03198,VAC-0054,ORG-S3,cambio_etapa,2026-04-24T11:00:00,APP-00433>entrevista,synthetic,SYN-021059
PEV-03199,VAC-0054,ORG-S3,entrevista_programada,2026-04-24T11:00:00,SES-00772,synthetic,SYN-021060
PEV-03200,VAC-0054,ORG-S3,cambio_etapa,2026-04-24T12:00:00,APP-00435>entrevista,synthetic,SYN-021061
PEV-03201,VAC-0054,ORG-S3,entrevista_programada,2026-04-24T12:00:00,SES-00777,synthetic,SYN-021062
PEV-03202,VAC-0054,ORG-S3,entrevista_realizada,2026-04-29T16:00:00,SES-00779,synthetic,SYN-021063
PEV-03203,VAC-0054,ORG-S3,evaluacion_realizada,2026-05-04T18:22:00,SES-00778,synthetic,SYN-021064
PEV-03204,VAC-0054,ORG-S3,entrevista_realizada,2026-05-05T19:00:00,SES-00782,synthetic,SYN-021065
PEV-03205,VAC-0054,ORG-S3,evaluacion_realizada,2026-05-06T09:51:00,SES-00773,synthetic,SYN-021066
PEV-03206,VAC-0054,ORG-S3,entrevista_realizada,2026-05-06T16:00:00,SES-00774,synthetic,SYN-021067
PEV-03207,VAC-0054,ORG-S3,entrevista_realizada,2026-05-06T19:00:00,SES-00777,synthetic,SYN-021068
PEV-03208,VAC-0054,ORG-S3,entrevista_realizada,2026-05-07T16:00:00,SES-00772,synthetic,SYN-021069
PEV-03209,VAC-0054,ORG-S3,vacante_cerrada,2026-05-16T22:00:00,,synthetic,SYN-021070
PEV-03210,VAC-0055,ORG-S1,vacante_publicada,2026-06-05T11:42:00,,synthetic,SYN-021071
PEV-03211,VAC-0055,ORG-S1,postulacion_recibida,2026-06-05T13:12:00,APP-00441,synthetic,SYN-021072
PEV-03212,VAC-0055,ORG-S1,cambio_etapa,2026-06-05T13:12:00,APP-00441>recibida,synthetic,SYN-021073
PEV-03213,VAC-0055,ORG-S1,cambio_etapa,2026-06-09T13:12:00,APP-00441>evaluacion,synthetic,SYN-021074
PEV-03214,VAC-0055,ORG-S1,evaluacion_programada,2026-06-09T13:12:00,SES-00785,synthetic,SYN-021075
PEV-03215,VAC-0055,ORG-S1,postulacion_recibida,2026-06-10T06:52:00,APP-00438,synthetic,SYN-021076
PEV-03216,VAC-0055,ORG-S1,cambio_etapa,2026-06-10T06:52:00,APP-00438>recibida,synthetic,SYN-021077
PEV-03217,VAC-0055,ORG-S1,postulacion_recibida,2026-06-11T19:36:00,APP-00439,synthetic,SYN-021078
PEV-03218,VAC-0055,ORG-S1,cambio_etapa,2026-06-11T19:36:00,APP-00439>recibida,synthetic,SYN-021079
PEV-03219,VAC-0055,ORG-S1,cambio_etapa,2026-06-15T00:36:00,APP-00439>descartada,synthetic,SYN-021080
PEV-03220,VAC-0055,ORG-S1,cambio_etapa,2026-06-15T07:52:00,APP-00438>evaluacion,synthetic,SYN-021081
PEV-03221,VAC-0055,ORG-S1,evaluacion_programada,2026-06-15T07:52:00,SES-00783,synthetic,SYN-021082
PEV-03222,VAC-0055,ORG-S1,postulacion_recibida,2026-06-16T02:44:00,APP-00440,synthetic,SYN-021083
PEV-03223,VAC-0055,ORG-S1,cambio_etapa,2026-06-16T02:44:00,APP-00440>recibida,synthetic,SYN-021084
PEV-03224,VAC-0055,ORG-S1,cambio_etapa,2026-06-17T02:44:00,APP-00440>evaluacion,synthetic,SYN-021085
PEV-03225,VAC-0055,ORG-S1,evaluacion_programada,2026-06-17T02:44:00,SES-00784,synthetic,SYN-021086
PEV-03226,VAC-0055,ORG-S1,postulacion_recibida,2026-06-17T04:38:00,APP-00443,synthetic,SYN-021087
PEV-03227,VAC-0055,ORG-S1,cambio_etapa,2026-06-17T04:38:00,APP-00443>recibida,synthetic,SYN-021088
PEV-03228,VAC-0055,ORG-S1,evaluacion_realizada,2026-06-17T18:12:00,SES-00785,synthetic,SYN-021089
PEV-03229,VAC-0055,ORG-S1,postulacion_recibida,2026-06-19T08:05:00,APP-00444,synthetic,SYN-021090
PEV-03230,VAC-0055,ORG-S1,cambio_etapa,2026-06-19T08:05:00,APP-00444>recibida,synthetic,SYN-021091
PEV-03231,VAC-0055,ORG-S1,evaluacion_programada,2026-06-20T14:05:00,SES-00791,synthetic,SYN-021092
PEV-03232,VAC-0055,ORG-S1,postulacion_recibida,2026-06-20T17:50:00,APP-00445,synthetic,SYN-021093
PEV-03233,VAC-0055,ORG-S1,cambio_etapa,2026-06-20T17:50:00,APP-00445>recibida,synthetic,SYN-021094
PEV-03234,VAC-0055,ORG-S1,postulacion_recibida,2026-06-21T10:41:00,APP-00442,synthetic,SYN-021095
PEV-03235,VAC-0055,ORG-S1,cambio_etapa,2026-06-21T10:41:00,APP-00442>recibida,synthetic,SYN-021096
PEV-03236,VAC-0055,ORG-S1,cambio_etapa,2026-06-22T00:50:00,APP-00445>evaluacion,synthetic,SYN-021097
PEV-03237,VAC-0055,ORG-S1,evaluacion_programada,2026-06-22T00:50:00,SES-00793,synthetic,SYN-021098
PEV-03238,VAC-0055,ORG-S1,cambio_etapa,2026-06-22T14:41:00,APP-00442>evaluacion,synthetic,SYN-021099
PEV-03239,VAC-0055,ORG-S1,evaluacion_programada,2026-06-22T14:41:00,SES-00787,synthetic,SYN-021100
PEV-03240,VAC-0055,ORG-S1,cambio_etapa,2026-06-23T15:05:00,APP-00444>evaluacion,synthetic,SYN-021101
PEV-03241,VAC-0055,ORG-S1,evaluacion_programada,2026-06-23T15:05:00,SES-00790,synthetic,SYN-021102
PEV-03242,VAC-0055,ORG-S1,cambio_etapa,2026-06-26T00:00:00,APP-00443>evaluacion,synthetic,SYN-021103
PEV-03243,VAC-0055,ORG-S1,evaluacion_programada,2026-06-26T00:00:00,SES-00788,synthetic,SYN-021104
PEV-03244,VAC-0055,ORG-S1,evaluacion_realizada,2026-06-27T12:44:00,SES-00784,synthetic,SYN-021105
PEV-03245,VAC-0055,ORG-S1,cambio_etapa,2026-06-28T15:00:00,APP-00444>entrevista,synthetic,SYN-021106
PEV-03246,VAC-0055,ORG-S1,entrevista_programada,2026-06-28T15:00:00,SES-00792,synthetic,SYN-021107
PEV-03247,VAC-0055,ORG-S1,cambio_etapa,2026-06-29T12:00:00,APP-00441>entrevista,synthetic,SYN-021108
PEV-03248,VAC-0055,ORG-S1,entrevista_programada,2026-06-29T12:00:00,SES-00786,synthetic,SYN-021109
PEV-03249,VAC-0055,ORG-S1,evaluacion_realizada,2026-06-29T18:05:00,SES-00791,synthetic,SYN-021110
PEV-03250,VAC-0055,ORG-S1,evaluacion_realizada,2026-07-01T11:52:00,SES-00783,synthetic,SYN-021111
PEV-03251,VAC-0055,ORG-S1,evaluacion_realizada,2026-07-01T23:05:00,SES-00790,synthetic,SYN-021112
PEV-03252,VAC-0055,ORG-S1,evaluacion_realizada,2026-07-02T06:50:00,SES-00793,synthetic,SYN-021113
PEV-03253,VAC-0055,ORG-S1,cambio_etapa,2026-07-02T13:00:00,APP-00443>entrevista,synthetic,SYN-021114
PEV-03254,VAC-0055,ORG-S1,entrevista_programada,2026-07-02T13:00:00,SES-00789,synthetic,SYN-021115
PEV-03255,VAC-0055,ORG-S1,cambio_etapa,2026-07-02T15:00:00,APP-00445>entrevista,synthetic,SYN-021116
PEV-03256,VAC-0055,ORG-S1,entrevista_programada,2026-07-02T15:00:00,SES-00794,synthetic,SYN-021117
PEV-03257,VAC-0055,ORG-S1,evaluacion_realizada,2026-07-04T21:41:00,SES-00787,synthetic,SYN-021118
PEV-03258,VAC-0055,ORG-S1,entrevista_realizada,2026-07-08T21:00:00,SES-00792,synthetic,SYN-021119
PEV-03259,VAC-0055,ORG-S1,entrevista_realizada,2026-07-15T21:00:00,SES-00794,synthetic,SYN-021120
PEV-03260,VAC-0055,ORG-S1,entrevista_realizada,2026-07-20T17:00:00,SES-00789,synthetic,SYN-021121
PEV-03261,VAC-0055,ORG-S1,vacante_cerrada,2026-08-02T22:00:00,,synthetic,SYN-021122
PEV-03262,VAC-0056,ORG-S2,vacante_publicada,2026-06-11T17:15:00,,synthetic,SYN-021123
PEV-03263,VAC-0056,ORG-S2,postulacion_recibida,2026-06-12T06:51:00,APP-00448,synthetic,SYN-021124
PEV-03264,VAC-0056,ORG-S2,cambio_etapa,2026-06-12T06:51:00,APP-00448>recibida,synthetic,SYN-021125
PEV-03265,VAC-0056,ORG-S2,postulacion_recibida,2026-06-14T04:20:00,APP-00451,synthetic,SYN-021126
PEV-03266,VAC-0056,ORG-S2,cambio_etapa,2026-06-14T04:20:00,APP-00451>recibida,synthetic,SYN-021127
PEV-03267,VAC-0056,ORG-S2,postulacion_recibida,2026-06-14T18:01:00,APP-00449,synthetic,SYN-021128
PEV-03268,VAC-0056,ORG-S2,cambio_etapa,2026-06-14T18:01:00,APP-00449>recibida,synthetic,SYN-021129
PEV-03269,VAC-0056,ORG-S2,evaluacion_programada,2026-06-16T08:51:00,SES-00800,synthetic,SYN-021130
PEV-03270,VAC-0056,ORG-S2,cambio_etapa,2026-06-16T13:51:00,APP-00448>evaluacion,synthetic,SYN-021131
PEV-03271,VAC-0056,ORG-S2,evaluacion_programada,2026-06-16T13:51:00,SES-00799,synthetic,SYN-021132
PEV-03272,VAC-0056,ORG-S2,cambio_etapa,2026-06-17T19:01:00,APP-00449>descartada,synthetic,SYN-021133
PEV-03273,VAC-0056,ORG-S2,cambio_etapa,2026-06-18T05:20:00,APP-00451>descartada,synthetic,SYN-021134
PEV-03274,VAC-0056,ORG-S2,postulacion_recibida,2026-06-18T15:53:00,APP-00454,synthetic,SYN-021135
PEV-03275,VAC-0056,ORG-S2,cambio_etapa,2026-06-18T15:53:00,APP-00454>recibida,synthetic,SYN-021136
PEV-03276,VAC-0056,ORG-S2,postulacion_recibida,2026-06-19T03:12:00,APP-00450,synthetic,SYN-021137
PEV-03277,VAC-0056,ORG-S2,cambio_etapa,2026-06-19T03:12:00,APP-00450>recibida,synthetic,SYN-021138
PEV-03278,VAC-0056,ORG-S2,evaluacion_programada,2026-06-19T22:53:00,SES-00809,synthetic,SYN-021139
PEV-03279,VAC-0056,ORG-S2,cambio_etapa,2026-06-20T11:12:00,APP-00450>evaluacion,synthetic,SYN-021140
PEV-03280,VAC-0056,ORG-S2,evaluacion_programada,2026-06-20T11:12:00,SES-00802,synthetic,SYN-021141
PEV-03281,VAC-0056,ORG-S2,postulacion_recibida,2026-06-20T18:44:00,APP-00446,synthetic,SYN-021142
PEV-03282,VAC-0056,ORG-S2,cambio_etapa,2026-06-20T18:44:00,APP-00446>recibida,synthetic,SYN-021143
PEV-03283,VAC-0056,ORG-S2,cambio_etapa,2026-06-22T17:53:00,APP-00454>evaluacion,synthetic,SYN-021144
PEV-03284,VAC-0056,ORG-S2,evaluacion_programada,2026-06-22T17:53:00,SES-00808,synthetic,SYN-021145
PEV-03285,VAC-0056,ORG-S2,postulacion_recibida,2026-06-23T01:02:00,APP-00456,synthetic,SYN-021146
PEV-03286,VAC-0056,ORG-S2,cambio_etapa,2026-06-23T01:02:00,APP-00456>recibida,synthetic,SYN-021147
PEV-03287,VAC-0056,ORG-S2,postulacion_recibida,2026-06-25T08:39:00,APP-00455,synthetic,SYN-021148
PEV-03288,VAC-0056,ORG-S2,cambio_etapa,2026-06-25T08:39:00,APP-00455>recibida,synthetic,SYN-021149
PEV-03289,VAC-0056,ORG-S2,evaluacion_realizada,2026-06-26T03:53:00,SES-00809,synthetic,SYN-021150
PEV-03290,VAC-0056,ORG-S2,cambio_etapa,2026-06-26T10:39:00,APP-00455>evaluacion,synthetic,SYN-021151
PEV-03291,VAC-0056,ORG-S2,evaluacion_programada,2026-06-26T10:39:00,SES-00811,synthetic,SYN-021152
PEV-03292,VAC-0056,ORG-S2,postulacion_recibida,2026-06-26T18:41:00,APP-00452,synthetic,SYN-021153
PEV-03293,VAC-0056,ORG-S2,cambio_etapa,2026-06-26T18:41:00,APP-00452>recibida,synthetic,SYN-021154
PEV-03294,VAC-0056,ORG-S2,cambio_etapa,2026-06-27T07:02:00,APP-00456>evaluacion,synthetic,SYN-021155
PEV-03295,VAC-0056,ORG-S2,evaluacion_programada,2026-06-27T07:02:00,SES-00813,synthetic,SYN-021156
PEV-03296,VAC-0056,ORG-S2,postulacion_recibida,2026-06-27T14:50:00,APP-00458,synthetic,SYN-021157
PEV-03297,VAC-0056,ORG-S2,cambio_etapa,2026-06-27T14:50:00,APP-00458>recibida,synthetic,SYN-021158
PEV-03298,VAC-0056,ORG-S2,postulacion_recibida,2026-06-27T23:17:00,APP-00453,synthetic,SYN-021159
PEV-03299,VAC-0056,ORG-S2,cambio_etapa,2026-06-27T23:17:00,APP-00453>recibida,synthetic,SYN-021160
PEV-03300,VAC-0056,ORG-S2,cambio_etapa,2026-06-27T23:41:00,APP-00452>evaluacion,synthetic,SYN-021161
PEV-03301,VAC-0056,ORG-S2,evaluacion_programada,2026-06-27T23:41:00,SES-00804,synthetic,SYN-021162
PEV-03302,VAC-0056,ORG-S2,postulacion_recibida,2026-06-29T01:08:00,APP-00447,synthetic,SYN-021163
PEV-03303,VAC-0056,ORG-S2,cambio_etapa,2026-06-29T01:08:00,APP-00447>recibida,synthetic,SYN-021164
PEV-03304,VAC-0056,ORG-S2,evaluacion_realizada,2026-06-29T13:51:00,SES-00800,synthetic,SYN-021165
PEV-03305,VAC-0056,ORG-S2,cambio_etapa,2026-06-29T15:50:00,APP-00458>evaluacion,synthetic,SYN-021166
PEV-03306,VAC-0056,ORG-S2,evaluacion_programada,2026-06-29T15:50:00,SES-00817,synthetic,SYN-021167
PEV-03307,VAC-0056,ORG-S2,cambio_etapa,2026-06-30T02:08:00,APP-00447>evaluacion,synthetic,SYN-021168
PEV-03308,VAC-0056,ORG-S2,evaluacion_programada,2026-06-30T02:08:00,SES-00797,synthetic,SYN-021169
PEV-03309,VAC-0056,ORG-S2,postulacion_recibida,2026-06-30T14:02:00,APP-00457,synthetic,SYN-021170
PEV-03310,VAC-0056,ORG-S2,cambio_etapa,2026-06-30T14:02:00,APP-00457>recibida,synthetic,SYN-021171
PEV-03311,VAC-0056,ORG-S2,evaluacion_realizada,2026-06-30T17:51:00,SES-00799,synthetic,SYN-021172
PEV-03312,VAC-0056,ORG-S2,cambio_etapa,2026-07-01T00:00:00,APP-00446>evaluacion,synthetic,SYN-021173
PEV-03313,VAC-0056,ORG-S2,evaluacion_programada,2026-07-01T00:00:00,SES-00795,synthetic,SYN-021174
PEV-03314,VAC-0056,ORG-S2,cambio_etapa,2026-07-01T04:17:00,APP-00453>evaluacion,synthetic,SYN-021175
PEV-03315,VAC-0056,ORG-S2,evaluacion_programada,2026-07-01T04:17:00,SES-00806,synthetic,SYN-021176
PEV-03316,VAC-0056,ORG-S2,cambio_etapa,2026-07-02T14:00:00,APP-00448>entrevista,synthetic,SYN-021177
PEV-03317,VAC-0056,ORG-S2,entrevista_programada,2026-07-02T14:00:00,SES-00801,synthetic,SYN-021178
PEV-03318,VAC-0056,ORG-S2,cambio_etapa,2026-07-04T09:00:00,APP-00455>entrevista,synthetic,SYN-021179
PEV-03319,VAC-0056,ORG-S2,entrevista_programada,2026-07-04T09:00:00,SES-00812,synthetic,SYN-021180
PEV-03320,VAC-0056,ORG-S2,cambio_etapa,2026-07-04T12:00:00,APP-00452>entrevista,synthetic,SYN-021181
PEV-03321,VAC-0056,ORG-S2,entrevista_programada,2026-07-04T12:00:00,SES-00805,synthetic,SYN-021182
PEV-03322,VAC-0056,ORG-S2,cambio_etapa,2026-07-04T13:00:00,APP-00456>entrevista,synthetic,SYN-021183
PEV-03323,VAC-0056,ORG-S2,entrevista_programada,2026-07-04T13:00:00,SES-00814,synthetic,SYN-021184
PEV-03324,VAC-0056,ORG-S2,cambio_etapa,2026-07-04T15:00:00,APP-00453>entrevista,synthetic,SYN-021185
PEV-03325,VAC-0056,ORG-S2,entrevista_programada,2026-07-04T15:00:00,SES-00807,synthetic,SYN-021186
PEV-03326,VAC-0056,ORG-S2,evaluacion_realizada,2026-07-04T18:02:00,SES-00813,synthetic,SYN-021187
PEV-03327,VAC-0056,ORG-S2,cambio_etapa,2026-07-04T20:02:00,APP-00457>evaluacion,synthetic,SYN-021188
PEV-03328,VAC-0056,ORG-S2,evaluacion_programada,2026-07-04T20:02:00,SES-00815,synthetic,SYN-021189
PEV-03329,VAC-0056,ORG-S2,cambio_etapa,2026-07-05T09:00:00,APP-00447>entrevista,synthetic,SYN-021190
PEV-03330,VAC-0056,ORG-S2,entrevista_programada,2026-07-05T09:00:00,SES-00798,synthetic,SYN-021191
PEV-03331,VAC-0056,ORG-S2,cambio_etapa,2026-07-05T13:00:00,APP-00454>entrevista,synthetic,SYN-021192
PEV-03332,VAC-0056,ORG-S2,entrevista_programada,2026-07-05T13:00:00,SES-00810,synthetic,SYN-021193
PEV-03333,VAC-0056,ORG-S2,cambio_etapa,2026-07-05T14:00:00,APP-00458>entrevista,synthetic,SYN-021194
PEV-03334,VAC-0056,ORG-S2,entrevista_programada,2026-07-05T14:00:00,SES-00818,synthetic,SYN-021195
PEV-03335,VAC-0056,ORG-S2,cambio_etapa,2026-07-05T16:00:00,APP-00457>entrevista,synthetic,SYN-021196
PEV-03336,VAC-0056,ORG-S2,entrevista_programada,2026-07-05T16:00:00,SES-00816,synthetic,SYN-021197
PEV-03337,VAC-0056,ORG-S2,cambio_etapa,2026-07-07T09:00:00,APP-00446>entrevista,synthetic,SYN-021198
PEV-03338,VAC-0056,ORG-S2,entrevista_programada,2026-07-07T09:00:00,SES-00796,synthetic,SYN-021199
PEV-03339,VAC-0056,ORG-S2,cambio_etapa,2026-07-07T10:00:00,APP-00450>entrevista,synthetic,SYN-021200
PEV-03340,VAC-0056,ORG-S2,entrevista_programada,2026-07-07T10:00:00,SES-00803,synthetic,SYN-021201
PEV-03341,VAC-0056,ORG-S2,evaluacion_realizada,2026-07-08T01:53:00,SES-00808,synthetic,SYN-021202
PEV-03342,VAC-0056,ORG-S2,evaluacion_realizada,2026-07-08T09:17:00,SES-00806,synthetic,SYN-021203
PEV-03343,VAC-0056,ORG-S2,evaluacion_realizada,2026-07-08T18:50:00,SES-00817,synthetic,SYN-021204
PEV-03344,VAC-0056,ORG-S2,evaluacion_realizada,2026-07-10T03:41:00,SES-00804,synthetic,SYN-021205
PEV-03345,VAC-0056,ORG-S2,evaluacion_realizada,2026-07-11T11:08:00,SES-00797,synthetic,SYN-021206
PEV-03346,VAC-0056,ORG-S2,entrevista_realizada,2026-07-11T17:00:00,SES-00807,synthetic,SYN-021207
PEV-03347,VAC-0056,ORG-S2,entrevista_realizada,2026-07-11T19:00:00,SES-00810,synthetic,SYN-021208
PEV-03348,VAC-0056,ORG-S2,evaluacion_realizada,2026-07-13T14:39:00,SES-00811,synthetic,SYN-021209
PEV-03349,VAC-0056,ORG-S2,entrevista_realizada,2026-07-14T19:00:00,SES-00801,synthetic,SYN-021210
PEV-03350,VAC-0056,ORG-S2,entrevista_realizada,2026-07-15T21:00:00,SES-00818,synthetic,SYN-021211
PEV-03351,VAC-0056,ORG-S2,evaluacion_realizada,2026-07-16T07:00:00,SES-00795,synthetic,SYN-021212
PEV-03352,VAC-0056,ORG-S2,entrevista_realizada,2026-07-16T20:00:00,SES-00816,synthetic,SYN-021213
PEV-03353,VAC-0056,ORG-S2,evaluacion_realizada,2026-07-17T21:02:00,SES-00815,synthetic,SYN-021214
PEV-03354,VAC-0056,ORG-S2,entrevista_realizada,2026-07-18T19:00:00,SES-00798,synthetic,SYN-021215
PEV-03355,VAC-0056,ORG-S2,entrevista_realizada,2026-07-19T13:00:00,SES-00796,synthetic,SYN-021216
PEV-03356,VAC-0056,ORG-S2,entrevista_realizada,2026-07-20T16:00:00,SES-00805,synthetic,SYN-021217
PEV-03357,VAC-0056,ORG-S2,entrevista_realizada,2026-07-20T16:00:00,SES-00812,synthetic,SYN-021218
PEV-03358,VAC-0056,ORG-S2,entrevista_realizada,2026-07-20T18:00:00,SES-00814,synthetic,SYN-021219
PEV-03359,VAC-0056,ORG-S2,vacante_cerrada,2026-07-26T22:00:00,,synthetic,SYN-021220
PEV-03360,VAC-0057,ORG-S3,vacante_publicada,2026-05-20T16:06:00,,synthetic,SYN-021221
PEV-03361,VAC-0057,ORG-S3,postulacion_recibida,2026-05-22T17:11:00,APP-00459,synthetic,SYN-021222
PEV-03362,VAC-0057,ORG-S3,cambio_etapa,2026-05-22T17:11:00,APP-00459>recibida,synthetic,SYN-021223
PEV-03363,VAC-0057,ORG-S3,postulacion_recibida,2026-05-23T16:11:00,APP-00463,synthetic,SYN-021224
PEV-03364,VAC-0057,ORG-S3,cambio_etapa,2026-05-23T16:11:00,APP-00463>recibida,synthetic,SYN-021225
PEV-03365,VAC-0057,ORG-S3,postulacion_recibida,2026-05-23T22:35:00,APP-00464,synthetic,SYN-021226
PEV-03366,VAC-0057,ORG-S3,cambio_etapa,2026-05-23T22:35:00,APP-00464>recibida,synthetic,SYN-021227
PEV-03367,VAC-0057,ORG-S3,postulacion_recibida,2026-05-24T01:36:00,APP-00465,synthetic,SYN-021228
PEV-03368,VAC-0057,ORG-S3,cambio_etapa,2026-05-24T01:36:00,APP-00465>recibida,synthetic,SYN-021229
PEV-03369,VAC-0057,ORG-S3,cambio_etapa,2026-05-27T01:36:00,APP-00465>evaluacion,synthetic,SYN-021230
PEV-03370,VAC-0057,ORG-S3,evaluacion_programada,2026-05-27T01:36:00,SES-00832,synthetic,SYN-021231
PEV-03371,VAC-0057,ORG-S3,cambio_etapa,2026-05-27T16:11:00,APP-00463>evaluacion,synthetic,SYN-021232
PEV-03372,VAC-0057,ORG-S3,evaluacion_programada,2026-05-27T16:11:00,SES-00827,synthetic,SYN-021233
PEV-03373,VAC-0057,ORG-S3,evaluacion_programada,2026-05-27T20:11:00,SES-00828,synthetic,SYN-021234
PEV-03374,VAC-0057,ORG-S3,cambio_etapa,2026-05-28T01:11:00,APP-00459>evaluacion,synthetic,SYN-021235
PEV-03375,VAC-0057,ORG-S3,evaluacion_programada,2026-05-28T01:11:00,SES-00819,synthetic,SYN-021236
PEV-03376,VAC-0057,ORG-S3,postulacion_recibida,2026-05-28T04:20:00,APP-00462,synthetic,SYN-021237
PEV-03377,VAC-0057,ORG-S3,cambio_etapa,2026-05-28T04:20:00,APP-00462>recibida,synthetic,SYN-021238
PEV-03378,VAC-0057,ORG-S3,postulacion_recibida,2026-05-29T18:28:00,APP-00461,synthetic,SYN-021239
PEV-03379,VAC-0057,ORG-S3,cambio_etapa,2026-05-29T18:28:00,APP-00461>recibida,synthetic,SYN-021240
PEV-03380,VAC-0057,ORG-S3,evaluacion_programada,2026-05-30T07:20:00,SES-00825,synthetic,SYN-021241
PEV-03381,VAC-0057,ORG-S3,postulacion_recibida,2026-06-01T07:40:00,APP-00460,synthetic,SYN-021242
PEV-03382,VAC-0057,ORG-S3,cambio_etapa,2026-06-01T07:40:00,APP-00460>recibida,synthetic,SYN-021243
PEV-03383,VAC-0057,ORG-S3,cambio_etapa,2026-06-02T05:20:00,APP-00462>evaluacion,synthetic,SYN-021244
PEV-03384,VAC-0057,ORG-S3,evaluacion_programada,2026-06-02T05:20:00,SES-00824,synthetic,SYN-021245
PEV-03385,VAC-0057,ORG-S3,cambio_etapa,2026-06-02T11:40:00,APP-00460>evaluacion,synthetic,SYN-021246
PEV-03386,VAC-0057,ORG-S3,evaluacion_programada,2026-06-02T11:40:00,SES-00820,synthetic,SYN-021247
PEV-03387,VAC-0057,ORG-S3,cambio_etapa,2026-06-03T00:00:00,APP-00464>evaluacion,synthetic,SYN-021248
PEV-03388,VAC-0057,ORG-S3,evaluacion_programada,2026-06-03T00:00:00,SES-00830,synthetic,SYN-021249
PEV-03389,VAC-0057,ORG-S3,cambio_etapa,2026-06-03T01:28:00,APP-00461>evaluacion,synthetic,SYN-021250
PEV-03390,VAC-0057,ORG-S3,evaluacion_programada,2026-06-03T01:28:00,SES-00822,synthetic,SYN-021251
PEV-03391,VAC-0057,ORG-S3,cambio_etapa,2026-06-03T10:00:00,APP-00460>entrevista,synthetic,SYN-021252
PEV-03392,VAC-0057,ORG-S3,entrevista_programada,2026-06-03T10:00:00,SES-00821,synthetic,SYN-021253
PEV-03393,VAC-0057,ORG-S3,cambio_etapa,2026-06-03T15:00:00,APP-00465>entrevista,synthetic,SYN-021254
PEV-03394,VAC-0057,ORG-S3,entrevista_programada,2026-06-03T15:00:00,SES-00833,synthetic,SYN-021255
PEV-03395,VAC-0057,ORG-S3,cambio_etapa,2026-06-04T16:00:00,APP-00462>entrevista,synthetic,SYN-021256
PEV-03396,VAC-0057,ORG-S3,entrevista_programada,2026-06-04T16:00:00,SES-00826,synthetic,SYN-021257
PEV-03397,VAC-0057,ORG-S3,cambio_etapa,2026-06-05T13:00:00,APP-00464>entrevista,synthetic,SYN-021258
PEV-03398,VAC-0057,ORG-S3,entrevista_programada,2026-06-05T13:00:00,SES-00831,synthetic,SYN-021259
PEV-03399,VAC-0057,ORG-S3,cambio_etapa,2026-06-05T15:00:00,APP-00463>entrevista,synthetic,SYN-021260
PEV-03400,VAC-0057,ORG-S3,entrevista_programada,2026-06-05T15:00:00,SES-00829,synthetic,SYN-021261
PEV-03401,VAC-0057,ORG-S3,evaluacion_realizada,2026-06-07T10:20:00,SES-00825,synthetic,SYN-021262
PEV-03402,VAC-0057,ORG-S3,evaluacion_realizada,2026-06-08T06:36:00,SES-00832,synthetic,SYN-021263
PEV-03403,VAC-0057,ORG-S3,cambio_etapa,2026-06-09T11:00:00,APP-00461>entrevista,synthetic,SYN-021264
PEV-03404,VAC-0057,ORG-S3,entrevista_programada,2026-06-09T11:00:00,SES-00823,synthetic,SYN-021265
PEV-03405,VAC-0057,ORG-S3,evaluacion_realizada,2026-06-09T14:40:00,SES-00820,synthetic,SYN-021266
PEV-03406,VAC-0057,ORG-S3,evaluacion_realizada,2026-06-09T21:11:00,SES-00827,synthetic,SYN-021267
PEV-03407,VAC-0057,ORG-S3,evaluacion_realizada,2026-06-10T11:20:00,SES-00824,synthetic,SYN-021268
PEV-03408,VAC-0057,ORG-S3,entrevista_realizada,2026-06-10T19:00:00,SES-00831,synthetic,SYN-021269
PEV-03409,VAC-0057,ORG-S3,entrevista_realizada,2026-06-11T22:00:00,SES-00829,synthetic,SYN-021270
PEV-03410,VAC-0057,ORG-S3,evaluacion_realizada,2026-06-12T05:00:00,SES-00830,synthetic,SYN-021271
PEV-03411,VAC-0057,ORG-S3,entrevista_realizada,2026-06-12T20:00:00,SES-00826,synthetic,SYN-021272
PEV-03412,VAC-0057,ORG-S3,entrevista_realizada,2026-06-15T19:00:00,SES-00833,synthetic,SYN-021273
PEV-03413,VAC-0057,ORG-S3,entrevista_realizada,2026-06-16T19:00:00,SES-00821,synthetic,SYN-021274
PEV-03414,VAC-0057,ORG-S3,evaluacion_realizada,2026-06-17T08:28:00,SES-00822,synthetic,SYN-021275
PEV-03415,VAC-0057,ORG-S3,vacante_cerrada,2026-06-21T16:28:00,,synthetic,SYN-021276
PEV-03416,VAC-0058,ORG-S1,vacante_publicada,2026-04-28T13:50:00,,synthetic,SYN-021277
PEV-03417,VAC-0058,ORG-S1,postulacion_recibida,2026-04-28T16:00:00,APP-00472,synthetic,SYN-021278
PEV-03418,VAC-0058,ORG-S1,cambio_etapa,2026-04-28T16:00:00,APP-00472>recibida,synthetic,SYN-021279
PEV-03419,VAC-0058,ORG-S1,postulacion_recibida,2026-04-28T17:00:00,APP-00471,synthetic,SYN-021280
PEV-03420,VAC-0058,ORG-S1,cambio_etapa,2026-04-28T17:00:00,APP-00471>recibida,synthetic,SYN-021281
PEV-03421,VAC-0058,ORG-S1,postulacion_recibida,2026-04-29T14:48:00,APP-00473,synthetic,SYN-021282
PEV-03422,VAC-0058,ORG-S1,cambio_etapa,2026-04-29T14:48:00,APP-00473>recibida,synthetic,SYN-021283
PEV-03423,VAC-0058,ORG-S1,cambio_etapa,2026-05-01T18:48:00,APP-00473>evaluacion,synthetic,SYN-021284
PEV-03424,VAC-0058,ORG-S1,evaluacion_programada,2026-05-01T18:48:00,SES-00847,synthetic,SYN-021285
PEV-03425,VAC-0058,ORG-S1,cambio_etapa,2026-05-01T20:00:00,APP-00471>evaluacion,synthetic,SYN-021286
PEV-03426,VAC-0058,ORG-S1,evaluacion_programada,2026-05-01T20:00:00,SES-00844,synthetic,SYN-021287
PEV-03427,VAC-0058,ORG-S1,postulacion_recibida,2026-05-05T13:05:00,APP-00466,synthetic,SYN-021288
PEV-03428,VAC-0058,ORG-S1,cambio_etapa,2026-05-05T13:05:00,APP-00466>recibida,synthetic,SYN-021289
PEV-03429,VAC-0058,ORG-S1,postulacion_recibida,2026-05-06T01:04:00,APP-00469,synthetic,SYN-021290
PEV-03430,VAC-0058,ORG-S1,cambio_etapa,2026-05-06T01:04:00,APP-00469>recibida,synthetic,SYN-021291
PEV-03431,VAC-0058,ORG-S1,evaluacion_programada,2026-05-07T20:05:00,SES-00835,synthetic,SYN-021292
PEV-03432,VAC-0058,ORG-S1,postulacion_recibida,2026-05-08T01:26:00,APP-00474,synthetic,SYN-021293
PEV-03433,VAC-0058,ORG-S1,cambio_etapa,2026-05-08T01:26:00,APP-00474>recibida,synthetic,SYN-021294
PEV-03434,VAC-0058,ORG-S1,cambio_etapa,2026-05-08T05:04:00,APP-00469>evaluacion,synthetic,SYN-021295
PEV-03435,VAC-0058,ORG-S1,evaluacion_programada,2026-05-08T05:04:00,SES-00841,synthetic,SYN-021296
PEV-03436,VAC-0058,ORG-S1,cambio_etapa,2026-05-10T13:05:00,APP-00466>evaluacion,synthetic,SYN-021297
PEV-03437,VAC-0058,ORG-S1,evaluacion_programada,2026-05-10T13:05:00,SES-00834,synthetic,SYN-021298
PEV-03438,VAC-0058,ORG-S1,postulacion_recibida,2026-05-11T17:46:00,APP-00470,synthetic,SYN-021299
PEV-03439,VAC-0058,ORG-S1,cambio_etapa,2026-05-11T17:46:00,APP-00470>recibida,synthetic,SYN-021300
PEV-03440,VAC-0058,ORG-S1,postulacion_recibida,2026-05-11T17:55:00,APP-00468,synthetic,SYN-021301
PEV-03441,VAC-0058,ORG-S1,cambio_etapa,2026-05-11T17:55:00,APP-00468>recibida,synthetic,SYN-021302
PEV-03442,VAC-0058,ORG-S1,cambio_etapa,2026-05-12T06:26:00,APP-00474>evaluacion,synthetic,SYN-021303
PEV-03443,VAC-0058,ORG-S1,evaluacion_programada,2026-05-12T06:26:00,SES-00849,synthetic,SYN-021304
PEV-03444,VAC-0058,ORG-S1,cambio_etapa,2026-05-12T21:55:00,APP-00468>evaluacion,synthetic,SYN-021305
PEV-03445,VAC-0058,ORG-S1,evaluacion_programada,2026-05-12T21:55:00,SES-00839,synthetic,SYN-021306
PEV-03446,VAC-0058,ORG-S1,postulacion_recibida,2026-05-13T12:29:00,APP-00467,synthetic,SYN-021307
PEV-03447,VAC-0058,ORG-S1,cambio_etapa,2026-05-13T12:29:00,APP-00467>recibida,synthetic,SYN-021308
PEV-03448,VAC-0058,ORG-S1,cambio_etapa,2026-05-14T14:29:00,APP-00467>evaluacion,synthetic,SYN-021309
PEV-03449,VAC-0058,ORG-S1,evaluacion_programada,2026-05-14T14:29:00,SES-00837,synthetic,SYN-021310
PEV-03450,VAC-0058,ORG-S1,cambio_etapa,2026-05-15T00:00:00,APP-00470>evaluacion,synthetic,SYN-021311
PEV-03451,VAC-0058,ORG-S1,cambio_etapa,2026-05-15T00:00:00,APP-00472>evaluacion,synthetic,SYN-021312
PEV-03452,VAC-0058,ORG-S1,evaluacion_programada,2026-05-15T00:00:00,SES-00843,synthetic,SYN-021313
PEV-03453,VAC-0058,ORG-S1,evaluacion_programada,2026-05-15T00:00:00,SES-00846,synthetic,SYN-021314
PEV-03454,VAC-0058,ORG-S1,evaluacion_realizada,2026-05-15T02:00:00,SES-00844,synthetic,SYN-021315
PEV-03455,VAC-0058,ORG-S1,evaluacion_realizada,2026-05-15T13:04:00,SES-00841,synthetic,SYN-021316
PEV-03456,VAC-0058,ORG-S1,cambio_etapa,2026-05-16T11:00:00,APP-00469>entrevista,synthetic,SYN-021317
PEV-03457,VAC-0058,ORG-S1,entrevista_programada,2026-05-16T11:00:00,SES-00842,synthetic,SYN-021318
PEV-03458,VAC-0058,ORG-S1,cambio_etapa,2026-05-16T13:00:00,APP-00471>entrevista,synthetic,SYN-021319
PEV-03459,VAC-0058,ORG-S1,entrevista_programada,2026-05-16T13:00:00,SES-00845,synthetic,SYN-021320
PEV-03460,VAC-0058,ORG-S1,evaluacion_realizada,2026-05-16T16:26:00,SES-00849,synthetic,SYN-021321
PEV-03461,VAC-0058,ORG-S1,cambio_etapa,2026-05-17T10:00:00,APP-00467>entrevista,synthetic,SYN-021322
PEV-03462,VAC-0058,ORG-S1,entrevista_programada,2026-05-17T10:00:00,SES-00838,synthetic,SYN-021323
PEV-03463,VAC-0058,ORG-S1,cambio_etapa,2026-05-18T11:00:00,APP-00468>entrevista,synthetic,SYN-021324
PEV-03464,VAC-0058,ORG-S1,entrevista_programada,2026-05-18T11:00:00,SES-00840,synthetic,SYN-021325
PEV-03465,VAC-0058,ORG-S1,cambio_etapa,2026-05-18T13:00:00,APP-00473>entrevista,synthetic,SYN-021326
PEV-03466,VAC-0058,ORG-S1,entrevista_programada,2026-05-18T13:00:00,SES-00848,synthetic,SYN-021327
PEV-03467,VAC-0058,ORG-S1,evaluacion_realizada,2026-05-20T20:29:00,SES-00837,synthetic,SYN-021328
PEV-03468,VAC-0058,ORG-S1,cambio_etapa,2026-05-21T16:00:00,APP-00466>entrevista,synthetic,SYN-021329
PEV-03469,VAC-0058,ORG-S1,entrevista_programada,2026-05-21T16:00:00,SES-00836,synthetic,SYN-021330
PEV-03470,VAC-0058,ORG-S1,evaluacion_realizada,2026-05-23T01:05:00,SES-00835,synthetic,SYN-021331
PEV-03471,VAC-0058,ORG-S1,evaluacion_realizada,2026-05-23T16:05:00,SES-00834,synthetic,SYN-021332
PEV-03472,VAC-0058,ORG-S1,evaluacion_realizada,2026-05-24T07:00:00,SES-00843,synthetic,SYN-021333
PEV-03473,VAC-0058,ORG-S1,evaluacion_realizada,2026-05-25T08:55:00,SES-00839,synthetic,SYN-021334
PEV-03474,VAC-0058,ORG-S1,entrevista_realizada,2026-05-26T19:00:00,SES-00840,synthetic,SYN-021335
PEV-03475,VAC-0058,ORG-S1,evaluacion_realizada,2026-05-28T06:00:00,SES-00846,synthetic,SYN-021336
PEV-03476,VAC-0058,ORG-S1,entrevista_realizada,2026-05-28T20:00:00,SES-00838,synthetic,SYN-021337
PEV-03477,VAC-0058,ORG-S1,entrevista_realizada,2026-05-30T18:00:00,SES-00842,synthetic,SYN-021338
PEV-03478,VAC-0058,ORG-S1,entrevista_realizada,2026-06-01T22:00:00,SES-00836,synthetic,SYN-021339
PEV-03479,VAC-0058,ORG-S1,vacante_cerrada,2026-06-14T03:00:00,,synthetic,SYN-021340
PEV-03480,VAC-0059,ORG-S2,vacante_publicada,2026-03-23T11:54:00,,synthetic,SYN-021341
PEV-03481,VAC-0059,ORG-S2,postulacion_recibida,2026-03-25T20:37:00,APP-00475,synthetic,SYN-021342
PEV-03482,VAC-0059,ORG-S2,cambio_etapa,2026-03-25T20:37:00,APP-00475>recibida,synthetic,SYN-021343
PEV-03483,VAC-0059,ORG-S2,postulacion_recibida,2026-03-26T01:34:00,APP-00482,synthetic,SYN-021344
PEV-03484,VAC-0059,ORG-S2,cambio_etapa,2026-03-26T01:34:00,APP-00482>recibida,synthetic,SYN-021345
PEV-03485,VAC-0059,ORG-S2,postulacion_recibida,2026-03-27T16:38:00,APP-00478,synthetic,SYN-021346
PEV-03486,VAC-0059,ORG-S2,cambio_etapa,2026-03-27T16:38:00,APP-00478>recibida,synthetic,SYN-021347
PEV-03487,VAC-0059,ORG-S2,postulacion_recibida,2026-03-27T21:11:00,APP-00484,synthetic,SYN-021348
PEV-03488,VAC-0059,ORG-S2,cambio_etapa,2026-03-27T21:11:00,APP-00484>recibida,synthetic,SYN-021349
PEV-03489,VAC-0059,ORG-S2,cambio_etapa,2026-03-28T02:34:00,APP-00482>evaluacion,synthetic,SYN-021350
PEV-03490,VAC-0059,ORG-S2,evaluacion_programada,2026-03-28T02:34:00,SES-00859,synthetic,SYN-021351
PEV-03491,VAC-0059,ORG-S2,cambio_etapa,2026-03-28T21:37:00,APP-00475>evaluacion,synthetic,SYN-021352
PEV-03492,VAC-0059,ORG-S2,evaluacion_programada,2026-03-28T21:37:00,SES-00850,synthetic,SYN-021353
PEV-03493,VAC-0059,ORG-S2,cambio_etapa,2026-03-29T01:11:00,APP-00484>evaluacion,synthetic,SYN-021354
PEV-03494,VAC-0059,ORG-S2,evaluacion_programada,2026-03-29T01:11:00,SES-00863,synthetic,SYN-021355
PEV-03495,VAC-0059,ORG-S2,postulacion_recibida,2026-03-29T04:36:00,APP-00477,synthetic,SYN-021356
PEV-03496,VAC-0059,ORG-S2,cambio_etapa,2026-03-29T04:36:00,APP-00477>recibida,synthetic,SYN-021357
PEV-03497,VAC-0059,ORG-S2,postulacion_recibida,2026-03-29T17:10:00,APP-00479,synthetic,SYN-021358
PEV-03498,VAC-0059,ORG-S2,cambio_etapa,2026-03-29T17:10:00,APP-00479>recibida,synthetic,SYN-021359
PEV-03499,VAC-0059,ORG-S2,cambio_etapa,2026-03-29T19:38:00,APP-00478>descartada,synthetic,SYN-021360
PEV-03500,VAC-0059,ORG-S2,evaluacion_programada,2026-03-30T00:11:00,SES-00864,synthetic,SYN-021361
PEV-03501,VAC-0059,ORG-S2,postulacion_recibida,2026-03-30T10:46:00,APP-00476,synthetic,SYN-021362
PEV-03502,VAC-0059,ORG-S2,cambio_etapa,2026-03-30T10:46:00,APP-00476>recibida,synthetic,SYN-021363
PEV-03503,VAC-0059,ORG-S2,cambio_etapa,2026-03-30T11:36:00,APP-00477>evaluacion,synthetic,SYN-021364
PEV-03504,VAC-0059,ORG-S2,evaluacion_programada,2026-03-30T11:36:00,SES-00852,synthetic,SYN-021365
PEV-03505,VAC-0059,ORG-S2,cambio_etapa,2026-03-30T17:10:00,APP-00479>evaluacion,synthetic,SYN-021366
PEV-03506,VAC-0059,ORG-S2,evaluacion_programada,2026-03-30T17:10:00,SES-00854,synthetic,SYN-021367
PEV-03507,VAC-0059,ORG-S2,postulacion_recibida,2026-03-31T02:30:00,APP-00480,synthetic,SYN-021368
PEV-03508,VAC-0059,ORG-S2,cambio_etapa,2026-03-31T02:30:00,APP-00480>recibida,synthetic,SYN-021369
PEV-03509,VAC-0059,ORG-S2,postulacion_recibida,2026-03-31T09:07:00,APP-00481,synthetic,SYN-021370
PEV-03510,VAC-0059,ORG-S2,cambio_etapa,2026-03-31T09:07:00,APP-00481>recibida,synthetic,SYN-021371
PEV-03511,VAC-0059,ORG-S2,postulacion_recibida,2026-03-31T17:54:00,APP-00483,synthetic,SYN-021372
PEV-03512,VAC-0059,ORG-S2,cambio_etapa,2026-03-31T17:54:00,APP-00483>recibida,synthetic,SYN-021373
PEV-03513,VAC-0059,ORG-S2,cambio_etapa,2026-04-01T12:07:00,APP-00481>evaluacion,synthetic,SYN-021374
PEV-03514,VAC-0059,ORG-S2,evaluacion_programada,2026-04-01T12:07:00,SES-00857,synthetic,SYN-021375
PEV-03515,VAC-0059,ORG-S2,cambio_etapa,2026-04-01T14:00:00,APP-00475>entrevista,synthetic,SYN-021376
PEV-03516,VAC-0059,ORG-S2,entrevista_programada,2026-04-01T14:00:00,SES-00851,synthetic,SYN-021377
PEV-03517,VAC-0059,ORG-S2,cambio_etapa,2026-04-02T09:00:00,APP-00479>entrevista,synthetic,SYN-021378
PEV-03518,VAC-0059,ORG-S2,entrevista_programada,2026-04-02T09:00:00,SES-00855,synthetic,SYN-021379
PEV-03519,VAC-0059,ORG-S2,cambio_etapa,2026-04-02T10:30:00,APP-00480>evaluacion,synthetic,SYN-021380
PEV-03520,VAC-0059,ORG-S2,evaluacion_programada,2026-04-02T10:30:00,SES-00856,synthetic,SYN-021381
PEV-03521,VAC-0059,ORG-S2,cambio_etapa,2026-04-02T16:46:00,APP-00476>descartada,synthetic,SYN-021382
PEV-03522,VAC-0059,ORG-S2,cambio_etapa,2026-04-03T14:00:00,APP-00477>entrevista,synthetic,SYN-021383
PEV-03523,VAC-0059,ORG-S2,entrevista_programada,2026-04-03T14:00:00,SES-00853,synthetic,SYN-021384
PEV-03524,VAC-0059,ORG-S2,evaluacion_realizada,2026-04-04T05:11:00,SES-00864,synthetic,SYN-021385
PEV-03525,VAC-0059,ORG-S2,cambio_etapa,2026-04-04T17:00:00,APP-00484>entrevista,synthetic,SYN-021386
PEV-03526,VAC-0059,ORG-S2,entrevista_programada,2026-04-04T17:00:00,SES-00865,synthetic,SYN-021387
PEV-03527,VAC-0059,ORG-S2,evaluacion_realizada,2026-04-04T23:10:00,SES-00854,synthetic,SYN-021388
PEV-03528,VAC-0059,ORG-S2,cambio_etapa,2026-04-04T23:54:00,APP-00483>evaluacion,synthetic,SYN-021389
PEV-03529,VAC-0059,ORG-S2,evaluacion_programada,2026-04-04T23:54:00,SES-00861,synthetic,SYN-021390
PEV-03530,VAC-0059,ORG-S2,evaluacion_realizada,2026-04-05T03:34:00,SES-00859,synthetic,SYN-021391
PEV-03531,VAC-0059,ORG-S2,cambio_etapa,2026-04-05T11:00:00,APP-00482>entrevista,synthetic,SYN-021392
PEV-03532,VAC-0059,ORG-S2,entrevista_programada,2026-04-05T11:00:00,SES-00860,synthetic,SYN-021393
PEV-03533,VAC-0059,ORG-S2,cambio_etapa,2026-04-05T13:00:00,APP-00481>entrevista,synthetic,SYN-021394
PEV-03534,VAC-0059,ORG-S2,entrevista_programada,2026-04-05T13:00:00,SES-00858,synthetic,SYN-021395
PEV-03535,VAC-0059,ORG-S2,cambio_etapa,2026-04-07T14:00:00,APP-00483>entrevista,synthetic,SYN-021396
PEV-03536,VAC-0059,ORG-S2,entrevista_programada,2026-04-07T14:00:00,SES-00862,synthetic,SYN-021397
PEV-03537,VAC-0059,ORG-S2,entrevista_realizada,2026-04-07T17:00:00,SES-00851,synthetic,SYN-021398
PEV-03538,VAC-0059,ORG-S2,evaluacion_realizada,2026-04-07T22:37:00,SES-00850,synthetic,SYN-021399
PEV-03539,VAC-0059,ORG-S2,evaluacion_realizada,2026-04-08T13:36:00,SES-00852,synthetic,SYN-021400
PEV-03540,VAC-0059,ORG-S2,entrevista_realizada,2026-04-09T23:00:00,SES-00865,synthetic,SYN-021401
PEV-03541,VAC-0059,ORG-S2,evaluacion_realizada,2026-04-10T05:54:00,SES-00861,synthetic,SYN-021402
PEV-03542,VAC-0059,ORG-S2,entrevista_realizada,2026-04-12T21:00:00,SES-00858,synthetic,SYN-021403
PEV-03543,VAC-0059,ORG-S2,evaluacion_realizada,2026-04-14T11:11:00,SES-00863,synthetic,SYN-021404
PEV-03544,VAC-0059,ORG-S2,evaluacion_realizada,2026-04-14T15:30:00,SES-00856,synthetic,SYN-021405
PEV-03545,VAC-0059,ORG-S2,entrevista_realizada,2026-04-15T19:00:00,SES-00855,synthetic,SYN-021406
PEV-03546,VAC-0059,ORG-S2,vacante_cerrada,2026-04-27T00:00:00,,synthetic,SYN-021407
PEV-03547,VAC-0060,ORG-S3,vacante_publicada,2026-03-02T12:23:00,,synthetic,SYN-021408
PEV-03548,VAC-0060,ORG-S3,postulacion_recibida,2026-03-03T21:35:00,APP-00491,synthetic,SYN-021409
PEV-03549,VAC-0060,ORG-S3,cambio_etapa,2026-03-03T21:35:00,APP-00491>recibida,synthetic,SYN-021410
PEV-03550,VAC-0060,ORG-S3,postulacion_recibida,2026-03-04T15:10:00,APP-00488,synthetic,SYN-021411
PEV-03551,VAC-0060,ORG-S3,cambio_etapa,2026-03-04T15:10:00,APP-00488>recibida,synthetic,SYN-021412
PEV-03552,VAC-0060,ORG-S3,postulacion_recibida,2026-03-05T07:24:00,APP-00492,synthetic,SYN-021413
PEV-03553,VAC-0060,ORG-S3,cambio_etapa,2026-03-05T07:24:00,APP-00492>recibida,synthetic,SYN-021414
PEV-03554,VAC-0060,ORG-S3,cambio_etapa,2026-03-06T09:24:00,APP-00492>evaluacion,synthetic,SYN-021415
PEV-03555,VAC-0060,ORG-S3,evaluacion_programada,2026-03-06T09:24:00,SES-00879,synthetic,SYN-021416
PEV-03556,VAC-0060,ORG-S3,postulacion_recibida,2026-03-07T08:56:00,APP-00490,synthetic,SYN-021417
PEV-03557,VAC-0060,ORG-S3,cambio_etapa,2026-03-07T08:56:00,APP-00490>recibida,synthetic,SYN-021418
PEV-03558,VAC-0060,ORG-S3,postulacion_recibida,2026-03-07T16:08:00,APP-00487,synthetic,SYN-021419
PEV-03559,VAC-0060,ORG-S3,cambio_etapa,2026-03-07T16:08:00,APP-00487>recibida,synthetic,SYN-021420
PEV-03560,VAC-0060,ORG-S3,postulacion_recibida,2026-03-08T17:06:00,APP-00489,synthetic,SYN-021421
PEV-03561,VAC-0060,ORG-S3,cambio_etapa,2026-03-08T17:06:00,APP-00489>recibida,synthetic,SYN-021422
PEV-03562,VAC-0060,ORG-S3,cambio_etapa,2026-03-08T21:35:00,APP-00491>evaluacion,synthetic,SYN-021423
PEV-03563,VAC-0060,ORG-S3,evaluacion_programada,2026-03-08T21:35:00,SES-00877,synthetic,SYN-021424
PEV-03564,VAC-0060,ORG-S3,postulacion_recibida,2026-03-09T00:51:00,APP-00485,synthetic,SYN-021425
PEV-03565,VAC-0060,ORG-S3,cambio_etapa,2026-03-09T00:51:00,APP-00485>recibida,synthetic,SYN-021426
PEV-03566,VAC-0060,ORG-S3,cambio_etapa,2026-03-09T15:10:00,APP-00488>evaluacion,synthetic,SYN-021427
PEV-03567,VAC-0060,ORG-S3,evaluacion_programada,2026-03-09T15:10:00,SES-00872,synthetic,SYN-021428
PEV-03568,VAC-0060,ORG-S3,postulacion_recibida,2026-03-10T01:33:00,APP-00486,synthetic,SYN-021429
PEV-03569,VAC-0060,ORG-S3,cambio_etapa,2026-03-10T01:33:00,APP-00486>recibida,synthetic,SYN-021430
PEV-03570,VAC-0060,ORG-S3,cambio_etapa,2026-03-10T12:56:00,APP-00490>evaluacion,synthetic,SYN-021431
PEV-03571,VAC-0060,ORG-S3,evaluacion_programada,2026-03-10T12:56:00,SES-00876,synthetic,SYN-021432
PEV-03572,VAC-0060,ORG-S3,cambio_etapa,2026-03-12T00:00:00,APP-00486>evaluacion,synthetic,SYN-021433
PEV-03573,VAC-0060,ORG-S3,cambio_etapa,2026-03-12T00:00:00,APP-00487>evaluacion,synthetic,SYN-021434
PEV-03574,VAC-0060,ORG-S3,evaluacion_programada,2026-03-12T00:00:00,SES-00868,synthetic,SYN-021435
PEV-03575,VAC-0060,ORG-S3,evaluacion_programada,2026-03-12T00:00:00,SES-00870,synthetic,SYN-021436
PEV-03576,VAC-0060,ORG-S3,cambio_etapa,2026-03-13T03:51:00,APP-00485>evaluacion,synthetic,SYN-021437
PEV-03577,VAC-0060,ORG-S3,evaluacion_programada,2026-03-13T03:51:00,SES-00866,synthetic,SYN-021438
PEV-03578,VAC-0060,ORG-S3,cambio_etapa,2026-03-13T13:00:00,APP-00491>entrevista,synthetic,SYN-021439
PEV-03579,VAC-0060,ORG-S3,entrevista_programada,2026-03-13T13:00:00,SES-00878,synthetic,SYN-021440
PEV-03580,VAC-0060,ORG-S3,cambio_etapa,2026-03-13T21:06:00,APP-00489>evaluacion,synthetic,SYN-021441
PEV-03581,VAC-0060,ORG-S3,evaluacion_programada,2026-03-13T21:06:00,SES-00874,synthetic,SYN-021442
PEV-03582,VAC-0060,ORG-S3,cambio_etapa,2026-03-14T10:00:00,APP-00487>entrevista,synthetic,SYN-021443
PEV-03583,VAC-0060,ORG-S3,entrevista_programada,2026-03-14T10:00:00,SES-00871,synthetic,SYN-021444
PEV-03584,VAC-0060,ORG-S3,cambio_etapa,2026-03-14T13:00:00,APP-00489>entrevista,synthetic,SYN-021445
PEV-03585,VAC-0060,ORG-S3,entrevista_programada,2026-03-14T13:00:00,SES-00875,synthetic,SYN-021446
PEV-03586,VAC-0060,ORG-S3,cambio_etapa,2026-03-15T11:00:00,APP-00488>entrevista,synthetic,SYN-021447
PEV-03587,VAC-0060,ORG-S3,entrevista_programada,2026-03-15T11:00:00,SES-00873,synthetic,SYN-021448
PEV-03588,VAC-0060,ORG-S3,cambio_etapa,2026-03-16T12:00:00,APP-00485>entrevista,synthetic,SYN-021449
PEV-03589,VAC-0060,ORG-S3,entrevista_programada,2026-03-16T12:00:00,SES-00867,synthetic,SYN-021450
PEV-03590,VAC-0060,ORG-S3,evaluacion_realizada,2026-03-17T09:51:00,SES-00866,synthetic,SYN-021451
PEV-03591,VAC-0060,ORG-S3,cambio_etapa,2026-03-17T14:00:00,APP-00486>entrevista,synthetic,SYN-021452
PEV-03592,VAC-0060,ORG-S3,entrevista_programada,2026-03-17T14:00:00,SES-00869,synthetic,SYN-021453
PEV-03593,VAC-0060,ORG-S3,cambio_etapa,2026-03-18T14:00:00,APP-00492>entrevista,synthetic,SYN-021454
PEV-03594,VAC-0060,ORG-S3,entrevista_programada,2026-03-18T14:00:00,SES-00880,synthetic,SYN-021455
PEV-03595,VAC-0060,ORG-S3,entrevista_realizada,2026-03-19T13:00:00,SES-00871,synthetic,SYN-021456
PEV-03596,VAC-0060,ORG-S3,evaluacion_realizada,2026-03-22T13:24:00,SES-00879,synthetic,SYN-021457
PEV-03597,VAC-0060,ORG-S3,entrevista_realizada,2026-03-22T19:00:00,SES-00875,synthetic,SYN-021458
PEV-03598,VAC-0060,ORG-S3,entrevista_realizada,2026-03-22T20:00:00,SES-00869,synthetic,SYN-021459
PEV-03599,VAC-0060,ORG-S3,evaluacion_realizada,2026-03-22T21:56:00,SES-00876,synthetic,SYN-021460
PEV-03600,VAC-0060,ORG-S3,evaluacion_realizada,2026-03-22T23:10:00,SES-00872,synthetic,SYN-021461
PEV-03601,VAC-0060,ORG-S3,evaluacion_realizada,2026-03-23T07:00:00,SES-00870,synthetic,SYN-021462
PEV-03602,VAC-0060,ORG-S3,evaluacion_realizada,2026-03-24T04:35:00,SES-00877,synthetic,SYN-021463
PEV-03603,VAC-0060,ORG-S3,entrevista_realizada,2026-03-24T16:00:00,SES-00873,synthetic,SYN-021464
PEV-03604,VAC-0060,ORG-S3,evaluacion_realizada,2026-03-25T06:00:00,SES-00868,synthetic,SYN-021465
PEV-03605,VAC-0060,ORG-S3,entrevista_realizada,2026-03-26T16:00:00,SES-00878,synthetic,SYN-021466
PEV-03606,VAC-0060,ORG-S3,evaluacion_realizada,2026-03-27T01:06:00,SES-00874,synthetic,SYN-021467
PEV-03607,VAC-0060,ORG-S3,entrevista_realizada,2026-03-30T19:00:00,SES-00880,synthetic,SYN-021468
PEV-03608,VAC-0060,ORG-S3,vacante_cerrada,2026-04-10T03:00:00,,synthetic,SYN-021469
PEV-03609,VAC-0061,ORG-S1,vacante_publicada,2026-06-13T16:37:00,,synthetic,SYN-021470
PEV-03610,VAC-0061,ORG-S1,postulacion_recibida,2026-06-13T17:42:00,APP-00498,synthetic,SYN-021471
PEV-03611,VAC-0061,ORG-S1,cambio_etapa,2026-06-13T17:42:00,APP-00498>recibida,synthetic,SYN-021472
PEV-03612,VAC-0061,ORG-S1,postulacion_recibida,2026-06-13T20:30:00,APP-00499,synthetic,SYN-021473
PEV-03613,VAC-0061,ORG-S1,cambio_etapa,2026-06-13T20:30:00,APP-00499>recibida,synthetic,SYN-021474
PEV-03614,VAC-0061,ORG-S1,postulacion_recibida,2026-06-14T17:42:00,APP-00496,synthetic,SYN-021475
PEV-03615,VAC-0061,ORG-S1,cambio_etapa,2026-06-14T17:42:00,APP-00496>recibida,synthetic,SYN-021476
PEV-03616,VAC-0061,ORG-S1,postulacion_recibida,2026-06-15T02:14:00,APP-00495,synthetic,SYN-021477
PEV-03617,VAC-0061,ORG-S1,cambio_etapa,2026-06-15T02:14:00,APP-00495>recibida,synthetic,SYN-021478
PEV-03618,VAC-0061,ORG-S1,postulacion_recibida,2026-06-16T07:17:00,APP-00494,synthetic,SYN-021479
PEV-03619,VAC-0061,ORG-S1,cambio_etapa,2026-06-16T07:17:00,APP-00494>recibida,synthetic,SYN-021480
PEV-03620,VAC-0061,ORG-S1,cambio_etapa,2026-06-16T22:42:00,APP-00498>evaluacion,synthetic,SYN-021481
PEV-03621,VAC-0061,ORG-S1,evaluacion_programada,2026-06-16T22:42:00,SES-00889,synthetic,SYN-021482
PEV-03622,VAC-0061,ORG-S1,evaluacion_programada,2026-06-17T00:42:00,SES-00890,synthetic,SYN-021483
PEV-03623,VAC-0061,ORG-S1,cambio_etapa,2026-06-17T06:14:00,APP-00495>evaluacion,synthetic,SYN-021484
PEV-03624,VAC-0061,ORG-S1,evaluacion_programada,2026-06-17T06:14:00,SES-00883,synthetic,SYN-021485
PEV-03625,VAC-0061,ORG-S1,cambio_etapa,2026-06-18T01:30:00,APP-00499>evaluacion,synthetic,SYN-021486
PEV-03626,VAC-0061,ORG-S1,evaluacion_programada,2026-06-18T01:30:00,SES-00892,synthetic,SYN-021487
PEV-03627,VAC-0061,ORG-S1,cambio_etapa,2026-06-18T11:17:00,APP-00494>descartada,synthetic,SYN-021488
PEV-03628,VAC-0061,ORG-S1,postulacion_recibida,2026-06-18T19:49:00,APP-00497,synthetic,SYN-021489
PEV-03629,VAC-0061,ORG-S1,cambio_etapa,2026-06-18T19:49:00,APP-00497>recibida,synthetic,SYN-021490
PEV-03630,VAC-0061,ORG-S1,postulacion_recibida,2026-06-18T19:54:00,APP-00493,synthetic,SYN-021491
PEV-03631,VAC-0061,ORG-S1,cambio_etapa,2026-06-18T19:54:00,APP-00493>recibida,synthetic,SYN-021492
PEV-03632,VAC-0061,ORG-S1,cambio_etapa,2026-06-20T00:42:00,APP-00496>evaluacion,synthetic,SYN-021493
PEV-03633,VAC-0061,ORG-S1,evaluacion_programada,2026-06-20T00:42:00,SES-00885,synthetic,SYN-021494
PEV-03634,VAC-0061,ORG-S1,cambio_etapa,2026-06-23T01:49:00,APP-00497>evaluacion,synthetic,SYN-021495
PEV-03635,VAC-0061,ORG-S1,evaluacion_programada,2026-06-23T01:49:00,SES-00887,synthetic,SYN-021496
PEV-03636,VAC-0061,ORG-S1,cambio_etapa,2026-06-23T14:00:00,APP-00496>entrevista,synthetic,SYN-021497
PEV-03637,VAC-0061,ORG-S1,entrevista_programada,2026-06-23T14:00:00,SES-00886,synthetic,SYN-021498
PEV-03638,VAC-0061,ORG-S1,cambio_etapa,2026-06-23T23:54:00,APP-00493>evaluacion,synthetic,SYN-021499
PEV-03639,VAC-0061,ORG-S1,evaluacion_programada,2026-06-23T23:54:00,SES-00881,synthetic,SYN-021500
PEV-03640,VAC-0061,ORG-S1,cambio_etapa,2026-06-24T14:00:00,APP-00497>entrevista,synthetic,SYN-021501
PEV-03641,VAC-0061,ORG-S1,entrevista_programada,2026-06-24T14:00:00,SES-00888,synthetic,SYN-021502
PEV-03642,VAC-0061,ORG-S1,cambio_etapa,2026-06-24T16:00:00,APP-00498>entrevista,synthetic,SYN-021503
PEV-03643,VAC-0061,ORG-S1,entrevista_programada,2026-06-24T16:00:00,SES-00891,synthetic,SYN-021504
PEV-03644,VAC-0061,ORG-S1,evaluacion_realizada,2026-06-25T05:42:00,SES-00890,synthetic,SYN-021505
PEV-03645,VAC-0061,ORG-S1,cambio_etapa,2026-06-25T11:00:00,APP-00495>entrevista,synthetic,SYN-021506
PEV-03646,VAC-0061,ORG-S1,entrevista_programada,2026-06-25T11:00:00,SES-00884,synthetic,SYN-021507
PEV-03647,VAC-0061,ORG-S1,cambio_etapa,2026-06-26T15:00:00,APP-00499>entrevista,synthetic,SYN-021508
PEV-03648,VAC-0061,ORG-S1,entrevista_programada,2026-06-26T15:00:00,SES-00893,synthetic,SYN-021509
PEV-03649,VAC-0061,ORG-S1,cambio_etapa,2026-06-28T09:00:00,APP-00493>entrevista,synthetic,SYN-021510
PEV-03650,VAC-0061,ORG-S1,entrevista_programada,2026-06-28T09:00:00,SES-00882,synthetic,SYN-021511
PEV-03651,VAC-0061,ORG-S1,evaluacion_realizada,2026-07-01T03:30:00,SES-00892,synthetic,SYN-021512
PEV-03652,VAC-0061,ORG-S1,evaluacion_realizada,2026-07-01T06:49:00,SES-00887,synthetic,SYN-021513
PEV-03653,VAC-0061,ORG-S1,entrevista_realizada,2026-07-02T20:00:00,SES-00893,synthetic,SYN-021514
PEV-03654,VAC-0061,ORG-S1,evaluacion_realizada,2026-07-03T07:54:00,SES-00881,synthetic,SYN-021515
PEV-03655,VAC-0061,ORG-S1,evaluacion_realizada,2026-07-05T05:42:00,SES-00885,synthetic,SYN-021516
PEV-03656,VAC-0061,ORG-S1,entrevista_realizada,2026-07-05T15:00:00,SES-00888,synthetic,SYN-021517
PEV-03657,VAC-0061,ORG-S1,entrevista_realizada,2026-07-06T10:00:00,SES-00882,synthetic,SYN-021518
PEV-03658,VAC-0061,ORG-S1,entrevista_realizada,2026-07-09T21:00:00,SES-00886,synthetic,SYN-021519
PEV-03659,VAC-0061,ORG-S1,entrevista_realizada,2026-07-10T23:00:00,SES-00891,synthetic,SYN-021520
PEV-03660,VAC-0061,ORG-S1,entrevista_realizada,2026-07-11T22:00:00,SES-00884,synthetic,SYN-021521
PEV-03661,VAC-0061,ORG-S1,vacante_cerrada,2026-07-26T04:00:00,,synthetic,SYN-021522
PEV-03662,VAC-0062,ORG-S2,vacante_publicada,2026-06-17T09:54:00,,synthetic,SYN-021523
PEV-03663,VAC-0062,ORG-S2,postulacion_recibida,2026-06-22T08:41:00,APP-00502,synthetic,SYN-021524
PEV-03664,VAC-0062,ORG-S2,cambio_etapa,2026-06-22T08:41:00,APP-00502>recibida,synthetic,SYN-021525
PEV-03665,VAC-0062,ORG-S2,postulacion_recibida,2026-06-23T20:22:00,APP-00504,synthetic,SYN-021526
PEV-03666,VAC-0062,ORG-S2,cambio_etapa,2026-06-23T20:22:00,APP-00504>recibida,synthetic,SYN-021527
PEV-03667,VAC-0062,ORG-S2,postulacion_recibida,2026-06-26T01:51:00,APP-00500,synthetic,SYN-021528
PEV-03668,VAC-0062,ORG-S2,cambio_etapa,2026-06-26T01:51:00,APP-00500>recibida,synthetic,SYN-021529
PEV-03669,VAC-0062,ORG-S2,cambio_etapa,2026-06-26T23:22:00,APP-00504>evaluacion,synthetic,SYN-021530
PEV-03670,VAC-0062,ORG-S2,evaluacion_programada,2026-06-26T23:22:00,SES-00901,synthetic,SYN-021531
PEV-03671,VAC-0062,ORG-S2,postulacion_recibida,2026-06-27T19:56:00,APP-00505,synthetic,SYN-021532
PEV-03672,VAC-0062,ORG-S2,cambio_etapa,2026-06-27T19:56:00,APP-00505>recibida,synthetic,SYN-021533
PEV-03673,VAC-0062,ORG-S2,postulacion_recibida,2026-06-29T00:48:00,APP-00506,synthetic,SYN-021534
PEV-03674,VAC-0062,ORG-S2,cambio_etapa,2026-06-29T00:48:00,APP-00506>recibida,synthetic,SYN-021535
PEV-03675,VAC-0062,ORG-S2,cambio_etapa,2026-06-30T07:51:00,APP-00500>evaluacion,synthetic,SYN-021536
PEV-03676,VAC-0062,ORG-S2,evaluacion_programada,2026-06-30T07:51:00,SES-00894,synthetic,SYN-021537
PEV-03677,VAC-0062,ORG-S2,cambio_etapa,2026-07-02T02:56:00,APP-00505>evaluacion,synthetic,SYN-021538
PEV-03678,VAC-0062,ORG-S2,evaluacion_programada,2026-07-02T02:56:00,SES-00903,synthetic,SYN-021539
PEV-03679,VAC-0062,ORG-S2,postulacion_recibida,2026-07-02T21:11:00,APP-00503,synthetic,SYN-021540
PEV-03680,VAC-0062,ORG-S2,cambio_etapa,2026-07-02T21:11:00,APP-00503>recibida,synthetic,SYN-021541
PEV-03681,VAC-0062,ORG-S2,evaluacion_programada,2026-07-03T04:48:00,SES-00905,synthetic,SYN-021542
PEV-03682,VAC-0062,ORG-S2,cambio_etapa,2026-07-03T08:48:00,APP-00506>evaluacion,synthetic,SYN-021543
PEV-03683,VAC-0062,ORG-S2,evaluacion_programada,2026-07-03T08:48:00,SES-00904,synthetic,SYN-021544
PEV-03684,VAC-0062,ORG-S2,postulacion_recibida,2026-07-07T01:24:00,APP-00501,synthetic,SYN-021545
PEV-03685,VAC-0062,ORG-S2,cambio_etapa,2026-07-07T01:24:00,APP-00501>recibida,synthetic,SYN-021546
PEV-03686,VAC-0062,ORG-S2,evaluacion_realizada,2026-07-07T15:51:00,SES-00894,synthetic,SYN-021547
PEV-03687,VAC-0062,ORG-S2,cambio_etapa,2026-07-08T00:00:00,APP-00502>evaluacion,synthetic,SYN-021548
PEV-03688,VAC-0062,ORG-S2,evaluacion_programada,2026-07-08T00:00:00,SES-00897,synthetic,SYN-021549
PEV-03689,VAC-0062,ORG-S2,cambio_etapa,2026-07-08T02:11:00,APP-00503>evaluacion,synthetic,SYN-021550
PEV-03690,VAC-0062,ORG-S2,evaluacion_programada,2026-07-08T02:11:00,SES-00899,synthetic,SYN-021551
PEV-03691,VAC-0062,ORG-S2,evaluacion_realizada,2026-07-08T05:00:00,SES-00905,synthetic,SYN-021552
PEV-03692,VAC-0062,ORG-S2,cambio_etapa,2026-07-08T09:00:00,APP-00504>entrevista,synthetic,SYN-021553
PEV-03693,VAC-0062,ORG-S2,entrevista_programada,2026-07-08T09:00:00,SES-00902,synthetic,SYN-021554
PEV-03694,VAC-0062,ORG-S2,cambio_etapa,2026-07-09T15:00:00,APP-00502>entrevista,synthetic,SYN-021555
PEV-03695,VAC-0062,ORG-S2,entrevista_programada,2026-07-09T15:00:00,SES-00898,synthetic,SYN-021556
PEV-03696,VAC-0062,ORG-S2,evaluacion_realizada,2026-07-10T10:48:00,SES-00904,synthetic,SYN-021557
PEV-03697,VAC-0062,ORG-S2,evaluacion_realizada,2026-07-10T12:56:00,SES-00903,synthetic,SYN-021558
PEV-03698,VAC-0062,ORG-S2,cambio_etapa,2026-07-10T17:00:00,APP-00503>entrevista,synthetic,SYN-021559
PEV-03699,VAC-0062,ORG-S2,entrevista_programada,2026-07-10T17:00:00,SES-00900,synthetic,SYN-021560
PEV-03700,VAC-0062,ORG-S2,cambio_etapa,2026-07-11T03:24:00,APP-00501>evaluacion,synthetic,SYN-021561
PEV-03701,VAC-0062,ORG-S2,evaluacion_programada,2026-07-11T03:24:00,SES-00896,synthetic,SYN-021562
PEV-03702,VAC-0062,ORG-S2,cambio_etapa,2026-07-14T15:00:00,APP-00500>entrevista,synthetic,SYN-021563
PEV-03703,VAC-0062,ORG-S2,entrevista_programada,2026-07-14T15:00:00,SES-00895,synthetic,SYN-021564
PEV-03704,VAC-0062,ORG-S2,cambio_etapa,2026-07-14T16:00:00,APP-00506>entrevista,synthetic,SYN-021565
PEV-03705,VAC-0062,ORG-S2,entrevista_programada,2026-07-14T16:00:00,SES-00906,synthetic,SYN-021566
PEV-03706,VAC-0062,ORG-S2,evaluacion_realizada,2026-07-15T05:22:00,SES-00901,synthetic,SYN-021567
PEV-03707,VAC-0062,ORG-S2,evaluacion_realizada,2026-07-17T05:24:00,SES-00896,synthetic,SYN-021568
PEV-03708,VAC-0062,ORG-S2,entrevista_realizada,2026-07-17T15:00:00,SES-00902,synthetic,SYN-021569
PEV-03709,VAC-0062,ORG-S2,entrevista_realizada,2026-07-18T19:00:00,SES-00898,synthetic,SYN-021570
PEV-03710,VAC-0062,ORG-S2,evaluacion_realizada,2026-07-20T08:11:00,SES-00899,synthetic,SYN-021571
PEV-03711,VAC-0062,ORG-S2,entrevista_realizada,2026-07-22T17:00:00,SES-00895,synthetic,SYN-021572
PEV-03712,VAC-0062,ORG-S2,entrevista_realizada,2026-07-23T01:00:00,SES-00900,synthetic,SYN-021573
PEV-03713,VAC-0062,ORG-S2,evaluacion_realizada,2026-07-23T02:00:00,SES-00897,synthetic,SYN-021574
PEV-03714,VAC-0062,ORG-S2,entrevista_realizada,2026-07-28T22:00:00,SES-00906,synthetic,SYN-021575
PEV-03715,VAC-0062,ORG-S2,vacante_cerrada,2026-08-10T04:00:00,,synthetic,SYN-021576
PEV-03716,VAC-0063,ORG-S3,vacante_publicada,2026-03-12T00:00:00,,synthetic,SYN-021577
PEV-03717,VAC-0063,ORG-S3,postulacion_recibida,2026-03-14T10:26:00,APP-00509,synthetic,SYN-021578
PEV-03718,VAC-0063,ORG-S3,cambio_etapa,2026-03-14T10:26:00,APP-00509>recibida,synthetic,SYN-021579
PEV-03719,VAC-0063,ORG-S3,postulacion_recibida,2026-03-14T21:39:00,APP-00519,synthetic,SYN-021580
PEV-03720,VAC-0063,ORG-S3,cambio_etapa,2026-03-14T21:39:00,APP-00519>recibida,synthetic,SYN-021581
PEV-03721,VAC-0063,ORG-S3,postulacion_recibida,2026-03-14T21:43:00,APP-00516,synthetic,SYN-021582
PEV-03722,VAC-0063,ORG-S3,cambio_etapa,2026-03-14T21:43:00,APP-00516>recibida,synthetic,SYN-021583
PEV-03723,VAC-0063,ORG-S3,cambio_etapa,2026-03-16T16:26:00,APP-00509>descartada,synthetic,SYN-021584
PEV-03724,VAC-0063,ORG-S3,postulacion_recibida,2026-03-18T14:12:00,APP-00518,synthetic,SYN-021585
PEV-03725,VAC-0063,ORG-S3,cambio_etapa,2026-03-18T14:12:00,APP-00518>recibida,synthetic,SYN-021586
PEV-03726,VAC-0063,ORG-S3,cambio_etapa,2026-03-18T22:43:00,APP-00516>evaluacion,synthetic,SYN-021587
PEV-03727,VAC-0063,ORG-S3,evaluacion_programada,2026-03-18T22:43:00,SES-00915,synthetic,SYN-021588
PEV-03728,VAC-0063,ORG-S3,cambio_etapa,2026-03-20T04:39:00,APP-00519>evaluacion,synthetic,SYN-021589
PEV-03729,VAC-0063,ORG-S3,evaluacion_programada,2026-03-20T04:39:00,SES-00919,synthetic,SYN-021590
PEV-03730,VAC-0063,ORG-S3,cambio_etapa,2026-03-22T14:12:00,APP-00518>evaluacion,synthetic,SYN-021591
PEV-03731,VAC-0063,ORG-S3,evaluacion_programada,2026-03-22T14:12:00,SES-00917,synthetic,SYN-021592
PEV-03732,VAC-0063,ORG-S3,evaluacion_realizada,2026-03-23T00:43:00,SES-00915,synthetic,SYN-021593
PEV-03733,VAC-0063,ORG-S3,postulacion_recibida,2026-03-23T16:36:00,APP-00520,synthetic,SYN-021594
PEV-03734,VAC-0063,ORG-S3,cambio_etapa,2026-03-23T16:36:00,APP-00520>recibida,synthetic,SYN-021595
PEV-03735,VAC-0063,ORG-S3,postulacion_recibida,2026-03-24T00:14:00,APP-00513,synthetic,SYN-021596
PEV-03736,VAC-0063,ORG-S3,cambio_etapa,2026-03-24T00:14:00,APP-00513>recibida,synthetic,SYN-021597
PEV-03737,VAC-0063,ORG-S3,postulacion_recibida,2026-03-24T04:24:00,APP-00507,synthetic,SYN-021598
PEV-03738,VAC-0063,ORG-S3,cambio_etapa,2026-03-24T04:24:00,APP-00507>recibida,synthetic,SYN-021599
PEV-03739,VAC-0063,ORG-S3,postulacion_recibida,2026-03-24T21:41:00,APP-00515,synthetic,SYN-021600
PEV-03740,VAC-0063,ORG-S3,cambio_etapa,2026-03-24T21:41:00,APP-00515>recibida,synthetic,SYN-021601
PEV-03741,VAC-0063,ORG-S3,postulacion_recibida,2026-03-25T05:47:00,APP-00508,synthetic,SYN-021602
PEV-03742,VAC-0063,ORG-S3,cambio_etapa,2026-03-25T05:47:00,APP-00508>recibida,synthetic,SYN-021603
PEV-03743,VAC-0063,ORG-S3,cambio_etapa,2026-03-25T18:36:00,APP-00520>evaluacion,synthetic,SYN-021604
PEV-03744,VAC-0063,ORG-S3,evaluacion_programada,2026-03-25T18:36:00,SES-00921,synthetic,SYN-021605
PEV-03745,VAC-0063,ORG-S3,postulacion_recibida,2026-03-25T19:59:00,APP-00510,synthetic,SYN-021606
PEV-03746,VAC-0063,ORG-S3,cambio_etapa,2026-03-25T19:59:00,APP-00510>recibida,synthetic,SYN-021607
PEV-03747,VAC-0063,ORG-S3,postulacion_recibida,2026-03-25T23:19:00,APP-00511,synthetic,SYN-021608
PEV-03748,VAC-0063,ORG-S3,cambio_etapa,2026-03-25T23:19:00,APP-00511>recibida,synthetic,SYN-021609
PEV-03749,VAC-0063,ORG-S3,postulacion_recibida,2026-03-26T16:22:00,APP-00514,synthetic,SYN-021610
PEV-03750,VAC-0063,ORG-S3,cambio_etapa,2026-03-26T16:22:00,APP-00514>recibida,synthetic,SYN-021611
PEV-03751,VAC-0063,ORG-S3,postulacion_recibida,2026-03-26T17:28:00,APP-00517,synthetic,SYN-021612
PEV-03752,VAC-0063,ORG-S3,cambio_etapa,2026-03-26T17:28:00,APP-00517>recibida,synthetic,SYN-021613
PEV-03753,VAC-0063,ORG-S3,cambio_etapa,2026-03-26T21:41:00,APP-00515>evaluacion,synthetic,SYN-021614
PEV-03754,VAC-0063,ORG-S3,evaluacion_programada,2026-03-26T21:41:00,SES-00913,synthetic,SYN-021615
PEV-03755,VAC-0063,ORG-S3,cambio_etapa,2026-03-27T10:24:00,APP-00507>descartada,synthetic,SYN-021616
PEV-03756,VAC-0063,ORG-S3,cambio_etapa,2026-03-27T19:22:00,APP-00514>evaluacion,synthetic,SYN-021617
PEV-03757,VAC-0063,ORG-S3,evaluacion_programada,2026-03-27T19:22:00,SES-00911,synthetic,SYN-021618
PEV-03758,VAC-0063,ORG-S3,cambio_etapa,2026-03-28T00:19:00,APP-00511>descartada,synthetic,SYN-021619
PEV-03759,VAC-0063,ORG-S3,cambio_etapa,2026-03-28T06:14:00,APP-00513>descartada,synthetic,SYN-021620
PEV-03760,VAC-0063,ORG-S3,cambio_etapa,2026-03-28T09:47:00,APP-00508>evaluacion,synthetic,SYN-021621
PEV-03761,VAC-0063,ORG-S3,evaluacion_programada,2026-03-28T09:47:00,SES-00907,synthetic,SYN-021622
PEV-03762,VAC-0063,ORG-S3,postulacion_recibida,2026-03-28T12:23:00,APP-00512,synthetic,SYN-021623
PEV-03763,VAC-0063,ORG-S3,cambio_etapa,2026-03-28T12:23:00,APP-00512>recibida,synthetic,SYN-021624
PEV-03764,VAC-0063,ORG-S3,cambio_etapa,2026-03-29T00:00:00,APP-00512>evaluacion,synthetic,SYN-021625
PEV-03765,VAC-0063,ORG-S3,evaluacion_programada,2026-03-29T00:00:00,SES-00910,synthetic,SYN-021626
PEV-03766,VAC-0063,ORG-S3,cambio_etapa,2026-03-29T13:00:00,APP-00520>entrevista,synthetic,SYN-021627
PEV-03767,VAC-0063,ORG-S3,entrevista_programada,2026-03-29T13:00:00,SES-00922,synthetic,SYN-021628
PEV-03768,VAC-0063,ORG-S3,cambio_etapa,2026-03-30T03:59:00,APP-00510>evaluacion,synthetic,SYN-021629
PEV-03769,VAC-0063,ORG-S3,evaluacion_programada,2026-03-30T03:59:00,SES-00908,synthetic,SYN-021630
PEV-03770,VAC-0063,ORG-S3,cambio_etapa,2026-03-30T12:00:00,APP-00510>entrevista,synthetic,SYN-021631
PEV-03771,VAC-0063,ORG-S3,entrevista_programada,2026-03-30T12:00:00,SES-00909,synthetic,SYN-021632
PEV-03772,VAC-0063,ORG-S3,cambio_etapa,2026-03-30T20:28:00,APP-00517>descartada,synthetic,SYN-021633
PEV-03773,VAC-0063,ORG-S3,cambio_etapa,2026-03-31T17:00:00,APP-00519>entrevista,synthetic,SYN-021634
PEV-03774,VAC-0063,ORG-S3,entrevista_programada,2026-03-31T17:00:00,SES-00920,synthetic,SYN-021635
PEV-03775,VAC-0063,ORG-S3,evaluacion_realizada,2026-04-01T09:39:00,SES-00919,synthetic,SYN-021636
PEV-03776,VAC-0063,ORG-S3,cambio_etapa,2026-04-02T14:00:00,APP-00516>entrevista,synthetic,SYN-021637
PEV-03777,VAC-0063,ORG-S3,entrevista_programada,2026-04-02T14:00:00,SES-00916,synthetic,SYN-021638
PEV-03778,VAC-0063,ORG-S3,evaluacion_realizada,2026-04-03T04:36:00,SES-00921,synthetic,SYN-021639
PEV-03779,VAC-0063,ORG-S3,cambio_etapa,2026-04-03T12:00:00,APP-00518>entrevista,synthetic,SYN-021640
PEV-03780,VAC-0063,ORG-S3,entrevista_programada,2026-04-03T12:00:00,SES-00918,synthetic,SYN-021641
PEV-03781,VAC-0063,ORG-S3,evaluacion_realizada,2026-04-04T08:59:00,SES-00908,synthetic,SYN-021642
PEV-03782,VAC-0063,ORG-S3,cambio_etapa,2026-04-04T10:00:00,APP-00514>entrevista,synthetic,SYN-021643
PEV-03783,VAC-0063,ORG-S3,entrevista_programada,2026-04-04T10:00:00,SES-00912,synthetic,SYN-021644
PEV-03784,VAC-0063,ORG-S3,cambio_etapa,2026-04-04T13:00:00,APP-00515>entrevista,synthetic,SYN-021645
PEV-03785,VAC-0063,ORG-S3,entrevista_programada,2026-04-04T13:00:00,SES-00914,synthetic,SYN-021646
PEV-03786,VAC-0063,ORG-S3,evaluacion_realizada,2026-04-05T17:47:00,SES-00907,synthetic,SYN-021647
PEV-03787,VAC-0063,ORG-S3,evaluacion_realizada,2026-04-06T05:00:00,SES-00910,synthetic,SYN-021648
PEV-03788,VAC-0063,ORG-S3,evaluacion_realizada,2026-04-07T01:22:00,SES-00911,synthetic,SYN-021649
PEV-03789,VAC-0063,ORG-S3,entrevista_realizada,2026-04-08T02:00:00,SES-00920,synthetic,SYN-021650
PEV-03790,VAC-0063,ORG-S3,entrevista_realizada,2026-04-10T20:00:00,SES-00914,synthetic,SYN-021651
PEV-03791,VAC-0063,ORG-S3,entrevista_realizada,2026-04-13T17:00:00,SES-00909,synthetic,SYN-021652
PEV-03792,VAC-0063,ORG-S3,entrevista_realizada,2026-04-15T17:00:00,SES-00912,synthetic,SYN-021653
PEV-03793,VAC-0063,ORG-S3,vacante_cerrada,2026-04-27T20:00:00,,synthetic,SYN-021654
PEV-03794,VAC-0064,ORG-S1,vacante_publicada,2026-03-07T10:12:00,,synthetic,SYN-021655
PEV-03795,VAC-0064,ORG-S1,postulacion_recibida,2026-03-09T12:47:00,APP-00521,synthetic,SYN-021656
PEV-03796,VAC-0064,ORG-S1,cambio_etapa,2026-03-09T12:47:00,APP-00521>recibida,synthetic,SYN-021657
PEV-03797,VAC-0064,ORG-S1,cambio_etapa,2026-03-12T12:47:00,APP-00521>evaluacion,synthetic,SYN-021658
PEV-03798,VAC-0064,ORG-S1,evaluacion_programada,2026-03-12T12:47:00,SES-00923,synthetic,SYN-021659
PEV-03799,VAC-0064,ORG-S1,postulacion_recibida,2026-03-16T11:53:00,APP-00523,synthetic,SYN-021660
PEV-03800,VAC-0064,ORG-S1,cambio_etapa,2026-03-16T11:53:00,APP-00523>recibida,synthetic,SYN-021661
PEV-03801,VAC-0064,ORG-S1,cambio_etapa,2026-03-18T14:53:00,APP-00523>evaluacion,synthetic,SYN-021662
PEV-03802,VAC-0064,ORG-S1,evaluacion_programada,2026-03-18T14:53:00,SES-00927,synthetic,SYN-021663
PEV-03803,VAC-0064,ORG-S1,postulacion_recibida,2026-03-25T12:47:00,APP-00522,synthetic,SYN-021664
PEV-03804,VAC-0064,ORG-S1,cambio_etapa,2026-03-25T12:47:00,APP-00522>recibida,synthetic,SYN-021665
PEV-03805,VAC-0064,ORG-S1,evaluacion_realizada,2026-03-25T21:47:00,SES-00923,synthetic,SYN-021666
PEV-03806,VAC-0064,ORG-S1,cambio_etapa,2026-03-28T11:00:00,APP-00523>entrevista,synthetic,SYN-021667
PEV-03807,VAC-0064,ORG-S1,entrevista_programada,2026-03-28T11:00:00,SES-00928,synthetic,SYN-021668
PEV-03808,VAC-0064,ORG-S1,cambio_etapa,2026-03-28T15:00:00,APP-00522>entrevista,synthetic,SYN-021669
PEV-03809,VAC-0064,ORG-S1,entrevista_programada,2026-03-28T15:00:00,SES-00926,synthetic,SYN-021670
PEV-03810,VAC-0064,ORG-S1,evaluacion_realizada,2026-03-28T20:53:00,SES-00927,synthetic,SYN-021671
PEV-03811,VAC-0064,ORG-S1,cambio_etapa,2026-03-29T20:47:00,APP-00522>evaluacion,synthetic,SYN-021672
PEV-03812,VAC-0064,ORG-S1,evaluacion_programada,2026-03-29T20:47:00,SES-00925,synthetic,SYN-021673
PEV-03813,VAC-0064,ORG-S1,cambio_etapa,2026-03-31T15:00:00,APP-00521>entrevista,synthetic,SYN-021674
PEV-03814,VAC-0064,ORG-S1,entrevista_programada,2026-03-31T15:00:00,SES-00924,synthetic,SYN-021675
PEV-03815,VAC-0064,ORG-S1,entrevista_realizada,2026-04-03T16:00:00,SES-00928,synthetic,SYN-021676
PEV-03816,VAC-0064,ORG-S1,entrevista_realizada,2026-04-06T19:00:00,SES-00924,synthetic,SYN-021677
PEV-03817,VAC-0064,ORG-S1,entrevista_realizada,2026-04-12T21:00:00,SES-00926,synthetic,SYN-021678
PEV-03818,VAC-0064,ORG-S1,evaluacion_realizada,2026-04-15T02:47:00,SES-00925,synthetic,SYN-021679
PEV-03819,VAC-0064,ORG-S1,vacante_cerrada,2026-04-23T07:47:00,,synthetic,SYN-021680
PEV-03820,VAC-0065,ORG-S2,vacante_publicada,2026-06-16T17:08:00,,synthetic,SYN-021681
PEV-03821,VAC-0065,ORG-S2,postulacion_recibida,2026-06-17T04:13:00,APP-00531,synthetic,SYN-021682
PEV-03822,VAC-0065,ORG-S2,cambio_etapa,2026-06-17T04:13:00,APP-00531>recibida,synthetic,SYN-021683
PEV-03823,VAC-0065,ORG-S2,postulacion_recibida,2026-06-22T16:30:00,APP-00532,synthetic,SYN-021684
PEV-03824,VAC-0065,ORG-S2,cambio_etapa,2026-06-22T16:30:00,APP-00532>recibida,synthetic,SYN-021685
PEV-03825,VAC-0065,ORG-S2,postulacion_recibida,2026-06-25T09:49:00,APP-00525,synthetic,SYN-021686
PEV-03826,VAC-0065,ORG-S2,cambio_etapa,2026-06-25T09:49:00,APP-00525>recibida,synthetic,SYN-021687
PEV-03827,VAC-0065,ORG-S2,cambio_etapa,2026-06-25T19:30:00,APP-00532>evaluacion,synthetic,SYN-021688
PEV-03828,VAC-0065,ORG-S2,evaluacion_programada,2026-06-25T19:30:00,SES-00944,synthetic,SYN-021689
PEV-03829,VAC-0065,ORG-S2,postulacion_recibida,2026-06-26T11:35:00,APP-00528,synthetic,SYN-021690
PEV-03830,VAC-0065,ORG-S2,cambio_etapa,2026-06-26T11:35:00,APP-00528>recibida,synthetic,SYN-021691
PEV-03831,VAC-0065,ORG-S2,postulacion_recibida,2026-06-26T14:49:00,APP-00533,synthetic,SYN-021692
PEV-03832,VAC-0065,ORG-S2,cambio_etapa,2026-06-26T14:49:00,APP-00525>evaluacion,synthetic,SYN-021693
PEV-03833,VAC-0065,ORG-S2,cambio_etapa,2026-06-26T14:49:00,APP-00533>recibida,synthetic,SYN-021694
PEV-03834,VAC-0065,ORG-S2,evaluacion_programada,2026-06-26T14:49:00,SES-00932,synthetic,SYN-021695
PEV-03835,VAC-0065,ORG-S2,postulacion_recibida,2026-06-27T09:57:00,APP-00530,synthetic,SYN-021696
PEV-03836,VAC-0065,ORG-S2,cambio_etapa,2026-06-27T09:57:00,APP-00530>recibida,synthetic,SYN-021697
PEV-03837,VAC-0065,ORG-S2,postulacion_recibida,2026-06-28T15:23:00,APP-00534,synthetic,SYN-021698
PEV-03838,VAC-0065,ORG-S2,cambio_etapa,2026-06-28T15:23:00,APP-00534>recibida,synthetic,SYN-021699
PEV-03839,VAC-0065,ORG-S2,cambio_etapa,2026-06-29T14:57:00,APP-00530>evaluacion,synthetic,SYN-021700
PEV-03840,VAC-0065,ORG-S2,evaluacion_programada,2026-06-29T14:57:00,SES-00940,synthetic,SYN-021701
PEV-03841,VAC-0065,ORG-S2,cambio_etapa,2026-06-30T14:49:00,APP-00533>evaluacion,synthetic,SYN-021702
PEV-03842,VAC-0065,ORG-S2,evaluacion_programada,2026-06-30T14:49:00,SES-00946,synthetic,SYN-021703
PEV-03843,VAC-0065,ORG-S2,cambio_etapa,2026-06-30T17:35:00,APP-00528>evaluacion,synthetic,SYN-021704
PEV-03844,VAC-0065,ORG-S2,evaluacion_programada,2026-06-30T17:35:00,SES-00936,synthetic,SYN-021705
PEV-03845,VAC-0065,ORG-S2,postulacion_recibida,2026-07-01T04:01:00,APP-00529,synthetic,SYN-021706
PEV-03846,VAC-0065,ORG-S2,cambio_etapa,2026-07-01T04:01:00,APP-00529>recibida,synthetic,SYN-021707
PEV-03847,VAC-0065,ORG-S2,cambio_etapa,2026-07-02T08:01:00,APP-00529>evaluacion,synthetic,SYN-021708
PEV-03848,VAC-0065,ORG-S2,evaluacion_programada,2026-07-02T08:01:00,SES-00938,synthetic,SYN-021709
PEV-03849,VAC-0065,ORG-S2,postulacion_recibida,2026-07-02T13:34:00,APP-00527,synthetic,SYN-021710
PEV-03850,VAC-0065,ORG-S2,cambio_etapa,2026-07-02T13:34:00,APP-00527>recibida,synthetic,SYN-021711
PEV-03851,VAC-0065,ORG-S2,evaluacion_programada,2026-07-02T14:57:00,SES-00941,synthetic,SYN-021712
PEV-03852,VAC-0065,ORG-S2,cambio_etapa,2026-07-02T18:23:00,APP-00534>evaluacion,synthetic,SYN-021713
PEV-03853,VAC-0065,ORG-S2,evaluacion_programada,2026-07-02T18:23:00,SES-00948,synthetic,SYN-021714
PEV-03854,VAC-0065,ORG-S2,postulacion_recibida,2026-07-04T08:19:00,APP-00524,synthetic,SYN-021715
PEV-03855,VAC-0065,ORG-S2,cambio_etapa,2026-07-04T08:19:00,APP-00524>recibida,synthetic,SYN-021716
PEV-03856,VAC-0065,ORG-S2,postulacion_recibida,2026-07-04T11:17:00,APP-00526,synthetic,SYN-021717
PEV-03857,VAC-0065,ORG-S2,cambio_etapa,2026-07-04T11:17:00,APP-00526>recibida,synthetic,SYN-021718
PEV-03858,VAC-0065,ORG-S2,evaluacion_realizada,2026-07-04T22:30:00,SES-00944,synthetic,SYN-021719
PEV-03859,VAC-0065,ORG-S2,evaluacion_programada,2026-07-05T09:19:00,SES-00930,synthetic,SYN-021720
PEV-03860,VAC-0065,ORG-S2,cambio_etapa,2026-07-06T00:00:00,APP-00531>evaluacion,synthetic,SYN-021721
PEV-03861,VAC-0065,ORG-S2,evaluacion_programada,2026-07-06T00:00:00,SES-00942,synthetic,SYN-021722
PEV-03862,VAC-0065,ORG-S2,cambio_etapa,2026-07-06T08:19:00,APP-00524>evaluacion,synthetic,SYN-021723
PEV-03863,VAC-0065,ORG-S2,evaluacion_programada,2026-07-06T08:19:00,SES-00929,synthetic,SYN-021724
PEV-03864,VAC-0065,ORG-S2,cambio_etapa,2026-07-06T13:34:00,APP-00527>evaluacion,synthetic,SYN-021725
PEV-03865,VAC-0065,ORG-S2,evaluacion_programada,2026-07-06T13:34:00,SES-00934,synthetic,SYN-021726
PEV-03866,VAC-0065,ORG-S2,cambio_etapa,2026-07-07T10:00:00,APP-00528>entrevista,synthetic,SYN-021727
PEV-03867,VAC-0065,ORG-S2,entrevista_programada,2026-07-07T10:00:00,SES-00937,synthetic,SYN-021728
PEV-03868,VAC-0065,ORG-S2,evaluacion_realizada,2026-07-07T16:01:00,SES-00938,synthetic,SYN-021729
PEV-03869,VAC-0065,ORG-S2,cambio_etapa,2026-07-07T17:17:00,APP-00526>evaluacion,synthetic,SYN-021730
PEV-03870,VAC-0065,ORG-S2,evaluacion_programada,2026-07-07T17:17:00,SES-00933,synthetic,SYN-021731
PEV-03871,VAC-0065,ORG-S2,evaluacion_realizada,2026-07-07T19:57:00,SES-00940,synthetic,SYN-021732
PEV-03872,VAC-0065,ORG-S2,evaluacion_realizada,2026-07-07T21:49:00,SES-00946,synthetic,SYN-021733
PEV-03873,VAC-0065,ORG-S2,evaluacion_realizada,2026-07-08T00:35:00,SES-00936,synthetic,SYN-021734
PEV-03874,VAC-0065,ORG-S2,cambio_etapa,2026-07-08T09:00:00,APP-00524>entrevista,synthetic,SYN-021735
PEV-03875,VAC-0065,ORG-S2,entrevista_programada,2026-07-08T09:00:00,SES-00931,synthetic,SYN-021736
PEV-03876,VAC-0065,ORG-S2,cambio_etapa,2026-07-08T16:00:00,APP-00533>entrevista,synthetic,SYN-021737
PEV-03877,VAC-0065,ORG-S2,entrevista_programada,2026-07-08T16:00:00,SES-00947,synthetic,SYN-021738
PEV-03878,VAC-0065,ORG-S2,cambio_etapa,2026-07-09T15:00:00,APP-00531>entrevista,synthetic,SYN-021739
PEV-03879,VAC-0065,ORG-S2,entrevista_programada,2026-07-09T15:00:00,SES-00943,synthetic,SYN-021740
PEV-03880,VAC-0065,ORG-S2,cambio_etapa,2026-07-09T16:00:00,APP-00527>entrevista,synthetic,SYN-021741
PEV-03881,VAC-0065,ORG-S2,cambio_etapa,2026-07-09T16:00:00,APP-00529>entrevista,synthetic,SYN-021742
PEV-03882,VAC-0065,ORG-S2,entrevista_programada,2026-07-09T16:00:00,SES-00935,synthetic,SYN-021743
PEV-03883,VAC-0065,ORG-S2,entrevista_programada,2026-07-09T16:00:00,SES-00939,synthetic,SYN-021744
PEV-03884,VAC-0065,ORG-S2,cambio_etapa,2026-07-11T11:00:00,APP-00532>entrevista,synthetic,SYN-021745
PEV-03885,VAC-0065,ORG-S2,entrevista_programada,2026-07-11T11:00:00,SES-00945,synthetic,SYN-021746
PEV-03886,VAC-0065,ORG-S2,evaluacion_realizada,2026-07-12T20:49:00,SES-00932,synthetic,SYN-021747
PEV-03887,VAC-0065,ORG-S2,evaluacion_realizada,2026-07-14T03:23:00,SES-00948,synthetic,SYN-021748
PEV-03888,VAC-0065,ORG-S2,evaluacion_realizada,2026-07-15T11:19:00,SES-00930,synthetic,SYN-021749
PEV-03889,VAC-0065,ORG-S2,entrevista_realizada,2026-07-16T19:00:00,SES-00937,synthetic,SYN-021750
PEV-03890,VAC-0065,ORG-S2,evaluacion_realizada,2026-07-16T22:17:00,SES-00933,synthetic,SYN-021751
PEV-03891,VAC-0065,ORG-S2,entrevista_realizada,2026-07-19T01:00:00,SES-00943,synthetic,SYN-021752
PEV-03892,VAC-0065,ORG-S2,evaluacion_realizada,2026-07-21T09:00:00,SES-00942,synthetic,SYN-021753
PEV-03893,VAC-0065,ORG-S2,entrevista_realizada,2026-07-21T16:00:00,SES-00945,synthetic,SYN-021754
PEV-03894,VAC-0065,ORG-S2,entrevista_realizada,2026-07-22T14:00:00,SES-00931,synthetic,SYN-021755
PEV-03895,VAC-0065,ORG-S2,evaluacion_realizada,2026-07-22T16:19:00,SES-00929,synthetic,SYN-021756
PEV-03896,VAC-0065,ORG-S2,entrevista_realizada,2026-07-23T00:00:00,SES-00939,synthetic,SYN-021757
PEV-03897,VAC-0065,ORG-S2,entrevista_realizada,2026-07-24T03:00:00,SES-00947,synthetic,SYN-021758
PEV-03898,VAC-0065,ORG-S2,vacante_cerrada,2026-07-28T05:00:00,,synthetic,SYN-021759
PEV-03899,VAC-0066,ORG-S3,vacante_publicada,2026-03-26T09:44:00,,synthetic,SYN-021760
PEV-03900,VAC-0066,ORG-S3,postulacion_recibida,2026-03-26T18:15:00,APP-00540,synthetic,SYN-021761
PEV-03901,VAC-0066,ORG-S3,cambio_etapa,2026-03-26T18:15:00,APP-00540>recibida,synthetic,SYN-021762
PEV-03902,VAC-0066,ORG-S3,postulacion_recibida,2026-03-27T14:25:00,APP-00536,synthetic,SYN-021763
PEV-03903,VAC-0066,ORG-S3,cambio_etapa,2026-03-27T14:25:00,APP-00536>recibida,synthetic,SYN-021764
PEV-03904,VAC-0066,ORG-S3,cambio_etapa,2026-03-30T18:15:00,APP-00540>evaluacion,synthetic,SYN-021765
PEV-03905,VAC-0066,ORG-S3,evaluacion_programada,2026-03-30T18:15:00,SES-00955,synthetic,SYN-021766
PEV-03906,VAC-0066,ORG-S3,cambio_etapa,2026-03-31T20:25:00,APP-00536>evaluacion,synthetic,SYN-021767
PEV-03907,VAC-0066,ORG-S3,evaluacion_programada,2026-03-31T20:25:00,SES-00951,synthetic,SYN-021768
PEV-03908,VAC-0066,ORG-S3,postulacion_recibida,2026-04-04T09:34:00,APP-00538,synthetic,SYN-021769
PEV-03909,VAC-0066,ORG-S3,cambio_etapa,2026-04-04T09:34:00,APP-00538>recibida,synthetic,SYN-021770
PEV-03910,VAC-0066,ORG-S3,cambio_etapa,2026-04-05T14:34:00,APP-00538>evaluacion,synthetic,SYN-021771
PEV-03911,VAC-0066,ORG-S3,evaluacion_programada,2026-04-05T14:34:00,SES-00953,synthetic,SYN-021772
PEV-03912,VAC-0066,ORG-S3,postulacion_recibida,2026-04-07T04:27:00,APP-00537,synthetic,SYN-021773
PEV-03913,VAC-0066,ORG-S3,cambio_etapa,2026-04-07T04:27:00,APP-00537>recibida,synthetic,SYN-021774
PEV-03914,VAC-0066,ORG-S3,cambio_etapa,2026-04-09T08:27:00,APP-00537>descartada,synthetic,SYN-021775
PEV-03915,VAC-0066,ORG-S3,postulacion_recibida,2026-04-10T00:37:00,APP-00535,synthetic,SYN-021776
PEV-03916,VAC-0066,ORG-S3,cambio_etapa,2026-04-10T00:37:00,APP-00535>recibida,synthetic,SYN-021777
PEV-03917,VAC-0066,ORG-S3,cambio_etapa,2026-04-11T00:37:00,APP-00535>evaluacion,synthetic,SYN-021778
PEV-03918,VAC-0066,ORG-S3,evaluacion_programada,2026-04-11T00:37:00,SES-00949,synthetic,SYN-021779
PEV-03919,VAC-0066,ORG-S3,postulacion_recibida,2026-04-14T02:27:00,APP-00539,synthetic,SYN-021780
PEV-03920,VAC-0066,ORG-S3,cambio_etapa,2026-04-14T02:27:00,APP-00539>recibida,synthetic,SYN-021781
PEV-03921,VAC-0066,ORG-S3,evaluacion_realizada,2026-04-17T19:34:00,SES-00953,synthetic,SYN-021782
PEV-03922,VAC-0066,ORG-S3,evaluacion_realizada,2026-04-18T05:00:00,SES-00955,synthetic,SYN-021783
PEV-03923,VAC-0066,ORG-S3,cambio_etapa,2026-04-19T05:27:00,APP-00539>descartada,synthetic,SYN-021784
PEV-03924,VAC-0066,ORG-S3,cambio_etapa,2026-04-19T14:00:00,APP-00536>entrevista,synthetic,SYN-021785
PEV-03925,VAC-0066,ORG-S3,entrevista_programada,2026-04-19T14:00:00,SES-00952,synthetic,SYN-021786
PEV-03926,VAC-0066,ORG-S3,evaluacion_realizada,2026-04-20T05:00:00,SES-00951,synthetic,SYN-021787
PEV-03927,VAC-0066,ORG-S3,cambio_etapa,2026-04-20T16:00:00,APP-00538>entrevista,synthetic,SYN-021788
PEV-03928,VAC-0066,ORG-S3,entrevista_programada,2026-04-20T16:00:00,SES-00954,synthetic,SYN-021789
PEV-03929,VAC-0066,ORG-S3,cambio_etapa,2026-04-21T14:00:00,APP-00540>entrevista,synthetic,SYN-021790
PEV-03930,VAC-0066,ORG-S3,entrevista_programada,2026-04-21T14:00:00,SES-00956,synthetic,SYN-021791
PEV-03931,VAC-0066,ORG-S3,cambio_etapa,2026-04-22T11:00:00,APP-00535>entrevista,synthetic,SYN-021792
PEV-03932,VAC-0066,ORG-S3,entrevista_programada,2026-04-22T11:00:00,SES-00950,synthetic,SYN-021793
PEV-03933,VAC-0066,ORG-S3,evaluacion_realizada,2026-04-26T04:37:00,SES-00949,synthetic,SYN-021794
PEV-03934,VAC-0066,ORG-S3,entrevista_realizada,2026-04-30T17:00:00,SES-00950,synthetic,SYN-021795
PEV-03935,VAC-0066,ORG-S3,entrevista_realizada,2026-05-01T23:00:00,SES-00954,synthetic,SYN-021796
PEV-03936,VAC-0066,ORG-S3,entrevista_realizada,2026-05-02T21:00:00,SES-00956,synthetic,SYN-021797
PEV-03937,VAC-0066,ORG-S3,entrevista_realizada,2026-05-04T21:00:00,SES-00952,synthetic,SYN-021798
PEV-03938,VAC-0066,ORG-S3,vacante_cerrada,2026-05-08T04:00:00,,synthetic,SYN-021799
PEV-03939,VAC-0067,ORG-S1,vacante_publicada,2026-06-24T17:48:00,,synthetic,SYN-021800
PEV-03940,VAC-0067,ORG-S1,postulacion_recibida,2026-06-25T13:15:00,APP-00547,synthetic,SYN-021801
PEV-03941,VAC-0067,ORG-S1,cambio_etapa,2026-06-25T13:15:00,APP-00547>recibida,synthetic,SYN-021802
PEV-03942,VAC-0067,ORG-S1,postulacion_recibida,2026-06-25T16:57:00,APP-00546,synthetic,SYN-021803
PEV-03943,VAC-0067,ORG-S1,cambio_etapa,2026-06-25T16:57:00,APP-00546>recibida,synthetic,SYN-021804
PEV-03944,VAC-0067,ORG-S1,postulacion_recibida,2026-06-26T00:48:00,APP-00545,synthetic,SYN-021805
PEV-03945,VAC-0067,ORG-S1,cambio_etapa,2026-06-26T00:48:00,APP-00545>recibida,synthetic,SYN-021806
PEV-03946,VAC-0067,ORG-S1,cambio_etapa,2026-06-27T18:57:00,APP-00546>evaluacion,synthetic,SYN-021807
PEV-03947,VAC-0067,ORG-S1,evaluacion_programada,2026-06-27T18:57:00,SES-00967,synthetic,SYN-021808
PEV-03948,VAC-0067,ORG-S1,cambio_etapa,2026-06-28T05:48:00,APP-00545>evaluacion,synthetic,SYN-021809
PEV-03949,VAC-0067,ORG-S1,evaluacion_programada,2026-06-28T05:48:00,SES-00965,synthetic,SYN-021810
PEV-03950,VAC-0067,ORG-S1,cambio_etapa,2026-06-28T17:15:00,APP-00547>evaluacion,synthetic,SYN-021811
PEV-03951,VAC-0067,ORG-S1,evaluacion_programada,2026-06-28T17:15:00,SES-00969,synthetic,SYN-021812
PEV-03952,VAC-0067,ORG-S1,postulacion_recibida,2026-06-30T12:50:00,APP-00548,synthetic,SYN-021813
PEV-03953,VAC-0067,ORG-S1,cambio_etapa,2026-06-30T12:50:00,APP-00548>recibida,synthetic,SYN-021814
PEV-03954,VAC-0067,ORG-S1,postulacion_recibida,2026-07-01T08:22:00,APP-00542,synthetic,SYN-021815
PEV-03955,VAC-0067,ORG-S1,cambio_etapa,2026-07-01T08:22:00,APP-00542>recibida,synthetic,SYN-021816
PEV-03956,VAC-0067,ORG-S1,postulacion_recibida,2026-07-01T18:51:00,APP-00544,synthetic,SYN-021817
PEV-03957,VAC-0067,ORG-S1,cambio_etapa,2026-07-01T18:51:00,APP-00544>recibida,synthetic,SYN-021818
PEV-03958,VAC-0067,ORG-S1,cambio_etapa,2026-07-03T17:50:00,APP-00548>evaluacion,synthetic,SYN-021819
PEV-03959,VAC-0067,ORG-S1,evaluacion_programada,2026-07-03T17:50:00,SES-00971,synthetic,SYN-021820
PEV-03960,VAC-0067,ORG-S1,postulacion_recibida,2026-07-04T09:32:00,APP-00541,synthetic,SYN-021821
PEV-03961,VAC-0067,ORG-S1,cambio_etapa,2026-07-04T09:32:00,APP-00541>recibida,synthetic,SYN-021822
PEV-03962,VAC-0067,ORG-S1,evaluacion_programada,2026-07-04T22:51:00,SES-00963,synthetic,SYN-021823
PEV-03963,VAC-0067,ORG-S1,evaluacion_realizada,2026-07-04T23:15:00,SES-00969,synthetic,SYN-021824
PEV-03964,VAC-0067,ORG-S1,cambio_etapa,2026-07-05T00:51:00,APP-00544>evaluacion,synthetic,SYN-021825
PEV-03965,VAC-0067,ORG-S1,evaluacion_programada,2026-07-05T00:51:00,SES-00962,synthetic,SYN-021826
PEV-03966,VAC-0067,ORG-S1,evaluacion_realizada,2026-07-05T01:57:00,SES-00967,synthetic,SYN-021827
PEV-03967,VAC-0067,ORG-S1,cambio_etapa,2026-07-05T12:22:00,APP-00542>evaluacion,synthetic,SYN-021828
PEV-03968,VAC-0067,ORG-S1,evaluacion_programada,2026-07-05T12:22:00,SES-00958,synthetic,SYN-021829
PEV-03969,VAC-0067,ORG-S1,postulacion_recibida,2026-07-06T22:57:00,APP-00543,synthetic,SYN-021830
PEV-03970,VAC-0067,ORG-S1,cambio_etapa,2026-07-06T22:57:00,APP-00543>recibida,synthetic,SYN-021831
PEV-03971,VAC-0067,ORG-S1,evaluacion_realizada,2026-07-07T12:48:00,SES-00965,synthetic,SYN-021832
PEV-03972,VAC-0067,ORG-S1,cambio_etapa,2026-07-08T04:57:00,APP-00543>evaluacion,synthetic,SYN-021833
PEV-03973,VAC-0067,ORG-S1,evaluacion_programada,2026-07-08T04:57:00,SES-00960,synthetic,SYN-021834
PEV-03974,VAC-0067,ORG-S1,evaluacion_programada,2026-07-09T06:57:00,SES-00961,synthetic,SYN-021835
PEV-03975,VAC-0067,ORG-S1,cambio_etapa,2026-07-09T15:00:00,APP-00546>entrevista,synthetic,SYN-021836
PEV-03976,VAC-0067,ORG-S1,entrevista_programada,2026-07-09T15:00:00,SES-00968,synthetic,SYN-021837
PEV-03977,VAC-0067,ORG-S1,cambio_etapa,2026-07-09T15:32:00,APP-00541>evaluacion,synthetic,SYN-021838
PEV-03978,VAC-0067,ORG-S1,evaluacion_programada,2026-07-09T15:32:00,SES-00957,synthetic,SYN-021839
PEV-03979,VAC-0067,ORG-S1,cambio_etapa,2026-07-12T16:00:00,APP-00547>entrevista,synthetic,SYN-021840
PEV-03980,VAC-0067,ORG-S1,entrevista_programada,2026-07-12T16:00:00,SES-00970,synthetic,SYN-021841
PEV-03981,VAC-0067,ORG-S1,cambio_etapa,2026-07-12T17:00:00,APP-00545>entrevista,synthetic,SYN-021842
PEV-03982,VAC-0067,ORG-S1,entrevista_programada,2026-07-12T17:00:00,SES-00966,synthetic,SYN-021843
PEV-03983,VAC-0067,ORG-S1,cambio_etapa,2026-07-13T10:00:00,APP-00544>entrevista,synthetic,SYN-021844
PEV-03984,VAC-0067,ORG-S1,entrevista_programada,2026-07-13T10:00:00,SES-00964,synthetic,SYN-021845
PEV-03985,VAC-0067,ORG-S1,evaluacion_realizada,2026-07-13T11:57:00,SES-00960,synthetic,SYN-021846
PEV-03986,VAC-0067,ORG-S1,cambio_etapa,2026-07-13T13:00:00,APP-00542>entrevista,synthetic,SYN-021847
PEV-03987,VAC-0067,ORG-S1,entrevista_programada,2026-07-13T13:00:00,SES-00959,synthetic,SYN-021848
PEV-03988,VAC-0067,ORG-S1,evaluacion_realizada,2026-07-16T02:50:00,SES-00971,synthetic,SYN-021849
PEV-03989,VAC-0067,ORG-S1,entrevista_realizada,2026-07-17T02:00:00,SES-00968,synthetic,SYN-021850
PEV-03990,VAC-0067,ORG-S1,evaluacion_realizada,2026-07-17T09:51:00,SES-00962,synthetic,SYN-021851
PEV-03991,VAC-0067,ORG-S1,evaluacion_realizada,2026-07-19T17:32:00,SES-00957,synthetic,SYN-021852
PEV-03992,VAC-0067,ORG-S1,evaluacion_realizada,2026-07-21T14:22:00,SES-00958,synthetic,SYN-021853
PEV-03993,VAC-0067,ORG-S1,entrevista_realizada,2026-07-21T19:00:00,SES-00959,synthetic,SYN-021854
PEV-03994,VAC-0067,ORG-S1,evaluacion_realizada,2026-07-22T14:57:00,SES-00961,synthetic,SYN-021855
PEV-03995,VAC-0067,ORG-S1,entrevista_realizada,2026-07-22T17:00:00,SES-00970,synthetic,SYN-021856
PEV-03996,VAC-0067,ORG-S1,entrevista_realizada,2026-07-26T19:00:00,SES-00964,synthetic,SYN-021857
PEV-03997,VAC-0067,ORG-S1,entrevista_realizada,2026-07-27T03:00:00,SES-00966,synthetic,SYN-021858
PEV-03998,VAC-0067,ORG-S1,vacante_cerrada,2026-08-09T11:00:00,,synthetic,SYN-021859
PEV-03999,VAC-0068,ORG-S2,vacante_publicada,2026-04-09T16:22:00,,synthetic,SYN-021860
PEV-04000,VAC-0068,ORG-S2,postulacion_recibida,2026-04-10T18:20:00,APP-00550,synthetic,SYN-021861
PEV-04001,VAC-0068,ORG-S2,cambio_etapa,2026-04-10T18:20:00,APP-00550>recibida,synthetic,SYN-021862
PEV-04002,VAC-0068,ORG-S2,cambio_etapa,2026-04-11T23:20:00,APP-00550>descartada,synthetic,SYN-021863
PEV-04003,VAC-0068,ORG-S2,postulacion_recibida,2026-04-13T10:25:00,APP-00549,synthetic,SYN-021864
PEV-04004,VAC-0068,ORG-S2,cambio_etapa,2026-04-13T10:25:00,APP-00549>recibida,synthetic,SYN-021865
PEV-04005,VAC-0068,ORG-S2,cambio_etapa,2026-04-14T18:25:00,APP-00549>evaluacion,synthetic,SYN-021866
PEV-04006,VAC-0068,ORG-S2,evaluacion_programada,2026-04-14T18:25:00,SES-00972,synthetic,SYN-021867
PEV-04007,VAC-0068,ORG-S2,postulacion_recibida,2026-04-21T19:52:00,APP-00551,synthetic,SYN-021868
PEV-04008,VAC-0068,ORG-S2,cambio_etapa,2026-04-21T19:52:00,APP-00551>recibida,synthetic,SYN-021869
PEV-04009,VAC-0068,ORG-S2,cambio_etapa,2026-04-22T00:00:00,APP-00551>evaluacion,synthetic,SYN-021870
PEV-04010,VAC-0068,ORG-S2,evaluacion_programada,2026-04-22T00:00:00,SES-00974,synthetic,SYN-021871
PEV-04011,VAC-0068,ORG-S2,evaluacion_realizada,2026-04-26T03:25:00,SES-00972,synthetic,SYN-021872
PEV-04012,VAC-0068,ORG-S2,cambio_etapa,2026-04-26T17:00:00,APP-00549>entrevista,synthetic,SYN-021873
PEV-04013,VAC-0068,ORG-S2,entrevista_programada,2026-04-26T17:00:00,SES-00973,synthetic,SYN-021874
PEV-04014,VAC-0068,ORG-S2,cambio_etapa,2026-04-28T16:00:00,APP-00551>entrevista,synthetic,SYN-021875
PEV-04015,VAC-0068,ORG-S2,entrevista_programada,2026-04-28T16:00:00,SES-00975,synthetic,SYN-021876
PEV-04016,VAC-0068,ORG-S2,evaluacion_realizada,2026-05-02T04:00:00,SES-00974,synthetic,SYN-021877
PEV-04017,VAC-0068,ORG-S2,entrevista_realizada,2026-05-02T23:00:00,SES-00973,synthetic,SYN-021878
PEV-04018,VAC-0068,ORG-S2,entrevista_realizada,2026-05-13T17:00:00,SES-00975,synthetic,SYN-021879
PEV-04019,VAC-0068,ORG-S2,vacante_cerrada,2026-05-17T21:00:00,,synthetic,SYN-021880
PEV-04020,VAC-0069,ORG-S3,vacante_publicada,2026-01-07T09:02:00,,synthetic,SYN-021881
PEV-04021,VAC-0069,ORG-S3,postulacion_recibida,2026-01-07T20:57:00,APP-00553,synthetic,SYN-021882
PEV-04022,VAC-0069,ORG-S3,cambio_etapa,2026-01-07T20:57:00,APP-00553>recibida,synthetic,SYN-021883
PEV-04023,VAC-0069,ORG-S3,postulacion_recibida,2026-01-12T17:35:00,APP-00556,synthetic,SYN-021884
PEV-04024,VAC-0069,ORG-S3,cambio_etapa,2026-01-12T17:35:00,APP-00556>recibida,synthetic,SYN-021885
PEV-04025,VAC-0069,ORG-S3,postulacion_recibida,2026-01-14T06:27:00,APP-00555,synthetic,SYN-021886
PEV-04026,VAC-0069,ORG-S3,cambio_etapa,2026-01-14T06:27:00,APP-00555>recibida,synthetic,SYN-021887
PEV-04027,VAC-0069,ORG-S3,postulacion_recibida,2026-01-16T14:39:00,APP-00552,synthetic,SYN-021888
PEV-04028,VAC-0069,ORG-S3,cambio_etapa,2026-01-16T14:39:00,APP-00552>recibida,synthetic,SYN-021889
PEV-04029,VAC-0069,ORG-S3,cambio_etapa,2026-01-16T23:35:00,APP-00556>evaluacion,synthetic,SYN-021890
PEV-04030,VAC-0069,ORG-S3,evaluacion_programada,2026-01-16T23:35:00,SES-00981,synthetic,SYN-021891
PEV-04031,VAC-0069,ORG-S3,evaluacion_programada,2026-01-16T23:35:00,SES-00982,synthetic,SYN-021892
PEV-04032,VAC-0069,ORG-S3,cambio_etapa,2026-01-18T08:27:00,APP-00555>evaluacion,synthetic,SYN-021893
PEV-04033,VAC-0069,ORG-S3,evaluacion_programada,2026-01-18T08:27:00,SES-00979,synthetic,SYN-021894
PEV-04034,VAC-0069,ORG-S3,postulacion_recibida,2026-01-18T12:06:00,APP-00554,synthetic,SYN-021895
PEV-04035,VAC-0069,ORG-S3,cambio_etapa,2026-01-18T12:06:00,APP-00554>recibida,synthetic,SYN-021896
PEV-04036,VAC-0069,ORG-S3,cambio_etapa,2026-01-18T16:39:00,APP-00552>descartada,synthetic,SYN-021897
PEV-04037,VAC-0069,ORG-S3,cambio_etapa,2026-01-21T00:00:00,APP-00553>evaluacion,synthetic,SYN-021898
PEV-04038,VAC-0069,ORG-S3,evaluacion_programada,2026-01-21T00:00:00,SES-00976,synthetic,SYN-021899
PEV-04039,VAC-0069,ORG-S3,cambio_etapa,2026-01-22T17:00:00,APP-00555>entrevista,synthetic,SYN-021900
PEV-04040,VAC-0069,ORG-S3,entrevista_programada,2026-01-22T17:00:00,SES-00980,synthetic,SYN-021901
PEV-04041,VAC-0069,ORG-S3,cambio_etapa,2026-01-23T13:06:00,APP-00554>evaluacion,synthetic,SYN-021902
PEV-04042,VAC-0069,ORG-S3,evaluacion_programada,2026-01-23T13:06:00,SES-00977,synthetic,SYN-021903
PEV-04043,VAC-0069,ORG-S3,evaluacion_realizada,2026-01-23T17:27:00,SES-00979,synthetic,SYN-021904
PEV-04044,VAC-0069,ORG-S3,cambio_etapa,2026-01-24T13:00:00,APP-00556>entrevista,synthetic,SYN-021905
PEV-04045,VAC-0069,ORG-S3,entrevista_programada,2026-01-24T13:00:00,SES-00983,synthetic,SYN-021906
PEV-04046,VAC-0069,ORG-S3,evaluacion_realizada,2026-01-25T03:00:00,SES-00982,synthetic,SYN-021907
PEV-04047,VAC-0069,ORG-S3,evaluacion_realizada,2026-01-26T06:00:00,SES-00976,synthetic,SYN-021908
PEV-04048,VAC-0069,ORG-S3,cambio_etapa,2026-01-26T13:00:00,APP-00554>entrevista,synthetic,SYN-021909
PEV-04049,VAC-0069,ORG-S3,entrevista_programada,2026-01-26T13:00:00,SES-00978,synthetic,SYN-021910
PEV-04050,VAC-0069,ORG-S3,evaluacion_realizada,2026-01-29T04:35:00,SES-00981,synthetic,SYN-021911
PEV-04051,VAC-0069,ORG-S3,entrevista_realizada,2026-01-30T21:00:00,SES-00978,synthetic,SYN-021912
PEV-04052,VAC-0069,ORG-S3,entrevista_realizada,2026-01-30T21:00:00,SES-00980,synthetic,SYN-021913
PEV-04053,VAC-0069,ORG-S3,entrevista_realizada,2026-02-04T18:00:00,SES-00983,synthetic,SYN-021914
PEV-04054,VAC-0069,ORG-S3,evaluacion_realizada,2026-02-05T19:06:00,SES-00977,synthetic,SYN-021915
PEV-04055,VAC-0069,ORG-S3,vacante_cerrada,2026-02-16T01:06:00,,synthetic,SYN-021916
PEV-04056,VAC-0070,ORG-S1,vacante_publicada,2026-03-31T16:53:00,,synthetic,SYN-021917
PEV-04057,VAC-0070,ORG-S1,postulacion_recibida,2026-04-02T10:02:00,APP-00560,synthetic,SYN-021918
PEV-04058,VAC-0070,ORG-S1,cambio_etapa,2026-04-02T10:02:00,APP-00560>recibida,synthetic,SYN-021919
PEV-04059,VAC-0070,ORG-S1,postulacion_recibida,2026-04-02T10:11:00,APP-00565,synthetic,SYN-021920
PEV-04060,VAC-0070,ORG-S1,cambio_etapa,2026-04-02T10:11:00,APP-00565>recibida,synthetic,SYN-021921
PEV-04061,VAC-0070,ORG-S1,cambio_etapa,2026-04-06T18:11:00,APP-00565>evaluacion,synthetic,SYN-021922
PEV-04062,VAC-0070,ORG-S1,evaluacion_programada,2026-04-06T18:11:00,SES-01000,synthetic,SYN-021923
PEV-04063,VAC-0070,ORG-S1,cambio_etapa,2026-04-07T16:02:00,APP-00560>evaluacion,synthetic,SYN-021924
PEV-04064,VAC-0070,ORG-S1,evaluacion_programada,2026-04-07T16:02:00,SES-00990,synthetic,SYN-021925
PEV-04065,VAC-0070,ORG-S1,postulacion_recibida,2026-04-08T03:42:00,APP-00557,synthetic,SYN-021926
PEV-04066,VAC-0070,ORG-S1,cambio_etapa,2026-04-08T03:42:00,APP-00557>recibida,synthetic,SYN-021927
PEV-04067,VAC-0070,ORG-S1,postulacion_recibida,2026-04-09T00:49:00,APP-00558,synthetic,SYN-021928
PEV-04068,VAC-0070,ORG-S1,cambio_etapa,2026-04-09T00:49:00,APP-00558>recibida,synthetic,SYN-021929
PEV-04069,VAC-0070,ORG-S1,postulacion_recibida,2026-04-09T13:54:00,APP-00563,synthetic,SYN-021930
PEV-04070,VAC-0070,ORG-S1,cambio_etapa,2026-04-09T13:54:00,APP-00563>recibida,synthetic,SYN-021931
PEV-04071,VAC-0070,ORG-S1,cambio_etapa,2026-04-10T06:42:00,APP-00557>evaluacion,synthetic,SYN-021932
PEV-04072,VAC-0070,ORG-S1,evaluacion_programada,2026-04-10T06:42:00,SES-00984,synthetic,SYN-021933
PEV-04073,VAC-0070,ORG-S1,cambio_etapa,2026-04-11T13:54:00,APP-00563>evaluacion,synthetic,SYN-021934
PEV-04074,VAC-0070,ORG-S1,evaluacion_programada,2026-04-11T13:54:00,SES-00996,synthetic,SYN-021935
PEV-04075,VAC-0070,ORG-S1,postulacion_recibida,2026-04-11T18:17:00,APP-00562,synthetic,SYN-021936
PEV-04076,VAC-0070,ORG-S1,cambio_etapa,2026-04-11T18:17:00,APP-00562>recibida,synthetic,SYN-021937
PEV-04077,VAC-0070,ORG-S1,postulacion_recibida,2026-04-12T04:59:00,APP-00561,synthetic,SYN-021938
PEV-04078,VAC-0070,ORG-S1,cambio_etapa,2026-04-12T04:59:00,APP-00561>recibida,synthetic,SYN-021939
PEV-04079,VAC-0070,ORG-S1,cambio_etapa,2026-04-13T02:49:00,APP-00558>evaluacion,synthetic,SYN-021940
PEV-04080,VAC-0070,ORG-S1,evaluacion_programada,2026-04-13T02:49:00,SES-00986,synthetic,SYN-021941
PEV-04081,VAC-0070,ORG-S1,cambio_etapa,2026-04-13T07:59:00,APP-00561>evaluacion,synthetic,SYN-021942
PEV-04082,VAC-0070,ORG-S1,evaluacion_programada,2026-04-13T07:59:00,SES-00992,synthetic,SYN-021943
PEV-04083,VAC-0070,ORG-S1,cambio_etapa,2026-04-14T00:17:00,APP-00562>evaluacion,synthetic,SYN-021944
PEV-04084,VAC-0070,ORG-S1,evaluacion_programada,2026-04-14T00:17:00,SES-00994,synthetic,SYN-021945
PEV-04085,VAC-0070,ORG-S1,postulacion_recibida,2026-04-14T23:37:00,APP-00559,synthetic,SYN-021946
PEV-04086,VAC-0070,ORG-S1,cambio_etapa,2026-04-14T23:37:00,APP-00559>recibida,synthetic,SYN-021947
PEV-04087,VAC-0070,ORG-S1,cambio_etapa,2026-04-16T07:37:00,APP-00559>evaluacion,synthetic,SYN-021948
PEV-04088,VAC-0070,ORG-S1,evaluacion_programada,2026-04-16T07:37:00,SES-00988,synthetic,SYN-021949
PEV-04089,VAC-0070,ORG-S1,evaluacion_realizada,2026-04-16T19:11:00,SES-01000,synthetic,SYN-021950
PEV-04090,VAC-0070,ORG-S1,postulacion_recibida,2026-04-21T03:57:00,APP-00564,synthetic,SYN-021951
PEV-04091,VAC-0070,ORG-S1,cambio_etapa,2026-04-21T03:57:00,APP-00564>recibida,synthetic,SYN-021952
PEV-04092,VAC-0070,ORG-S1,cambio_etapa,2026-04-22T10:00:00,APP-00559>entrevista,synthetic,SYN-021953
PEV-04093,VAC-0070,ORG-S1,entrevista_programada,2026-04-22T10:00:00,SES-00989,synthetic,SYN-021954
PEV-04094,VAC-0070,ORG-S1,cambio_etapa,2026-04-22T11:00:00,APP-00560>entrevista,synthetic,SYN-021955
PEV-04095,VAC-0070,ORG-S1,entrevista_programada,2026-04-22T11:00:00,SES-00991,synthetic,SYN-021956
PEV-04096,VAC-0070,ORG-S1,evaluacion_realizada,2026-04-22T15:54:00,SES-00996,synthetic,SYN-021957
PEV-04097,VAC-0070,ORG-S1,evaluacion_realizada,2026-04-23T01:00:00,SES-00986,synthetic,SYN-021958
PEV-04098,VAC-0070,ORG-S1,cambio_etapa,2026-04-23T10:57:00,APP-00564>evaluacion,synthetic,SYN-021959
PEV-04099,VAC-0070,ORG-S1,evaluacion_programada,2026-04-23T10:57:00,SES-00998,synthetic,SYN-021960
PEV-04100,VAC-0070,ORG-S1,cambio_etapa,2026-04-23T15:00:00,APP-00563>entrevista,synthetic,SYN-021961
PEV-04101,VAC-0070,ORG-S1,entrevista_programada,2026-04-23T15:00:00,SES-00997,synthetic,SYN-021962
PEV-04102,VAC-0070,ORG-S1,evaluacion_realizada,2026-04-24T01:00:00,SES-00990,synthetic,SYN-021963
PEV-04103,VAC-0070,ORG-S1,evaluacion_realizada,2026-04-24T11:59:00,SES-00992,synthetic,SYN-021964
PEV-04104,VAC-0070,ORG-S1,cambio_etapa,2026-04-25T10:00:00,APP-00565>entrevista,synthetic,SYN-021965
PEV-04105,VAC-0070,ORG-S1,entrevista_programada,2026-04-25T10:00:00,SES-01001,synthetic,SYN-021966
PEV-04106,VAC-0070,ORG-S1,cambio_etapa,2026-04-26T10:00:00,APP-00557>entrevista,synthetic,SYN-021967
PEV-04107,VAC-0070,ORG-S1,cambio_etapa,2026-04-26T10:00:00,APP-00558>entrevista,synthetic,SYN-021968
PEV-04108,VAC-0070,ORG-S1,entrevista_programada,2026-04-26T10:00:00,SES-00985,synthetic,SYN-021969
PEV-04109,VAC-0070,ORG-S1,entrevista_programada,2026-04-26T10:00:00,SES-00987,synthetic,SYN-021970
PEV-04110,VAC-0070,ORG-S1,evaluacion_realizada,2026-04-27T15:42:00,SES-00984,synthetic,SYN-021971
PEV-04111,VAC-0070,ORG-S1,cambio_etapa,2026-04-28T09:00:00,APP-00561>entrevista,synthetic,SYN-021972
PEV-04112,VAC-0070,ORG-S1,entrevista_programada,2026-04-28T09:00:00,SES-00993,synthetic,SYN-021973
PEV-04113,VAC-0070,ORG-S1,cambio_etapa,2026-04-28T16:00:00,APP-00564>entrevista,synthetic,SYN-021974
PEV-04114,VAC-0070,ORG-S1,entrevista_programada,2026-04-28T16:00:00,SES-00999,synthetic,SYN-021975
PEV-04115,VAC-0070,ORG-S1,cambio_etapa,2026-04-28T17:00:00,APP-00562>entrevista,synthetic,SYN-021976
PEV-04116,VAC-0070,ORG-S1,entrevista_programada,2026-04-28T17:00:00,SES-00995,synthetic,SYN-021977
PEV-04117,VAC-0070,ORG-S1,entrevista_realizada,2026-04-28T23:00:00,SES-00997,synthetic,SYN-021978
PEV-04118,VAC-0070,ORG-S1,entrevista_realizada,2026-04-29T15:00:00,SES-00985,synthetic,SYN-021979
PEV-04119,VAC-0070,ORG-S1,entrevista_realizada,2026-04-29T18:00:00,SES-01001,synthetic,SYN-021980
PEV-04120,VAC-0070,ORG-S1,evaluacion_realizada,2026-04-30T11:57:00,SES-00998,synthetic,SYN-021981
PEV-04121,VAC-0070,ORG-S1,entrevista_realizada,2026-04-30T20:00:00,SES-00989,synthetic,SYN-021982
PEV-04122,VAC-0070,ORG-S1,entrevista_realizada,2026-05-03T14:00:00,SES-00991,synthetic,SYN-021983
PEV-04123,VAC-0070,ORG-S1,entrevista_realizada,2026-05-05T00:00:00,SES-00995,synthetic,SYN-021984
PEV-04124,VAC-0070,ORG-S1,entrevista_realizada,2026-05-05T02:00:00,SES-00999,synthetic,SYN-021985
PEV-04125,VAC-0070,ORG-S1,entrevista_realizada,2026-05-06T15:00:00,SES-00987,synthetic,SYN-021986
PEV-04126,VAC-0070,ORG-S1,entrevista_realizada,2026-05-08T13:00:00,SES-00993,synthetic,SYN-021987
PEV-04127,VAC-0070,ORG-S1,vacante_cerrada,2026-05-11T21:00:00,,synthetic,SYN-021988
PEV-04128,VAC-0071,ORG-S2,vacante_publicada,2026-03-06T15:15:00,,synthetic,SYN-021989
PEV-04129,VAC-0071,ORG-S2,postulacion_recibida,2026-03-07T08:15:00,APP-00572,synthetic,SYN-021990
PEV-04130,VAC-0071,ORG-S2,cambio_etapa,2026-03-07T08:15:00,APP-00572>recibida,synthetic,SYN-021991
PEV-04131,VAC-0071,ORG-S2,postulacion_recibida,2026-03-07T13:58:00,APP-00574,synthetic,SYN-021992
PEV-04132,VAC-0071,ORG-S2,cambio_etapa,2026-03-07T13:58:00,APP-00574>recibida,synthetic,SYN-021993
PEV-04133,VAC-0071,ORG-S2,postulacion_recibida,2026-03-07T21:53:00,APP-00575,synthetic,SYN-021994
PEV-04134,VAC-0071,ORG-S2,cambio_etapa,2026-03-07T21:53:00,APP-00575>recibida,synthetic,SYN-021995
PEV-04135,VAC-0071,ORG-S2,postulacion_recibida,2026-03-08T02:52:00,APP-00566,synthetic,SYN-021996
PEV-04136,VAC-0071,ORG-S2,cambio_etapa,2026-03-08T02:52:00,APP-00566>recibida,synthetic,SYN-021997
PEV-04137,VAC-0071,ORG-S2,postulacion_recibida,2026-03-08T06:04:00,APP-00571,synthetic,SYN-021998
PEV-04138,VAC-0071,ORG-S2,cambio_etapa,2026-03-08T06:04:00,APP-00571>recibida,synthetic,SYN-021999
PEV-04139,VAC-0071,ORG-S2,postulacion_recibida,2026-03-08T11:01:00,APP-00570,synthetic,SYN-022000
PEV-04140,VAC-0071,ORG-S2,cambio_etapa,2026-03-08T11:01:00,APP-00570>recibida,synthetic,SYN-022001
PEV-04141,VAC-0071,ORG-S2,cambio_etapa,2026-03-08T20:58:00,APP-00574>evaluacion,synthetic,SYN-022002
PEV-04142,VAC-0071,ORG-S2,evaluacion_programada,2026-03-08T20:58:00,SES-01017,synthetic,SYN-022003
PEV-04143,VAC-0071,ORG-S2,postulacion_recibida,2026-03-09T05:18:00,APP-00573,synthetic,SYN-022004
PEV-04144,VAC-0071,ORG-S2,cambio_etapa,2026-03-09T05:18:00,APP-00573>recibida,synthetic,SYN-022005
PEV-04145,VAC-0071,ORG-S2,cambio_etapa,2026-03-09T07:04:00,APP-00571>evaluacion,synthetic,SYN-022006
PEV-04146,VAC-0071,ORG-S2,evaluacion_programada,2026-03-09T07:04:00,SES-01012,synthetic,SYN-022007
PEV-04147,VAC-0071,ORG-S2,postulacion_recibida,2026-03-09T08:02:00,APP-00578,synthetic,SYN-022008
PEV-04148,VAC-0071,ORG-S2,cambio_etapa,2026-03-09T08:02:00,APP-00578>recibida,synthetic,SYN-022009
PEV-04149,VAC-0071,ORG-S2,cambio_etapa,2026-03-09T14:15:00,APP-00572>evaluacion,synthetic,SYN-022010
PEV-04150,VAC-0071,ORG-S2,evaluacion_programada,2026-03-09T14:15:00,SES-01014,synthetic,SYN-022011
PEV-04151,VAC-0071,ORG-S2,cambio_etapa,2026-03-10T10:18:00,APP-00573>evaluacion,synthetic,SYN-022012
PEV-04152,VAC-0071,ORG-S2,evaluacion_programada,2026-03-10T10:18:00,SES-01016,synthetic,SYN-022013
PEV-04153,VAC-0071,ORG-S2,postulacion_recibida,2026-03-11T04:54:00,APP-00577,synthetic,SYN-022014
PEV-04154,VAC-0071,ORG-S2,cambio_etapa,2026-03-11T04:54:00,APP-00577>recibida,synthetic,SYN-022015
PEV-04155,VAC-0071,ORG-S2,evaluacion_programada,2026-03-11T09:52:00,SES-01003,synthetic,SYN-022016
PEV-04156,VAC-0071,ORG-S2,cambio_etapa,2026-03-11T15:01:00,APP-00570>evaluacion,synthetic,SYN-022017
PEV-04157,VAC-0071,ORG-S2,evaluacion_programada,2026-03-11T15:01:00,SES-01010,synthetic,SYN-022018
PEV-04158,VAC-0071,ORG-S2,cambio_etapa,2026-03-11T15:02:00,APP-00578>evaluacion,synthetic,SYN-022019
PEV-04159,VAC-0071,ORG-S2,evaluacion_programada,2026-03-11T15:02:00,SES-01024,synthetic,SYN-022020
PEV-04160,VAC-0071,ORG-S2,cambio_etapa,2026-03-12T04:52:00,APP-00566>evaluacion,synthetic,SYN-022021
PEV-04161,VAC-0071,ORG-S2,evaluacion_programada,2026-03-12T04:52:00,SES-01002,synthetic,SYN-022022
PEV-04162,VAC-0071,ORG-S2,cambio_etapa,2026-03-12T05:53:00,APP-00575>evaluacion,synthetic,SYN-022023
PEV-04163,VAC-0071,ORG-S2,evaluacion_programada,2026-03-12T05:53:00,SES-01019,synthetic,SYN-022024
PEV-04164,VAC-0071,ORG-S2,evaluacion_programada,2026-03-13T01:53:00,SES-01020,synthetic,SYN-022025
PEV-04165,VAC-0071,ORG-S2,postulacion_recibida,2026-03-14T00:34:00,APP-00568,synthetic,SYN-022026
PEV-04166,VAC-0071,ORG-S2,cambio_etapa,2026-03-14T00:34:00,APP-00568>recibida,synthetic,SYN-022027
PEV-04167,VAC-0071,ORG-S2,postulacion_recibida,2026-03-14T20:35:00,APP-00576,synthetic,SYN-022028
PEV-04168,VAC-0071,ORG-S2,cambio_etapa,2026-03-14T20:35:00,APP-00576>recibida,synthetic,SYN-022029
PEV-04169,VAC-0071,ORG-S2,postulacion_recibida,2026-03-15T11:58:00,APP-00567,synthetic,SYN-022030
PEV-04170,VAC-0071,ORG-S2,cambio_etapa,2026-03-15T11:58:00,APP-00567>recibida,synthetic,SYN-022031
PEV-04171,VAC-0071,ORG-S2,cambio_etapa,2026-03-16T01:34:00,APP-00568>evaluacion,synthetic,SYN-022032
PEV-04172,VAC-0071,ORG-S2,evaluacion_programada,2026-03-16T01:34:00,SES-01006,synthetic,SYN-022033
PEV-04173,VAC-0071,ORG-S2,evaluacion_realizada,2026-03-16T11:52:00,SES-01002,synthetic,SYN-022034
PEV-04174,VAC-0071,ORG-S2,cambio_etapa,2026-03-16T11:58:00,APP-00567>evaluacion,synthetic,SYN-022035
PEV-04175,VAC-0071,ORG-S2,evaluacion_programada,2026-03-16T11:58:00,SES-01005,synthetic,SYN-022036
PEV-04176,VAC-0071,ORG-S2,postulacion_recibida,2026-03-16T12:24:00,APP-00569,synthetic,SYN-022037
PEV-04177,VAC-0071,ORG-S2,cambio_etapa,2026-03-16T12:24:00,APP-00569>recibida,synthetic,SYN-022038
PEV-04178,VAC-0071,ORG-S2,cambio_etapa,2026-03-17T00:00:00,APP-00577>evaluacion,synthetic,SYN-022039
PEV-04179,VAC-0071,ORG-S2,evaluacion_programada,2026-03-17T00:00:00,SES-01022,synthetic,SYN-022040
PEV-04180,VAC-0071,ORG-S2,evaluacion_realizada,2026-03-17T05:00:00,SES-01017,synthetic,SYN-022041
PEV-04181,VAC-0071,ORG-S2,cambio_etapa,2026-03-17T15:00:00,APP-00568>entrevista,synthetic,SYN-022042
PEV-04182,VAC-0071,ORG-S2,entrevista_programada,2026-03-17T15:00:00,SES-01007,synthetic,SYN-022043
PEV-04183,VAC-0071,ORG-S2,evaluacion_realizada,2026-03-18T01:00:00,SES-01019,synthetic,SYN-022044
PEV-04184,VAC-0071,ORG-S2,cambio_etapa,2026-03-18T13:24:00,APP-00569>evaluacion,synthetic,SYN-022045
PEV-04185,VAC-0071,ORG-S2,evaluacion_programada,2026-03-18T13:24:00,SES-01008,synthetic,SYN-022046
PEV-04186,VAC-0071,ORG-S2,evaluacion_realizada,2026-03-18T14:18:00,SES-01016,synthetic,SYN-022047
PEV-04187,VAC-0071,ORG-S2,cambio_etapa,2026-03-18T16:00:00,APP-00571>entrevista,synthetic,SYN-022048
PEV-04188,VAC-0071,ORG-S2,entrevista_programada,2026-03-18T16:00:00,SES-01013,synthetic,SYN-022049
PEV-04189,VAC-0071,ORG-S2,cambio_etapa,2026-03-19T10:00:00,APP-00569>entrevista,synthetic,SYN-022050
PEV-04190,VAC-0071,ORG-S2,entrevista_programada,2026-03-19T10:00:00,SES-01009,synthetic,SYN-022051
PEV-04191,VAC-0071,ORG-S2,evaluacion_realizada,2026-03-19T18:15:00,SES-01014,synthetic,SYN-022052
PEV-04192,VAC-0071,ORG-S2,cambio_etapa,2026-03-19T21:35:00,APP-00576>descartada,synthetic,SYN-022053
PEV-04193,VAC-0071,ORG-S2,evaluacion_realizada,2026-03-20T02:00:00,SES-01012,synthetic,SYN-022054
PEV-04194,VAC-0071,ORG-S2,cambio_etapa,2026-03-20T10:00:00,APP-00570>entrevista,synthetic,SYN-022055
PEV-04195,VAC-0071,ORG-S2,entrevista_programada,2026-03-20T10:00:00,SES-01011,synthetic,SYN-022056
PEV-04196,VAC-0071,ORG-S2,evaluacion_realizada,2026-03-21T08:34:00,SES-01006,synthetic,SYN-022057
PEV-04197,VAC-0071,ORG-S2,cambio_etapa,2026-03-21T09:00:00,APP-00574>entrevista,synthetic,SYN-022058
PEV-04198,VAC-0071,ORG-S2,entrevista_programada,2026-03-21T09:00:00,SES-01018,synthetic,SYN-022059
PEV-04199,VAC-0071,ORG-S2,evaluacion_realizada,2026-03-21T09:53:00,SES-01020,synthetic,SYN-022060
PEV-04200,VAC-0071,ORG-S2,cambio_etapa,2026-03-21T12:00:00,APP-00577>entrevista,synthetic,SYN-022061
PEV-04201,VAC-0071,ORG-S2,entrevista_programada,2026-03-21T12:00:00,SES-01023,synthetic,SYN-022062
PEV-04202,VAC-0071,ORG-S2,cambio_etapa,2026-03-22T14:00:00,APP-00572>entrevista,synthetic,SYN-022063
PEV-04203,VAC-0071,ORG-S2,entrevista_programada,2026-03-22T14:00:00,SES-01015,synthetic,SYN-022064
PEV-04204,VAC-0071,ORG-S2,cambio_etapa,2026-03-22T17:00:00,APP-00578>entrevista,synthetic,SYN-022065
PEV-04205,VAC-0071,ORG-S2,entrevista_programada,2026-03-22T17:00:00,SES-01025,synthetic,SYN-022066
PEV-04206,VAC-0071,ORG-S2,evaluacion_realizada,2026-03-22T23:02:00,SES-01024,synthetic,SYN-022067
PEV-04207,VAC-0071,ORG-S2,cambio_etapa,2026-03-23T13:00:00,APP-00575>entrevista,synthetic,SYN-022068
PEV-04208,VAC-0071,ORG-S2,entrevista_programada,2026-03-23T13:00:00,SES-01021,synthetic,SYN-022069
PEV-04209,VAC-0071,ORG-S2,cambio_etapa,2026-03-23T15:00:00,APP-00566>entrevista,synthetic,SYN-022070
PEV-04210,VAC-0071,ORG-S2,entrevista_programada,2026-03-23T15:00:00,SES-01004,synthetic,SYN-022071
PEV-04211,VAC-0071,ORG-S2,evaluacion_realizada,2026-03-24T14:52:00,SES-01003,synthetic,SYN-022072
PEV-04212,VAC-0071,ORG-S2,evaluacion_realizada,2026-03-25T09:00:00,SES-01022,synthetic,SYN-022073
PEV-04213,VAC-0071,ORG-S2,evaluacion_realizada,2026-03-25T19:24:00,SES-01008,synthetic,SYN-022074
PEV-04214,VAC-0071,ORG-S2,evaluacion_realizada,2026-03-25T21:01:00,SES-01010,synthetic,SYN-022075
PEV-04215,VAC-0071,ORG-S2,entrevista_realizada,2026-03-27T15:00:00,SES-01023,synthetic,SYN-022076
PEV-04216,VAC-0071,ORG-S2,entrevista_realizada,2026-03-27T23:00:00,SES-01015,synthetic,SYN-022077
PEV-04217,VAC-0071,ORG-S2,entrevista_realizada,2026-03-28T01:00:00,SES-01013,synthetic,SYN-022078
PEV-04218,VAC-0071,ORG-S2,entrevista_realizada,2026-03-30T02:00:00,SES-01004,synthetic,SYN-022079
PEV-04219,VAC-0071,ORG-S2,entrevista_realizada,2026-03-30T17:00:00,SES-01018,synthetic,SYN-022080
PEV-04220,VAC-0071,ORG-S2,entrevista_realizada,2026-04-02T01:00:00,SES-01025,synthetic,SYN-022081
PEV-04221,VAC-0071,ORG-S2,entrevista_realizada,2026-04-03T16:00:00,SES-01011,synthetic,SYN-022082
PEV-04222,VAC-0071,ORG-S2,entrevista_realizada,2026-04-04T13:00:00,SES-01009,synthetic,SYN-022083
PEV-04223,VAC-0071,ORG-S2,entrevista_realizada,2026-04-08T18:00:00,SES-01021,synthetic,SYN-022084
PEV-04224,VAC-0071,ORG-S2,vacante_cerrada,2026-04-15T23:00:00,,synthetic,SYN-022085
PEV-04225,VAC-0072,ORG-S3,vacante_publicada,2026-03-23T11:26:00,,synthetic,SYN-022086
PEV-04226,VAC-0072,ORG-S3,postulacion_recibida,2026-03-28T05:00:00,APP-00579,synthetic,SYN-022087
PEV-04227,VAC-0072,ORG-S3,cambio_etapa,2026-03-28T05:00:00,APP-00579>recibida,synthetic,SYN-022088
PEV-04228,VAC-0072,ORG-S3,cambio_etapa,2026-04-02T11:00:00,APP-00579>evaluacion,synthetic,SYN-022089
PEV-04229,VAC-0072,ORG-S3,evaluacion_programada,2026-04-02T11:00:00,SES-01026,synthetic,SYN-022090
PEV-04230,VAC-0072,ORG-S3,postulacion_recibida,2026-04-03T05:16:00,APP-00580,synthetic,SYN-022091
PEV-04231,VAC-0072,ORG-S3,cambio_etapa,2026-04-03T05:16:00,APP-00580>recibida,synthetic,SYN-022092
PEV-04232,VAC-0072,ORG-S3,postulacion_recibida,2026-04-03T20:42:00,APP-00581,synthetic,SYN-022093
PEV-04233,VAC-0072,ORG-S3,cambio_etapa,2026-04-03T20:42:00,APP-00581>recibida,synthetic,SYN-022094
PEV-04234,VAC-0072,ORG-S3,cambio_etapa,2026-04-04T23:42:00,APP-00581>evaluacion,synthetic,SYN-022095
PEV-04235,VAC-0072,ORG-S3,evaluacion_programada,2026-04-04T23:42:00,SES-01028,synthetic,SYN-022096
PEV-04236,VAC-0072,ORG-S3,evaluacion_programada,2026-04-07T04:42:00,SES-01029,synthetic,SYN-022097
PEV-04237,VAC-0072,ORG-S3,cambio_etapa,2026-04-08T11:16:00,APP-00580>evaluacion,synthetic,SYN-022098
PEV-04238,VAC-0072,ORG-S3,evaluacion_programada,2026-04-08T11:16:00,SES-01027,synthetic,SYN-022099
PEV-04239,VAC-0072,ORG-S3,evaluacion_realizada,2026-04-13T19:00:00,SES-01026,synthetic,SYN-022100
PEV-04240,VAC-0072,ORG-S3,cambio_etapa,2026-04-16T10:00:00,APP-00581>entrevista,synthetic,SYN-022101
PEV-04241,VAC-0072,ORG-S3,entrevista_programada,2026-04-16T10:00:00,SES-01030,synthetic,SYN-022102
PEV-04242,VAC-0072,ORG-S3,evaluacion_realizada,2026-04-20T07:42:00,SES-01029,synthetic,SYN-022103
PEV-04243,VAC-0072,ORG-S3,evaluacion_realizada,2026-04-24T17:16:00,SES-01027,synthetic,SYN-022104
PEV-04244,VAC-0072,ORG-S3,vacante_cerrada,2026-04-27T21:16:00,,synthetic,SYN-022105
PEV-04245,VAC-0073,ORG-S1,vacante_publicada,2026-04-22T00:00:00,,synthetic,SYN-022106
PEV-04246,VAC-0073,ORG-S1,postulacion_recibida,2026-04-22T21:06:00,APP-00589,synthetic,SYN-022107
PEV-04247,VAC-0073,ORG-S1,cambio_etapa,2026-04-22T21:06:00,APP-00589>recibida,synthetic,SYN-022108
PEV-04248,VAC-0073,ORG-S1,cambio_etapa,2026-04-24T05:06:00,APP-00589>evaluacion,synthetic,SYN-022109
PEV-04249,VAC-0073,ORG-S1,evaluacion_programada,2026-04-24T05:06:00,SES-01044,synthetic,SYN-022110
PEV-04250,VAC-0073,ORG-S1,postulacion_recibida,2026-04-24T18:47:00,APP-00585,synthetic,SYN-022111
PEV-04251,VAC-0073,ORG-S1,cambio_etapa,2026-04-24T18:47:00,APP-00585>recibida,synthetic,SYN-022112
PEV-04252,VAC-0073,ORG-S1,postulacion_recibida,2026-04-24T22:51:00,APP-00588,synthetic,SYN-022113
PEV-04253,VAC-0073,ORG-S1,cambio_etapa,2026-04-24T22:51:00,APP-00588>recibida,synthetic,SYN-022114
PEV-04254,VAC-0073,ORG-S1,postulacion_recibida,2026-04-25T07:07:00,APP-00586,synthetic,SYN-022115
PEV-04255,VAC-0073,ORG-S1,cambio_etapa,2026-04-25T07:07:00,APP-00586>recibida,synthetic,SYN-022116
PEV-04256,VAC-0073,ORG-S1,postulacion_recibida,2026-04-25T23:12:00,APP-00582,synthetic,SYN-022117
PEV-04257,VAC-0073,ORG-S1,cambio_etapa,2026-04-25T23:12:00,APP-00582>recibida,synthetic,SYN-022118
PEV-04258,VAC-0073,ORG-S1,cambio_etapa,2026-04-26T01:47:00,APP-00585>evaluacion,synthetic,SYN-022119
PEV-04259,VAC-0073,ORG-S1,evaluacion_programada,2026-04-26T01:47:00,SES-01037,synthetic,SYN-022120
PEV-04260,VAC-0073,ORG-S1,cambio_etapa,2026-04-26T04:51:00,APP-00588>evaluacion,synthetic,SYN-022121
PEV-04261,VAC-0073,ORG-S1,evaluacion_programada,2026-04-26T04:51:00,SES-01042,synthetic,SYN-022122
PEV-04262,VAC-0073,ORG-S1,postulacion_recibida,2026-04-27T11:03:00,APP-00587,synthetic,SYN-022123
PEV-04263,VAC-0073,ORG-S1,cambio_etapa,2026-04-27T11:03:00,APP-00587>recibida,synthetic,SYN-022124
PEV-04264,VAC-0073,ORG-S1,postulacion_recibida,2026-04-29T04:06:00,APP-00583,synthetic,SYN-022125
PEV-04265,VAC-0073,ORG-S1,cambio_etapa,2026-04-29T04:06:00,APP-00583>recibida,synthetic,SYN-022126
PEV-04266,VAC-0073,ORG-S1,postulacion_recibida,2026-04-29T12:48:00,APP-00590,synthetic,SYN-022127
PEV-04267,VAC-0073,ORG-S1,cambio_etapa,2026-04-29T12:48:00,APP-00590>recibida,synthetic,SYN-022128
PEV-04268,VAC-0073,ORG-S1,postulacion_recibida,2026-04-29T18:59:00,APP-00584,synthetic,SYN-022129
PEV-04269,VAC-0073,ORG-S1,cambio_etapa,2026-04-29T18:59:00,APP-00584>recibida,synthetic,SYN-022130
PEV-04270,VAC-0073,ORG-S1,cambio_etapa,2026-04-30T00:00:00,APP-00590>evaluacion,synthetic,SYN-022131
PEV-04271,VAC-0073,ORG-S1,evaluacion_programada,2026-04-30T00:00:00,SES-01046,synthetic,SYN-022132
PEV-04272,VAC-0073,ORG-S1,cambio_etapa,2026-04-30T05:06:00,APP-00583>evaluacion,synthetic,SYN-022133
PEV-04273,VAC-0073,ORG-S1,evaluacion_programada,2026-04-30T05:06:00,SES-01033,synthetic,SYN-022134
PEV-04274,VAC-0073,ORG-S1,cambio_etapa,2026-04-30T12:07:00,APP-00586>evaluacion,synthetic,SYN-022135
PEV-04275,VAC-0073,ORG-S1,evaluacion_programada,2026-04-30T12:07:00,SES-01038,synthetic,SYN-022136
PEV-04276,VAC-0073,ORG-S1,cambio_etapa,2026-04-30T17:00:00,APP-00582>entrevista,synthetic,SYN-022137
PEV-04277,VAC-0073,ORG-S1,entrevista_programada,2026-04-30T17:00:00,SES-01032,synthetic,SYN-022138
PEV-04278,VAC-0073,ORG-S1,cambio_etapa,2026-05-01T06:12:00,APP-00582>evaluacion,synthetic,SYN-022139
PEV-04279,VAC-0073,ORG-S1,evaluacion_programada,2026-05-01T06:12:00,SES-01031,synthetic,SYN-022140
PEV-04280,VAC-0073,ORG-S1,evaluacion_realizada,2026-05-01T14:51:00,SES-01042,synthetic,SYN-022141
PEV-04281,VAC-0073,ORG-S1,cambio_etapa,2026-05-01T16:00:00,APP-00583>entrevista,synthetic,SYN-022142
PEV-04282,VAC-0073,ORG-S1,entrevista_programada,2026-05-01T16:00:00,SES-01034,synthetic,SYN-022143
PEV-04283,VAC-0073,ORG-S1,cambio_etapa,2026-05-01T17:03:00,APP-00587>evaluacion,synthetic,SYN-022144
PEV-04284,VAC-0073,ORG-S1,evaluacion_programada,2026-05-01T17:03:00,SES-01040,synthetic,SYN-022145
PEV-04285,VAC-0073,ORG-S1,evaluacion_programada,2026-05-01T19:48:00,SES-01047,synthetic,SYN-022146
PEV-04286,VAC-0073,ORG-S1,cambio_etapa,2026-05-01T21:59:00,APP-00584>evaluacion,synthetic,SYN-022147
PEV-04287,VAC-0073,ORG-S1,evaluacion_programada,2026-05-01T21:59:00,SES-01035,synthetic,SYN-022148
PEV-04288,VAC-0073,ORG-S1,cambio_etapa,2026-05-05T10:00:00,APP-00584>entrevista,synthetic,SYN-022149
PEV-04289,VAC-0073,ORG-S1,entrevista_programada,2026-05-05T10:00:00,SES-01036,synthetic,SYN-022150
PEV-04290,VAC-0073,ORG-S1,cambio_etapa,2026-05-05T12:00:00,APP-00590>entrevista,synthetic,SYN-022151
PEV-04291,VAC-0073,ORG-S1,entrevista_programada,2026-05-05T12:00:00,SES-01048,synthetic,SYN-022152
PEV-04292,VAC-0073,ORG-S1,cambio_etapa,2026-05-06T11:00:00,APP-00587>entrevista,synthetic,SYN-022153
PEV-04293,VAC-0073,ORG-S1,entrevista_programada,2026-05-06T11:00:00,SES-01041,synthetic,SYN-022154
PEV-04294,VAC-0073,ORG-S1,cambio_etapa,2026-05-06T14:00:00,APP-00589>entrevista,synthetic,SYN-022155
PEV-04295,VAC-0073,ORG-S1,entrevista_programada,2026-05-06T14:00:00,SES-01045,synthetic,SYN-022156
PEV-04296,VAC-0073,ORG-S1,cambio_etapa,2026-05-06T15:00:00,APP-00586>entrevista,synthetic,SYN-022157
PEV-04297,VAC-0073,ORG-S1,cambio_etapa,2026-05-06T15:00:00,APP-00588>entrevista,synthetic,SYN-022158
PEV-04298,VAC-0073,ORG-S1,entrevista_programada,2026-05-06T15:00:00,SES-01039,synthetic,SYN-022159
PEV-04299,VAC-0073,ORG-S1,entrevista_programada,2026-05-06T15:00:00,SES-01043,synthetic,SYN-022160
PEV-04300,VAC-0073,ORG-S1,entrevista_realizada,2026-05-06T22:00:00,SES-01034,synthetic,SYN-022161
PEV-04301,VAC-0073,ORG-S1,evaluacion_realizada,2026-05-07T04:00:00,SES-01046,synthetic,SYN-022162
PEV-04302,VAC-0073,ORG-S1,evaluacion_realizada,2026-05-07T14:06:00,SES-01033,synthetic,SYN-022163
PEV-04303,VAC-0073,ORG-S1,evaluacion_realizada,2026-05-09T12:06:00,SES-01044,synthetic,SYN-022164
PEV-04304,VAC-0073,ORG-S1,evaluacion_realizada,2026-05-09T19:03:00,SES-01040,synthetic,SYN-022165
PEV-04305,VAC-0073,ORG-S1,evaluacion_realizada,2026-05-10T05:47:00,SES-01037,synthetic,SYN-022166
PEV-04306,VAC-0073,ORG-S1,entrevista_realizada,2026-05-13T00:00:00,SES-01039,synthetic,SYN-022167
PEV-04307,VAC-0073,ORG-S1,evaluacion_realizada,2026-05-13T01:59:00,SES-01035,synthetic,SYN-022168
PEV-04308,VAC-0073,ORG-S1,evaluacion_realizada,2026-05-14T16:07:00,SES-01038,synthetic,SYN-022169
PEV-04309,VAC-0073,ORG-S1,entrevista_realizada,2026-05-14T19:00:00,SES-01045,synthetic,SYN-022170
PEV-04310,VAC-0073,ORG-S1,entrevista_realizada,2026-05-17T17:00:00,SES-01048,synthetic,SYN-022171
PEV-04311,VAC-0073,ORG-S1,evaluacion_realizada,2026-05-18T11:12:00,SES-01031,synthetic,SYN-022172
PEV-04312,VAC-0073,ORG-S1,entrevista_realizada,2026-05-18T21:00:00,SES-01036,synthetic,SYN-022173
PEV-04313,VAC-0073,ORG-S1,entrevista_realizada,2026-05-20T21:00:00,SES-01041,synthetic,SYN-022174
PEV-04314,VAC-0073,ORG-S1,vacante_cerrada,2026-05-29T04:00:00,,synthetic,SYN-022175
PEV-04315,VAC-0074,ORG-S2,vacante_publicada,2026-08-20T12:39:00,,synthetic,SYN-022176
PEV-04316,VAC-0074,ORG-S2,postulacion_recibida,2026-08-20T16:30:00,APP-00594,synthetic,SYN-022177
PEV-04317,VAC-0074,ORG-S2,cambio_etapa,2026-08-20T16:30:00,APP-00594>recibida,synthetic,SYN-022178
PEV-04318,VAC-0074,ORG-S2,postulacion_recibida,2026-08-22T08:28:00,APP-00597,synthetic,SYN-022179
PEV-04319,VAC-0074,ORG-S2,cambio_etapa,2026-08-22T08:28:00,APP-00597>recibida,synthetic,SYN-022180
PEV-04320,VAC-0074,ORG-S2,postulacion_recibida,2026-08-23T12:58:00,APP-00593,synthetic,SYN-022181
PEV-04321,VAC-0074,ORG-S2,cambio_etapa,2026-08-23T12:58:00,APP-00593>recibida,synthetic,SYN-022182
PEV-04322,VAC-0074,ORG-S2,postulacion_recibida,2026-08-23T16:35:00,APP-00595,synthetic,SYN-022183
PEV-04323,VAC-0074,ORG-S2,cambio_etapa,2026-08-23T16:35:00,APP-00595>recibida,synthetic,SYN-022184
PEV-04324,VAC-0074,ORG-S2,cambio_etapa,2026-08-24T18:58:00,APP-00593>evaluacion,synthetic,SYN-022185
PEV-04325,VAC-0074,ORG-S2,evaluacion_programada,2026-08-24T18:58:00,SES-01055,synthetic,SYN-022186
PEV-04326,VAC-0074,ORG-S2,cambio_etapa,2026-08-24T19:35:00,APP-00595>evaluacion,synthetic,SYN-022187
PEV-04327,VAC-0074,ORG-S2,evaluacion_programada,2026-08-24T19:35:00,SES-01059,synthetic,SYN-022188
PEV-04328,VAC-0074,ORG-S2,cambio_etapa,2026-08-24T21:30:00,APP-00594>evaluacion,synthetic,SYN-022189
PEV-04329,VAC-0074,ORG-S2,evaluacion_programada,2026-08-24T21:30:00,SES-01057,synthetic,SYN-022190
PEV-04330,VAC-0074,ORG-S2,cambio_etapa,2026-08-25T09:28:00,APP-00597>descartada,synthetic,SYN-022191
PEV-04331,VAC-0074,ORG-S2,postulacion_recibida,2026-08-25T11:04:00,APP-00596,synthetic,SYN-022192
PEV-04332,VAC-0074,ORG-S2,cambio_etapa,2026-08-25T11:04:00,APP-00596>recibida,synthetic,SYN-022193
PEV-04333,VAC-0074,ORG-S2,postulacion_recibida,2026-08-25T21:28:00,APP-00599,synthetic,SYN-022194
PEV-04334,VAC-0074,ORG-S2,cambio_etapa,2026-08-25T21:28:00,APP-00599>recibida,synthetic,SYN-022195
PEV-04335,VAC-0074,ORG-S2,postulacion_recibida,2026-08-26T07:02:00,APP-00600,synthetic,SYN-022196
PEV-04336,VAC-0074,ORG-S2,cambio_etapa,2026-08-26T07:02:00,APP-00600>recibida,synthetic,SYN-022197
PEV-04337,VAC-0074,ORG-S2,postulacion_recibida,2026-08-26T12:43:00,APP-00591,synthetic,SYN-022198
PEV-04338,VAC-0074,ORG-S2,cambio_etapa,2026-08-26T12:43:00,APP-00591>recibida,synthetic,SYN-022199
PEV-04339,VAC-0074,ORG-S2,cambio_etapa,2026-08-26T17:04:00,APP-00596>evaluacion,synthetic,SYN-022200
PEV-04340,VAC-0074,ORG-S2,evaluacion_programada,2026-08-26T17:04:00,SES-01061,synthetic,SYN-022201
PEV-04341,VAC-0074,ORG-S2,cambio_etapa,2026-08-27T09:02:00,APP-00600>evaluacion,synthetic,SYN-022202
PEV-04342,VAC-0074,ORG-S2,evaluacion_programada,2026-08-27T09:02:00,SES-01066,synthetic,SYN-022203
PEV-04343,VAC-0074,ORG-S2,postulacion_recibida,2026-08-27T11:57:00,APP-00592,synthetic,SYN-022204
PEV-04344,VAC-0074,ORG-S2,cambio_etapa,2026-08-27T11:57:00,APP-00592>recibida,synthetic,SYN-022205
PEV-04345,VAC-0074,ORG-S2,cambio_etapa,2026-08-27T22:28:00,APP-00599>evaluacion,synthetic,SYN-022206
PEV-04346,VAC-0074,ORG-S2,evaluacion_programada,2026-08-27T22:28:00,SES-01064,synthetic,SYN-022207
PEV-04347,VAC-0074,ORG-S2,evaluacion_programada,2026-08-28T18:43:00,SES-01050,synthetic,SYN-022208
PEV-04348,VAC-0074,ORG-S2,postulacion_recibida,2026-08-28T23:33:00,APP-00598,synthetic,SYN-022209
PEV-04349,VAC-0074,ORG-S2,cambio_etapa,2026-08-28T23:33:00,APP-00598>recibida,synthetic,SYN-022210
PEV-04350,VAC-0074,ORG-S2,cambio_etapa,2026-08-29T13:43:00,APP-00591>evaluacion,synthetic,SYN-022211
PEV-04351,VAC-0074,ORG-S2,evaluacion_programada,2026-08-29T13:43:00,SES-01049,synthetic,SYN-022212
PEV-04352,VAC-0074,ORG-S2,cambio_etapa,2026-08-29T19:57:00,APP-00592>evaluacion,synthetic,SYN-022213
PEV-04353,VAC-0074,ORG-S2,evaluacion_programada,2026-08-29T19:57:00,SES-01052,synthetic,SYN-022214
PEV-04354,VAC-0074,ORG-S2,cambio_etapa,2026-08-30T12:00:00,APP-00592>entrevista,synthetic,SYN-022215
PEV-04355,VAC-0074,ORG-S2,entrevista_programada,2026-08-30T12:00:00,SES-01054,synthetic,SYN-022216
PEV-04356,VAC-0074,ORG-S2,cambio_etapa,2026-08-30T16:00:00,APP-00594>entrevista,synthetic,SYN-022217
PEV-04357,VAC-0074,ORG-S2,cambio_etapa,2026-08-30T16:00:00,APP-00599>entrevista,synthetic,SYN-022218
PEV-04358,VAC-0074,ORG-S2,entrevista_programada,2026-08-30T16:00:00,SES-01058,synthetic,SYN-022219
PEV-04359,VAC-0074,ORG-S2,entrevista_programada,2026-08-30T16:00:00,SES-01065,synthetic,SYN-022220
PEV-04360,VAC-0074,ORG-S2,evaluacion_programada,2026-08-30T18:57:00,SES-01053,synthetic,SYN-022221
PEV-04361,VAC-0074,ORG-S2,cambio_etapa,2026-08-31T12:00:00,APP-00591>entrevista,synthetic,SYN-022222
PEV-04362,VAC-0074,ORG-S2,entrevista_programada,2026-08-31T12:00:00,SES-01051,synthetic,SYN-022223
PEV-04363,VAC-0074,ORG-S2,evaluacion_realizada,2026-09-01T02:00:00,SES-01059,synthetic,SYN-022224
PEV-04364,VAC-0074,ORG-S2,cambio_etapa,2026-09-01T11:00:00,APP-00593>entrevista,synthetic,SYN-022225
PEV-04365,VAC-0074,ORG-S2,entrevista_programada,2026-09-01T11:00:00,SES-01056,synthetic,SYN-022226
PEV-04366,VAC-0074,ORG-S2,cambio_etapa,2026-09-03T03:33:00,APP-00598>evaluacion,synthetic,SYN-022227
PEV-04367,VAC-0074,ORG-S2,evaluacion_programada,2026-09-03T03:33:00,SES-01063,synthetic,SYN-022228
PEV-04368,VAC-0074,ORG-S2,cambio_etapa,2026-09-03T12:00:00,APP-00595>entrevista,synthetic,SYN-022229
PEV-04369,VAC-0074,ORG-S2,cambio_etapa,2026-09-03T12:00:00,APP-00596>entrevista,synthetic,SYN-022230
PEV-04370,VAC-0074,ORG-S2,entrevista_programada,2026-09-03T12:00:00,SES-01060,synthetic,SYN-022231
PEV-04371,VAC-0074,ORG-S2,entrevista_programada,2026-09-03T12:00:00,SES-01062,synthetic,SYN-022232
PEV-04372,VAC-0074,ORG-S2,cambio_etapa,2026-09-04T11:00:00,APP-00600>entrevista,synthetic,SYN-022233
PEV-04373,VAC-0074,ORG-S2,entrevista_programada,2026-09-04T11:00:00,SES-01067,synthetic,SYN-022234
PEV-04374,VAC-0074,ORG-S2,evaluacion_realizada,2026-09-05T02:57:00,SES-01052,synthetic,SYN-022235
PEV-04375,VAC-0074,ORG-S2,evaluacion_realizada,2026-09-06T01:30:00,SES-01057,synthetic,SYN-022236
PEV-04376,VAC-0074,ORG-S2,evaluacion_realizada,2026-09-07T01:28:00,SES-01064,synthetic,SYN-022237
PEV-04377,VAC-0074,ORG-S2,evaluacion_realizada,2026-09-08T04:57:00,SES-01053,synthetic,SYN-022238
PEV-04378,VAC-0074,ORG-S2,evaluacion_realizada,2026-09-09T16:02:00,SES-01066,synthetic,SYN-022239
PEV-04379,VAC-0074,ORG-S2,entrevista_realizada,2026-09-09T20:00:00,SES-01060,synthetic,SYN-022240
PEV-04380,VAC-0074,ORG-S2,evaluacion_realizada,2026-09-10T00:58:00,SES-01055,synthetic,SYN-022241
PEV-04381,VAC-0074,ORG-S2,entrevista_realizada,2026-09-10T01:00:00,SES-01058,synthetic,SYN-022242
PEV-04382,VAC-0074,ORG-S2,entrevista_realizada,2026-09-10T16:00:00,SES-01062,synthetic,SYN-022243
PEV-04383,VAC-0074,ORG-S2,evaluacion_realizada,2026-09-10T21:43:00,SES-01049,synthetic,SYN-022244
PEV-04384,VAC-0074,ORG-S2,evaluacion_realizada,2026-09-11T05:33:00,SES-01063,synthetic,SYN-022245
PEV-04385,VAC-0074,ORG-S2,entrevista_realizada,2026-09-12T17:00:00,SES-01056,synthetic,SYN-022246
PEV-04386,VAC-0074,ORG-S2,evaluacion_realizada,2026-09-14T00:04:00,SES-01061,synthetic,SYN-022247
PEV-04387,VAC-0074,ORG-S2,evaluacion_realizada,2026-09-15T01:43:00,SES-01050,synthetic,SYN-022248
PEV-04388,VAC-0074,ORG-S2,entrevista_realizada,2026-09-15T16:00:00,SES-01054,synthetic,SYN-022249
PEV-04389,VAC-0074,ORG-S2,entrevista_realizada,2026-09-15T23:00:00,SES-01065,synthetic,SYN-022250
PEV-04390,VAC-0074,ORG-S2,entrevista_realizada,2026-09-17T18:00:00,SES-01051,synthetic,SYN-022251
PEV-04391,VAC-0074,ORG-S2,vacante_cerrada,2026-09-23T22:00:00,,synthetic,SYN-022252
PEV-04392,VAC-0075,ORG-S3,vacante_publicada,2026-06-11T11:58:00,,synthetic,SYN-022253
PEV-04393,VAC-0075,ORG-S3,postulacion_recibida,2026-06-14T08:21:00,APP-00601,synthetic,SYN-022254
PEV-04394,VAC-0075,ORG-S3,cambio_etapa,2026-06-14T08:21:00,APP-00601>recibida,synthetic,SYN-022255
PEV-04395,VAC-0075,ORG-S3,cambio_etapa,2026-06-15T11:21:00,APP-00601>evaluacion,synthetic,SYN-022256
PEV-04396,VAC-0075,ORG-S3,evaluacion_programada,2026-06-15T11:21:00,SES-01068,synthetic,SYN-022257
PEV-04397,VAC-0075,ORG-S3,postulacion_recibida,2026-06-17T22:02:00,APP-00602,synthetic,SYN-022258
PEV-04398,VAC-0075,ORG-S3,cambio_etapa,2026-06-17T22:02:00,APP-00602>recibida,synthetic,SYN-022259
PEV-04399,VAC-0075,ORG-S3,cambio_etapa,2026-06-22T04:02:00,APP-00602>evaluacion,synthetic,SYN-022260
PEV-04400,VAC-0075,ORG-S3,evaluacion_programada,2026-06-22T04:02:00,SES-01070,synthetic,SYN-022261
PEV-04401,VAC-0075,ORG-S3,cambio_etapa,2026-06-26T09:00:00,APP-00601>entrevista,synthetic,SYN-022262
PEV-04402,VAC-0075,ORG-S3,entrevista_programada,2026-06-26T09:00:00,SES-01069,synthetic,SYN-022263
PEV-04403,VAC-0075,ORG-S3,cambio_etapa,2026-06-26T17:00:00,APP-00602>entrevista,synthetic,SYN-022264
PEV-04404,VAC-0075,ORG-S3,entrevista_programada,2026-06-26T17:00:00,SES-01071,synthetic,SYN-022265
PEV-04405,VAC-0075,ORG-S3,evaluacion_realizada,2026-06-30T15:21:00,SES-01068,synthetic,SYN-022266
PEV-04406,VAC-0075,ORG-S3,entrevista_realizada,2026-07-02T15:00:00,SES-01069,synthetic,SYN-022267
PEV-04407,VAC-0075,ORG-S3,evaluacion_realizada,2026-07-05T09:02:00,SES-01070,synthetic,SYN-022268
PEV-04408,VAC-0075,ORG-S3,entrevista_realizada,2026-07-14T00:00:00,SES-01071,synthetic,SYN-022269
PEV-04409,VAC-0075,ORG-S3,vacante_cerrada,2026-07-18T06:00:00,,synthetic,SYN-022270
PEV-04410,VAC-0076,ORG-S1,vacante_publicada,2026-07-03T15:57:00,,synthetic,SYN-022271
PEV-04411,VAC-0076,ORG-S1,postulacion_recibida,2026-07-08T20:22:00,APP-00609,synthetic,SYN-022272
PEV-04412,VAC-0076,ORG-S1,cambio_etapa,2026-07-08T20:22:00,APP-00609>recibida,synthetic,SYN-022273
PEV-04413,VAC-0076,ORG-S1,postulacion_recibida,2026-07-08T20:29:00,APP-00607,synthetic,SYN-022274
PEV-04414,VAC-0076,ORG-S1,cambio_etapa,2026-07-08T20:29:00,APP-00607>recibida,synthetic,SYN-022275
PEV-04415,VAC-0076,ORG-S1,cambio_etapa,2026-07-09T20:22:00,APP-00609>evaluacion,synthetic,SYN-022276
PEV-04416,VAC-0076,ORG-S1,evaluacion_programada,2026-07-09T20:22:00,SES-01082,synthetic,SYN-022277
PEV-04417,VAC-0076,ORG-S1,cambio_etapa,2026-07-10T01:29:00,APP-00607>evaluacion,synthetic,SYN-022278
PEV-04418,VAC-0076,ORG-S1,evaluacion_programada,2026-07-10T01:29:00,SES-01079,synthetic,SYN-022279
PEV-04419,VAC-0076,ORG-S1,postulacion_recibida,2026-07-11T02:12:00,APP-00608,synthetic,SYN-022280
PEV-04420,VAC-0076,ORG-S1,cambio_etapa,2026-07-11T02:12:00,APP-00608>recibida,synthetic,SYN-022281
PEV-04421,VAC-0076,ORG-S1,postulacion_recibida,2026-07-11T03:16:00,APP-00604,synthetic,SYN-022282
PEV-04422,VAC-0076,ORG-S1,cambio_etapa,2026-07-11T03:16:00,APP-00604>recibida,synthetic,SYN-022283
PEV-04423,VAC-0076,ORG-S1,postulacion_recibida,2026-07-12T14:56:00,APP-00603,synthetic,SYN-022284
PEV-04424,VAC-0076,ORG-S1,cambio_etapa,2026-07-12T14:56:00,APP-00603>recibida,synthetic,SYN-022285
PEV-04425,VAC-0076,ORG-S1,cambio_etapa,2026-07-14T19:56:00,APP-00603>evaluacion,synthetic,SYN-022286
PEV-04426,VAC-0076,ORG-S1,evaluacion_programada,2026-07-14T19:56:00,SES-01072,synthetic,SYN-022287
PEV-04427,VAC-0076,ORG-S1,cambio_etapa,2026-07-15T02:12:00,APP-00608>evaluacion,synthetic,SYN-022288
PEV-04428,VAC-0076,ORG-S1,evaluacion_programada,2026-07-15T02:12:00,SES-01080,synthetic,SYN-022289
PEV-04429,VAC-0076,ORG-S1,postulacion_recibida,2026-07-15T16:58:00,APP-00605,synthetic,SYN-022290
PEV-04430,VAC-0076,ORG-S1,cambio_etapa,2026-07-15T16:58:00,APP-00605>recibida,synthetic,SYN-022291
PEV-04431,VAC-0076,ORG-S1,cambio_etapa,2026-07-16T03:16:00,APP-00604>evaluacion,synthetic,SYN-022292
PEV-04432,VAC-0076,ORG-S1,evaluacion_programada,2026-07-16T03:16:00,SES-01074,synthetic,SYN-022293
PEV-04433,VAC-0076,ORG-S1,evaluacion_realizada,2026-07-17T08:29:00,SES-01079,synthetic,SYN-022294
PEV-04434,VAC-0076,ORG-S1,cambio_etapa,2026-07-18T00:58:00,APP-00605>evaluacion,synthetic,SYN-022295
PEV-04435,VAC-0076,ORG-S1,evaluacion_programada,2026-07-18T00:58:00,SES-01076,synthetic,SYN-022296
PEV-04436,VAC-0076,ORG-S1,postulacion_recibida,2026-07-19T16:15:00,APP-00606,synthetic,SYN-022297
PEV-04437,VAC-0076,ORG-S1,cambio_etapa,2026-07-19T16:15:00,APP-00606>recibida,synthetic,SYN-022298
PEV-04438,VAC-0076,ORG-S1,evaluacion_realizada,2026-07-20T02:22:00,SES-01082,synthetic,SYN-022299
PEV-04439,VAC-0076,ORG-S1,evaluacion_realizada,2026-07-22T04:00:00,SES-01080,synthetic,SYN-022300
PEV-04440,VAC-0076,ORG-S1,cambio_etapa,2026-07-23T20:15:00,APP-00606>evaluacion,synthetic,SYN-022301
PEV-04441,VAC-0076,ORG-S1,evaluacion_programada,2026-07-23T20:15:00,SES-01077,synthetic,SYN-022302
PEV-04442,VAC-0076,ORG-S1,evaluacion_realizada,2026-07-26T04:16:00,SES-01074,synthetic,SYN-022303
PEV-04443,VAC-0076,ORG-S1,cambio_etapa,2026-07-26T14:00:00,APP-00604>entrevista,synthetic,SYN-022304
PEV-04444,VAC-0076,ORG-S1,entrevista_programada,2026-07-26T14:00:00,SES-01075,synthetic,SYN-022305
PEV-04445,VAC-0076,ORG-S1,cambio_etapa,2026-07-26T17:00:00,APP-00608>entrevista,synthetic,SYN-022306
PEV-04446,VAC-0076,ORG-S1,entrevista_programada,2026-07-26T17:00:00,SES-01081,synthetic,SYN-022307
PEV-04447,VAC-0076,ORG-S1,evaluacion_realizada,2026-07-27T00:56:00,SES-01072,synthetic,SYN-022308
PEV-04448,VAC-0076,ORG-S1,cambio_etapa,2026-07-27T13:00:00,APP-00603>entrevista,synthetic,SYN-022309
PEV-04449,VAC-0076,ORG-S1,entrevista_programada,2026-07-27T13:00:00,SES-01073,synthetic,SYN-022310
PEV-04450,VAC-0076,ORG-S1,cambio_etapa,2026-07-27T17:00:00,APP-00606>entrevista,synthetic,SYN-022311
PEV-04451,VAC-0076,ORG-S1,entrevista_programada,2026-07-27T17:00:00,SES-01078,synthetic,SYN-022312
PEV-04452,VAC-0076,ORG-S1,cambio_etapa,2026-07-28T11:00:00,APP-00609>entrevista,synthetic,SYN-022313
PEV-04453,VAC-0076,ORG-S1,entrevista_programada,2026-07-28T11:00:00,SES-01083,synthetic,SYN-022314
PEV-04454,VAC-0076,ORG-S1,evaluacion_realizada,2026-07-29T05:58:00,SES-01076,synthetic,SYN-022315
PEV-04455,VAC-0076,ORG-S1,entrevista_realizada,2026-07-31T20:00:00,SES-01075,synthetic,SYN-022316
PEV-04456,VAC-0076,ORG-S1,entrevista_realizada,2026-08-02T22:00:00,SES-01078,synthetic,SYN-022317
PEV-04457,VAC-0076,ORG-S1,evaluacion_realizada,2026-08-06T03:15:00,SES-01077,synthetic,SYN-022318
PEV-04458,VAC-0076,ORG-S1,entrevista_realizada,2026-08-07T21:00:00,SES-01081,synthetic,SYN-022319
PEV-04459,VAC-0076,ORG-S1,entrevista_realizada,2026-08-08T00:00:00,SES-01073,synthetic,SYN-022320
PEV-04460,VAC-0076,ORG-S1,vacante_cerrada,2026-08-12T03:00:00,,synthetic,SYN-022321
PEV-04461,VAC-0077,ORG-S2,vacante_publicada,2026-08-04T12:19:00,,synthetic,SYN-022322
PEV-04462,VAC-0077,ORG-S2,postulacion_recibida,2026-08-12T11:56:00,APP-00610,synthetic,SYN-022323
PEV-04463,VAC-0077,ORG-S2,cambio_etapa,2026-08-12T11:56:00,APP-00610>recibida,synthetic,SYN-022324
PEV-04464,VAC-0077,ORG-S2,cambio_etapa,2026-08-13T17:56:00,APP-00610>evaluacion,synthetic,SYN-022325
PEV-04465,VAC-0077,ORG-S2,evaluacion_programada,2026-08-13T17:56:00,SES-01084,synthetic,SYN-022326
PEV-04466,VAC-0077,ORG-S2,postulacion_recibida,2026-08-13T23:07:00,APP-00611,synthetic,SYN-022327
PEV-04467,VAC-0077,ORG-S2,cambio_etapa,2026-08-13T23:07:00,APP-00611>recibida,synthetic,SYN-022328
PEV-04468,VAC-0077,ORG-S2,cambio_etapa,2026-08-15T03:07:00,APP-00611>evaluacion,synthetic,SYN-022329
PEV-04469,VAC-0077,ORG-S2,evaluacion_programada,2026-08-15T03:07:00,SES-01086,synthetic,SYN-022330
PEV-04470,VAC-0077,ORG-S2,evaluacion_programada,2026-08-17T23:07:00,SES-01087,synthetic,SYN-022331
PEV-04471,VAC-0077,ORG-S2,evaluacion_realizada,2026-08-22T01:00:00,SES-01086,synthetic,SYN-022332
PEV-04472,VAC-0077,ORG-S2,cambio_etapa,2026-08-22T13:00:00,APP-00611>entrevista,synthetic,SYN-022333
PEV-04473,VAC-0077,ORG-S2,entrevista_programada,2026-08-22T13:00:00,SES-01088,synthetic,SYN-022334
PEV-04474,VAC-0077,ORG-S2,evaluacion_realizada,2026-08-25T00:56:00,SES-01084,synthetic,SYN-022335
PEV-04475,VAC-0077,ORG-S2,evaluacion_realizada,2026-08-25T07:07:00,SES-01087,synthetic,SYN-022336
PEV-04476,VAC-0077,ORG-S2,cambio_etapa,2026-08-28T17:00:00,APP-00610>entrevista,synthetic,SYN-022337
PEV-04477,VAC-0077,ORG-S2,entrevista_programada,2026-08-28T17:00:00,SES-01085,synthetic,SYN-022338
PEV-04478,VAC-0077,ORG-S2,entrevista_realizada,2026-09-10T23:00:00,SES-01085,synthetic,SYN-022339
PEV-04479,VAC-0077,ORG-S2,vacante_cerrada,2026-09-17T01:00:00,,synthetic,SYN-022340
PEV-04480,VAC-0078,ORG-S3,vacante_publicada,2026-08-04T10:11:00,,synthetic,SYN-022341
PEV-04481,VAC-0078,ORG-S3,postulacion_recibida,2026-08-07T12:43:00,APP-00613,synthetic,SYN-022342
PEV-04482,VAC-0078,ORG-S3,cambio_etapa,2026-08-07T12:43:00,APP-00613>recibida,synthetic,SYN-022343
PEV-04483,VAC-0078,ORG-S3,postulacion_recibida,2026-08-09T20:02:00,APP-00612,synthetic,SYN-022344
PEV-04484,VAC-0078,ORG-S3,cambio_etapa,2026-08-09T20:02:00,APP-00612>recibida,synthetic,SYN-022345
PEV-04485,VAC-0078,ORG-S3,cambio_etapa,2026-08-10T18:43:00,APP-00613>evaluacion,synthetic,SYN-022346
PEV-04486,VAC-0078,ORG-S3,evaluacion_programada,2026-08-10T18:43:00,SES-01091,synthetic,SYN-022347
PEV-04487,VAC-0078,ORG-S3,cambio_etapa,2026-08-10T20:02:00,APP-00612>evaluacion,synthetic,SYN-022348
PEV-04488,VAC-0078,ORG-S3,evaluacion_programada,2026-08-10T20:02:00,SES-01089,synthetic,SYN-022349
PEV-04489,VAC-0078,ORG-S3,evaluacion_realizada,2026-08-17T21:43:00,SES-01091,synthetic,SYN-022350
PEV-04490,VAC-0078,ORG-S3,postulacion_recibida,2026-08-22T08:49:00,APP-00614,synthetic,SYN-022351
PEV-04491,VAC-0078,ORG-S3,cambio_etapa,2026-08-22T08:49:00,APP-00614>recibida,synthetic,SYN-022352
PEV-04492,VAC-0078,ORG-S3,cambio_etapa,2026-08-24T16:00:00,APP-00613>entrevista,synthetic,SYN-022353
PEV-04493,VAC-0078,ORG-S3,entrevista_programada,2026-08-24T16:00:00,SES-01092,synthetic,SYN-022354
PEV-04494,VAC-0078,ORG-S3,cambio_etapa,2026-08-25T17:00:00,APP-00612>entrevista,synthetic,SYN-022355
PEV-04495,VAC-0078,ORG-S3,entrevista_programada,2026-08-25T17:00:00,SES-01090,synthetic,SYN-022356
PEV-04496,VAC-0078,ORG-S3,evaluacion_realizada,2026-08-26T04:02:00,SES-01089,synthetic,SYN-022357
PEV-04497,VAC-0078,ORG-S3,cambio_etapa,2026-08-27T13:49:00,APP-00614>descartada,synthetic,SYN-022358
PEV-04498,VAC-0078,ORG-S3,entrevista_realizada,2026-09-04T19:00:00,SES-01092,synthetic,SYN-022359
PEV-04499,VAC-0078,ORG-S3,vacante_cerrada,2026-09-13T21:00:00,,synthetic,SYN-022360
PEV-04500,VAC-0079,ORG-S1,vacante_publicada,2026-01-18T09:25:00,,synthetic,SYN-022361
PEV-04501,VAC-0079,ORG-S1,postulacion_recibida,2026-01-18T13:36:00,APP-00617,synthetic,SYN-022362
PEV-04502,VAC-0079,ORG-S1,cambio_etapa,2026-01-18T13:36:00,APP-00617>recibida,synthetic,SYN-022363
PEV-04503,VAC-0079,ORG-S1,postulacion_recibida,2026-01-19T04:07:00,APP-00616,synthetic,SYN-022364
PEV-04504,VAC-0079,ORG-S1,cambio_etapa,2026-01-19T04:07:00,APP-00616>recibida,synthetic,SYN-022365
PEV-04505,VAC-0079,ORG-S1,postulacion_recibida,2026-01-20T23:42:00,APP-00624,synthetic,SYN-022366
PEV-04506,VAC-0079,ORG-S1,cambio_etapa,2026-01-20T23:42:00,APP-00624>recibida,synthetic,SYN-022367
PEV-04507,VAC-0079,ORG-S1,cambio_etapa,2026-01-21T06:07:00,APP-00616>evaluacion,synthetic,SYN-022368
PEV-04508,VAC-0079,ORG-S1,evaluacion_programada,2026-01-21T06:07:00,SES-01095,synthetic,SYN-022369
PEV-04509,VAC-0079,ORG-S1,postulacion_recibida,2026-01-22T10:38:00,APP-00619,synthetic,SYN-022370
PEV-04510,VAC-0079,ORG-S1,cambio_etapa,2026-01-22T10:38:00,APP-00619>recibida,synthetic,SYN-022371
PEV-04511,VAC-0079,ORG-S1,postulacion_recibida,2026-01-22T19:31:00,APP-00623,synthetic,SYN-022372
PEV-04512,VAC-0079,ORG-S1,cambio_etapa,2026-01-22T19:31:00,APP-00623>recibida,synthetic,SYN-022373
PEV-04513,VAC-0079,ORG-S1,cambio_etapa,2026-01-23T17:36:00,APP-00617>evaluacion,synthetic,SYN-022374
PEV-04514,VAC-0079,ORG-S1,evaluacion_programada,2026-01-23T17:36:00,SES-01096,synthetic,SYN-022375
PEV-04515,VAC-0079,ORG-S1,cambio_etapa,2026-01-24T18:38:00,APP-00619>evaluacion,synthetic,SYN-022376
PEV-04516,VAC-0079,ORG-S1,evaluacion_programada,2026-01-24T18:38:00,SES-01100,synthetic,SYN-022377
PEV-04517,VAC-0079,ORG-S1,cambio_etapa,2026-01-24T22:31:00,APP-00623>evaluacion,synthetic,SYN-022378
PEV-04518,VAC-0079,ORG-S1,evaluacion_programada,2026-01-24T22:31:00,SES-01106,synthetic,SYN-022379
PEV-04519,VAC-0079,ORG-S1,cambio_etapa,2026-01-25T01:42:00,APP-00624>evaluacion,synthetic,SYN-022380
PEV-04520,VAC-0079,ORG-S1,evaluacion_programada,2026-01-25T01:42:00,SES-01107,synthetic,SYN-022381
PEV-04521,VAC-0079,ORG-S1,evaluacion_realizada,2026-01-25T07:07:00,SES-01095,synthetic,SYN-022382
PEV-04522,VAC-0079,ORG-S1,postulacion_recibida,2026-01-25T18:02:00,APP-00621,synthetic,SYN-022383
PEV-04523,VAC-0079,ORG-S1,cambio_etapa,2026-01-25T18:02:00,APP-00621>recibida,synthetic,SYN-022384
PEV-04524,VAC-0079,ORG-S1,cambio_etapa,2026-01-28T02:02:00,APP-00621>evaluacion,synthetic,SYN-022385
PEV-04525,VAC-0079,ORG-S1,evaluacion_programada,2026-01-28T02:02:00,SES-01103,synthetic,SYN-022386
PEV-04526,VAC-0079,ORG-S1,postulacion_recibida,2026-01-29T20:06:00,APP-00622,synthetic,SYN-022387
PEV-04527,VAC-0079,ORG-S1,cambio_etapa,2026-01-29T20:06:00,APP-00622>recibida,synthetic,SYN-022388
PEV-04528,VAC-0079,ORG-S1,postulacion_recibida,2026-01-30T15:21:00,APP-00618,synthetic,SYN-022389
PEV-04529,VAC-0079,ORG-S1,cambio_etapa,2026-01-30T15:21:00,APP-00618>recibida,synthetic,SYN-022390
PEV-04530,VAC-0079,ORG-S1,evaluacion_realizada,2026-01-30T19:38:00,SES-01100,synthetic,SYN-022391
PEV-04531,VAC-0079,ORG-S1,evaluacion_realizada,2026-01-31T04:31:00,SES-01106,synthetic,SYN-022392
PEV-04532,VAC-0079,ORG-S1,postulacion_recibida,2026-01-31T10:54:00,APP-00620,synthetic,SYN-022393
PEV-04533,VAC-0079,ORG-S1,cambio_etapa,2026-01-31T10:54:00,APP-00620>recibida,synthetic,SYN-022394
PEV-04534,VAC-0079,ORG-S1,cambio_etapa,2026-02-01T10:54:00,APP-00620>evaluacion,synthetic,SYN-022395
PEV-04535,VAC-0079,ORG-S1,evaluacion_programada,2026-02-01T10:54:00,SES-01102,synthetic,SYN-022396
PEV-04536,VAC-0079,ORG-S1,postulacion_recibida,2026-02-02T07:54:00,APP-00615,synthetic,SYN-022397
PEV-04537,VAC-0079,ORG-S1,cambio_etapa,2026-02-02T07:54:00,APP-00615>recibida,synthetic,SYN-022398
PEV-04538,VAC-0079,ORG-S1,cambio_etapa,2026-02-02T17:21:00,APP-00618>evaluacion,synthetic,SYN-022399
PEV-04539,VAC-0079,ORG-S1,evaluacion_programada,2026-02-02T17:21:00,SES-01098,synthetic,SYN-022400
PEV-04540,VAC-0079,ORG-S1,cambio_etapa,2026-02-04T00:06:00,APP-00622>evaluacion,synthetic,SYN-022401
PEV-04541,VAC-0079,ORG-S1,evaluacion_programada,2026-02-04T00:06:00,SES-01105,synthetic,SYN-022402
PEV-04542,VAC-0079,ORG-S1,evaluacion_realizada,2026-02-04T00:36:00,SES-01096,synthetic,SYN-022403
PEV-04543,VAC-0079,ORG-S1,cambio_etapa,2026-02-04T12:00:00,APP-00619>entrevista,synthetic,SYN-022404
PEV-04544,VAC-0079,ORG-S1,entrevista_programada,2026-02-04T12:00:00,SES-01101,synthetic,SYN-022405
PEV-04545,VAC-0079,ORG-S1,cambio_etapa,2026-02-04T14:00:00,APP-00621>entrevista,synthetic,SYN-022406
PEV-04546,VAC-0079,ORG-S1,entrevista_programada,2026-02-04T14:00:00,SES-01104,synthetic,SYN-022407
PEV-04547,VAC-0079,ORG-S1,cambio_etapa,2026-02-04T15:00:00,APP-00624>entrevista,synthetic,SYN-022408
PEV-04548,VAC-0079,ORG-S1,entrevista_programada,2026-02-04T15:00:00,SES-01108,synthetic,SYN-022409
PEV-04549,VAC-0079,ORG-S1,evaluacion_programada,2026-02-05T13:54:00,SES-01094,synthetic,SYN-022410
PEV-04550,VAC-0079,ORG-S1,cambio_etapa,2026-02-06T08:54:00,APP-00615>evaluacion,synthetic,SYN-022411
PEV-04551,VAC-0079,ORG-S1,evaluacion_programada,2026-02-06T08:54:00,SES-01093,synthetic,SYN-022412
PEV-04552,VAC-0079,ORG-S1,evaluacion_realizada,2026-02-06T09:42:00,SES-01107,synthetic,SYN-022413
PEV-04553,VAC-0079,ORG-S1,cambio_etapa,2026-02-09T10:00:00,APP-00618>entrevista,synthetic,SYN-022414
PEV-04554,VAC-0079,ORG-S1,entrevista_programada,2026-02-09T10:00:00,SES-01099,synthetic,SYN-022415
PEV-04555,VAC-0079,ORG-S1,cambio_etapa,2026-02-09T13:00:00,APP-00617>entrevista,synthetic,SYN-022416
PEV-04556,VAC-0079,ORG-S1,entrevista_programada,2026-02-09T13:00:00,SES-01097,synthetic,SYN-022417
PEV-04557,VAC-0079,ORG-S1,evaluacion_realizada,2026-02-11T06:06:00,SES-01105,synthetic,SYN-022418
PEV-04558,VAC-0079,ORG-S1,entrevista_realizada,2026-02-11T15:00:00,SES-01099,synthetic,SYN-022419
PEV-04559,VAC-0079,ORG-S1,evaluacion_realizada,2026-02-11T23:21:00,SES-01098,synthetic,SYN-022420
PEV-04560,VAC-0079,ORG-S1,evaluacion_realizada,2026-02-13T05:02:00,SES-01103,synthetic,SYN-022421
PEV-04561,VAC-0079,ORG-S1,evaluacion_realizada,2026-02-13T16:54:00,SES-01102,synthetic,SYN-022422
PEV-04562,VAC-0079,ORG-S1,evaluacion_realizada,2026-02-14T18:54:00,SES-01093,synthetic,SYN-022423
PEV-04563,VAC-0079,ORG-S1,evaluacion_realizada,2026-02-16T17:54:00,SES-01094,synthetic,SYN-022424
PEV-04564,VAC-0079,ORG-S1,entrevista_realizada,2026-02-18T20:00:00,SES-01108,synthetic,SYN-022425
PEV-04565,VAC-0079,ORG-S1,entrevista_realizada,2026-02-19T19:00:00,SES-01101,synthetic,SYN-022426
PEV-04566,VAC-0079,ORG-S1,vacante_cerrada,2026-02-23T03:00:00,,synthetic,SYN-022427
PEV-04567,VAC-0080,ORG-S2,vacante_publicada,2026-02-17T11:52:00,,synthetic,SYN-022428
PEV-04568,VAC-0080,ORG-S2,postulacion_recibida,2026-02-19T10:11:00,APP-00626,synthetic,SYN-022429
PEV-04569,VAC-0080,ORG-S2,cambio_etapa,2026-02-19T10:11:00,APP-00626>recibida,synthetic,SYN-022430
PEV-04570,VAC-0080,ORG-S2,cambio_etapa,2026-02-24T18:11:00,APP-00626>evaluacion,synthetic,SYN-022431
PEV-04571,VAC-0080,ORG-S2,evaluacion_programada,2026-02-24T18:11:00,SES-01112,synthetic,SYN-022432
PEV-04572,VAC-0080,ORG-S2,postulacion_recibida,2026-03-04T17:16:00,APP-00629,synthetic,SYN-022433
PEV-04573,VAC-0080,ORG-S2,cambio_etapa,2026-03-04T17:16:00,APP-00629>recibida,synthetic,SYN-022434
PEV-04574,VAC-0080,ORG-S2,postulacion_recibida,2026-03-04T17:24:00,APP-00625,synthetic,SYN-022435
PEV-04575,VAC-0080,ORG-S2,cambio_etapa,2026-03-04T17:24:00,APP-00625>recibida,synthetic,SYN-022436
PEV-04576,VAC-0080,ORG-S2,evaluacion_programada,2026-03-05T21:24:00,SES-01110,synthetic,SYN-022437
PEV-04577,VAC-0080,ORG-S2,cambio_etapa,2026-03-06T18:16:00,APP-00629>evaluacion,synthetic,SYN-022438
PEV-04578,VAC-0080,ORG-S2,evaluacion_programada,2026-03-06T18:16:00,SES-01117,synthetic,SYN-022439
PEV-04579,VAC-0080,ORG-S2,postulacion_recibida,2026-03-07T05:50:00,APP-00628,synthetic,SYN-022440
PEV-04580,VAC-0080,ORG-S2,cambio_etapa,2026-03-07T05:50:00,APP-00628>recibida,synthetic,SYN-022441
PEV-04581,VAC-0080,ORG-S2,evaluacion_realizada,2026-03-07T22:11:00,SES-01112,synthetic,SYN-022442
PEV-04582,VAC-0080,ORG-S2,postulacion_recibida,2026-03-08T04:33:00,APP-00627,synthetic,SYN-022443
PEV-04583,VAC-0080,ORG-S2,cambio_etapa,2026-03-08T04:33:00,APP-00627>recibida,synthetic,SYN-022444
PEV-04584,VAC-0080,ORG-S2,cambio_etapa,2026-03-09T23:24:00,APP-00625>evaluacion,synthetic,SYN-022445
PEV-04585,VAC-0080,ORG-S2,evaluacion_programada,2026-03-09T23:24:00,SES-01109,synthetic,SYN-022446
PEV-04586,VAC-0080,ORG-S2,cambio_etapa,2026-03-10T08:33:00,APP-00627>evaluacion,synthetic,SYN-022447
PEV-04587,VAC-0080,ORG-S2,evaluacion_programada,2026-03-10T08:33:00,SES-01114,synthetic,SYN-022448
PEV-04588,VAC-0080,ORG-S2,cambio_etapa,2026-03-11T08:50:00,APP-00628>evaluacion,synthetic,SYN-022449
PEV-04589,VAC-0080,ORG-S2,evaluacion_programada,2026-03-11T08:50:00,SES-01116,synthetic,SYN-022450
PEV-04590,VAC-0080,ORG-S2,cambio_etapa,2026-03-11T09:00:00,APP-00625>entrevista,synthetic,SYN-022451
PEV-04591,VAC-0080,ORG-S2,entrevista_programada,2026-03-11T09:00:00,SES-01111,synthetic,SYN-022452
PEV-04592,VAC-0080,ORG-S2,cambio_etapa,2026-03-11T12:00:00,APP-00627>entrevista,synthetic,SYN-022453
PEV-04593,VAC-0080,ORG-S2,entrevista_programada,2026-03-11T12:00:00,SES-01115,synthetic,SYN-022454
PEV-04594,VAC-0080,ORG-S2,cambio_etapa,2026-03-12T10:00:00,APP-00629>entrevista,synthetic,SYN-022455
PEV-04595,VAC-0080,ORG-S2,entrevista_programada,2026-03-12T10:00:00,SES-01118,synthetic,SYN-022456
PEV-04596,VAC-0080,ORG-S2,cambio_etapa,2026-03-13T15:00:00,APP-00626>entrevista,synthetic,SYN-022457
PEV-04597,VAC-0080,ORG-S2,entrevista_programada,2026-03-13T15:00:00,SES-01113,synthetic,SYN-022458
PEV-04598,VAC-0080,ORG-S2,evaluacion_realizada,2026-03-14T20:16:00,SES-01117,synthetic,SYN-022459
PEV-04599,VAC-0080,ORG-S2,evaluacion_realizada,2026-03-17T17:50:00,SES-01116,synthetic,SYN-022460
PEV-04600,VAC-0080,ORG-S2,evaluacion_realizada,2026-03-18T19:33:00,SES-01114,synthetic,SYN-022461
PEV-04601,VAC-0080,ORG-S2,evaluacion_realizada,2026-03-19T07:24:00,SES-01110,synthetic,SYN-022462
PEV-04602,VAC-0080,ORG-S2,entrevista_realizada,2026-03-19T13:00:00,SES-01111,synthetic,SYN-022463
PEV-04603,VAC-0080,ORG-S2,entrevista_realizada,2026-03-19T21:00:00,SES-01115,synthetic,SYN-022464
PEV-04604,VAC-0080,ORG-S2,evaluacion_realizada,2026-03-21T07:24:00,SES-01109,synthetic,SYN-022465
PEV-04605,VAC-0080,ORG-S2,entrevista_realizada,2026-03-22T16:00:00,SES-01118,synthetic,SYN-022466
PEV-04606,VAC-0080,ORG-S2,entrevista_realizada,2026-03-22T18:00:00,SES-01113,synthetic,SYN-022467
PEV-04607,VAC-0080,ORG-S2,vacante_cerrada,2026-04-04T02:00:00,,synthetic,SYN-022468
PEV-04608,VAC-0081,ORG-S3,vacante_publicada,2026-07-31T15:36:00,,synthetic,SYN-022469
PEV-04609,VAC-0081,ORG-S3,postulacion_recibida,2026-08-11T21:54:00,APP-00630,synthetic,SYN-022470
PEV-04610,VAC-0081,ORG-S3,cambio_etapa,2026-08-11T21:54:00,APP-00630>recibida,synthetic,SYN-022471
PEV-04611,VAC-0081,ORG-S3,postulacion_recibida,2026-08-12T12:58:00,APP-00631,synthetic,SYN-022472
PEV-04612,VAC-0081,ORG-S3,cambio_etapa,2026-08-12T12:58:00,APP-00631>recibida,synthetic,SYN-022473
PEV-04613,VAC-0081,ORG-S3,cambio_etapa,2026-08-14T04:54:00,APP-00630>evaluacion,synthetic,SYN-022474
PEV-04614,VAC-0081,ORG-S3,evaluacion_programada,2026-08-14T04:54:00,SES-01119,synthetic,SYN-022475
PEV-04615,VAC-0081,ORG-S3,cambio_etapa,2026-08-16T09:00:00,APP-00630>entrevista,synthetic,SYN-022476
PEV-04616,VAC-0081,ORG-S3,entrevista_programada,2026-08-16T09:00:00,SES-01121,synthetic,SYN-022477
PEV-04617,VAC-0081,ORG-S3,cambio_etapa,2026-08-16T19:58:00,APP-00631>evaluacion,synthetic,SYN-022478
PEV-04618,VAC-0081,ORG-S3,evaluacion_programada,2026-08-16T19:58:00,SES-01122,synthetic,SYN-022479
PEV-04619,VAC-0081,ORG-S3,evaluacion_programada,2026-08-16T22:54:00,SES-01120,synthetic,SYN-022480
PEV-04620,VAC-0081,ORG-S3,cambio_etapa,2026-08-17T15:00:00,APP-00631>entrevista,synthetic,SYN-022481
PEV-04621,VAC-0081,ORG-S3,entrevista_programada,2026-08-17T15:00:00,SES-01123,synthetic,SYN-022482
PEV-04622,VAC-0081,ORG-S3,evaluacion_realizada,2026-08-24T05:54:00,SES-01119,synthetic,SYN-022483
PEV-04623,VAC-0081,ORG-S3,entrevista_realizada,2026-08-24T12:00:00,SES-01121,synthetic,SYN-022484
PEV-04624,VAC-0081,ORG-S3,evaluacion_realizada,2026-08-26T03:54:00,SES-01120,synthetic,SYN-022485
PEV-04625,VAC-0081,ORG-S3,entrevista_realizada,2026-08-30T16:00:00,SES-01123,synthetic,SYN-022486
PEV-04626,VAC-0081,ORG-S3,evaluacion_realizada,2026-09-01T00:58:00,SES-01122,synthetic,SYN-022487
PEV-04627,VAC-0081,ORG-S3,vacante_cerrada,2026-09-06T06:58:00,,synthetic,SYN-022488
PEV-04628,VAC-0082,ORG-S1,vacante_publicada,2026-05-28T17:03:00,,synthetic,SYN-022489
PEV-04629,VAC-0082,ORG-S1,postulacion_recibida,2026-06-01T07:08:00,APP-00633,synthetic,SYN-022490
PEV-04630,VAC-0082,ORG-S1,cambio_etapa,2026-06-01T07:08:00,APP-00633>recibida,synthetic,SYN-022491
PEV-04631,VAC-0082,ORG-S1,postulacion_recibida,2026-06-01T20:04:00,APP-00632,synthetic,SYN-022492
PEV-04632,VAC-0082,ORG-S1,cambio_etapa,2026-06-01T20:04:00,APP-00632>recibida,synthetic,SYN-022493
PEV-04633,VAC-0082,ORG-S1,cambio_etapa,2026-06-02T12:08:00,APP-00633>evaluacion,synthetic,SYN-022494
PEV-04634,VAC-0082,ORG-S1,evaluacion_programada,2026-06-02T12:08:00,SES-01126,synthetic,SYN-022495
PEV-04635,VAC-0082,ORG-S1,cambio_etapa,2026-06-05T00:04:00,APP-00632>evaluacion,synthetic,SYN-022496
PEV-04636,VAC-0082,ORG-S1,evaluacion_programada,2026-06-05T00:04:00,SES-01124,synthetic,SYN-022497
PEV-04637,VAC-0082,ORG-S1,postulacion_recibida,2026-06-11T19:12:00,APP-00634,synthetic,SYN-022498
PEV-04638,VAC-0082,ORG-S1,cambio_etapa,2026-06-11T19:12:00,APP-00634>recibida,synthetic,SYN-022499
PEV-04639,VAC-0082,ORG-S1,postulacion_recibida,2026-06-12T08:13:00,APP-00636,synthetic,SYN-022500
PEV-04640,VAC-0082,ORG-S1,cambio_etapa,2026-06-12T08:13:00,APP-00636>recibida,synthetic,SYN-022501
PEV-04641,VAC-0082,ORG-S1,postulacion_recibida,2026-06-15T03:31:00,APP-00635,synthetic,SYN-022502
PEV-04642,VAC-0082,ORG-S1,cambio_etapa,2026-06-15T03:31:00,APP-00635>recibida,synthetic,SYN-022503
PEV-04643,VAC-0082,ORG-S1,evaluacion_realizada,2026-06-15T15:08:00,SES-01126,synthetic,SYN-022504
PEV-04644,VAC-0082,ORG-S1,cambio_etapa,2026-06-16T19:12:00,APP-00634>evaluacion,synthetic,SYN-022505
PEV-04645,VAC-0082,ORG-S1,evaluacion_programada,2026-06-16T19:12:00,SES-01128,synthetic,SYN-022506
PEV-04646,VAC-0082,ORG-S1,cambio_etapa,2026-06-17T13:13:00,APP-00636>evaluacion,synthetic,SYN-022507
PEV-04647,VAC-0082,ORG-S1,evaluacion_programada,2026-06-17T13:13:00,SES-01132,synthetic,SYN-022508
PEV-04648,VAC-0082,ORG-S1,cambio_etapa,2026-06-18T10:31:00,APP-00635>evaluacion,synthetic,SYN-022509
PEV-04649,VAC-0082,ORG-S1,evaluacion_programada,2026-06-18T10:31:00,SES-01130,synthetic,SYN-022510
PEV-04650,VAC-0082,ORG-S1,cambio_etapa,2026-06-18T12:00:00,APP-00634>entrevista,synthetic,SYN-022511
PEV-04651,VAC-0082,ORG-S1,entrevista_programada,2026-06-18T12:00:00,SES-01129,synthetic,SYN-022512
PEV-04652,VAC-0082,ORG-S1,cambio_etapa,2026-06-18T17:00:00,APP-00636>entrevista,synthetic,SYN-022513
PEV-04653,VAC-0082,ORG-S1,entrevista_programada,2026-06-18T17:00:00,SES-01133,synthetic,SYN-022514
PEV-04654,VAC-0082,ORG-S1,evaluacion_realizada,2026-06-19T04:04:00,SES-01124,synthetic,SYN-022515
PEV-04655,VAC-0082,ORG-S1,cambio_etapa,2026-06-20T17:00:00,APP-00632>entrevista,synthetic,SYN-022516
PEV-04656,VAC-0082,ORG-S1,entrevista_programada,2026-06-20T17:00:00,SES-01125,synthetic,SYN-022517
PEV-04657,VAC-0082,ORG-S1,cambio_etapa,2026-06-21T16:00:00,APP-00633>entrevista,synthetic,SYN-022518
PEV-04658,VAC-0082,ORG-S1,entrevista_programada,2026-06-21T16:00:00,SES-01127,synthetic,SYN-022519
PEV-04659,VAC-0082,ORG-S1,evaluacion_realizada,2026-06-24T00:12:00,SES-01128,synthetic,SYN-022520
PEV-04660,VAC-0082,ORG-S1,cambio_etapa,2026-06-24T13:00:00,APP-00635>entrevista,synthetic,SYN-022521
PEV-04661,VAC-0082,ORG-S1,entrevista_programada,2026-06-24T13:00:00,SES-01131,synthetic,SYN-022522
PEV-04662,VAC-0082,ORG-S1,entrevista_realizada,2026-06-24T17:00:00,SES-01129,synthetic,SYN-022523
PEV-04663,VAC-0082,ORG-S1,evaluacion_realizada,2026-06-29T12:31:00,SES-01130,synthetic,SYN-022524
PEV-04664,VAC-0082,ORG-S1,entrevista_realizada,2026-07-04T00:00:00,SES-01125,synthetic,SYN-022525
PEV-04665,VAC-0082,ORG-S1,entrevista_realizada,2026-07-06T23:00:00,SES-01127,synthetic,SYN-022526
PEV-04666,VAC-0082,ORG-S1,vacante_cerrada,2026-07-20T06:00:00,,synthetic,SYN-022527
PEV-04667,VAC-0083,ORG-S2,vacante_publicada,2026-03-11T00:00:00,,synthetic,SYN-022528
PEV-04668,VAC-0083,ORG-S2,postulacion_recibida,2026-03-12T13:16:00,APP-00649,synthetic,SYN-022529
PEV-04669,VAC-0083,ORG-S2,cambio_etapa,2026-03-12T13:16:00,APP-00649>recibida,synthetic,SYN-022530
PEV-04670,VAC-0083,ORG-S2,cambio_etapa,2026-03-13T20:16:00,APP-00649>evaluacion,synthetic,SYN-022531
PEV-04671,VAC-0083,ORG-S2,evaluacion_programada,2026-03-13T20:16:00,SES-01157,synthetic,SYN-022532
PEV-04672,VAC-0083,ORG-S2,postulacion_recibida,2026-03-17T01:17:00,APP-00643,synthetic,SYN-022533
PEV-04673,VAC-0083,ORG-S2,cambio_etapa,2026-03-17T01:17:00,APP-00643>recibida,synthetic,SYN-022534
PEV-04674,VAC-0083,ORG-S2,postulacion_recibida,2026-03-18T13:27:00,APP-00647,synthetic,SYN-022535
PEV-04675,VAC-0083,ORG-S2,cambio_etapa,2026-03-18T13:27:00,APP-00647>recibida,synthetic,SYN-022536
PEV-04676,VAC-0083,ORG-S2,postulacion_recibida,2026-03-19T02:53:00,APP-00641,synthetic,SYN-022537
PEV-04677,VAC-0083,ORG-S2,cambio_etapa,2026-03-19T02:53:00,APP-00641>recibida,synthetic,SYN-022538
PEV-04678,VAC-0083,ORG-S2,postulacion_recibida,2026-03-19T03:56:00,APP-00644,synthetic,SYN-022539
PEV-04679,VAC-0083,ORG-S2,cambio_etapa,2026-03-19T03:56:00,APP-00644>recibida,synthetic,SYN-022540
PEV-04680,VAC-0083,ORG-S2,cambio_etapa,2026-03-19T05:17:00,APP-00643>evaluacion,synthetic,SYN-022541
PEV-04681,VAC-0083,ORG-S2,evaluacion_programada,2026-03-19T05:17:00,SES-01147,synthetic,SYN-022542
PEV-04682,VAC-0083,ORG-S2,postulacion_recibida,2026-03-19T08:41:00,APP-00642,synthetic,SYN-022543
PEV-04683,VAC-0083,ORG-S2,cambio_etapa,2026-03-19T08:41:00,APP-00642>recibida,synthetic,SYN-022544
PEV-04684,VAC-0083,ORG-S2,cambio_etapa,2026-03-19T20:27:00,APP-00647>evaluacion,synthetic,SYN-022545
PEV-04685,VAC-0083,ORG-S2,evaluacion_programada,2026-03-19T20:27:00,SES-01153,synthetic,SYN-022546
PEV-04686,VAC-0083,ORG-S2,cambio_etapa,2026-03-20T07:53:00,APP-00641>evaluacion,synthetic,SYN-022547
PEV-04687,VAC-0083,ORG-S2,evaluacion_programada,2026-03-20T07:53:00,SES-01143,synthetic,SYN-022548
PEV-04688,VAC-0083,ORG-S2,evaluacion_realizada,2026-03-20T23:16:00,SES-01157,synthetic,SYN-022549
PEV-04689,VAC-0083,ORG-S2,postulacion_recibida,2026-03-21T09:46:00,APP-00645,synthetic,SYN-022550
PEV-04690,VAC-0083,ORG-S2,cambio_etapa,2026-03-21T09:46:00,APP-00645>recibida,synthetic,SYN-022551
PEV-04691,VAC-0083,ORG-S2,postulacion_recibida,2026-03-21T11:14:00,APP-00640,synthetic,SYN-022552
PEV-04692,VAC-0083,ORG-S2,cambio_etapa,2026-03-21T11:14:00,APP-00640>recibida,synthetic,SYN-022553
PEV-04693,VAC-0083,ORG-S2,cambio_etapa,2026-03-21T13:41:00,APP-00642>evaluacion,synthetic,SYN-022554
PEV-04694,VAC-0083,ORG-S2,evaluacion_programada,2026-03-21T13:41:00,SES-01145,synthetic,SYN-022555
PEV-04695,VAC-0083,ORG-S2,postulacion_recibida,2026-03-22T11:57:00,APP-00639,synthetic,SYN-022556
PEV-04696,VAC-0083,ORG-S2,cambio_etapa,2026-03-22T11:57:00,APP-00639>recibida,synthetic,SYN-022557
PEV-04697,VAC-0083,ORG-S2,postulacion_recibida,2026-03-22T20:05:00,APP-00648,synthetic,SYN-022558
PEV-04698,VAC-0083,ORG-S2,cambio_etapa,2026-03-22T20:05:00,APP-00648>recibida,synthetic,SYN-022559
PEV-04699,VAC-0083,ORG-S2,postulacion_recibida,2026-03-23T01:39:00,APP-00637,synthetic,SYN-022560
PEV-04700,VAC-0083,ORG-S2,cambio_etapa,2026-03-23T01:39:00,APP-00637>recibida,synthetic,SYN-022561
PEV-04701,VAC-0083,ORG-S2,cambio_etapa,2026-03-23T12:14:00,APP-00640>evaluacion,synthetic,SYN-022562
PEV-04702,VAC-0083,ORG-S2,evaluacion_programada,2026-03-23T12:14:00,SES-01142,synthetic,SYN-022563
PEV-04703,VAC-0083,ORG-S2,cambio_etapa,2026-03-23T15:46:00,APP-00645>evaluacion,synthetic,SYN-022564
PEV-04704,VAC-0083,ORG-S2,evaluacion_programada,2026-03-23T15:46:00,SES-01150,synthetic,SYN-022565
PEV-04705,VAC-0083,ORG-S2,cambio_etapa,2026-03-23T17:57:00,APP-00639>evaluacion,synthetic,SYN-022566
PEV-04706,VAC-0083,ORG-S2,evaluacion_programada,2026-03-23T17:57:00,SES-01140,synthetic,SYN-022567
PEV-04707,VAC-0083,ORG-S2,cambio_etapa,2026-03-24T07:39:00,APP-00637>evaluacion,synthetic,SYN-022568
PEV-04708,VAC-0083,ORG-S2,evaluacion_programada,2026-03-24T07:39:00,SES-01134,synthetic,SYN-022569
PEV-04709,VAC-0083,ORG-S2,cambio_etapa,2026-03-24T10:56:00,APP-00644>evaluacion,synthetic,SYN-022570
PEV-04710,VAC-0083,ORG-S2,evaluacion_programada,2026-03-24T10:56:00,SES-01149,synthetic,SYN-022571
PEV-04711,VAC-0083,ORG-S2,evaluacion_realizada,2026-03-24T23:27:00,SES-01153,synthetic,SYN-022572
PEV-04712,VAC-0083,ORG-S2,postulacion_recibida,2026-03-25T01:17:00,APP-00646,synthetic,SYN-022573
PEV-04713,VAC-0083,ORG-S2,cambio_etapa,2026-03-25T01:17:00,APP-00646>recibida,synthetic,SYN-022574
PEV-04714,VAC-0083,ORG-S2,evaluacion_programada,2026-03-25T09:46:00,SES-01151,synthetic,SYN-022575
PEV-04715,VAC-0083,ORG-S2,cambio_etapa,2026-03-26T04:05:00,APP-00648>evaluacion,synthetic,SYN-022576
PEV-04716,VAC-0083,ORG-S2,evaluacion_programada,2026-03-26T04:05:00,SES-01155,synthetic,SYN-022577
PEV-04717,VAC-0083,ORG-S2,evaluacion_programada,2026-03-26T09:39:00,SES-01135,synthetic,SYN-022578
PEV-04718,VAC-0083,ORG-S2,postulacion_recibida,2026-03-26T12:39:00,APP-00638,synthetic,SYN-022579
PEV-04719,VAC-0083,ORG-S2,cambio_etapa,2026-03-26T12:39:00,APP-00638>recibida,synthetic,SYN-022580
PEV-04720,VAC-0083,ORG-S2,postulacion_recibida,2026-03-26T19:46:00,APP-00650,synthetic,SYN-022581
PEV-04721,VAC-0083,ORG-S2,cambio_etapa,2026-03-26T19:46:00,APP-00650>recibida,synthetic,SYN-022582
PEV-04722,VAC-0083,ORG-S2,cambio_etapa,2026-03-27T00:00:00,APP-00646>evaluacion,synthetic,SYN-022583
PEV-04723,VAC-0083,ORG-S2,evaluacion_programada,2026-03-27T00:00:00,SES-01152,synthetic,SYN-022584
PEV-04724,VAC-0083,ORG-S2,cambio_etapa,2026-03-27T16:00:00,APP-00643>entrevista,synthetic,SYN-022585
PEV-04725,VAC-0083,ORG-S2,entrevista_programada,2026-03-27T16:00:00,SES-01148,synthetic,SYN-022586
PEV-04726,VAC-0083,ORG-S2,evaluacion_programada,2026-03-27T16:39:00,SES-01138,synthetic,SYN-022587
PEV-04727,VAC-0083,ORG-S2,evaluacion_realizada,2026-03-28T01:00:00,SES-01149,synthetic,SYN-022588
PEV-04728,VAC-0083,ORG-S2,cambio_etapa,2026-03-28T17:00:00,APP-00647>entrevista,synthetic,SYN-022589
PEV-04729,VAC-0083,ORG-S2,entrevista_programada,2026-03-28T17:00:00,SES-01154,synthetic,SYN-022590
PEV-04730,VAC-0083,ORG-S2,evaluacion_realizada,2026-03-29T09:17:00,SES-01147,synthetic,SYN-022591
PEV-04731,VAC-0083,ORG-S2,cambio_etapa,2026-03-29T15:00:00,APP-00648>entrevista,synthetic,SYN-022592
PEV-04732,VAC-0083,ORG-S2,entrevista_programada,2026-03-29T15:00:00,SES-01156,synthetic,SYN-022593
PEV-04733,VAC-0083,ORG-S2,cambio_etapa,2026-03-29T19:46:00,APP-00650>evaluacion,synthetic,SYN-022594
PEV-04734,VAC-0083,ORG-S2,evaluacion_programada,2026-03-29T19:46:00,SES-01159,synthetic,SYN-022595
PEV-04735,VAC-0083,ORG-S2,cambio_etapa,2026-03-30T13:00:00,APP-00637>entrevista,synthetic,SYN-022596
PEV-04736,VAC-0083,ORG-S2,entrevista_programada,2026-03-30T13:00:00,SES-01136,synthetic,SYN-022597
PEV-04737,VAC-0083,ORG-S2,cambio_etapa,2026-03-30T16:00:00,APP-00649>entrevista,synthetic,SYN-022598
PEV-04738,VAC-0083,ORG-S2,entrevista_programada,2026-03-30T16:00:00,SES-01158,synthetic,SYN-022599
PEV-04739,VAC-0083,ORG-S2,cambio_etapa,2026-03-30T16:39:00,APP-00638>evaluacion,synthetic,SYN-022600
PEV-04740,VAC-0083,ORG-S2,evaluacion_programada,2026-03-30T16:39:00,SES-01137,synthetic,SYN-022601
PEV-04741,VAC-0083,ORG-S2,evaluacion_realizada,2026-03-31T21:46:00,SES-01150,synthetic,SYN-022602
PEV-04742,VAC-0083,ORG-S2,evaluacion_realizada,2026-04-01T05:05:00,SES-01155,synthetic,SYN-022603
PEV-04743,VAC-0083,ORG-S2,cambio_etapa,2026-04-01T14:00:00,APP-00639>entrevista,synthetic,SYN-022604
PEV-04744,VAC-0083,ORG-S2,entrevista_programada,2026-04-01T14:00:00,SES-01141,synthetic,SYN-022605
PEV-04745,VAC-0083,ORG-S2,cambio_etapa,2026-04-01T15:00:00,APP-00642>entrevista,synthetic,SYN-022606
PEV-04746,VAC-0083,ORG-S2,entrevista_programada,2026-04-01T15:00:00,SES-01146,synthetic,SYN-022607
PEV-04747,VAC-0083,ORG-S2,cambio_etapa,2026-04-01T17:00:00,APP-00638>entrevista,synthetic,SYN-022608
PEV-04748,VAC-0083,ORG-S2,entrevista_programada,2026-04-01T17:00:00,SES-01139,synthetic,SYN-022609
PEV-04749,VAC-0083,ORG-S2,cambio_etapa,2026-04-02T09:00:00,APP-00641>entrevista,synthetic,SYN-022610
PEV-04750,VAC-0083,ORG-S2,entrevista_programada,2026-04-02T09:00:00,SES-01144,synthetic,SYN-022611
PEV-04751,VAC-0083,ORG-S2,entrevista_realizada,2026-04-02T19:00:00,SES-01158,synthetic,SYN-022612
PEV-04752,VAC-0083,ORG-S2,evaluacion_realizada,2026-04-02T20:41:00,SES-01145,synthetic,SYN-022613
PEV-04753,VAC-0083,ORG-S2,entrevista_realizada,2026-04-04T20:00:00,SES-01148,synthetic,SYN-022614
PEV-04754,VAC-0083,ORG-S2,evaluacion_realizada,2026-04-05T09:39:00,SES-01134,synthetic,SYN-022615
PEV-04755,VAC-0083,ORG-S2,evaluacion_realizada,2026-04-05T13:53:00,SES-01143,synthetic,SYN-022616
PEV-04756,VAC-0083,ORG-S2,evaluacion_realizada,2026-04-05T22:39:00,SES-01137,synthetic,SYN-022617
PEV-04757,VAC-0083,ORG-S2,evaluacion_realizada,2026-04-06T00:57:00,SES-01140,synthetic,SYN-022618
PEV-04758,VAC-0083,ORG-S2,evaluacion_realizada,2026-04-06T13:46:00,SES-01151,synthetic,SYN-022619
PEV-04759,VAC-0083,ORG-S2,entrevista_realizada,2026-04-07T20:00:00,SES-01146,synthetic,SYN-022620
PEV-04760,VAC-0083,ORG-S2,evaluacion_realizada,2026-04-07T21:14:00,SES-01142,synthetic,SYN-022621
PEV-04761,VAC-0083,ORG-S2,evaluacion_realizada,2026-04-08T05:00:00,SES-01152,synthetic,SYN-022622
PEV-04762,VAC-0083,ORG-S2,evaluacion_realizada,2026-04-09T14:39:00,SES-01135,synthetic,SYN-022623
PEV-04763,VAC-0083,ORG-S2,entrevista_realizada,2026-04-09T15:00:00,SES-01144,synthetic,SYN-022624
PEV-04764,VAC-0083,ORG-S2,entrevista_realizada,2026-04-09T16:00:00,SES-01141,synthetic,SYN-022625
PEV-04765,VAC-0083,ORG-S2,entrevista_realizada,2026-04-09T18:00:00,SES-01139,synthetic,SYN-022626
PEV-04766,VAC-0083,ORG-S2,evaluacion_realizada,2026-04-09T19:39:00,SES-01138,synthetic,SYN-022627
PEV-04767,VAC-0083,ORG-S2,evaluacion_realizada,2026-04-10T23:46:00,SES-01159,synthetic,SYN-022628
PEV-04768,VAC-0083,ORG-S2,entrevista_realizada,2026-04-15T17:00:00,SES-01156,synthetic,SYN-022629
PEV-04769,VAC-0083,ORG-S2,vacante_cerrada,2026-04-20T22:00:00,,synthetic,SYN-022630
PEV-04770,VAC-0084,ORG-S3,vacante_publicada,2026-05-31T17:38:00,,synthetic,SYN-022631
PEV-04771,VAC-0084,ORG-S3,postulacion_recibida,2026-06-02T02:41:00,APP-00656,synthetic,SYN-022632
PEV-04772,VAC-0084,ORG-S3,cambio_etapa,2026-06-02T02:41:00,APP-00656>recibida,synthetic,SYN-022633
PEV-04773,VAC-0084,ORG-S3,postulacion_recibida,2026-06-02T08:39:00,APP-00660,synthetic,SYN-022634
PEV-04774,VAC-0084,ORG-S3,cambio_etapa,2026-06-02T08:39:00,APP-00660>recibida,synthetic,SYN-022635
PEV-04775,VAC-0084,ORG-S3,cambio_etapa,2026-06-03T11:39:00,APP-00660>evaluacion,synthetic,SYN-022636
PEV-04776,VAC-0084,ORG-S3,evaluacion_programada,2026-06-03T11:39:00,SES-01172,synthetic,SYN-022637
PEV-04777,VAC-0084,ORG-S3,cambio_etapa,2026-06-05T07:41:00,APP-00656>descartada,synthetic,SYN-022638
PEV-04778,VAC-0084,ORG-S3,postulacion_recibida,2026-06-06T01:24:00,APP-00651,synthetic,SYN-022639
PEV-04779,VAC-0084,ORG-S3,cambio_etapa,2026-06-06T01:24:00,APP-00651>recibida,synthetic,SYN-022640
PEV-04780,VAC-0084,ORG-S3,postulacion_recibida,2026-06-07T09:21:00,APP-00658,synthetic,SYN-022641
PEV-04781,VAC-0084,ORG-S3,cambio_etapa,2026-06-07T09:21:00,APP-00658>recibida,synthetic,SYN-022642
PEV-04782,VAC-0084,ORG-S3,postulacion_recibida,2026-06-08T04:13:00,APP-00652,synthetic,SYN-022643
PEV-04783,VAC-0084,ORG-S3,cambio_etapa,2026-06-08T04:13:00,APP-00652>recibida,synthetic,SYN-022644
PEV-04784,VAC-0084,ORG-S3,postulacion_recibida,2026-06-09T00:37:00,APP-00654,synthetic,SYN-022645
PEV-04785,VAC-0084,ORG-S3,cambio_etapa,2026-06-09T00:37:00,APP-00654>recibida,synthetic,SYN-022646
PEV-04786,VAC-0084,ORG-S3,cambio_etapa,2026-06-09T04:24:00,APP-00651>evaluacion,synthetic,SYN-022647
PEV-04787,VAC-0084,ORG-S3,evaluacion_programada,2026-06-09T04:24:00,SES-01160,synthetic,SYN-022648
PEV-04788,VAC-0084,ORG-S3,cambio_etapa,2026-06-11T05:13:00,APP-00652>evaluacion,synthetic,SYN-022649
PEV-04789,VAC-0084,ORG-S3,evaluacion_programada,2026-06-11T05:13:00,SES-01162,synthetic,SYN-022650
PEV-04790,VAC-0084,ORG-S3,cambio_etapa,2026-06-11T10:21:00,APP-00658>evaluacion,synthetic,SYN-022651
PEV-04791,VAC-0084,ORG-S3,evaluacion_programada,2026-06-11T10:21:00,SES-01169,synthetic,SYN-022652
PEV-04792,VAC-0084,ORG-S3,postulacion_recibida,2026-06-11T12:08:00,APP-00655,synthetic,SYN-022653
PEV-04793,VAC-0084,ORG-S3,cambio_etapa,2026-06-11T12:08:00,APP-00655>recibida,synthetic,SYN-022654
PEV-04794,VAC-0084,ORG-S3,postulacion_recibida,2026-06-12T22:13:00,APP-00657,synthetic,SYN-022655
PEV-04795,VAC-0084,ORG-S3,cambio_etapa,2026-06-12T22:13:00,APP-00657>recibida,synthetic,SYN-022656
PEV-04796,VAC-0084,ORG-S3,cambio_etapa,2026-06-13T03:37:00,APP-00654>evaluacion,synthetic,SYN-022657
PEV-04797,VAC-0084,ORG-S3,evaluacion_programada,2026-06-13T03:37:00,SES-01165,synthetic,SYN-022658
PEV-04798,VAC-0084,ORG-S3,evaluacion_realizada,2026-06-14T18:39:00,SES-01172,synthetic,SYN-022659
PEV-04799,VAC-0084,ORG-S3,cambio_etapa,2026-06-15T04:13:00,APP-00657>descartada,synthetic,SYN-022660
PEV-04800,VAC-0084,ORG-S3,cambio_etapa,2026-06-16T16:08:00,APP-00655>evaluacion,synthetic,SYN-022661
PEV-04801,VAC-0084,ORG-S3,evaluacion_programada,2026-06-16T16:08:00,SES-01167,synthetic,SYN-022662
PEV-04802,VAC-0084,ORG-S3,evaluacion_realizada,2026-06-16T17:21:00,SES-01169,synthetic,SYN-022663
PEV-04803,VAC-0084,ORG-S3,postulacion_recibida,2026-06-16T22:40:00,APP-00653,synthetic,SYN-022664
PEV-04804,VAC-0084,ORG-S3,cambio_etapa,2026-06-16T22:40:00,APP-00653>recibida,synthetic,SYN-022665
PEV-04805,VAC-0084,ORG-S3,postulacion_recibida,2026-06-17T06:52:00,APP-00659,synthetic,SYN-022666
PEV-04806,VAC-0084,ORG-S3,cambio_etapa,2026-06-17T06:52:00,APP-00659>recibida,synthetic,SYN-022667
PEV-04807,VAC-0084,ORG-S3,cambio_etapa,2026-06-18T10:00:00,APP-00651>entrevista,synthetic,SYN-022668
PEV-04808,VAC-0084,ORG-S3,entrevista_programada,2026-06-18T10:00:00,SES-01161,synthetic,SYN-022669
PEV-04809,VAC-0084,ORG-S3,cambio_etapa,2026-06-18T23:40:00,APP-00653>evaluacion,synthetic,SYN-022670
PEV-04810,VAC-0084,ORG-S3,evaluacion_programada,2026-06-18T23:40:00,SES-01164,synthetic,SYN-022671
PEV-04811,VAC-0084,ORG-S3,cambio_etapa,2026-06-19T16:00:00,APP-00652>entrevista,synthetic,SYN-022672
PEV-04812,VAC-0084,ORG-S3,entrevista_programada,2026-06-19T16:00:00,SES-01163,synthetic,SYN-022673
PEV-04813,VAC-0084,ORG-S3,evaluacion_realizada,2026-06-21T07:13:00,SES-01162,synthetic,SYN-022674
PEV-04814,VAC-0084,ORG-S3,cambio_etapa,2026-06-21T14:00:00,APP-00654>entrevista,synthetic,SYN-022675
PEV-04815,VAC-0084,ORG-S3,entrevista_programada,2026-06-21T14:00:00,SES-01166,synthetic,SYN-022676
PEV-04816,VAC-0084,ORG-S3,cambio_etapa,2026-06-22T06:52:00,APP-00659>evaluacion,synthetic,SYN-022677
PEV-04817,VAC-0084,ORG-S3,evaluacion_programada,2026-06-22T06:52:00,SES-01170,synthetic,SYN-022678
PEV-04818,VAC-0084,ORG-S3,cambio_etapa,2026-06-23T16:00:00,APP-00655>entrevista,synthetic,SYN-022679
PEV-04819,VAC-0084,ORG-S3,entrevista_programada,2026-06-23T16:00:00,SES-01168,synthetic,SYN-022680
PEV-04820,VAC-0084,ORG-S3,cambio_etapa,2026-06-24T17:00:00,APP-00659>entrevista,synthetic,SYN-022681
PEV-04821,VAC-0084,ORG-S3,entrevista_programada,2026-06-24T17:00:00,SES-01171,synthetic,SYN-022682
PEV-04822,VAC-0084,ORG-S3,evaluacion_realizada,2026-06-25T07:24:00,SES-01160,synthetic,SYN-022683
PEV-04823,VAC-0084,ORG-S3,evaluacion_realizada,2026-06-25T10:37:00,SES-01165,synthetic,SYN-022684
PEV-04824,VAC-0084,ORG-S3,evaluacion_realizada,2026-06-27T02:40:00,SES-01164,synthetic,SYN-022685
PEV-04825,VAC-0084,ORG-S3,entrevista_realizada,2026-06-28T21:00:00,SES-01163,synthetic,SYN-022686
PEV-04826,VAC-0084,ORG-S3,evaluacion_realizada,2026-06-29T11:52:00,SES-01170,synthetic,SYN-022687
PEV-04827,VAC-0084,ORG-S3,entrevista_realizada,2026-07-03T18:00:00,SES-01161,synthetic,SYN-022688
PEV-04828,VAC-0084,ORG-S3,entrevista_realizada,2026-07-05T20:00:00,SES-01171,synthetic,SYN-022689
PEV-04829,VAC-0084,ORG-S3,entrevista_realizada,2026-07-07T21:00:00,SES-01166,synthetic,SYN-022690
PEV-04830,VAC-0084,ORG-S3,vacante_cerrada,2026-07-13T23:00:00,,synthetic,SYN-022691
PEV-04831,VAC-0085,ORG-S1,vacante_publicada,2026-02-15T13:43:00,,synthetic,SYN-022692
PEV-04832,VAC-0085,ORG-S1,postulacion_recibida,2026-02-16T14:51:00,APP-00666,synthetic,SYN-022693
PEV-04833,VAC-0085,ORG-S1,cambio_etapa,2026-02-16T14:51:00,APP-00666>recibida,synthetic,SYN-022694
PEV-04834,VAC-0085,ORG-S1,postulacion_recibida,2026-02-17T00:19:00,APP-00664,synthetic,SYN-022695
PEV-04835,VAC-0085,ORG-S1,cambio_etapa,2026-02-17T00:19:00,APP-00664>recibida,synthetic,SYN-022696
PEV-04836,VAC-0085,ORG-S1,postulacion_recibida,2026-02-17T08:14:00,APP-00667,synthetic,SYN-022697
PEV-04837,VAC-0085,ORG-S1,cambio_etapa,2026-02-17T08:14:00,APP-00667>recibida,synthetic,SYN-022698
PEV-04838,VAC-0085,ORG-S1,cambio_etapa,2026-02-18T02:19:00,APP-00664>evaluacion,synthetic,SYN-022699
PEV-04839,VAC-0085,ORG-S1,evaluacion_programada,2026-02-18T02:19:00,SES-01179,synthetic,SYN-022700
PEV-04840,VAC-0085,ORG-S1,postulacion_recibida,2026-02-18T05:18:00,APP-00661,synthetic,SYN-022701
PEV-04841,VAC-0085,ORG-S1,cambio_etapa,2026-02-18T05:18:00,APP-00661>recibida,synthetic,SYN-022702
PEV-04842,VAC-0085,ORG-S1,cambio_etapa,2026-02-18T12:14:00,APP-00667>evaluacion,synthetic,SYN-022703
PEV-04843,VAC-0085,ORG-S1,evaluacion_programada,2026-02-18T12:14:00,SES-01185,synthetic,SYN-022704
PEV-04844,VAC-0085,ORG-S1,cambio_etapa,2026-02-18T14:51:00,APP-00666>evaluacion,synthetic,SYN-022705
PEV-04845,VAC-0085,ORG-S1,evaluacion_programada,2026-02-18T14:51:00,SES-01183,synthetic,SYN-022706
PEV-04846,VAC-0085,ORG-S1,postulacion_recibida,2026-02-19T19:05:00,APP-00665,synthetic,SYN-022707
PEV-04847,VAC-0085,ORG-S1,cambio_etapa,2026-02-19T19:05:00,APP-00665>recibida,synthetic,SYN-022708
PEV-04848,VAC-0085,ORG-S1,postulacion_recibida,2026-02-20T04:22:00,APP-00662,synthetic,SYN-022709
PEV-04849,VAC-0085,ORG-S1,cambio_etapa,2026-02-20T04:22:00,APP-00662>recibida,synthetic,SYN-022710
PEV-04850,VAC-0085,ORG-S1,postulacion_recibida,2026-02-20T11:06:00,APP-00669,synthetic,SYN-022711
PEV-04851,VAC-0085,ORG-S1,cambio_etapa,2026-02-20T11:06:00,APP-00669>recibida,synthetic,SYN-022712
PEV-04852,VAC-0085,ORG-S1,evaluacion_programada,2026-02-20T13:18:00,SES-01174,synthetic,SYN-022713
PEV-04853,VAC-0085,ORG-S1,postulacion_recibida,2026-02-21T19:17:00,APP-00668,synthetic,SYN-022714
PEV-04854,VAC-0085,ORG-S1,cambio_etapa,2026-02-21T19:17:00,APP-00668>recibida,synthetic,SYN-022715
PEV-04855,VAC-0085,ORG-S1,cambio_etapa,2026-02-21T22:05:00,APP-00665>evaluacion,synthetic,SYN-022716
PEV-04856,VAC-0085,ORG-S1,evaluacion_programada,2026-02-21T22:05:00,SES-01181,synthetic,SYN-022717
PEV-04857,VAC-0085,ORG-S1,postulacion_recibida,2026-02-22T10:28:00,APP-00663,synthetic,SYN-022718
PEV-04858,VAC-0085,ORG-S1,cambio_etapa,2026-02-22T10:28:00,APP-00663>recibida,synthetic,SYN-022719
PEV-04859,VAC-0085,ORG-S1,cambio_etapa,2026-02-23T12:18:00,APP-00661>evaluacion,synthetic,SYN-022720
PEV-04860,VAC-0085,ORG-S1,evaluacion_programada,2026-02-23T12:18:00,SES-01173,synthetic,SYN-022721
PEV-04861,VAC-0085,ORG-S1,cambio_etapa,2026-02-24T09:22:00,APP-00662>evaluacion,synthetic,SYN-022722
PEV-04862,VAC-0085,ORG-S1,evaluacion_programada,2026-02-24T09:22:00,SES-01176,synthetic,SYN-022723
PEV-04863,VAC-0085,ORG-S1,cambio_etapa,2026-02-24T10:28:00,APP-00663>evaluacion,synthetic,SYN-022724
PEV-04864,VAC-0085,ORG-S1,evaluacion_programada,2026-02-24T10:28:00,SES-01178,synthetic,SYN-022725
PEV-04865,VAC-0085,ORG-S1,cambio_etapa,2026-02-25T11:00:00,APP-00664>entrevista,synthetic,SYN-022726
PEV-04866,VAC-0085,ORG-S1,entrevista_programada,2026-02-25T11:00:00,SES-01180,synthetic,SYN-022727
PEV-04867,VAC-0085,ORG-S1,cambio_etapa,2026-02-25T13:00:00,APP-00666>entrevista,synthetic,SYN-022728
PEV-04868,VAC-0085,ORG-S1,entrevista_programada,2026-02-25T13:00:00,SES-01184,synthetic,SYN-022729
PEV-04869,VAC-0085,ORG-S1,cambio_etapa,2026-02-25T14:06:00,APP-00669>descartada,synthetic,SYN-022730
PEV-04870,VAC-0085,ORG-S1,cambio_etapa,2026-02-25T16:00:00,APP-00661>entrevista,synthetic,SYN-022731
PEV-04871,VAC-0085,ORG-S1,entrevista_programada,2026-02-25T16:00:00,SES-01175,synthetic,SYN-022732
PEV-04872,VAC-0085,ORG-S1,cambio_etapa,2026-02-25T19:17:00,APP-00668>evaluacion,synthetic,SYN-022733
PEV-04873,VAC-0085,ORG-S1,evaluacion_programada,2026-02-25T19:17:00,SES-01186,synthetic,SYN-022734
PEV-04874,VAC-0085,ORG-S1,evaluacion_realizada,2026-02-26T09:19:00,SES-01179,synthetic,SYN-022735
PEV-04875,VAC-0085,ORG-S1,cambio_etapa,2026-02-28T10:00:00,APP-00662>entrevista,synthetic,SYN-022736
PEV-04876,VAC-0085,ORG-S1,entrevista_programada,2026-02-28T10:00:00,SES-01177,synthetic,SYN-022737
PEV-04877,VAC-0085,ORG-S1,cambio_etapa,2026-02-28T15:00:00,APP-00668>entrevista,synthetic,SYN-022738
PEV-04878,VAC-0085,ORG-S1,entrevista_programada,2026-02-28T15:00:00,SES-01187,synthetic,SYN-022739
PEV-04879,VAC-0085,ORG-S1,evaluacion_realizada,2026-03-02T15:22:00,SES-01176,synthetic,SYN-022740
PEV-04880,VAC-0085,ORG-S1,cambio_etapa,2026-03-02T17:00:00,APP-00665>entrevista,synthetic,SYN-022741
PEV-04881,VAC-0085,ORG-S1,entrevista_programada,2026-03-02T17:00:00,SES-01182,synthetic,SYN-022742
PEV-04882,VAC-0085,ORG-S1,entrevista_realizada,2026-03-02T23:00:00,SES-01184,synthetic,SYN-022743
PEV-04883,VAC-0085,ORG-S1,evaluacion_realizada,2026-03-03T17:18:00,SES-01174,synthetic,SYN-022744
PEV-04884,VAC-0085,ORG-S1,evaluacion_realizada,2026-03-04T19:51:00,SES-01183,synthetic,SYN-022745
PEV-04885,VAC-0085,ORG-S1,entrevista_realizada,2026-03-04T22:00:00,SES-01175,synthetic,SYN-022746
PEV-04886,VAC-0085,ORG-S1,entrevista_realizada,2026-03-05T18:00:00,SES-01187,synthetic,SYN-022747
PEV-04887,VAC-0085,ORG-S1,entrevista_realizada,2026-03-05T20:00:00,SES-01177,synthetic,SYN-022748
PEV-04888,VAC-0085,ORG-S1,evaluacion_realizada,2026-03-05T23:05:00,SES-01181,synthetic,SYN-022749
PEV-04889,VAC-0085,ORG-S1,evaluacion_realizada,2026-03-06T19:18:00,SES-01173,synthetic,SYN-022750
PEV-04890,VAC-0085,ORG-S1,entrevista_realizada,2026-03-12T17:00:00,SES-01180,synthetic,SYN-022751
PEV-04891,VAC-0085,ORG-S1,entrevista_realizada,2026-03-12T23:00:00,SES-01182,synthetic,SYN-022752
PEV-04892,VAC-0085,ORG-S1,vacante_cerrada,2026-03-16T07:00:00,,synthetic,SYN-022753
PEV-04893,VAC-0086,ORG-S2,vacante_publicada,2026-05-17T09:22:00,,synthetic,SYN-022754
PEV-04894,VAC-0086,ORG-S2,postulacion_recibida,2026-05-20T02:03:00,APP-00670,synthetic,SYN-022755
PEV-04895,VAC-0086,ORG-S2,cambio_etapa,2026-05-20T02:03:00,APP-00670>recibida,synthetic,SYN-022756
PEV-04896,VAC-0086,ORG-S2,cambio_etapa,2026-05-22T10:03:00,APP-00670>evaluacion,synthetic,SYN-022757
PEV-04897,VAC-0086,ORG-S2,evaluacion_programada,2026-05-22T10:03:00,SES-01188,synthetic,SYN-022758
PEV-04898,VAC-0086,ORG-S2,postulacion_recibida,2026-05-24T16:48:00,APP-00671,synthetic,SYN-022759
PEV-04899,VAC-0086,ORG-S2,cambio_etapa,2026-05-24T16:48:00,APP-00671>recibida,synthetic,SYN-022760
PEV-04900,VAC-0086,ORG-S2,cambio_etapa,2026-05-26T21:48:00,APP-00671>evaluacion,synthetic,SYN-022761
PEV-04901,VAC-0086,ORG-S2,evaluacion_programada,2026-05-26T21:48:00,SES-01190,synthetic,SYN-022762
PEV-04902,VAC-0086,ORG-S2,postulacion_recibida,2026-05-27T02:23:00,APP-00672,synthetic,SYN-022763
PEV-04903,VAC-0086,ORG-S2,cambio_etapa,2026-05-27T02:23:00,APP-00672>recibida,synthetic,SYN-022764
PEV-04904,VAC-0086,ORG-S2,cambio_etapa,2026-05-29T00:00:00,APP-00672>evaluacion,synthetic,SYN-022765
PEV-04905,VAC-0086,ORG-S2,evaluacion_programada,2026-05-29T00:00:00,SES-01191,synthetic,SYN-022766
PEV-04906,VAC-0086,ORG-S2,cambio_etapa,2026-05-30T12:00:00,APP-00672>entrevista,synthetic,SYN-022767
PEV-04907,VAC-0086,ORG-S2,entrevista_programada,2026-05-30T12:00:00,SES-01192,synthetic,SYN-022768
PEV-04908,VAC-0086,ORG-S2,evaluacion_realizada,2026-06-03T03:00:00,SES-01191,synthetic,SYN-022769
PEV-04909,VAC-0086,ORG-S2,cambio_etapa,2026-06-03T13:00:00,APP-00670>entrevista,synthetic,SYN-022770
PEV-04910,VAC-0086,ORG-S2,entrevista_programada,2026-06-03T13:00:00,SES-01189,synthetic,SYN-022771
PEV-04911,VAC-0086,ORG-S2,evaluacion_realizada,2026-06-04T05:48:00,SES-01190,synthetic,SYN-022772
PEV-04912,VAC-0086,ORG-S2,evaluacion_realizada,2026-06-05T17:03:00,SES-01188,synthetic,SYN-022773
PEV-04913,VAC-0086,ORG-S2,entrevista_realizada,2026-06-15T17:00:00,SES-01192,synthetic,SYN-022774
PEV-04914,VAC-0086,ORG-S2,vacante_cerrada,2026-06-23T19:00:00,,synthetic,SYN-022775
PEV-04915,VAC-0087,ORG-S3,vacante_publicada,2026-03-09T15:46:00,,synthetic,SYN-022776
PEV-04916,VAC-0087,ORG-S3,postulacion_recibida,2026-03-11T00:02:00,APP-00674,synthetic,SYN-022777
PEV-04917,VAC-0087,ORG-S3,cambio_etapa,2026-03-11T00:02:00,APP-00674>recibida,synthetic,SYN-022778
PEV-04918,VAC-0087,ORG-S3,postulacion_recibida,2026-03-12T12:59:00,APP-00676,synthetic,SYN-022779
PEV-04919,VAC-0087,ORG-S3,cambio_etapa,2026-03-12T12:59:00,APP-00676>recibida,synthetic,SYN-022780
PEV-04920,VAC-0087,ORG-S3,postulacion_recibida,2026-03-13T04:49:00,APP-00675,synthetic,SYN-022781
PEV-04921,VAC-0087,ORG-S3,cambio_etapa,2026-03-13T04:49:00,APP-00675>recibida,synthetic,SYN-022782
PEV-04922,VAC-0087,ORG-S3,cambio_etapa,2026-03-15T04:02:00,APP-00674>descartada,synthetic,SYN-022783
PEV-04923,VAC-0087,ORG-S3,cambio_etapa,2026-03-16T04:49:00,APP-00675>evaluacion,synthetic,SYN-022784
PEV-04924,VAC-0087,ORG-S3,evaluacion_programada,2026-03-16T04:49:00,SES-01194,synthetic,SYN-022785
PEV-04925,VAC-0087,ORG-S3,cambio_etapa,2026-03-16T18:59:00,APP-00676>evaluacion,synthetic,SYN-022786
PEV-04926,VAC-0087,ORG-S3,evaluacion_programada,2026-03-16T18:59:00,SES-01196,synthetic,SYN-022787
PEV-04927,VAC-0087,ORG-S3,postulacion_recibida,2026-03-17T21:18:00,APP-00677,synthetic,SYN-022788
PEV-04928,VAC-0087,ORG-S3,cambio_etapa,2026-03-17T21:18:00,APP-00677>recibida,synthetic,SYN-022789
PEV-04929,VAC-0087,ORG-S3,postulacion_recibida,2026-03-18T05:39:00,APP-00673,synthetic,SYN-022790
PEV-04930,VAC-0087,ORG-S3,cambio_etapa,2026-03-18T05:39:00,APP-00673>recibida,synthetic,SYN-022791
PEV-04931,VAC-0087,ORG-S3,cambio_etapa,2026-03-21T02:18:00,APP-00677>evaluacion,synthetic,SYN-022792
PEV-04932,VAC-0087,ORG-S3,evaluacion_programada,2026-03-21T02:18:00,SES-01197,synthetic,SYN-022793
PEV-04933,VAC-0087,ORG-S3,cambio_etapa,2026-03-22T10:39:00,APP-00673>evaluacion,synthetic,SYN-022794
PEV-04934,VAC-0087,ORG-S3,evaluacion_programada,2026-03-22T10:39:00,SES-01193,synthetic,SYN-022795
PEV-04935,VAC-0087,ORG-S3,cambio_etapa,2026-03-23T15:00:00,APP-00675>entrevista,synthetic,SYN-022796
PEV-04936,VAC-0087,ORG-S3,entrevista_programada,2026-03-23T15:00:00,SES-01195,synthetic,SYN-022797
PEV-04937,VAC-0087,ORG-S3,evaluacion_realizada,2026-03-24T07:49:00,SES-01194,synthetic,SYN-022798
PEV-04938,VAC-0087,ORG-S3,cambio_etapa,2026-03-25T12:00:00,APP-00677>entrevista,synthetic,SYN-022799
PEV-04939,VAC-0087,ORG-S3,entrevista_programada,2026-03-25T12:00:00,SES-01198,synthetic,SYN-022800
PEV-04940,VAC-0087,ORG-S3,evaluacion_realizada,2026-03-28T00:59:00,SES-01196,synthetic,SYN-022801
PEV-04941,VAC-0087,ORG-S3,evaluacion_realizada,2026-03-31T08:18:00,SES-01197,synthetic,SYN-022802
PEV-04942,VAC-0087,ORG-S3,evaluacion_realizada,2026-03-31T19:39:00,SES-01193,synthetic,SYN-022803
PEV-04943,VAC-0087,ORG-S3,entrevista_realizada,2026-04-04T16:00:00,SES-01195,synthetic,SYN-022804
PEV-04944,VAC-0087,ORG-S3,entrevista_realizada,2026-04-10T22:00:00,SES-01198,synthetic,SYN-022805
PEV-04945,VAC-0087,ORG-S3,vacante_cerrada,2026-04-16T06:00:00,,synthetic,SYN-022806
PEV-04946,VAC-0088,ORG-S1,vacante_publicada,2026-01-06T11:12:00,,synthetic,SYN-022807
PEV-04947,VAC-0088,ORG-S1,postulacion_recibida,2026-01-07T05:16:00,APP-00680,synthetic,SYN-022808
PEV-04948,VAC-0088,ORG-S1,cambio_etapa,2026-01-07T05:16:00,APP-00680>recibida,synthetic,SYN-022809
PEV-04949,VAC-0088,ORG-S1,postulacion_recibida,2026-01-07T23:50:00,APP-00681,synthetic,SYN-022810
PEV-04950,VAC-0088,ORG-S1,cambio_etapa,2026-01-07T23:50:00,APP-00681>recibida,synthetic,SYN-022811
PEV-04951,VAC-0088,ORG-S1,postulacion_recibida,2026-01-08T02:39:00,APP-00684,synthetic,SYN-022812
PEV-04952,VAC-0088,ORG-S1,cambio_etapa,2026-01-08T02:39:00,APP-00684>recibida,synthetic,SYN-022813
PEV-04953,VAC-0088,ORG-S1,postulacion_recibida,2026-01-09T12:32:00,APP-00682,synthetic,SYN-022814
PEV-04954,VAC-0088,ORG-S1,cambio_etapa,2026-01-09T12:32:00,APP-00682>recibida,synthetic,SYN-022815
PEV-04955,VAC-0088,ORG-S1,postulacion_recibida,2026-01-10T13:09:00,APP-00683,synthetic,SYN-022816
PEV-04956,VAC-0088,ORG-S1,cambio_etapa,2026-01-10T13:09:00,APP-00683>recibida,synthetic,SYN-022817
PEV-04957,VAC-0088,ORG-S1,postulacion_recibida,2026-01-10T13:46:00,APP-00679,synthetic,SYN-022818
PEV-04958,VAC-0088,ORG-S1,cambio_etapa,2026-01-10T13:46:00,APP-00679>recibida,synthetic,SYN-022819
PEV-04959,VAC-0088,ORG-S1,evaluacion_programada,2026-01-12T06:50:00,SES-01206,synthetic,SYN-022820
PEV-04960,VAC-0088,ORG-S1,cambio_etapa,2026-01-12T07:39:00,APP-00684>evaluacion,synthetic,SYN-022821
PEV-04961,VAC-0088,ORG-S1,evaluacion_programada,2026-01-12T07:39:00,SES-01212,synthetic,SYN-022822
PEV-04962,VAC-0088,ORG-S1,cambio_etapa,2026-01-12T11:16:00,APP-00680>evaluacion,synthetic,SYN-022823
PEV-04963,VAC-0088,ORG-S1,evaluacion_programada,2026-01-12T11:16:00,SES-01203,synthetic,SYN-022824
PEV-04964,VAC-0088,ORG-S1,postulacion_recibida,2026-01-13T04:26:00,APP-00685,synthetic,SYN-022825
PEV-04965,VAC-0088,ORG-S1,cambio_etapa,2026-01-13T04:26:00,APP-00685>recibida,synthetic,SYN-022826
PEV-04966,VAC-0088,ORG-S1,cambio_etapa,2026-01-13T07:50:00,APP-00681>evaluacion,synthetic,SYN-022827
PEV-04967,VAC-0088,ORG-S1,evaluacion_programada,2026-01-13T07:50:00,SES-01205,synthetic,SYN-022828
PEV-04968,VAC-0088,ORG-S1,postulacion_recibida,2026-01-13T09:39:00,APP-00678,synthetic,SYN-022829
PEV-04969,VAC-0088,ORG-S1,cambio_etapa,2026-01-13T09:39:00,APP-00678>recibida,synthetic,SYN-022830
PEV-04970,VAC-0088,ORG-S1,cambio_etapa,2026-01-13T16:32:00,APP-00682>evaluacion,synthetic,SYN-022831
PEV-04971,VAC-0088,ORG-S1,evaluacion_programada,2026-01-13T16:32:00,SES-01208,synthetic,SYN-022832
PEV-04972,VAC-0088,ORG-S1,cambio_etapa,2026-01-13T16:46:00,APP-00679>evaluacion,synthetic,SYN-022833
PEV-04973,VAC-0088,ORG-S1,evaluacion_programada,2026-01-13T16:46:00,SES-01201,synthetic,SYN-022834
PEV-04974,VAC-0088,ORG-S1,cambio_etapa,2026-01-14T14:00:00,APP-00679>entrevista,synthetic,SYN-022835
PEV-04975,VAC-0088,ORG-S1,entrevista_programada,2026-01-14T14:00:00,SES-01202,synthetic,SYN-022836
PEV-04976,VAC-0088,ORG-S1,cambio_etapa,2026-01-14T14:39:00,APP-00678>evaluacion,synthetic,SYN-022837
PEV-04977,VAC-0088,ORG-S1,evaluacion_programada,2026-01-14T14:39:00,SES-01199,synthetic,SYN-022838
PEV-04978,VAC-0088,ORG-S1,cambio_etapa,2026-01-15T09:00:00,APP-00678>entrevista,synthetic,SYN-022839
PEV-04979,VAC-0088,ORG-S1,entrevista_programada,2026-01-15T09:00:00,SES-01200,synthetic,SYN-022840
PEV-04980,VAC-0088,ORG-S1,cambio_etapa,2026-01-15T16:09:00,APP-00683>evaluacion,synthetic,SYN-022841
PEV-04981,VAC-0088,ORG-S1,evaluacion_programada,2026-01-15T16:09:00,SES-01210,synthetic,SYN-022842
PEV-04982,VAC-0088,ORG-S1,cambio_etapa,2026-01-16T09:00:00,APP-00685>entrevista,synthetic,SYN-022843
PEV-04983,VAC-0088,ORG-S1,entrevista_programada,2026-01-16T09:00:00,SES-01215,synthetic,SYN-022844
PEV-04984,VAC-0088,ORG-S1,cambio_etapa,2026-01-16T13:00:00,APP-00681>entrevista,synthetic,SYN-022845
PEV-04985,VAC-0088,ORG-S1,entrevista_programada,2026-01-16T13:00:00,SES-01207,synthetic,SYN-022846
PEV-04986,VAC-0088,ORG-S1,cambio_etapa,2026-01-17T09:00:00,APP-00683>entrevista,synthetic,SYN-022847
PEV-04987,VAC-0088,ORG-S1,entrevista_programada,2026-01-17T09:00:00,SES-01211,synthetic,SYN-022848
PEV-04988,VAC-0088,ORG-S1,cambio_etapa,2026-01-17T17:00:00,APP-00684>entrevista,synthetic,SYN-022849
PEV-04989,VAC-0088,ORG-S1,entrevista_programada,2026-01-17T17:00:00,SES-01213,synthetic,SYN-022850
PEV-04990,VAC-0088,ORG-S1,cambio_etapa,2026-01-18T12:26:00,APP-00685>evaluacion,synthetic,SYN-022851
PEV-04991,VAC-0088,ORG-S1,evaluacion_programada,2026-01-18T12:26:00,SES-01214,synthetic,SYN-022852
PEV-04992,VAC-0088,ORG-S1,evaluacion_realizada,2026-01-18T16:16:00,SES-01203,synthetic,SYN-022853
PEV-04993,VAC-0088,ORG-S1,cambio_etapa,2026-01-18T17:00:00,APP-00682>entrevista,synthetic,SYN-022854
PEV-04994,VAC-0088,ORG-S1,entrevista_programada,2026-01-18T17:00:00,SES-01209,synthetic,SYN-022855
PEV-04995,VAC-0088,ORG-S1,evaluacion_realizada,2026-01-18T18:39:00,SES-01212,synthetic,SYN-022856
PEV-04996,VAC-0088,ORG-S1,cambio_etapa,2026-01-19T09:00:00,APP-00680>entrevista,synthetic,SYN-022857
PEV-04997,VAC-0088,ORG-S1,entrevista_programada,2026-01-19T09:00:00,SES-01204,synthetic,SYN-022858
PEV-04998,VAC-0088,ORG-S1,evaluacion_realizada,2026-01-20T21:39:00,SES-01199,synthetic,SYN-022859
PEV-04999,VAC-0088,ORG-S1,evaluacion_realizada,2026-01-21T14:50:00,SES-01205,synthetic,SYN-022860
PEV-05000,VAC-0088,ORG-S1,evaluacion_realizada,2026-01-21T22:46:00,SES-01201,synthetic,SYN-022861
PEV-05001,VAC-0088,ORG-S1,entrevista_realizada,2026-01-22T14:00:00,SES-01200,synthetic,SYN-022862
PEV-05002,VAC-0088,ORG-S1,evaluacion_realizada,2026-01-23T14:50:00,SES-01206,synthetic,SYN-022863
PEV-05003,VAC-0088,ORG-S1,entrevista_realizada,2026-01-23T16:00:00,SES-01211,synthetic,SYN-022864
PEV-05004,VAC-0088,ORG-S1,entrevista_realizada,2026-01-23T19:00:00,SES-01202,synthetic,SYN-022865
PEV-05005,VAC-0088,ORG-S1,entrevista_realizada,2026-01-24T16:00:00,SES-01215,synthetic,SYN-022866
PEV-05006,VAC-0088,ORG-S1,entrevista_realizada,2026-01-24T22:00:00,SES-01207,synthetic,SYN-022867
PEV-05007,VAC-0088,ORG-S1,evaluacion_realizada,2026-01-26T15:26:00,SES-01214,synthetic,SYN-022868
PEV-05008,VAC-0088,ORG-S1,entrevista_realizada,2026-01-28T21:00:00,SES-01213,synthetic,SYN-022869
PEV-05009,VAC-0088,ORG-S1,evaluacion_realizada,2026-01-30T00:09:00,SES-01210,synthetic,SYN-022870
PEV-05010,VAC-0088,ORG-S1,vacante_cerrada,2026-02-06T05:09:00,,synthetic,SYN-022871
PEV-05011,VAC-0089,ORG-S2,vacante_publicada,2026-02-10T14:21:00,,synthetic,SYN-022872
PEV-05012,VAC-0089,ORG-S2,postulacion_recibida,2026-02-13T05:24:00,APP-00687,synthetic,SYN-022873
PEV-05013,VAC-0089,ORG-S2,cambio_etapa,2026-02-13T05:24:00,APP-00687>recibida,synthetic,SYN-022874
PEV-05014,VAC-0089,ORG-S2,postulacion_recibida,2026-02-14T00:47:00,APP-00691,synthetic,SYN-022875
PEV-05015,VAC-0089,ORG-S2,cambio_etapa,2026-02-14T00:47:00,APP-00691>recibida,synthetic,SYN-022876
PEV-05016,VAC-0089,ORG-S2,postulacion_recibida,2026-02-15T01:02:00,APP-00689,synthetic,SYN-022877
PEV-05017,VAC-0089,ORG-S2,cambio_etapa,2026-02-15T01:02:00,APP-00689>recibida,synthetic,SYN-022878
PEV-05018,VAC-0089,ORG-S2,cambio_etapa,2026-02-15T04:47:00,APP-00691>descartada,synthetic,SYN-022879
PEV-05019,VAC-0089,ORG-S2,postulacion_recibida,2026-02-16T01:59:00,APP-00686,synthetic,SYN-022880
PEV-05020,VAC-0089,ORG-S2,cambio_etapa,2026-02-16T01:59:00,APP-00686>recibida,synthetic,SYN-022881
PEV-05021,VAC-0089,ORG-S2,postulacion_recibida,2026-02-16T02:08:00,APP-00690,synthetic,SYN-022882
PEV-05022,VAC-0089,ORG-S2,cambio_etapa,2026-02-16T02:08:00,APP-00690>recibida,synthetic,SYN-022883
PEV-05023,VAC-0089,ORG-S2,cambio_etapa,2026-02-16T13:24:00,APP-00687>evaluacion,synthetic,SYN-022884
PEV-05024,VAC-0089,ORG-S2,evaluacion_programada,2026-02-16T13:24:00,SES-01218,synthetic,SYN-022885
PEV-05025,VAC-0089,ORG-S2,cambio_etapa,2026-02-17T02:02:00,APP-00689>evaluacion,synthetic,SYN-022886
PEV-05026,VAC-0089,ORG-S2,evaluacion_programada,2026-02-17T02:02:00,SES-01222,synthetic,SYN-022887
PEV-05027,VAC-0089,ORG-S2,cambio_etapa,2026-02-17T07:08:00,APP-00690>evaluacion,synthetic,SYN-022888
PEV-05028,VAC-0089,ORG-S2,evaluacion_programada,2026-02-17T07:08:00,SES-01223,synthetic,SYN-022889
PEV-05029,VAC-0089,ORG-S2,postulacion_recibida,2026-02-18T02:07:00,APP-00688,synthetic,SYN-022890
PEV-05030,VAC-0089,ORG-S2,cambio_etapa,2026-02-18T02:07:00,APP-00688>recibida,synthetic,SYN-022891
PEV-05031,VAC-0089,ORG-S2,postulacion_recibida,2026-02-18T07:32:00,APP-00693,synthetic,SYN-022892
PEV-05032,VAC-0089,ORG-S2,cambio_etapa,2026-02-18T07:32:00,APP-00693>recibida,synthetic,SYN-022893
PEV-05033,VAC-0089,ORG-S2,cambio_etapa,2026-02-19T08:07:00,APP-00688>evaluacion,synthetic,SYN-022894
PEV-05034,VAC-0089,ORG-S2,evaluacion_programada,2026-02-19T08:07:00,SES-01220,synthetic,SYN-022895
PEV-05035,VAC-0089,ORG-S2,evaluacion_programada,2026-02-19T09:32:00,SES-01226,synthetic,SYN-022896
PEV-05036,VAC-0089,ORG-S2,postulacion_recibida,2026-02-20T02:02:00,APP-00692,synthetic,SYN-022897
PEV-05037,VAC-0089,ORG-S2,cambio_etapa,2026-02-20T02:02:00,APP-00692>recibida,synthetic,SYN-022898
PEV-05038,VAC-0089,ORG-S2,cambio_etapa,2026-02-21T00:00:00,APP-00686>evaluacion,synthetic,SYN-022899
PEV-05039,VAC-0089,ORG-S2,evaluacion_programada,2026-02-21T00:00:00,SES-01216,synthetic,SYN-022900
PEV-05040,VAC-0089,ORG-S2,cambio_etapa,2026-02-22T11:00:00,APP-00687>entrevista,synthetic,SYN-022901
PEV-05041,VAC-0089,ORG-S2,entrevista_programada,2026-02-22T11:00:00,SES-01219,synthetic,SYN-022902
PEV-05042,VAC-0089,ORG-S2,cambio_etapa,2026-02-22T11:32:00,APP-00693>evaluacion,synthetic,SYN-022903
PEV-05043,VAC-0089,ORG-S2,evaluacion_programada,2026-02-22T11:32:00,SES-01225,synthetic,SYN-022904
PEV-05044,VAC-0089,ORG-S2,cambio_etapa,2026-02-22T15:00:00,APP-00688>entrevista,synthetic,SYN-022905
PEV-05045,VAC-0089,ORG-S2,entrevista_programada,2026-02-22T15:00:00,SES-01221,synthetic,SYN-022906
PEV-05046,VAC-0089,ORG-S2,evaluacion_realizada,2026-02-23T09:00:00,SES-01216,synthetic,SYN-022907
PEV-05047,VAC-0089,ORG-S2,evaluacion_realizada,2026-02-23T13:32:00,SES-01226,synthetic,SYN-022908
PEV-05048,VAC-0089,ORG-S2,cambio_etapa,2026-02-23T16:00:00,APP-00693>entrevista,synthetic,SYN-022909
PEV-05049,VAC-0089,ORG-S2,entrevista_programada,2026-02-23T16:00:00,SES-01227,synthetic,SYN-022910
PEV-05050,VAC-0089,ORG-S2,cambio_etapa,2026-02-25T03:02:00,APP-00692>descartada,synthetic,SYN-022911
PEV-05051,VAC-0089,ORG-S2,evaluacion_realizada,2026-02-26T13:07:00,SES-01220,synthetic,SYN-022912
PEV-05052,VAC-0089,ORG-S2,evaluacion_realizada,2026-02-27T11:02:00,SES-01222,synthetic,SYN-022913
PEV-05053,VAC-0089,ORG-S2,cambio_etapa,2026-02-27T12:00:00,APP-00686>entrevista,synthetic,SYN-022914
PEV-05054,VAC-0089,ORG-S2,entrevista_programada,2026-02-27T12:00:00,SES-01217,synthetic,SYN-022915
PEV-05055,VAC-0089,ORG-S2,cambio_etapa,2026-02-27T14:00:00,APP-00690>entrevista,synthetic,SYN-022916
PEV-05056,VAC-0089,ORG-S2,entrevista_programada,2026-02-27T14:00:00,SES-01224,synthetic,SYN-022917
PEV-05057,VAC-0089,ORG-S2,evaluacion_realizada,2026-02-27T20:24:00,SES-01218,synthetic,SYN-022918
PEV-05058,VAC-0089,ORG-S2,entrevista_realizada,2026-02-28T22:00:00,SES-01221,synthetic,SYN-022919
PEV-05059,VAC-0089,ORG-S2,evaluacion_realizada,2026-03-01T16:08:00,SES-01223,synthetic,SYN-022920
PEV-05060,VAC-0089,ORG-S2,evaluacion_realizada,2026-03-06T14:32:00,SES-01225,synthetic,SYN-022921
PEV-05061,VAC-0089,ORG-S2,entrevista_realizada,2026-03-06T20:00:00,SES-01219,synthetic,SYN-022922
PEV-05062,VAC-0089,ORG-S2,entrevista_realizada,2026-03-09T23:00:00,SES-01227,synthetic,SYN-022923
PEV-05063,VAC-0089,ORG-S2,entrevista_realizada,2026-03-11T18:00:00,SES-01224,synthetic,SYN-022924
PEV-05064,VAC-0089,ORG-S2,entrevista_realizada,2026-03-11T19:00:00,SES-01217,synthetic,SYN-022925
PEV-05065,VAC-0089,ORG-S2,vacante_cerrada,2026-03-16T20:00:00,,synthetic,SYN-022926
PEV-05066,VAC-0090,ORG-S3,vacante_publicada,2026-06-29T16:42:00,,synthetic,SYN-022927
PEV-05067,VAC-0090,ORG-S3,postulacion_recibida,2026-07-05T10:57:00,APP-00700,synthetic,SYN-022928
PEV-05068,VAC-0090,ORG-S3,cambio_etapa,2026-07-05T10:57:00,APP-00700>recibida,synthetic,SYN-022929
PEV-05069,VAC-0090,ORG-S3,postulacion_recibida,2026-07-07T08:19:00,APP-00699,synthetic,SYN-022930
PEV-05070,VAC-0090,ORG-S3,cambio_etapa,2026-07-07T08:19:00,APP-00699>recibida,synthetic,SYN-022931
PEV-05071,VAC-0090,ORG-S3,cambio_etapa,2026-07-10T18:57:00,APP-00700>evaluacion,synthetic,SYN-022932
PEV-05072,VAC-0090,ORG-S3,evaluacion_programada,2026-07-10T18:57:00,SES-01237,synthetic,SYN-022933
PEV-05073,VAC-0090,ORG-S3,postulacion_recibida,2026-07-13T21:42:00,APP-00696,synthetic,SYN-022934
PEV-05074,VAC-0090,ORG-S3,cambio_etapa,2026-07-13T21:42:00,APP-00696>recibida,synthetic,SYN-022935
PEV-05075,VAC-0090,ORG-S3,postulacion_recibida,2026-07-15T09:44:00,APP-00701,synthetic,SYN-022936
PEV-05076,VAC-0090,ORG-S3,cambio_etapa,2026-07-15T09:44:00,APP-00701>recibida,synthetic,SYN-022937
PEV-05077,VAC-0090,ORG-S3,postulacion_recibida,2026-07-16T04:00:00,APP-00695,synthetic,SYN-022938
PEV-05078,VAC-0090,ORG-S3,cambio_etapa,2026-07-16T04:00:00,APP-00695>recibida,synthetic,SYN-022939
PEV-05079,VAC-0090,ORG-S3,postulacion_recibida,2026-07-16T19:08:00,APP-00698,synthetic,SYN-022940
PEV-05080,VAC-0090,ORG-S3,cambio_etapa,2026-07-16T19:08:00,APP-00698>recibida,synthetic,SYN-022941
PEV-05081,VAC-0090,ORG-S3,cambio_etapa,2026-07-16T22:42:00,APP-00696>evaluacion,synthetic,SYN-022942
PEV-05082,VAC-0090,ORG-S3,evaluacion_programada,2026-07-16T22:42:00,SES-01232,synthetic,SYN-022943
PEV-05083,VAC-0090,ORG-S3,postulacion_recibida,2026-07-17T03:00:00,APP-00697,synthetic,SYN-022944
PEV-05084,VAC-0090,ORG-S3,cambio_etapa,2026-07-17T03:00:00,APP-00697>recibida,synthetic,SYN-022945
PEV-05085,VAC-0090,ORG-S3,postulacion_recibida,2026-07-17T20:54:00,APP-00694,synthetic,SYN-022946
PEV-05086,VAC-0090,ORG-S3,cambio_etapa,2026-07-17T20:54:00,APP-00694>recibida,synthetic,SYN-022947
PEV-05087,VAC-0090,ORG-S3,cambio_etapa,2026-07-18T15:44:00,APP-00701>descartada,synthetic,SYN-022948
PEV-05088,VAC-0090,ORG-S3,evaluacion_realizada,2026-07-18T20:57:00,SES-01237,synthetic,SYN-022949
PEV-05089,VAC-0090,ORG-S3,cambio_etapa,2026-07-20T04:00:00,APP-00695>evaluacion,synthetic,SYN-022950
PEV-05090,VAC-0090,ORG-S3,evaluacion_programada,2026-07-20T04:00:00,SES-01230,synthetic,SYN-022951
PEV-05091,VAC-0090,ORG-S3,cambio_etapa,2026-07-21T00:00:00,APP-00699>evaluacion,synthetic,SYN-022952
PEV-05092,VAC-0090,ORG-S3,evaluacion_programada,2026-07-21T00:00:00,SES-01236,synthetic,SYN-022953
PEV-05093,VAC-0090,ORG-S3,cambio_etapa,2026-07-21T09:00:00,APP-00697>descartada,synthetic,SYN-022954
PEV-05094,VAC-0090,ORG-S3,cambio_etapa,2026-07-21T20:54:00,APP-00694>evaluacion,synthetic,SYN-022955
PEV-05095,VAC-0090,ORG-S3,evaluacion_programada,2026-07-21T20:54:00,SES-01228,synthetic,SYN-022956
PEV-05096,VAC-0090,ORG-S3,cambio_etapa,2026-07-21T23:08:00,APP-00698>evaluacion,synthetic,SYN-022957
PEV-05097,VAC-0090,ORG-S3,evaluacion_programada,2026-07-21T23:08:00,SES-01234,synthetic,SYN-022958
PEV-05098,VAC-0090,ORG-S3,cambio_etapa,2026-07-22T14:00:00,APP-00698>entrevista,synthetic,SYN-022959
PEV-05099,VAC-0090,ORG-S3,entrevista_programada,2026-07-22T14:00:00,SES-01235,synthetic,SYN-022960
PEV-05100,VAC-0090,ORG-S3,cambio_etapa,2026-07-24T16:00:00,APP-00695>entrevista,synthetic,SYN-022961
PEV-05101,VAC-0090,ORG-S3,entrevista_programada,2026-07-24T16:00:00,SES-01231,synthetic,SYN-022962
PEV-05102,VAC-0090,ORG-S3,cambio_etapa,2026-07-25T10:00:00,APP-00696>entrevista,synthetic,SYN-022963
PEV-05103,VAC-0090,ORG-S3,entrevista_programada,2026-07-25T10:00:00,SES-01233,synthetic,SYN-022964
PEV-05104,VAC-0090,ORG-S3,cambio_etapa,2026-07-26T11:00:00,APP-00700>entrevista,synthetic,SYN-022965
PEV-05105,VAC-0090,ORG-S3,entrevista_programada,2026-07-26T11:00:00,SES-01238,synthetic,SYN-022966
PEV-05106,VAC-0090,ORG-S3,cambio_etapa,2026-07-26T14:00:00,APP-00694>entrevista,synthetic,SYN-022967
PEV-05107,VAC-0090,ORG-S3,entrevista_programada,2026-07-26T14:00:00,SES-01229,synthetic,SYN-022968
PEV-05108,VAC-0090,ORG-S3,evaluacion_realizada,2026-07-27T01:42:00,SES-01232,synthetic,SYN-022969
PEV-05109,VAC-0090,ORG-S3,evaluacion_realizada,2026-07-29T08:00:00,SES-01230,synthetic,SYN-022970
PEV-05110,VAC-0090,ORG-S3,evaluacion_realizada,2026-08-02T06:08:00,SES-01234,synthetic,SYN-022971
PEV-05111,VAC-0090,ORG-S3,entrevista_realizada,2026-08-02T16:00:00,SES-01238,synthetic,SYN-022972
PEV-05112,VAC-0090,ORG-S3,evaluacion_realizada,2026-08-04T02:54:00,SES-01228,synthetic,SYN-022973
PEV-05113,VAC-0090,ORG-S3,entrevista_realizada,2026-08-05T16:00:00,SES-01235,synthetic,SYN-022974
PEV-05114,VAC-0090,ORG-S3,vacante_cerrada,2026-08-10T17:00:00,,synthetic,SYN-022975
PEV-05115,VAC-0091,ORG-S1,vacante_publicada,2026-01-24T10:20:00,,synthetic,SYN-022976
PEV-05116,VAC-0091,ORG-S1,postulacion_recibida,2026-01-25T03:32:00,APP-00702,synthetic,SYN-022977
PEV-05117,VAC-0091,ORG-S1,cambio_etapa,2026-01-25T03:32:00,APP-00702>recibida,synthetic,SYN-022978
PEV-05118,VAC-0091,ORG-S1,postulacion_recibida,2026-01-27T07:36:00,APP-00705,synthetic,SYN-022979
PEV-05119,VAC-0091,ORG-S1,cambio_etapa,2026-01-27T07:36:00,APP-00705>recibida,synthetic,SYN-022980
PEV-05120,VAC-0091,ORG-S1,postulacion_recibida,2026-01-28T06:40:00,APP-00714,synthetic,SYN-022981
PEV-05121,VAC-0091,ORG-S1,cambio_etapa,2026-01-28T06:40:00,APP-00714>recibida,synthetic,SYN-022982
PEV-05122,VAC-0091,ORG-S1,postulacion_recibida,2026-01-28T10:26:00,APP-00703,synthetic,SYN-022983
PEV-05123,VAC-0091,ORG-S1,cambio_etapa,2026-01-28T10:26:00,APP-00703>recibida,synthetic,SYN-022984
PEV-05124,VAC-0091,ORG-S1,cambio_etapa,2026-01-29T14:40:00,APP-00714>evaluacion,synthetic,SYN-022985
PEV-05125,VAC-0091,ORG-S1,evaluacion_programada,2026-01-29T14:40:00,SES-01257,synthetic,SYN-022986
PEV-05126,VAC-0091,ORG-S1,cambio_etapa,2026-01-29T15:36:00,APP-00705>evaluacion,synthetic,SYN-022987
PEV-05127,VAC-0091,ORG-S1,evaluacion_programada,2026-01-29T15:36:00,SES-01243,synthetic,SYN-022988
PEV-05128,VAC-0091,ORG-S1,postulacion_recibida,2026-01-29T18:44:00,APP-00704,synthetic,SYN-022989
PEV-05129,VAC-0091,ORG-S1,cambio_etapa,2026-01-29T18:44:00,APP-00704>recibida,synthetic,SYN-022990
PEV-05130,VAC-0091,ORG-S1,evaluacion_programada,2026-01-30T11:32:00,SES-01240,synthetic,SYN-022991
PEV-05131,VAC-0091,ORG-S1,postulacion_recibida,2026-01-31T07:19:00,APP-00710,synthetic,SYN-022992
PEV-05132,VAC-0091,ORG-S1,cambio_etapa,2026-01-31T07:19:00,APP-00710>recibida,synthetic,SYN-022993
PEV-05133,VAC-0091,ORG-S1,postulacion_recibida,2026-02-01T10:43:00,APP-00712,synthetic,SYN-022994
PEV-05134,VAC-0091,ORG-S1,cambio_etapa,2026-02-01T10:43:00,APP-00712>recibida,synthetic,SYN-022995
PEV-05135,VAC-0091,ORG-S1,cambio_etapa,2026-02-01T11:26:00,APP-00703>evaluacion,synthetic,SYN-022996
PEV-05136,VAC-0091,ORG-S1,evaluacion_programada,2026-02-01T11:26:00,SES-01241,synthetic,SYN-022997
PEV-05137,VAC-0091,ORG-S1,cambio_etapa,2026-02-02T00:44:00,APP-00704>evaluacion,synthetic,SYN-022998
PEV-05138,VAC-0091,ORG-S1,evaluacion_programada,2026-02-02T00:44:00,SES-01242,synthetic,SYN-022999
PEV-05139,VAC-0091,ORG-S1,postulacion_recibida,2026-02-02T08:45:00,APP-00709,synthetic,SYN-023000
PEV-05140,VAC-0091,ORG-S1,cambio_etapa,2026-02-02T08:45:00,APP-00709>recibida,synthetic,SYN-023001
PEV-05141,VAC-0091,ORG-S1,cambio_etapa,2026-02-02T13:43:00,APP-00712>evaluacion,synthetic,SYN-023002
PEV-05142,VAC-0091,ORG-S1,evaluacion_programada,2026-02-02T13:43:00,SES-01254,synthetic,SYN-023003
PEV-05143,VAC-0091,ORG-S1,postulacion_recibida,2026-02-02T19:17:00,APP-00713,synthetic,SYN-023004
PEV-05144,VAC-0091,ORG-S1,cambio_etapa,2026-02-02T19:17:00,APP-00713>recibida,synthetic,SYN-023005
PEV-05145,VAC-0091,ORG-S1,postulacion_recibida,2026-02-02T19:32:00,APP-00708,synthetic,SYN-023006
PEV-05146,VAC-0091,ORG-S1,cambio_etapa,2026-02-02T19:32:00,APP-00708>recibida,synthetic,SYN-023007
PEV-05147,VAC-0091,ORG-S1,postulacion_recibida,2026-02-02T20:28:00,APP-00706,synthetic,SYN-023008
PEV-05148,VAC-0091,ORG-S1,cambio_etapa,2026-02-02T20:28:00,APP-00706>recibida,synthetic,SYN-023009
PEV-05149,VAC-0091,ORG-S1,cambio_etapa,2026-02-03T23:17:00,APP-00713>evaluacion,synthetic,SYN-023010
PEV-05150,VAC-0091,ORG-S1,evaluacion_programada,2026-02-03T23:17:00,SES-01256,synthetic,SYN-023011
PEV-05151,VAC-0091,ORG-S1,cambio_etapa,2026-02-04T12:45:00,APP-00709>descartada,synthetic,SYN-023012
PEV-05152,VAC-0091,ORG-S1,postulacion_recibida,2026-02-05T02:29:00,APP-00707,synthetic,SYN-023013
PEV-05153,VAC-0091,ORG-S1,cambio_etapa,2026-02-05T02:29:00,APP-00707>recibida,synthetic,SYN-023014
PEV-05154,VAC-0091,ORG-S1,cambio_etapa,2026-02-05T12:19:00,APP-00710>evaluacion,synthetic,SYN-023015
PEV-05155,VAC-0091,ORG-S1,evaluacion_programada,2026-02-05T12:19:00,SES-01249,synthetic,SYN-023016
PEV-05156,VAC-0091,ORG-S1,postulacion_recibida,2026-02-05T19:18:00,APP-00711,synthetic,SYN-023017
PEV-05157,VAC-0091,ORG-S1,cambio_etapa,2026-02-05T19:18:00,APP-00711>recibida,synthetic,SYN-023018
PEV-05158,VAC-0091,ORG-S1,cambio_etapa,2026-02-05T21:32:00,APP-00708>descartada,synthetic,SYN-023019
PEV-05159,VAC-0091,ORG-S1,cambio_etapa,2026-02-06T00:00:00,APP-00702>evaluacion,synthetic,SYN-023020
PEV-05160,VAC-0091,ORG-S1,evaluacion_programada,2026-02-06T00:00:00,SES-01239,synthetic,SYN-023021
PEV-05161,VAC-0091,ORG-S1,evaluacion_realizada,2026-02-06T05:00:00,SES-01257,synthetic,SYN-023022
PEV-05162,VAC-0091,ORG-S1,cambio_etapa,2026-02-06T17:00:00,APP-00711>entrevista,synthetic,SYN-023023
PEV-05163,VAC-0091,ORG-S1,entrevista_programada,2026-02-06T17:00:00,SES-01253,synthetic,SYN-023024
PEV-05164,VAC-0091,ORG-S1,cambio_etapa,2026-02-06T22:28:00,APP-00706>evaluacion,synthetic,SYN-023025
PEV-05165,VAC-0091,ORG-S1,evaluacion_programada,2026-02-06T22:28:00,SES-01244,synthetic,SYN-023026
PEV-05166,VAC-0091,ORG-S1,evaluacion_programada,2026-02-07T03:29:00,SES-01247,synthetic,SYN-023027
PEV-05167,VAC-0091,ORG-S1,cambio_etapa,2026-02-07T06:29:00,APP-00707>evaluacion,synthetic,SYN-023028
PEV-05168,VAC-0091,ORG-S1,evaluacion_programada,2026-02-07T06:29:00,SES-01246,synthetic,SYN-023029
PEV-05169,VAC-0091,ORG-S1,cambio_etapa,2026-02-07T15:00:00,APP-00714>entrevista,synthetic,SYN-023030
PEV-05170,VAC-0091,ORG-S1,entrevista_programada,2026-02-07T15:00:00,SES-01258,synthetic,SYN-023031
PEV-05171,VAC-0091,ORG-S1,evaluacion_realizada,2026-02-07T17:43:00,SES-01254,synthetic,SYN-023032
PEV-05172,VAC-0091,ORG-S1,evaluacion_realizada,2026-02-08T15:32:00,SES-01240,synthetic,SYN-023033
PEV-05173,VAC-0091,ORG-S1,evaluacion_programada,2026-02-09T00:18:00,SES-01252,synthetic,SYN-023034
PEV-05174,VAC-0091,ORG-S1,evaluacion_realizada,2026-02-09T10:00:00,SES-01239,synthetic,SYN-023035
PEV-05175,VAC-0091,ORG-S1,cambio_etapa,2026-02-09T11:00:00,APP-00707>entrevista,synthetic,SYN-023036
PEV-05176,VAC-0091,ORG-S1,entrevista_programada,2026-02-09T11:00:00,SES-01248,synthetic,SYN-023037
PEV-05177,VAC-0091,ORG-S1,cambio_etapa,2026-02-09T14:00:00,APP-00712>entrevista,synthetic,SYN-023038
PEV-05178,VAC-0091,ORG-S1,entrevista_programada,2026-02-09T14:00:00,SES-01255,synthetic,SYN-023039
PEV-05179,VAC-0091,ORG-S1,evaluacion_realizada,2026-02-09T23:36:00,SES-01243,synthetic,SYN-023040
PEV-05180,VAC-0091,ORG-S1,cambio_etapa,2026-02-10T03:18:00,APP-00711>evaluacion,synthetic,SYN-023041
PEV-05181,VAC-0091,ORG-S1,evaluacion_programada,2026-02-10T03:18:00,SES-01251,synthetic,SYN-023042
PEV-05182,VAC-0091,ORG-S1,cambio_etapa,2026-02-10T09:00:00,APP-00706>entrevista,synthetic,SYN-023043
PEV-05183,VAC-0091,ORG-S1,entrevista_programada,2026-02-10T09:00:00,SES-01245,synthetic,SYN-023044
PEV-05184,VAC-0091,ORG-S1,cambio_etapa,2026-02-10T13:00:00,APP-00710>entrevista,synthetic,SYN-023045
PEV-05185,VAC-0091,ORG-S1,entrevista_programada,2026-02-10T13:00:00,SES-01250,synthetic,SYN-023046
PEV-05186,VAC-0091,ORG-S1,evaluacion_realizada,2026-02-10T17:26:00,SES-01241,synthetic,SYN-023047
PEV-05187,VAC-0091,ORG-S1,entrevista_realizada,2026-02-11T01:00:00,SES-01258,synthetic,SYN-023048
PEV-05188,VAC-0091,ORG-S1,evaluacion_realizada,2026-02-11T02:44:00,SES-01242,synthetic,SYN-023049
PEV-05189,VAC-0091,ORG-S1,evaluacion_realizada,2026-02-11T19:19:00,SES-01249,synthetic,SYN-023050
PEV-05190,VAC-0091,ORG-S1,entrevista_realizada,2026-02-11T22:00:00,SES-01253,synthetic,SYN-023051
PEV-05191,VAC-0091,ORG-S1,evaluacion_realizada,2026-02-12T02:17:00,SES-01256,synthetic,SYN-023052
PEV-05192,VAC-0091,ORG-S1,evaluacion_realizada,2026-02-12T11:18:00,SES-01251,synthetic,SYN-023053
PEV-05193,VAC-0091,ORG-S1,evaluacion_realizada,2026-02-15T10:29:00,SES-01246,synthetic,SYN-023054
PEV-05194,VAC-0091,ORG-S1,evaluacion_realizada,2026-02-16T03:18:00,SES-01252,synthetic,SYN-023055
PEV-05195,VAC-0091,ORG-S1,evaluacion_realizada,2026-02-16T07:28:00,SES-01244,synthetic,SYN-023056
PEV-05196,VAC-0091,ORG-S1,evaluacion_realizada,2026-02-17T11:29:00,SES-01247,synthetic,SYN-023057
PEV-05197,VAC-0091,ORG-S1,entrevista_realizada,2026-02-17T20:00:00,SES-01255,synthetic,SYN-023058
PEV-05198,VAC-0091,ORG-S1,entrevista_realizada,2026-02-18T17:00:00,SES-01248,synthetic,SYN-023059
PEV-05199,VAC-0091,ORG-S1,entrevista_realizada,2026-02-21T16:00:00,SES-01250,synthetic,SYN-023060
PEV-05200,VAC-0091,ORG-S1,entrevista_realizada,2026-02-23T15:00:00,SES-01245,synthetic,SYN-023061
PEV-05201,VAC-0091,ORG-S1,vacante_cerrada,2026-03-06T21:00:00,,synthetic,SYN-023062
PEV-05202,VAC-0092,ORG-S2,vacante_publicada,2026-07-07T15:48:00,,synthetic,SYN-023063
PEV-05203,VAC-0092,ORG-S2,postulacion_recibida,2026-07-08T16:37:00,APP-00716,synthetic,SYN-023064
PEV-05204,VAC-0092,ORG-S2,cambio_etapa,2026-07-08T16:37:00,APP-00716>recibida,synthetic,SYN-023065
PEV-05205,VAC-0092,ORG-S2,postulacion_recibida,2026-07-08T17:14:00,APP-00715,synthetic,SYN-023066
PEV-05206,VAC-0092,ORG-S2,cambio_etapa,2026-07-08T17:14:00,APP-00715>recibida,synthetic,SYN-023067
PEV-05207,VAC-0092,ORG-S2,postulacion_recibida,2026-07-10T04:31:00,APP-00717,synthetic,SYN-023068
PEV-05208,VAC-0092,ORG-S2,cambio_etapa,2026-07-10T04:31:00,APP-00717>recibida,synthetic,SYN-023069
PEV-05209,VAC-0092,ORG-S2,cambio_etapa,2026-07-12T18:14:00,APP-00715>evaluacion,synthetic,SYN-023070
PEV-05210,VAC-0092,ORG-S2,evaluacion_programada,2026-07-12T18:14:00,SES-01259,synthetic,SYN-023071
PEV-05211,VAC-0092,ORG-S2,cambio_etapa,2026-07-12T23:37:00,APP-00716>evaluacion,synthetic,SYN-023072
PEV-05212,VAC-0092,ORG-S2,evaluacion_programada,2026-07-12T23:37:00,SES-01260,synthetic,SYN-023073
PEV-05213,VAC-0092,ORG-S2,cambio_etapa,2026-07-13T07:31:00,APP-00717>evaluacion,synthetic,SYN-023074
PEV-05214,VAC-0092,ORG-S2,evaluacion_programada,2026-07-13T07:31:00,SES-01262,synthetic,SYN-023075
PEV-05215,VAC-0092,ORG-S2,evaluacion_realizada,2026-07-20T11:31:00,SES-01262,synthetic,SYN-023076
PEV-05216,VAC-0092,ORG-S2,cambio_etapa,2026-07-21T11:00:00,APP-00716>entrevista,synthetic,SYN-023077
PEV-05217,VAC-0092,ORG-S2,entrevista_programada,2026-07-21T11:00:00,SES-01261,synthetic,SYN-023078
PEV-05218,VAC-0092,ORG-S2,evaluacion_realizada,2026-07-24T21:14:00,SES-01259,synthetic,SYN-023079
PEV-05219,VAC-0092,ORG-S2,evaluacion_realizada,2026-07-30T07:37:00,SES-01260,synthetic,SYN-023080
PEV-05220,VAC-0092,ORG-S2,entrevista_realizada,2026-08-05T19:00:00,SES-01261,synthetic,SYN-023081
PEV-05221,VAC-0092,ORG-S2,vacante_cerrada,2026-08-17T01:00:00,,synthetic,SYN-023082
PEV-05222,VAC-0093,ORG-S3,vacante_publicada,2026-07-21T00:00:00,,synthetic,SYN-023083
PEV-05223,VAC-0093,ORG-S3,postulacion_recibida,2026-07-22T03:17:00,APP-00719,synthetic,SYN-023084
PEV-05224,VAC-0093,ORG-S3,cambio_etapa,2026-07-22T03:17:00,APP-00719>recibida,synthetic,SYN-023085
PEV-05225,VAC-0093,ORG-S3,postulacion_recibida,2026-07-23T10:19:00,APP-00720,synthetic,SYN-023086
PEV-05226,VAC-0093,ORG-S3,cambio_etapa,2026-07-23T10:19:00,APP-00720>recibida,synthetic,SYN-023087
PEV-05227,VAC-0093,ORG-S3,cambio_etapa,2026-07-25T06:17:00,APP-00719>evaluacion,synthetic,SYN-023088
PEV-05228,VAC-0093,ORG-S3,evaluacion_programada,2026-07-25T06:17:00,SES-01265,synthetic,SYN-023089
PEV-05229,VAC-0093,ORG-S3,cambio_etapa,2026-07-26T14:19:00,APP-00720>evaluacion,synthetic,SYN-023090
PEV-05230,VAC-0093,ORG-S3,evaluacion_programada,2026-07-26T14:19:00,SES-01267,synthetic,SYN-023091
PEV-05231,VAC-0093,ORG-S3,postulacion_recibida,2026-07-28T15:09:00,APP-00718,synthetic,SYN-023092
PEV-05232,VAC-0093,ORG-S3,cambio_etapa,2026-07-28T15:09:00,APP-00718>recibida,synthetic,SYN-023093
PEV-05233,VAC-0093,ORG-S3,cambio_etapa,2026-07-30T13:00:00,APP-00719>entrevista,synthetic,SYN-023094
PEV-05234,VAC-0093,ORG-S3,entrevista_programada,2026-07-30T13:00:00,SES-01266,synthetic,SYN-023095
PEV-05235,VAC-0093,ORG-S3,cambio_etapa,2026-07-30T14:00:00,APP-00718>entrevista,synthetic,SYN-023096
PEV-05236,VAC-0093,ORG-S3,entrevista_programada,2026-07-30T14:00:00,SES-01264,synthetic,SYN-023097
PEV-05237,VAC-0093,ORG-S3,cambio_etapa,2026-07-30T20:09:00,APP-00718>evaluacion,synthetic,SYN-023098
PEV-05238,VAC-0093,ORG-S3,evaluacion_programada,2026-07-30T20:09:00,SES-01263,synthetic,SYN-023099
PEV-05239,VAC-0093,ORG-S3,evaluacion_realizada,2026-08-01T23:19:00,SES-01267,synthetic,SYN-023100
PEV-05240,VAC-0093,ORG-S3,cambio_etapa,2026-08-05T14:00:00,APP-00720>entrevista,synthetic,SYN-023101
PEV-05241,VAC-0093,ORG-S3,entrevista_programada,2026-08-05T14:00:00,SES-01268,synthetic,SYN-023102
PEV-05242,VAC-0093,ORG-S3,evaluacion_realizada,2026-08-09T10:17:00,SES-01265,synthetic,SYN-023103
PEV-05243,VAC-0093,ORG-S3,entrevista_realizada,2026-08-11T20:00:00,SES-01264,synthetic,SYN-023104
PEV-05244,VAC-0093,ORG-S3,evaluacion_realizada,2026-08-12T03:09:00,SES-01263,synthetic,SYN-023105
PEV-05245,VAC-0093,ORG-S3,entrevista_realizada,2026-08-13T22:00:00,SES-01266,synthetic,SYN-023106
PEV-05246,VAC-0093,ORG-S3,entrevista_realizada,2026-08-20T22:00:00,SES-01268,synthetic,SYN-023107
PEV-05247,VAC-0093,ORG-S3,vacante_cerrada,2026-09-04T04:00:00,,synthetic,SYN-023108
PEV-05248,VAC-0094,ORG-S1,vacante_publicada,2026-06-25T08:43:00,,synthetic,SYN-023109
PEV-05249,VAC-0094,ORG-S1,postulacion_recibida,2026-06-25T20:23:00,APP-00724,synthetic,SYN-023110
PEV-05250,VAC-0094,ORG-S1,cambio_etapa,2026-06-25T20:23:00,APP-00724>recibida,synthetic,SYN-023111
PEV-05251,VAC-0094,ORG-S1,cambio_etapa,2026-06-26T23:23:00,APP-00724>evaluacion,synthetic,SYN-023112
PEV-05252,VAC-0094,ORG-S1,evaluacion_programada,2026-06-26T23:23:00,SES-01277,synthetic,SYN-023113
PEV-05253,VAC-0094,ORG-S1,postulacion_recibida,2026-06-30T01:34:00,APP-00729,synthetic,SYN-023114
PEV-05254,VAC-0094,ORG-S1,cambio_etapa,2026-06-30T01:34:00,APP-00729>recibida,synthetic,SYN-023115
PEV-05255,VAC-0094,ORG-S1,postulacion_recibida,2026-06-30T12:11:00,APP-00730,synthetic,SYN-023116
PEV-05256,VAC-0094,ORG-S1,cambio_etapa,2026-06-30T12:11:00,APP-00730>recibida,synthetic,SYN-023117
PEV-05257,VAC-0094,ORG-S1,postulacion_recibida,2026-06-30T18:08:00,APP-00731,synthetic,SYN-023118
PEV-05258,VAC-0094,ORG-S1,cambio_etapa,2026-06-30T18:08:00,APP-00731>recibida,synthetic,SYN-023119
PEV-05259,VAC-0094,ORG-S1,cambio_etapa,2026-07-02T06:34:00,APP-00729>descartada,synthetic,SYN-023120
PEV-05260,VAC-0094,ORG-S1,evaluacion_realizada,2026-07-03T03:23:00,SES-01277,synthetic,SYN-023121
PEV-05261,VAC-0094,ORG-S1,postulacion_recibida,2026-07-03T21:19:00,APP-00732,synthetic,SYN-023122
PEV-05262,VAC-0094,ORG-S1,cambio_etapa,2026-07-03T21:19:00,APP-00732>recibida,synthetic,SYN-023123
PEV-05263,VAC-0094,ORG-S1,cambio_etapa,2026-07-04T18:11:00,APP-00730>evaluacion,synthetic,SYN-023124
PEV-05264,VAC-0094,ORG-S1,evaluacion_programada,2026-07-04T18:11:00,SES-01286,synthetic,SYN-023125
PEV-05265,VAC-0094,ORG-S1,cambio_etapa,2026-07-05T02:08:00,APP-00731>evaluacion,synthetic,SYN-023126
PEV-05266,VAC-0094,ORG-S1,evaluacion_programada,2026-07-05T02:08:00,SES-01288,synthetic,SYN-023127
PEV-05267,VAC-0094,ORG-S1,postulacion_recibida,2026-07-06T19:27:00,APP-00722,synthetic,SYN-023128
PEV-05268,VAC-0094,ORG-S1,cambio_etapa,2026-07-06T19:27:00,APP-00722>recibida,synthetic,SYN-023129
PEV-05269,VAC-0094,ORG-S1,postulacion_recibida,2026-07-08T22:16:00,APP-00728,synthetic,SYN-023130
PEV-05270,VAC-0094,ORG-S1,cambio_etapa,2026-07-08T22:16:00,APP-00728>recibida,synthetic,SYN-023131
PEV-05271,VAC-0094,ORG-S1,cambio_etapa,2026-07-08T22:27:00,APP-00722>evaluacion,synthetic,SYN-023132
PEV-05272,VAC-0094,ORG-S1,evaluacion_programada,2026-07-08T22:27:00,SES-01272,synthetic,SYN-023133
PEV-05273,VAC-0094,ORG-S1,postulacion_recibida,2026-07-09T06:12:00,APP-00725,synthetic,SYN-023134
PEV-05274,VAC-0094,ORG-S1,cambio_etapa,2026-07-09T06:12:00,APP-00725>recibida,synthetic,SYN-023135
PEV-05275,VAC-0094,ORG-S1,postulacion_recibida,2026-07-09T17:11:00,APP-00723,synthetic,SYN-023136
PEV-05276,VAC-0094,ORG-S1,cambio_etapa,2026-07-09T17:11:00,APP-00723>recibida,synthetic,SYN-023137
PEV-05277,VAC-0094,ORG-S1,postulacion_recibida,2026-07-09T22:46:00,APP-00733,synthetic,SYN-023138
PEV-05278,VAC-0094,ORG-S1,cambio_etapa,2026-07-09T22:46:00,APP-00733>recibida,synthetic,SYN-023139
PEV-05279,VAC-0094,ORG-S1,postulacion_recibida,2026-07-10T11:57:00,APP-00727,synthetic,SYN-023140
PEV-05280,VAC-0094,ORG-S1,cambio_etapa,2026-07-10T11:57:00,APP-00727>recibida,synthetic,SYN-023141
PEV-05281,VAC-0094,ORG-S1,postulacion_recibida,2026-07-11T05:30:00,APP-00726,synthetic,SYN-023142
PEV-05282,VAC-0094,ORG-S1,cambio_etapa,2026-07-11T05:30:00,APP-00726>recibida,synthetic,SYN-023143
PEV-05283,VAC-0094,ORG-S1,evaluacion_programada,2026-07-11T22:11:00,SES-01275,synthetic,SYN-023144
PEV-05284,VAC-0094,ORG-S1,cambio_etapa,2026-07-12T10:30:00,APP-00726>evaluacion,synthetic,SYN-023145
PEV-05285,VAC-0094,ORG-S1,evaluacion_programada,2026-07-12T10:30:00,SES-01281,synthetic,SYN-023146
PEV-05286,VAC-0094,ORG-S1,postulacion_recibida,2026-07-12T10:39:00,APP-00721,synthetic,SYN-023147
PEV-05287,VAC-0094,ORG-S1,cambio_etapa,2026-07-12T10:39:00,APP-00721>recibida,synthetic,SYN-023148
PEV-05288,VAC-0094,ORG-S1,cambio_etapa,2026-07-13T00:00:00,APP-00723>evaluacion,synthetic,SYN-023149
PEV-05289,VAC-0094,ORG-S1,cambio_etapa,2026-07-13T00:00:00,APP-00732>evaluacion,synthetic,SYN-023150
PEV-05290,VAC-0094,ORG-S1,evaluacion_programada,2026-07-13T00:00:00,SES-01274,synthetic,SYN-023151
PEV-05291,VAC-0094,ORG-S1,evaluacion_programada,2026-07-13T00:00:00,SES-01290,synthetic,SYN-023152
PEV-05292,VAC-0094,ORG-S1,cambio_etapa,2026-07-13T08:12:00,APP-00725>evaluacion,synthetic,SYN-023153
PEV-05293,VAC-0094,ORG-S1,evaluacion_programada,2026-07-13T08:12:00,SES-01279,synthetic,SYN-023154
PEV-05294,VAC-0094,ORG-S1,cambio_etapa,2026-07-13T17:00:00,APP-00721>entrevista,synthetic,SYN-023155
PEV-05295,VAC-0094,ORG-S1,entrevista_programada,2026-07-13T17:00:00,SES-01271,synthetic,SYN-023156
PEV-05296,VAC-0094,ORG-S1,cambio_etapa,2026-07-14T04:16:00,APP-00728>evaluacion,synthetic,SYN-023157
PEV-05297,VAC-0094,ORG-S1,evaluacion_programada,2026-07-14T04:16:00,SES-01285,synthetic,SYN-023158
PEV-05298,VAC-0094,ORG-S1,cambio_etapa,2026-07-14T10:00:00,APP-00724>entrevista,synthetic,SYN-023159
PEV-05299,VAC-0094,ORG-S1,entrevista_programada,2026-07-14T10:00:00,SES-01278,synthetic,SYN-023160
PEV-05300,VAC-0094,ORG-S1,cambio_etapa,2026-07-14T12:57:00,APP-00727>evaluacion,synthetic,SYN-023161
PEV-05301,VAC-0094,ORG-S1,evaluacion_programada,2026-07-14T12:57:00,SES-01283,synthetic,SYN-023162
PEV-05302,VAC-0094,ORG-S1,evaluacion_programada,2026-07-14T13:57:00,SES-01284,synthetic,SYN-023163
PEV-05303,VAC-0094,ORG-S1,evaluacion_realizada,2026-07-14T20:11:00,SES-01286,synthetic,SYN-023164
PEV-05304,VAC-0094,ORG-S1,cambio_etapa,2026-07-15T06:46:00,APP-00733>evaluacion,synthetic,SYN-023165
PEV-05305,VAC-0094,ORG-S1,evaluacion_programada,2026-07-15T06:46:00,SES-01292,synthetic,SYN-023166
PEV-05306,VAC-0094,ORG-S1,cambio_etapa,2026-07-15T10:00:00,APP-00733>entrevista,synthetic,SYN-023167
PEV-05307,VAC-0094,ORG-S1,entrevista_programada,2026-07-15T10:00:00,SES-01293,synthetic,SYN-023168
PEV-05308,VAC-0094,ORG-S1,cambio_etapa,2026-07-15T11:00:00,APP-00732>entrevista,synthetic,SYN-023169
PEV-05309,VAC-0094,ORG-S1,entrevista_programada,2026-07-15T11:00:00,SES-01291,synthetic,SYN-023170
PEV-05310,VAC-0094,ORG-S1,cambio_etapa,2026-07-16T10:00:00,APP-00725>entrevista,synthetic,SYN-023171
PEV-05311,VAC-0094,ORG-S1,entrevista_programada,2026-07-16T10:00:00,SES-01280,synthetic,SYN-023172
PEV-05312,VAC-0094,ORG-S1,cambio_etapa,2026-07-16T12:00:00,APP-00726>entrevista,synthetic,SYN-023173
PEV-05313,VAC-0094,ORG-S1,entrevista_programada,2026-07-16T12:00:00,SES-01282,synthetic,SYN-023174
PEV-05314,VAC-0094,ORG-S1,cambio_etapa,2026-07-16T16:00:00,APP-00723>entrevista,synthetic,SYN-023175
PEV-05315,VAC-0094,ORG-S1,cambio_etapa,2026-07-16T16:00:00,APP-00730>entrevista,synthetic,SYN-023176
PEV-05316,VAC-0094,ORG-S1,entrevista_programada,2026-07-16T16:00:00,SES-01276,synthetic,SYN-023177
PEV-05317,VAC-0094,ORG-S1,entrevista_programada,2026-07-16T16:00:00,SES-01287,synthetic,SYN-023178
PEV-05318,VAC-0094,ORG-S1,cambio_etapa,2026-07-17T11:39:00,APP-00721>evaluacion,synthetic,SYN-023179
PEV-05319,VAC-0094,ORG-S1,evaluacion_programada,2026-07-17T11:39:00,SES-01269,synthetic,SYN-023180
PEV-05320,VAC-0094,ORG-S1,evaluacion_programada,2026-07-17T13:39:00,SES-01270,synthetic,SYN-023181
PEV-05321,VAC-0094,ORG-S1,evaluacion_realizada,2026-07-19T04:27:00,SES-01272,synthetic,SYN-023182
PEV-05322,VAC-0094,ORG-S1,evaluacion_realizada,2026-07-19T09:08:00,SES-01288,synthetic,SYN-023183
PEV-05323,VAC-0094,ORG-S1,cambio_etapa,2026-07-19T13:00:00,APP-00731>entrevista,synthetic,SYN-023184
PEV-05324,VAC-0094,ORG-S1,entrevista_programada,2026-07-19T13:00:00,SES-01289,synthetic,SYN-023185
PEV-05325,VAC-0094,ORG-S1,cambio_etapa,2026-07-19T14:00:00,APP-00722>entrevista,synthetic,SYN-023186
PEV-05326,VAC-0094,ORG-S1,entrevista_programada,2026-07-19T14:00:00,SES-01273,synthetic,SYN-023187
PEV-05327,VAC-0094,ORG-S1,entrevista_realizada,2026-07-22T03:00:00,SES-01271,synthetic,SYN-023188
PEV-05328,VAC-0094,ORG-S1,entrevista_realizada,2026-07-22T21:00:00,SES-01287,synthetic,SYN-023189
PEV-05329,VAC-0094,ORG-S1,evaluacion_realizada,2026-07-23T16:57:00,SES-01284,synthetic,SYN-023190
PEV-05330,VAC-0094,ORG-S1,evaluacion_realizada,2026-07-25T14:12:00,SES-01279,synthetic,SYN-023191
PEV-05331,VAC-0094,ORG-S1,evaluacion_realizada,2026-07-25T21:30:00,SES-01281,synthetic,SYN-023192
PEV-05332,VAC-0094,ORG-S1,evaluacion_realizada,2026-07-25T21:39:00,SES-01269,synthetic,SYN-023193
PEV-05333,VAC-0094,ORG-S1,evaluacion_realizada,2026-07-26T06:00:00,SES-01274,synthetic,SYN-023194
PEV-05334,VAC-0094,ORG-S1,evaluacion_realizada,2026-07-26T07:00:00,SES-01290,synthetic,SYN-023195
PEV-05335,VAC-0094,ORG-S1,entrevista_realizada,2026-07-26T14:00:00,SES-01293,synthetic,SYN-023196
PEV-05336,VAC-0094,ORG-S1,entrevista_realizada,2026-07-26T22:00:00,SES-01282,synthetic,SYN-023197
PEV-05337,VAC-0094,ORG-S1,evaluacion_realizada,2026-07-27T05:16:00,SES-01285,synthetic,SYN-023198
PEV-05338,VAC-0094,ORG-S1,entrevista_realizada,2026-07-28T13:00:00,SES-01278,synthetic,SYN-023199
PEV-05339,VAC-0094,ORG-S1,evaluacion_realizada,2026-07-30T12:46:00,SES-01292,synthetic,SYN-023200
PEV-05340,VAC-0094,ORG-S1,evaluacion_realizada,2026-07-30T21:57:00,SES-01283,synthetic,SYN-023201
PEV-05341,VAC-0094,ORG-S1,entrevista_realizada,2026-07-31T00:00:00,SES-01276,synthetic,SYN-023202
PEV-05342,VAC-0094,ORG-S1,entrevista_realizada,2026-07-31T20:00:00,SES-01291,synthetic,SYN-023203
PEV-05343,VAC-0094,ORG-S1,evaluacion_realizada,2026-08-02T19:39:00,SES-01270,synthetic,SYN-023204
PEV-05344,VAC-0094,ORG-S1,entrevista_realizada,2026-08-05T15:00:00,SES-01273,synthetic,SYN-023205
PEV-05345,VAC-0094,ORG-S1,vacante_cerrada,2026-08-14T16:00:00,,synthetic,SYN-023206
PEV-05346,VAC-0095,ORG-S2,vacante_publicada,2026-03-02T11:15:00,,synthetic,SYN-023207
PEV-05347,VAC-0095,ORG-S2,postulacion_recibida,2026-03-02T12:43:00,APP-00745,synthetic,SYN-023208
PEV-05348,VAC-0095,ORG-S2,cambio_etapa,2026-03-02T12:43:00,APP-00745>recibida,synthetic,SYN-023209
PEV-05349,VAC-0095,ORG-S2,cambio_etapa,2026-03-04T20:43:00,APP-00745>evaluacion,synthetic,SYN-023210
PEV-05350,VAC-0095,ORG-S2,evaluacion_programada,2026-03-04T20:43:00,SES-01310,synthetic,SYN-023211
PEV-05351,VAC-0095,ORG-S2,postulacion_recibida,2026-03-04T21:55:00,APP-00742,synthetic,SYN-023212
PEV-05352,VAC-0095,ORG-S2,cambio_etapa,2026-03-04T21:55:00,APP-00742>recibida,synthetic,SYN-023213
PEV-05353,VAC-0095,ORG-S2,postulacion_recibida,2026-03-05T06:13:00,APP-00747,synthetic,SYN-023214
PEV-05354,VAC-0095,ORG-S2,cambio_etapa,2026-03-05T06:13:00,APP-00747>recibida,synthetic,SYN-023215
PEV-05355,VAC-0095,ORG-S2,postulacion_recibida,2026-03-05T10:22:00,APP-00740,synthetic,SYN-023216
PEV-05356,VAC-0095,ORG-S2,cambio_etapa,2026-03-05T10:22:00,APP-00740>recibida,synthetic,SYN-023217
PEV-05357,VAC-0095,ORG-S2,cambio_etapa,2026-03-06T09:13:00,APP-00747>evaluacion,synthetic,SYN-023218
PEV-05358,VAC-0095,ORG-S2,evaluacion_programada,2026-03-06T09:13:00,SES-01314,synthetic,SYN-023219
PEV-05359,VAC-0095,ORG-S2,postulacion_recibida,2026-03-07T17:07:00,APP-00746,synthetic,SYN-023220
PEV-05360,VAC-0095,ORG-S2,cambio_etapa,2026-03-07T17:07:00,APP-00746>recibida,synthetic,SYN-023221
PEV-05361,VAC-0095,ORG-S2,postulacion_recibida,2026-03-08T00:16:00,APP-00738,synthetic,SYN-023222
PEV-05362,VAC-0095,ORG-S2,cambio_etapa,2026-03-08T00:16:00,APP-00738>recibida,synthetic,SYN-023223
PEV-05363,VAC-0095,ORG-S2,postulacion_recibida,2026-03-08T03:59:00,APP-00739,synthetic,SYN-023224
PEV-05364,VAC-0095,ORG-S2,cambio_etapa,2026-03-08T03:59:00,APP-00739>recibida,synthetic,SYN-023225
PEV-05365,VAC-0095,ORG-S2,cambio_etapa,2026-03-08T15:22:00,APP-00740>descartada,synthetic,SYN-023226
PEV-05366,VAC-0095,ORG-S2,evaluacion_realizada,2026-03-09T02:43:00,SES-01310,synthetic,SYN-023227
PEV-05367,VAC-0095,ORG-S2,cambio_etapa,2026-03-09T05:55:00,APP-00742>evaluacion,synthetic,SYN-023228
PEV-05368,VAC-0095,ORG-S2,evaluacion_programada,2026-03-09T05:55:00,SES-01304,synthetic,SYN-023229
PEV-05369,VAC-0095,ORG-S2,postulacion_recibida,2026-03-09T06:33:00,APP-00737,synthetic,SYN-023230
PEV-05370,VAC-0095,ORG-S2,cambio_etapa,2026-03-09T06:33:00,APP-00737>recibida,synthetic,SYN-023231
PEV-05371,VAC-0095,ORG-S2,cambio_etapa,2026-03-11T23:07:00,APP-00746>evaluacion,synthetic,SYN-023232
PEV-05372,VAC-0095,ORG-S2,evaluacion_programada,2026-03-11T23:07:00,SES-01312,synthetic,SYN-023233
PEV-05373,VAC-0095,ORG-S2,cambio_etapa,2026-03-12T08:33:00,APP-00737>evaluacion,synthetic,SYN-023234
PEV-05374,VAC-0095,ORG-S2,evaluacion_programada,2026-03-12T08:33:00,SES-01298,synthetic,SYN-023235
PEV-05375,VAC-0095,ORG-S2,postulacion_recibida,2026-03-12T13:49:00,APP-00736,synthetic,SYN-023236
PEV-05376,VAC-0095,ORG-S2,cambio_etapa,2026-03-12T13:49:00,APP-00736>recibida,synthetic,SYN-023237
PEV-05377,VAC-0095,ORG-S2,postulacion_recibida,2026-03-12T20:07:00,APP-00734,synthetic,SYN-023238
PEV-05378,VAC-0095,ORG-S2,cambio_etapa,2026-03-12T20:07:00,APP-00734>recibida,synthetic,SYN-023239
PEV-05379,VAC-0095,ORG-S2,cambio_etapa,2026-03-13T06:16:00,APP-00738>evaluacion,synthetic,SYN-023240
PEV-05380,VAC-0095,ORG-S2,evaluacion_programada,2026-03-13T06:16:00,SES-01300,synthetic,SYN-023241
PEV-05381,VAC-0095,ORG-S2,cambio_etapa,2026-03-13T06:59:00,APP-00739>descartada,synthetic,SYN-023242
PEV-05382,VAC-0095,ORG-S2,evaluacion_realizada,2026-03-13T12:13:00,SES-01314,synthetic,SYN-023243
PEV-05383,VAC-0095,ORG-S2,postulacion_recibida,2026-03-14T01:47:00,APP-00744,synthetic,SYN-023244
PEV-05384,VAC-0095,ORG-S2,cambio_etapa,2026-03-14T01:47:00,APP-00744>recibida,synthetic,SYN-023245
PEV-05385,VAC-0095,ORG-S2,postulacion_recibida,2026-03-14T23:39:00,APP-00735,synthetic,SYN-023246
PEV-05386,VAC-0095,ORG-S2,cambio_etapa,2026-03-14T23:39:00,APP-00735>recibida,synthetic,SYN-023247
PEV-05387,VAC-0095,ORG-S2,postulacion_recibida,2026-03-15T21:55:00,APP-00743,synthetic,SYN-023248
PEV-05388,VAC-0095,ORG-S2,cambio_etapa,2026-03-15T21:55:00,APP-00743>recibida,synthetic,SYN-023249
PEV-05389,VAC-0095,ORG-S2,cambio_etapa,2026-03-16T19:49:00,APP-00736>evaluacion,synthetic,SYN-023250
PEV-05390,VAC-0095,ORG-S2,evaluacion_programada,2026-03-16T19:49:00,SES-01297,synthetic,SYN-023251
PEV-05391,VAC-0095,ORG-S2,cambio_etapa,2026-03-17T07:47:00,APP-00744>evaluacion,synthetic,SYN-023252
PEV-05392,VAC-0095,ORG-S2,evaluacion_programada,2026-03-17T07:47:00,SES-01308,synthetic,SYN-023253
PEV-05393,VAC-0095,ORG-S2,cambio_etapa,2026-03-17T22:07:00,APP-00734>evaluacion,synthetic,SYN-023254
PEV-05394,VAC-0095,ORG-S2,evaluacion_programada,2026-03-17T22:07:00,SES-01294,synthetic,SYN-023255
PEV-05395,VAC-0095,ORG-S2,evaluacion_programada,2026-03-17T23:55:00,SES-01306,synthetic,SYN-023256
PEV-05396,VAC-0095,ORG-S2,evaluacion_realizada,2026-03-19T13:33:00,SES-01298,synthetic,SYN-023257
PEV-05397,VAC-0095,ORG-S2,postulacion_recibida,2026-03-19T20:35:00,APP-00741,synthetic,SYN-023258
PEV-05398,VAC-0095,ORG-S2,cambio_etapa,2026-03-19T20:35:00,APP-00741>recibida,synthetic,SYN-023259
PEV-05399,VAC-0095,ORG-S2,evaluacion_realizada,2026-03-20T04:07:00,SES-01312,synthetic,SYN-023260
PEV-05400,VAC-0095,ORG-S2,cambio_etapa,2026-03-20T07:39:00,APP-00735>evaluacion,synthetic,SYN-023261
PEV-05401,VAC-0095,ORG-S2,evaluacion_programada,2026-03-20T07:39:00,SES-01296,synthetic,SYN-023262
PEV-05402,VAC-0095,ORG-S2,cambio_etapa,2026-03-21T05:55:00,APP-00743>evaluacion,synthetic,SYN-023263
PEV-05403,VAC-0095,ORG-S2,evaluacion_programada,2026-03-21T05:55:00,SES-01305,synthetic,SYN-023264
PEV-05404,VAC-0095,ORG-S2,evaluacion_realizada,2026-03-21T15:55:00,SES-01304,synthetic,SYN-023265
PEV-05405,VAC-0095,ORG-S2,evaluacion_realizada,2026-03-22T01:07:00,SES-01294,synthetic,SYN-023266
PEV-05406,VAC-0095,ORG-S2,cambio_etapa,2026-03-22T15:00:00,APP-00741>entrevista,synthetic,SYN-023267
PEV-05407,VAC-0095,ORG-S2,entrevista_programada,2026-03-22T15:00:00,SES-01303,synthetic,SYN-023268
PEV-05408,VAC-0095,ORG-S2,evaluacion_realizada,2026-03-23T12:16:00,SES-01300,synthetic,SYN-023269
PEV-05409,VAC-0095,ORG-S2,cambio_etapa,2026-03-23T13:00:00,APP-00743>entrevista,synthetic,SYN-023270
PEV-05410,VAC-0095,ORG-S2,entrevista_programada,2026-03-23T13:00:00,SES-01307,synthetic,SYN-023271
PEV-05411,VAC-0095,ORG-S2,cambio_etapa,2026-03-23T14:00:00,APP-00747>entrevista,synthetic,SYN-023272
PEV-05412,VAC-0095,ORG-S2,entrevista_programada,2026-03-23T14:00:00,SES-01315,synthetic,SYN-023273
PEV-05413,VAC-0095,ORG-S2,evaluacion_realizada,2026-03-24T07:55:00,SES-01306,synthetic,SYN-023274
PEV-05414,VAC-0095,ORG-S2,cambio_etapa,2026-03-24T11:00:00,APP-00744>entrevista,synthetic,SYN-023275
PEV-05415,VAC-0095,ORG-S2,entrevista_programada,2026-03-24T11:00:00,SES-01309,synthetic,SYN-023276
PEV-05416,VAC-0095,ORG-S2,cambio_etapa,2026-03-24T23:35:00,APP-00741>evaluacion,synthetic,SYN-023277
PEV-05417,VAC-0095,ORG-S2,evaluacion_programada,2026-03-24T23:35:00,SES-01302,synthetic,SYN-023278
PEV-05418,VAC-0095,ORG-S2,cambio_etapa,2026-03-25T12:00:00,APP-00738>entrevista,synthetic,SYN-023279
PEV-05419,VAC-0095,ORG-S2,entrevista_programada,2026-03-25T12:00:00,SES-01301,synthetic,SYN-023280
PEV-05420,VAC-0095,ORG-S2,cambio_etapa,2026-03-26T14:00:00,APP-00737>entrevista,synthetic,SYN-023281
PEV-05421,VAC-0095,ORG-S2,entrevista_programada,2026-03-26T14:00:00,SES-01299,synthetic,SYN-023282
PEV-05422,VAC-0095,ORG-S2,cambio_etapa,2026-03-27T14:00:00,APP-00746>entrevista,synthetic,SYN-023283
PEV-05423,VAC-0095,ORG-S2,entrevista_programada,2026-03-27T14:00:00,SES-01313,synthetic,SYN-023284
PEV-05424,VAC-0095,ORG-S2,evaluacion_realizada,2026-03-28T11:55:00,SES-01305,synthetic,SYN-023285
PEV-05425,VAC-0095,ORG-S2,cambio_etapa,2026-03-28T12:00:00,APP-00745>entrevista,synthetic,SYN-023286
PEV-05426,VAC-0095,ORG-S2,entrevista_programada,2026-03-28T12:00:00,SES-01311,synthetic,SYN-023287
PEV-05427,VAC-0095,ORG-S2,cambio_etapa,2026-03-28T13:00:00,APP-00734>entrevista,synthetic,SYN-023288
PEV-05428,VAC-0095,ORG-S2,entrevista_programada,2026-03-28T13:00:00,SES-01295,synthetic,SYN-023289
PEV-05429,VAC-0095,ORG-S2,evaluacion_realizada,2026-03-29T22:49:00,SES-01297,synthetic,SYN-023290
PEV-05430,VAC-0095,ORG-S2,entrevista_realizada,2026-03-30T19:00:00,SES-01301,synthetic,SYN-023291
PEV-05431,VAC-0095,ORG-S2,evaluacion_realizada,2026-03-31T18:47:00,SES-01308,synthetic,SYN-023292
PEV-05432,VAC-0095,ORG-S2,entrevista_realizada,2026-03-31T21:00:00,SES-01299,synthetic,SYN-023293
PEV-05433,VAC-0095,ORG-S2,entrevista_realizada,2026-04-01T21:00:00,SES-01313,synthetic,SYN-023294
PEV-05434,VAC-0095,ORG-S2,entrevista_realizada,2026-04-01T23:00:00,SES-01295,synthetic,SYN-023295
PEV-05435,VAC-0095,ORG-S2,evaluacion_realizada,2026-04-02T17:39:00,SES-01296,synthetic,SYN-023296
PEV-05436,VAC-0095,ORG-S2,entrevista_realizada,2026-04-03T17:00:00,SES-01315,synthetic,SYN-023297
PEV-05437,VAC-0095,ORG-S2,evaluacion_realizada,2026-04-04T09:35:00,SES-01302,synthetic,SYN-023298
PEV-05438,VAC-0095,ORG-S2,entrevista_realizada,2026-04-05T19:00:00,SES-01303,synthetic,SYN-023299
PEV-05439,VAC-0095,ORG-S2,entrevista_realizada,2026-04-06T18:00:00,SES-01309,synthetic,SYN-023300
PEV-05440,VAC-0095,ORG-S2,entrevista_realizada,2026-04-08T20:00:00,SES-01311,synthetic,SYN-023301
PEV-05441,VAC-0095,ORG-S2,vacante_cerrada,2026-04-11T23:00:00,,synthetic,SYN-023302
PEV-05442,VAC-0096,ORG-S3,vacante_publicada,2026-03-21T16:47:00,,synthetic,SYN-023303
PEV-05443,VAC-0096,ORG-S3,postulacion_recibida,2026-03-22T19:49:00,APP-00753,synthetic,SYN-023304
PEV-05444,VAC-0096,ORG-S3,cambio_etapa,2026-03-22T19:49:00,APP-00753>recibida,synthetic,SYN-023305
PEV-05445,VAC-0096,ORG-S3,postulacion_recibida,2026-03-26T02:36:00,APP-00749,synthetic,SYN-023306
PEV-05446,VAC-0096,ORG-S3,cambio_etapa,2026-03-26T02:36:00,APP-00749>recibida,synthetic,SYN-023307
PEV-05447,VAC-0096,ORG-S3,cambio_etapa,2026-03-27T05:36:00,APP-00749>evaluacion,synthetic,SYN-023308
PEV-05448,VAC-0096,ORG-S3,evaluacion_programada,2026-03-27T05:36:00,SES-01318,synthetic,SYN-023309
PEV-05449,VAC-0096,ORG-S3,cambio_etapa,2026-03-27T20:49:00,APP-00753>evaluacion,synthetic,SYN-023310
PEV-05450,VAC-0096,ORG-S3,evaluacion_programada,2026-03-27T20:49:00,SES-01325,synthetic,SYN-023311
PEV-05451,VAC-0096,ORG-S3,postulacion_recibida,2026-03-28T22:38:00,APP-00750,synthetic,SYN-023312
PEV-05452,VAC-0096,ORG-S3,cambio_etapa,2026-03-28T22:38:00,APP-00750>recibida,synthetic,SYN-023313
PEV-05453,VAC-0096,ORG-S3,postulacion_recibida,2026-03-29T01:35:00,APP-00752,synthetic,SYN-023314
PEV-05454,VAC-0096,ORG-S3,cambio_etapa,2026-03-29T01:35:00,APP-00752>recibida,synthetic,SYN-023315
PEV-05455,VAC-0096,ORG-S3,cambio_etapa,2026-03-30T09:35:00,APP-00752>evaluacion,synthetic,SYN-023316
PEV-05456,VAC-0096,ORG-S3,evaluacion_programada,2026-03-30T09:35:00,SES-01323,synthetic,SYN-023317
PEV-05457,VAC-0096,ORG-S3,postulacion_recibida,2026-03-30T16:53:00,APP-00748,synthetic,SYN-023318
PEV-05458,VAC-0096,ORG-S3,cambio_etapa,2026-03-30T16:53:00,APP-00748>recibida,synthetic,SYN-023319
PEV-05459,VAC-0096,ORG-S3,cambio_etapa,2026-04-02T01:38:00,APP-00750>evaluacion,synthetic,SYN-023320
PEV-05460,VAC-0096,ORG-S3,evaluacion_programada,2026-04-02T01:38:00,SES-01320,synthetic,SYN-023321
PEV-05461,VAC-0096,ORG-S3,postulacion_recibida,2026-04-03T15:47:00,APP-00751,synthetic,SYN-023322
PEV-05462,VAC-0096,ORG-S3,cambio_etapa,2026-04-03T15:47:00,APP-00751>recibida,synthetic,SYN-023323
PEV-05463,VAC-0096,ORG-S3,cambio_etapa,2026-04-03T21:53:00,APP-00748>evaluacion,synthetic,SYN-023324
PEV-05464,VAC-0096,ORG-S3,evaluacion_programada,2026-04-03T21:53:00,SES-01316,synthetic,SYN-023325
PEV-05465,VAC-0096,ORG-S3,cambio_etapa,2026-04-04T00:00:00,APP-00751>evaluacion,synthetic,SYN-023326
PEV-05466,VAC-0096,ORG-S3,evaluacion_programada,2026-04-04T00:00:00,SES-01322,synthetic,SYN-023327
PEV-05467,VAC-0096,ORG-S3,evaluacion_realizada,2026-04-07T16:35:00,SES-01323,synthetic,SYN-023328
PEV-05468,VAC-0096,ORG-S3,evaluacion_realizada,2026-04-08T03:38:00,SES-01320,synthetic,SYN-023329
PEV-05469,VAC-0096,ORG-S3,cambio_etapa,2026-04-08T10:00:00,APP-00748>entrevista,synthetic,SYN-023330
PEV-05470,VAC-0096,ORG-S3,entrevista_programada,2026-04-08T10:00:00,SES-01317,synthetic,SYN-023331
PEV-05471,VAC-0096,ORG-S3,cambio_etapa,2026-04-08T14:00:00,APP-00750>entrevista,synthetic,SYN-023332
PEV-05472,VAC-0096,ORG-S3,entrevista_programada,2026-04-08T14:00:00,SES-01321,synthetic,SYN-023333
PEV-05473,VAC-0096,ORG-S3,cambio_etapa,2026-04-09T12:00:00,APP-00752>entrevista,synthetic,SYN-023334
PEV-05474,VAC-0096,ORG-S3,entrevista_programada,2026-04-09T12:00:00,SES-01324,synthetic,SYN-023335
PEV-05475,VAC-0096,ORG-S3,cambio_etapa,2026-04-09T14:00:00,APP-00749>entrevista,synthetic,SYN-023336
PEV-05476,VAC-0096,ORG-S3,entrevista_programada,2026-04-09T14:00:00,SES-01319,synthetic,SYN-023337
PEV-05477,VAC-0096,ORG-S3,evaluacion_realizada,2026-04-11T01:53:00,SES-01316,synthetic,SYN-023338
PEV-05478,VAC-0096,ORG-S3,evaluacion_realizada,2026-04-12T06:49:00,SES-01325,synthetic,SYN-023339
PEV-05479,VAC-0096,ORG-S3,evaluacion_realizada,2026-04-12T07:36:00,SES-01318,synthetic,SYN-023340
PEV-05480,VAC-0096,ORG-S3,entrevista_realizada,2026-04-20T19:00:00,SES-01321,synthetic,SYN-023341
PEV-05481,VAC-0096,ORG-S3,vacante_cerrada,2026-04-30T02:00:00,,synthetic,SYN-023342
PEV-05482,VAC-0097,ORG-S1,vacante_publicada,2026-05-30T15:44:00,,synthetic,SYN-023343
PEV-05483,VAC-0097,ORG-S1,postulacion_recibida,2026-05-31T04:23:00,APP-00767,synthetic,SYN-023344
PEV-05484,VAC-0097,ORG-S1,cambio_etapa,2026-05-31T04:23:00,APP-00767>recibida,synthetic,SYN-023345
PEV-05485,VAC-0097,ORG-S1,postulacion_recibida,2026-05-31T21:02:00,APP-00757,synthetic,SYN-023346
PEV-05486,VAC-0097,ORG-S1,cambio_etapa,2026-05-31T21:02:00,APP-00757>recibida,synthetic,SYN-023347
PEV-05487,VAC-0097,ORG-S1,cambio_etapa,2026-06-01T08:23:00,APP-00767>evaluacion,synthetic,SYN-023348
PEV-05488,VAC-0097,ORG-S1,evaluacion_programada,2026-06-01T08:23:00,SES-01348,synthetic,SYN-023349
PEV-05489,VAC-0097,ORG-S1,postulacion_recibida,2026-06-02T14:49:00,APP-00766,synthetic,SYN-023350
PEV-05490,VAC-0097,ORG-S1,cambio_etapa,2026-06-02T14:49:00,APP-00766>recibida,synthetic,SYN-023351
PEV-05491,VAC-0097,ORG-S1,postulacion_recibida,2026-06-02T19:28:00,APP-00765,synthetic,SYN-023352
PEV-05492,VAC-0097,ORG-S1,cambio_etapa,2026-06-02T19:28:00,APP-00765>recibida,synthetic,SYN-023353
PEV-05493,VAC-0097,ORG-S1,postulacion_recibida,2026-06-02T19:35:00,APP-00764,synthetic,SYN-023354
PEV-05494,VAC-0097,ORG-S1,cambio_etapa,2026-06-02T19:35:00,APP-00764>recibida,synthetic,SYN-023355
PEV-05495,VAC-0097,ORG-S1,postulacion_recibida,2026-06-03T10:17:00,APP-00761,synthetic,SYN-023356
PEV-05496,VAC-0097,ORG-S1,cambio_etapa,2026-06-03T10:17:00,APP-00761>recibida,synthetic,SYN-023357
PEV-05497,VAC-0097,ORG-S1,postulacion_recibida,2026-06-03T15:32:00,APP-00759,synthetic,SYN-023358
PEV-05498,VAC-0097,ORG-S1,cambio_etapa,2026-06-03T15:32:00,APP-00759>recibida,synthetic,SYN-023359
PEV-05499,VAC-0097,ORG-S1,postulacion_recibida,2026-06-03T18:06:00,APP-00760,synthetic,SYN-023360
PEV-05500,VAC-0097,ORG-S1,cambio_etapa,2026-06-03T18:06:00,APP-00760>recibida,synthetic,SYN-023361
PEV-05501,VAC-0097,ORG-S1,postulacion_recibida,2026-06-03T22:23:00,APP-00755,synthetic,SYN-023362
PEV-05502,VAC-0097,ORG-S1,cambio_etapa,2026-06-03T22:23:00,APP-00755>recibida,synthetic,SYN-023363
PEV-05503,VAC-0097,ORG-S1,cambio_etapa,2026-06-03T22:28:00,APP-00765>descartada,synthetic,SYN-023364
PEV-05504,VAC-0097,ORG-S1,cambio_etapa,2026-06-04T21:49:00,APP-00766>evaluacion,synthetic,SYN-023365
PEV-05505,VAC-0097,ORG-S1,evaluacion_programada,2026-06-04T21:49:00,SES-01346,synthetic,SYN-023366
PEV-05506,VAC-0097,ORG-S1,cambio_etapa,2026-06-05T04:02:00,APP-00757>evaluacion,synthetic,SYN-023367
PEV-05507,VAC-0097,ORG-S1,evaluacion_programada,2026-06-05T04:02:00,SES-01334,synthetic,SYN-023368
PEV-05508,VAC-0097,ORG-S1,postulacion_recibida,2026-06-05T08:13:00,APP-00758,synthetic,SYN-023369
PEV-05509,VAC-0097,ORG-S1,cambio_etapa,2026-06-05T08:13:00,APP-00758>recibida,synthetic,SYN-023370
PEV-05510,VAC-0097,ORG-S1,cambio_etapa,2026-06-05T14:17:00,APP-00761>evaluacion,synthetic,SYN-023371
PEV-05511,VAC-0097,ORG-S1,evaluacion_programada,2026-06-05T14:17:00,SES-01340,synthetic,SYN-023372
PEV-05512,VAC-0097,ORG-S1,postulacion_recibida,2026-06-06T15:02:00,APP-00763,synthetic,SYN-023373
PEV-05513,VAC-0097,ORG-S1,cambio_etapa,2026-06-06T15:02:00,APP-00763>recibida,synthetic,SYN-023374
PEV-05514,VAC-0097,ORG-S1,postulacion_recibida,2026-06-06T20:36:00,APP-00762,synthetic,SYN-023375
PEV-05515,VAC-0097,ORG-S1,cambio_etapa,2026-06-06T20:36:00,APP-00762>recibida,synthetic,SYN-023376
PEV-05516,VAC-0097,ORG-S1,cambio_etapa,2026-06-08T02:35:00,APP-00764>evaluacion,synthetic,SYN-023377
PEV-05517,VAC-0097,ORG-S1,evaluacion_programada,2026-06-08T02:35:00,SES-01344,synthetic,SYN-023378
PEV-05518,VAC-0097,ORG-S1,evaluacion_programada,2026-06-08T03:23:00,SES-01329,synthetic,SYN-023379
PEV-05519,VAC-0097,ORG-S1,cambio_etapa,2026-06-08T04:23:00,APP-00755>evaluacion,synthetic,SYN-023380
PEV-05520,VAC-0097,ORG-S1,evaluacion_programada,2026-06-08T04:23:00,SES-01328,synthetic,SYN-023381
PEV-05521,VAC-0097,ORG-S1,cambio_etapa,2026-06-08T16:32:00,APP-00759>evaluacion,synthetic,SYN-023382
PEV-05522,VAC-0097,ORG-S1,evaluacion_programada,2026-06-08T16:32:00,SES-01338,synthetic,SYN-023383
PEV-05523,VAC-0097,ORG-S1,evaluacion_realizada,2026-06-08T18:23:00,SES-01348,synthetic,SYN-023384
PEV-05524,VAC-0097,ORG-S1,cambio_etapa,2026-06-10T12:13:00,APP-00758>evaluacion,synthetic,SYN-023385
PEV-05525,VAC-0097,ORG-S1,evaluacion_programada,2026-06-10T12:13:00,SES-01336,synthetic,SYN-023386
PEV-05526,VAC-0097,ORG-S1,postulacion_recibida,2026-06-10T18:47:00,APP-00754,synthetic,SYN-023387
PEV-05527,VAC-0097,ORG-S1,cambio_etapa,2026-06-10T18:47:00,APP-00754>recibida,synthetic,SYN-023388
PEV-05528,VAC-0097,ORG-S1,cambio_etapa,2026-06-10T20:02:00,APP-00763>descartada,synthetic,SYN-023389
PEV-05529,VAC-0097,ORG-S1,cambio_etapa,2026-06-11T01:36:00,APP-00762>evaluacion,synthetic,SYN-023390
PEV-05530,VAC-0097,ORG-S1,evaluacion_programada,2026-06-11T01:36:00,SES-01342,synthetic,SYN-023391
PEV-05531,VAC-0097,ORG-S1,evaluacion_realizada,2026-06-11T02:49:00,SES-01346,synthetic,SYN-023392
PEV-05532,VAC-0097,ORG-S1,postulacion_recibida,2026-06-11T06:28:00,APP-00756,synthetic,SYN-023393
PEV-05533,VAC-0097,ORG-S1,cambio_etapa,2026-06-11T06:28:00,APP-00756>recibida,synthetic,SYN-023394
PEV-05534,VAC-0097,ORG-S1,cambio_etapa,2026-06-12T00:00:00,APP-00760>evaluacion,synthetic,SYN-023395
PEV-05535,VAC-0097,ORG-S1,evaluacion_programada,2026-06-12T00:00:00,SES-01332,synthetic,SYN-023396
PEV-05536,VAC-0097,ORG-S1,evaluacion_programada,2026-06-12T00:00:00,SES-01339,synthetic,SYN-023397
PEV-05537,VAC-0097,ORG-S1,cambio_etapa,2026-06-12T11:00:00,APP-00755>entrevista,synthetic,SYN-023398
PEV-05538,VAC-0097,ORG-S1,entrevista_programada,2026-06-12T11:00:00,SES-01330,synthetic,SYN-023399
PEV-05539,VAC-0097,ORG-S1,cambio_etapa,2026-06-12T15:00:00,APP-00758>entrevista,synthetic,SYN-023400
PEV-05540,VAC-0097,ORG-S1,entrevista_programada,2026-06-12T15:00:00,SES-01337,synthetic,SYN-023401
PEV-05541,VAC-0097,ORG-S1,cambio_etapa,2026-06-12T21:47:00,APP-00754>evaluacion,synthetic,SYN-023402
PEV-05542,VAC-0097,ORG-S1,evaluacion_programada,2026-06-12T21:47:00,SES-01326,synthetic,SYN-023403
PEV-05543,VAC-0097,ORG-S1,cambio_etapa,2026-06-13T06:28:00,APP-00756>evaluacion,synthetic,SYN-023404
PEV-05544,VAC-0097,ORG-S1,evaluacion_programada,2026-06-13T06:28:00,SES-01331,synthetic,SYN-023405
PEV-05545,VAC-0097,ORG-S1,cambio_etapa,2026-06-13T09:00:00,APP-00756>entrevista,synthetic,SYN-023406
PEV-05546,VAC-0097,ORG-S1,entrevista_programada,2026-06-13T09:00:00,SES-01333,synthetic,SYN-023407
PEV-05547,VAC-0097,ORG-S1,cambio_etapa,2026-06-13T12:00:00,APP-00764>entrevista,synthetic,SYN-023408
PEV-05548,VAC-0097,ORG-S1,entrevista_programada,2026-06-13T12:00:00,SES-01345,synthetic,SYN-023409
PEV-05549,VAC-0097,ORG-S1,cambio_etapa,2026-06-13T15:00:00,APP-00766>entrevista,synthetic,SYN-023410
PEV-05550,VAC-0097,ORG-S1,entrevista_programada,2026-06-13T15:00:00,SES-01347,synthetic,SYN-023411
PEV-05551,VAC-0097,ORG-S1,cambio_etapa,2026-06-14T11:00:00,APP-00754>entrevista,synthetic,SYN-023412
PEV-05552,VAC-0097,ORG-S1,entrevista_programada,2026-06-14T11:00:00,SES-01327,synthetic,SYN-023413
PEV-05553,VAC-0097,ORG-S1,cambio_etapa,2026-06-14T15:00:00,APP-00761>entrevista,synthetic,SYN-023414
PEV-05554,VAC-0097,ORG-S1,entrevista_programada,2026-06-14T15:00:00,SES-01341,synthetic,SYN-023415
PEV-05555,VAC-0097,ORG-S1,evaluacion_realizada,2026-06-15T18:17:00,SES-01340,synthetic,SYN-023416
PEV-05556,VAC-0097,ORG-S1,cambio_etapa,2026-06-17T12:00:00,APP-00767>entrevista,synthetic,SYN-023417
PEV-05557,VAC-0097,ORG-S1,entrevista_programada,2026-06-17T12:00:00,SES-01349,synthetic,SYN-023418
PEV-05558,VAC-0097,ORG-S1,cambio_etapa,2026-06-17T14:00:00,APP-00757>entrevista,synthetic,SYN-023419
PEV-05559,VAC-0097,ORG-S1,entrevista_programada,2026-06-17T14:00:00,SES-01335,synthetic,SYN-023420
PEV-05560,VAC-0097,ORG-S1,evaluacion_realizada,2026-06-17T14:23:00,SES-01328,synthetic,SYN-023421
PEV-05561,VAC-0097,ORG-S1,cambio_etapa,2026-06-18T10:00:00,APP-00762>entrevista,synthetic,SYN-023422
PEV-05562,VAC-0097,ORG-S1,entrevista_programada,2026-06-18T10:00:00,SES-01343,synthetic,SYN-023423
PEV-05563,VAC-0097,ORG-S1,entrevista_realizada,2026-06-19T14:00:00,SES-01330,synthetic,SYN-023424
PEV-05564,VAC-0097,ORG-S1,evaluacion_realizada,2026-06-20T12:02:00,SES-01334,synthetic,SYN-023425
PEV-05565,VAC-0097,ORG-S1,evaluacion_realizada,2026-06-21T16:28:00,SES-01331,synthetic,SYN-023426
PEV-05566,VAC-0097,ORG-S1,evaluacion_realizada,2026-06-21T17:32:00,SES-01338,synthetic,SYN-023427
PEV-05567,VAC-0097,ORG-S1,evaluacion_realizada,2026-06-22T07:00:00,SES-01332,synthetic,SYN-023428
PEV-05568,VAC-0097,ORG-S1,evaluacion_realizada,2026-06-22T13:23:00,SES-01329,synthetic,SYN-023429
PEV-05569,VAC-0097,ORG-S1,evaluacion_realizada,2026-06-22T15:13:00,SES-01336,synthetic,SYN-023430
PEV-05570,VAC-0097,ORG-S1,entrevista_realizada,2026-06-22T16:00:00,SES-01345,synthetic,SYN-023431
PEV-05571,VAC-0097,ORG-S1,evaluacion_realizada,2026-06-23T00:47:00,SES-01326,synthetic,SYN-023432
PEV-05572,VAC-0097,ORG-S1,evaluacion_realizada,2026-06-23T07:00:00,SES-01339,synthetic,SYN-023433
PEV-05573,VAC-0097,ORG-S1,evaluacion_realizada,2026-06-23T08:35:00,SES-01344,synthetic,SYN-023434
PEV-05574,VAC-0097,ORG-S1,entrevista_realizada,2026-06-23T22:00:00,SES-01337,synthetic,SYN-023435
PEV-05575,VAC-0097,ORG-S1,evaluacion_realizada,2026-06-25T08:36:00,SES-01342,synthetic,SYN-023436
PEV-05576,VAC-0097,ORG-S1,entrevista_realizada,2026-06-25T18:00:00,SES-01347,synthetic,SYN-023437
PEV-05577,VAC-0097,ORG-S1,entrevista_realizada,2026-06-27T14:00:00,SES-01349,synthetic,SYN-023438
PEV-05578,VAC-0097,ORG-S1,entrevista_realizada,2026-06-27T19:00:00,SES-01327,synthetic,SYN-023439
PEV-05579,VAC-0097,ORG-S1,entrevista_realizada,2026-06-27T19:00:00,SES-01341,synthetic,SYN-023440
PEV-05580,VAC-0097,ORG-S1,entrevista_realizada,2026-06-28T14:00:00,SES-01333,synthetic,SYN-023441
PEV-05581,VAC-0097,ORG-S1,entrevista_realizada,2026-06-30T18:00:00,SES-01343,synthetic,SYN-023442
PEV-05582,VAC-0097,ORG-S1,entrevista_realizada,2026-07-01T16:00:00,SES-01335,synthetic,SYN-023443
PEV-05583,VAC-0097,ORG-S1,vacante_cerrada,2026-07-09T00:00:00,,synthetic,SYN-023444
PEV-05584,VAC-0098,ORG-S2,vacante_publicada,2026-02-19T15:01:00,,synthetic,SYN-023445
PEV-05585,VAC-0098,ORG-S2,postulacion_recibida,2026-02-22T18:14:00,APP-00770,synthetic,SYN-023446
PEV-05586,VAC-0098,ORG-S2,cambio_etapa,2026-02-22T18:14:00,APP-00770>recibida,synthetic,SYN-023447
PEV-05587,VAC-0098,ORG-S2,postulacion_recibida,2026-02-22T22:52:00,APP-00768,synthetic,SYN-023448
PEV-05588,VAC-0098,ORG-S2,cambio_etapa,2026-02-22T22:52:00,APP-00768>recibida,synthetic,SYN-023449
PEV-05589,VAC-0098,ORG-S2,cambio_etapa,2026-02-23T21:14:00,APP-00770>evaluacion,synthetic,SYN-023450
PEV-05590,VAC-0098,ORG-S2,evaluacion_programada,2026-02-23T21:14:00,SES-01355,synthetic,SYN-023451
PEV-05591,VAC-0098,ORG-S2,postulacion_recibida,2026-02-25T14:14:00,APP-00775,synthetic,SYN-023452
PEV-05592,VAC-0098,ORG-S2,cambio_etapa,2026-02-25T14:14:00,APP-00775>recibida,synthetic,SYN-023453
PEV-05593,VAC-0098,ORG-S2,postulacion_recibida,2026-02-27T22:07:00,APP-00769,synthetic,SYN-023454
PEV-05594,VAC-0098,ORG-S2,cambio_etapa,2026-02-27T22:07:00,APP-00769>recibida,synthetic,SYN-023455
PEV-05595,VAC-0098,ORG-S2,cambio_etapa,2026-02-28T17:14:00,APP-00775>evaluacion,synthetic,SYN-023456
PEV-05596,VAC-0098,ORG-S2,evaluacion_programada,2026-02-28T17:14:00,SES-01363,synthetic,SYN-023457
PEV-05597,VAC-0098,ORG-S2,evaluacion_programada,2026-02-28T22:07:00,SES-01353,synthetic,SYN-023458
PEV-05598,VAC-0098,ORG-S2,postulacion_recibida,2026-03-01T04:40:00,APP-00771,synthetic,SYN-023459
PEV-05599,VAC-0098,ORG-S2,cambio_etapa,2026-03-01T04:40:00,APP-00771>recibida,synthetic,SYN-023460
PEV-05600,VAC-0098,ORG-S2,postulacion_recibida,2026-03-01T13:01:00,APP-00774,synthetic,SYN-023461
PEV-05601,VAC-0098,ORG-S2,cambio_etapa,2026-03-01T13:01:00,APP-00774>recibida,synthetic,SYN-023462
PEV-05602,VAC-0098,ORG-S2,cambio_etapa,2026-03-02T05:07:00,APP-00769>evaluacion,synthetic,SYN-023463
PEV-05603,VAC-0098,ORG-S2,evaluacion_programada,2026-03-02T05:07:00,SES-01352,synthetic,SYN-023464
PEV-05604,VAC-0098,ORG-S2,cambio_etapa,2026-03-03T10:40:00,APP-00771>evaluacion,synthetic,SYN-023465
PEV-05605,VAC-0098,ORG-S2,evaluacion_programada,2026-03-03T10:40:00,SES-01357,synthetic,SYN-023466
PEV-05606,VAC-0098,ORG-S2,cambio_etapa,2026-03-04T15:01:00,APP-00774>descartada,synthetic,SYN-023467
PEV-05607,VAC-0098,ORG-S2,evaluacion_realizada,2026-03-05T07:14:00,SES-01355,synthetic,SYN-023468
PEV-05608,VAC-0098,ORG-S2,postulacion_recibida,2026-03-05T21:28:00,APP-00772,synthetic,SYN-023469
PEV-05609,VAC-0098,ORG-S2,cambio_etapa,2026-03-05T21:28:00,APP-00772>recibida,synthetic,SYN-023470
PEV-05610,VAC-0098,ORG-S2,evaluacion_programada,2026-03-07T04:28:00,SES-01360,synthetic,SYN-023471
PEV-05611,VAC-0098,ORG-S2,postulacion_recibida,2026-03-07T06:37:00,APP-00776,synthetic,SYN-023472
PEV-05612,VAC-0098,ORG-S2,cambio_etapa,2026-03-07T06:37:00,APP-00776>recibida,synthetic,SYN-023473
PEV-05613,VAC-0098,ORG-S2,cambio_etapa,2026-03-08T13:37:00,APP-00776>evaluacion,synthetic,SYN-023474
PEV-05614,VAC-0098,ORG-S2,evaluacion_programada,2026-03-08T13:37:00,SES-01365,synthetic,SYN-023475
PEV-05615,VAC-0098,ORG-S2,postulacion_recibida,2026-03-08T20:46:00,APP-00773,synthetic,SYN-023476
PEV-05616,VAC-0098,ORG-S2,cambio_etapa,2026-03-08T20:46:00,APP-00773>recibida,synthetic,SYN-023477
PEV-05617,VAC-0098,ORG-S2,cambio_etapa,2026-03-09T21:46:00,APP-00773>evaluacion,synthetic,SYN-023478
PEV-05618,VAC-0098,ORG-S2,evaluacion_programada,2026-03-09T21:46:00,SES-01361,synthetic,SYN-023479
PEV-05619,VAC-0098,ORG-S2,cambio_etapa,2026-03-10T00:00:00,APP-00768>evaluacion,synthetic,SYN-023480
PEV-05620,VAC-0098,ORG-S2,evaluacion_programada,2026-03-10T00:00:00,SES-01350,synthetic,SYN-023481
PEV-05621,VAC-0098,ORG-S2,cambio_etapa,2026-03-10T10:00:00,APP-00768>entrevista,synthetic,SYN-023482
PEV-05622,VAC-0098,ORG-S2,entrevista_programada,2026-03-10T10:00:00,SES-01351,synthetic,SYN-023483
PEV-05623,VAC-0098,ORG-S2,cambio_etapa,2026-03-10T16:00:00,APP-00770>entrevista,synthetic,SYN-023484
PEV-05624,VAC-0098,ORG-S2,entrevista_programada,2026-03-10T16:00:00,SES-01356,synthetic,SYN-023485
PEV-05625,VAC-0098,ORG-S2,cambio_etapa,2026-03-11T01:28:00,APP-00772>evaluacion,synthetic,SYN-023486
PEV-05626,VAC-0098,ORG-S2,evaluacion_programada,2026-03-11T01:28:00,SES-01359,synthetic,SYN-023487
PEV-05627,VAC-0098,ORG-S2,cambio_etapa,2026-03-12T15:00:00,APP-00771>entrevista,synthetic,SYN-023488
PEV-05628,VAC-0098,ORG-S2,entrevista_programada,2026-03-12T15:00:00,SES-01358,synthetic,SYN-023489
PEV-05629,VAC-0098,ORG-S2,evaluacion_realizada,2026-03-12T19:40:00,SES-01357,synthetic,SYN-023490
PEV-05630,VAC-0098,ORG-S2,evaluacion_realizada,2026-03-13T03:07:00,SES-01353,synthetic,SYN-023491
PEV-05631,VAC-0098,ORG-S2,cambio_etapa,2026-03-13T11:00:00,APP-00769>entrevista,synthetic,SYN-023492
PEV-05632,VAC-0098,ORG-S2,entrevista_programada,2026-03-13T11:00:00,SES-01354,synthetic,SYN-023493
PEV-05633,VAC-0098,ORG-S2,cambio_etapa,2026-03-14T17:00:00,APP-00775>entrevista,synthetic,SYN-023494
PEV-05634,VAC-0098,ORG-S2,entrevista_programada,2026-03-14T17:00:00,SES-01364,synthetic,SYN-023495
PEV-05635,VAC-0098,ORG-S2,evaluacion_realizada,2026-03-14T21:14:00,SES-01363,synthetic,SYN-023496
PEV-05636,VAC-0098,ORG-S2,cambio_etapa,2026-03-15T10:00:00,APP-00773>entrevista,synthetic,SYN-023497
PEV-05637,VAC-0098,ORG-S2,entrevista_programada,2026-03-15T10:00:00,SES-01362,synthetic,SYN-023498
PEV-05638,VAC-0098,ORG-S2,cambio_etapa,2026-03-15T12:00:00,APP-00776>entrevista,synthetic,SYN-023499
PEV-05639,VAC-0098,ORG-S2,entrevista_programada,2026-03-15T12:00:00,SES-01366,synthetic,SYN-023500
PEV-05640,VAC-0098,ORG-S2,evaluacion_realizada,2026-03-15T16:37:00,SES-01365,synthetic,SYN-023501
PEV-05641,VAC-0098,ORG-S2,entrevista_realizada,2026-03-15T22:00:00,SES-01356,synthetic,SYN-023502
PEV-05642,VAC-0098,ORG-S2,evaluacion_realizada,2026-03-21T03:46:00,SES-01361,synthetic,SYN-023503
PEV-05643,VAC-0098,ORG-S2,entrevista_realizada,2026-03-21T15:00:00,SES-01351,synthetic,SYN-023504
PEV-05644,VAC-0098,ORG-S2,entrevista_realizada,2026-03-21T15:00:00,SES-01362,synthetic,SYN-023505
PEV-05645,VAC-0098,ORG-S2,evaluacion_realizada,2026-03-23T09:28:00,SES-01360,synthetic,SYN-023506
PEV-05646,VAC-0098,ORG-S2,evaluacion_realizada,2026-03-24T10:28:00,SES-01359,synthetic,SYN-023507
PEV-05647,VAC-0098,ORG-S2,entrevista_realizada,2026-03-25T20:00:00,SES-01354,synthetic,SYN-023508
PEV-05648,VAC-0098,ORG-S2,entrevista_realizada,2026-03-25T20:00:00,SES-01366,synthetic,SYN-023509
PEV-05649,VAC-0098,ORG-S2,entrevista_realizada,2026-03-25T22:00:00,SES-01358,synthetic,SYN-023510
PEV-05650,VAC-0098,ORG-S2,entrevista_realizada,2026-03-27T21:00:00,SES-01364,synthetic,SYN-023511
PEV-05651,VAC-0098,ORG-S2,vacante_cerrada,2026-04-04T00:00:00,,synthetic,SYN-023512
PEV-05652,VAC-0099,ORG-S3,vacante_publicada,2026-05-11T12:25:00,,synthetic,SYN-023513
PEV-05653,VAC-0099,ORG-S3,postulacion_recibida,2026-05-15T19:47:00,APP-00779,synthetic,SYN-023514
PEV-05654,VAC-0099,ORG-S3,cambio_etapa,2026-05-15T19:47:00,APP-00779>recibida,synthetic,SYN-023515
PEV-05655,VAC-0099,ORG-S3,postulacion_recibida,2026-05-15T22:31:00,APP-00778,synthetic,SYN-023516
PEV-05656,VAC-0099,ORG-S3,cambio_etapa,2026-05-15T22:31:00,APP-00778>recibida,synthetic,SYN-023517
PEV-05657,VAC-0099,ORG-S3,cambio_etapa,2026-05-18T21:47:00,APP-00779>evaluacion,synthetic,SYN-023518
PEV-05658,VAC-0099,ORG-S3,evaluacion_programada,2026-05-18T21:47:00,SES-01372,synthetic,SYN-023519
PEV-05659,VAC-0099,ORG-S3,cambio_etapa,2026-05-19T00:31:00,APP-00778>evaluacion,synthetic,SYN-023520
PEV-05660,VAC-0099,ORG-S3,evaluacion_programada,2026-05-19T00:31:00,SES-01369,synthetic,SYN-023521
PEV-05661,VAC-0099,ORG-S3,postulacion_recibida,2026-05-19T21:53:00,APP-00777,synthetic,SYN-023522
PEV-05662,VAC-0099,ORG-S3,cambio_etapa,2026-05-19T21:53:00,APP-00777>recibida,synthetic,SYN-023523
PEV-05663,VAC-0099,ORG-S3,cambio_etapa,2026-05-21T02:53:00,APP-00777>evaluacion,synthetic,SYN-023524
PEV-05664,VAC-0099,ORG-S3,evaluacion_programada,2026-05-21T02:53:00,SES-01367,synthetic,SYN-023525
PEV-05665,VAC-0099,ORG-S3,evaluacion_programada,2026-05-21T06:31:00,SES-01370,synthetic,SYN-023526
PEV-05666,VAC-0099,ORG-S3,cambio_etapa,2026-05-23T10:00:00,APP-00777>entrevista,synthetic,SYN-023527
PEV-05667,VAC-0099,ORG-S3,entrevista_programada,2026-05-23T10:00:00,SES-01368,synthetic,SYN-023528
PEV-05668,VAC-0099,ORG-S3,evaluacion_realizada,2026-05-26T10:53:00,SES-01367,synthetic,SYN-023529
PEV-05669,VAC-0099,ORG-S3,cambio_etapa,2026-05-26T12:00:00,APP-00778>entrevista,synthetic,SYN-023530
PEV-05670,VAC-0099,ORG-S3,entrevista_programada,2026-05-26T12:00:00,SES-01371,synthetic,SYN-023531
PEV-05671,VAC-0099,ORG-S3,evaluacion_realizada,2026-05-31T03:31:00,SES-01369,synthetic,SYN-023532
PEV-05672,VAC-0099,ORG-S3,evaluacion_realizada,2026-06-01T00:47:00,SES-01372,synthetic,SYN-023533
PEV-05673,VAC-0099,ORG-S3,evaluacion_realizada,2026-06-02T12:31:00,SES-01370,synthetic,SYN-023534
PEV-05674,VAC-0099,ORG-S3,entrevista_realizada,2026-06-09T16:00:00,SES-01368,synthetic,SYN-023535
PEV-05675,VAC-0099,ORG-S3,vacante_cerrada,2026-06-15T17:00:00,,synthetic,SYN-023536
PEV-05676,VAC-0100,ORG-S1,vacante_publicada,2026-03-22T09:48:00,,synthetic,SYN-023537
PEV-05677,VAC-0100,ORG-S1,postulacion_recibida,2026-03-26T03:49:00,APP-00784,synthetic,SYN-023538
PEV-05678,VAC-0100,ORG-S1,cambio_etapa,2026-03-26T03:49:00,APP-00784>recibida,synthetic,SYN-023539
PEV-05679,VAC-0100,ORG-S1,postulacion_recibida,2026-03-26T06:39:00,APP-00785,synthetic,SYN-023540
PEV-05680,VAC-0100,ORG-S1,cambio_etapa,2026-03-26T06:39:00,APP-00785>recibida,synthetic,SYN-023541
PEV-05681,VAC-0100,ORG-S1,postulacion_recibida,2026-03-26T10:49:00,APP-00783,synthetic,SYN-023542
PEV-05682,VAC-0100,ORG-S1,cambio_etapa,2026-03-26T10:49:00,APP-00783>recibida,synthetic,SYN-023543
PEV-05683,VAC-0100,ORG-S1,evaluacion_programada,2026-03-27T04:49:00,SES-01383,synthetic,SYN-023544
PEV-05684,VAC-0100,ORG-S1,cambio_etapa,2026-03-28T04:49:00,APP-00784>evaluacion,synthetic,SYN-023545
PEV-05685,VAC-0100,ORG-S1,evaluacion_programada,2026-03-28T04:49:00,SES-01382,synthetic,SYN-023546
PEV-05686,VAC-0100,ORG-S1,cambio_etapa,2026-03-28T08:39:00,APP-00785>evaluacion,synthetic,SYN-023547
PEV-05687,VAC-0100,ORG-S1,evaluacion_programada,2026-03-28T08:39:00,SES-01385,synthetic,SYN-023548
PEV-05688,VAC-0100,ORG-S1,postulacion_recibida,2026-03-28T16:15:00,APP-00781,synthetic,SYN-023549
PEV-05689,VAC-0100,ORG-S1,cambio_etapa,2026-03-28T16:15:00,APP-00781>recibida,synthetic,SYN-023550
PEV-05690,VAC-0100,ORG-S1,cambio_etapa,2026-03-28T17:49:00,APP-00783>evaluacion,synthetic,SYN-023551
PEV-05691,VAC-0100,ORG-S1,evaluacion_programada,2026-03-28T17:49:00,SES-01379,synthetic,SYN-023552
PEV-05692,VAC-0100,ORG-S1,postulacion_recibida,2026-03-30T09:39:00,APP-00780,synthetic,SYN-023553
PEV-05693,VAC-0100,ORG-S1,cambio_etapa,2026-03-30T09:39:00,APP-00780>recibida,synthetic,SYN-023554
PEV-05694,VAC-0100,ORG-S1,evaluacion_programada,2026-03-30T18:49:00,SES-01380,synthetic,SYN-023555
PEV-05695,VAC-0100,ORG-S1,postulacion_recibida,2026-03-31T11:46:00,APP-00782,synthetic,SYN-023556
PEV-05696,VAC-0100,ORG-S1,cambio_etapa,2026-03-31T11:46:00,APP-00782>recibida,synthetic,SYN-023557
PEV-05697,VAC-0100,ORG-S1,cambio_etapa,2026-03-31T21:15:00,APP-00781>evaluacion,synthetic,SYN-023558
PEV-05698,VAC-0100,ORG-S1,evaluacion_programada,2026-03-31T21:15:00,SES-01375,synthetic,SYN-023559
PEV-05699,VAC-0100,ORG-S1,cambio_etapa,2026-04-01T10:00:00,APP-00783>entrevista,synthetic,SYN-023560
PEV-05700,VAC-0100,ORG-S1,entrevista_programada,2026-04-01T10:00:00,SES-01381,synthetic,SYN-023561
PEV-05701,VAC-0100,ORG-S1,cambio_etapa,2026-04-01T10:39:00,APP-00780>evaluacion,synthetic,SYN-023562
PEV-05702,VAC-0100,ORG-S1,evaluacion_programada,2026-04-01T10:39:00,SES-01373,synthetic,SYN-023563
PEV-05703,VAC-0100,ORG-S1,cambio_etapa,2026-04-02T14:00:00,APP-00785>entrevista,synthetic,SYN-023564
PEV-05704,VAC-0100,ORG-S1,entrevista_programada,2026-04-02T14:00:00,SES-01386,synthetic,SYN-023565
PEV-05705,VAC-0100,ORG-S1,evaluacion_realizada,2026-04-02T14:49:00,SES-01382,synthetic,SYN-023566
PEV-05706,VAC-0100,ORG-S1,evaluacion_realizada,2026-04-03T14:39:00,SES-01385,synthetic,SYN-023567
PEV-05707,VAC-0100,ORG-S1,cambio_etapa,2026-04-04T09:00:00,APP-00782>entrevista,synthetic,SYN-023568
PEV-05708,VAC-0100,ORG-S1,entrevista_programada,2026-04-04T09:00:00,SES-01378,synthetic,SYN-023569
PEV-05709,VAC-0100,ORG-S1,cambio_etapa,2026-04-04T17:46:00,APP-00782>evaluacion,synthetic,SYN-023570
PEV-05710,VAC-0100,ORG-S1,evaluacion_programada,2026-04-04T17:46:00,SES-01377,synthetic,SYN-023571
PEV-05711,VAC-0100,ORG-S1,cambio_etapa,2026-04-06T09:00:00,APP-00780>entrevista,synthetic,SYN-023572
PEV-05712,VAC-0100,ORG-S1,entrevista_programada,2026-04-06T09:00:00,SES-01374,synthetic,SYN-023573
PEV-05713,VAC-0100,ORG-S1,evaluacion_realizada,2026-04-06T13:49:00,SES-01383,synthetic,SYN-023574
PEV-05714,VAC-0100,ORG-S1,cambio_etapa,2026-04-07T15:00:00,APP-00784>entrevista,synthetic,SYN-023575
PEV-05715,VAC-0100,ORG-S1,entrevista_programada,2026-04-07T15:00:00,SES-01384,synthetic,SYN-023576
PEV-05716,VAC-0100,ORG-S1,cambio_etapa,2026-04-07T16:00:00,APP-00781>entrevista,synthetic,SYN-023577
PEV-05717,VAC-0100,ORG-S1,entrevista_programada,2026-04-07T16:00:00,SES-01376,synthetic,SYN-023578
PEV-05718,VAC-0100,ORG-S1,evaluacion_realizada,2026-04-09T23:49:00,SES-01379,synthetic,SYN-023579
PEV-05719,VAC-0100,ORG-S1,evaluacion_realizada,2026-04-11T03:15:00,SES-01375,synthetic,SYN-023580
PEV-05720,VAC-0100,ORG-S1,evaluacion_realizada,2026-04-12T23:49:00,SES-01380,synthetic,SYN-023581
PEV-05721,VAC-0100,ORG-S1,entrevista_realizada,2026-04-13T17:00:00,SES-01378,synthetic,SYN-023582
PEV-05722,VAC-0100,ORG-S1,evaluacion_realizada,2026-04-13T20:39:00,SES-01373,synthetic,SYN-023583
PEV-05723,VAC-0100,ORG-S1,entrevista_realizada,2026-04-16T14:00:00,SES-01374,synthetic,SYN-023584
PEV-05724,VAC-0100,ORG-S1,entrevista_realizada,2026-04-17T19:00:00,SES-01386,synthetic,SYN-023585
PEV-05725,VAC-0100,ORG-S1,evaluacion_realizada,2026-04-19T00:46:00,SES-01377,synthetic,SYN-023586
PEV-05726,VAC-0100,ORG-S1,entrevista_realizada,2026-04-19T20:00:00,SES-01376,synthetic,SYN-023587
PEV-05727,VAC-0100,ORG-S1,entrevista_realizada,2026-04-20T22:00:00,SES-01384,synthetic,SYN-023588
PEV-05728,VAC-0100,ORG-S1,vacante_cerrada,2026-04-26T00:00:00,,synthetic,SYN-023589
PEV-05729,VAC-0101,ORG-S2,vacante_publicada,2026-07-08T13:58:00,,synthetic,SYN-023590
PEV-05730,VAC-0101,ORG-S2,postulacion_recibida,2026-07-09T08:38:00,APP-00792,synthetic,SYN-023591
PEV-05731,VAC-0101,ORG-S2,cambio_etapa,2026-07-09T08:38:00,APP-00792>recibida,synthetic,SYN-023592
PEV-05732,VAC-0101,ORG-S2,postulacion_recibida,2026-07-09T19:43:00,APP-00798,synthetic,SYN-023593
PEV-05733,VAC-0101,ORG-S2,cambio_etapa,2026-07-09T19:43:00,APP-00798>recibida,synthetic,SYN-023594
PEV-05734,VAC-0101,ORG-S2,postulacion_recibida,2026-07-10T07:30:00,APP-00789,synthetic,SYN-023595
PEV-05735,VAC-0101,ORG-S2,cambio_etapa,2026-07-10T07:30:00,APP-00789>recibida,synthetic,SYN-023596
PEV-05736,VAC-0101,ORG-S2,postulacion_recibida,2026-07-10T11:36:00,APP-00794,synthetic,SYN-023597
PEV-05737,VAC-0101,ORG-S2,cambio_etapa,2026-07-10T11:36:00,APP-00794>recibida,synthetic,SYN-023598
PEV-05738,VAC-0101,ORG-S2,cambio_etapa,2026-07-12T15:36:00,APP-00794>evaluacion,synthetic,SYN-023599
PEV-05739,VAC-0101,ORG-S2,evaluacion_programada,2026-07-12T15:36:00,SES-01401,synthetic,SYN-023600
PEV-05740,VAC-0101,ORG-S2,postulacion_recibida,2026-07-12T20:09:00,APP-00793,synthetic,SYN-023601
PEV-05741,VAC-0101,ORG-S2,cambio_etapa,2026-07-12T20:09:00,APP-00793>recibida,synthetic,SYN-023602
PEV-05742,VAC-0101,ORG-S2,cambio_etapa,2026-07-14T10:38:00,APP-00792>evaluacion,synthetic,SYN-023603
PEV-05743,VAC-0101,ORG-S2,evaluacion_programada,2026-07-14T10:38:00,SES-01397,synthetic,SYN-023604
PEV-05744,VAC-0101,ORG-S2,cambio_etapa,2026-07-17T23:09:00,APP-00793>evaluacion,synthetic,SYN-023605
PEV-05745,VAC-0101,ORG-S2,evaluacion_programada,2026-07-17T23:09:00,SES-01399,synthetic,SYN-023606
PEV-05746,VAC-0101,ORG-S2,postulacion_recibida,2026-07-18T17:07:00,APP-00797,synthetic,SYN-023607
PEV-05747,VAC-0101,ORG-S2,cambio_etapa,2026-07-18T17:07:00,APP-00797>recibida,synthetic,SYN-023608
PEV-05748,VAC-0101,ORG-S2,postulacion_recibida,2026-07-19T11:49:00,APP-00788,synthetic,SYN-023609
PEV-05749,VAC-0101,ORG-S2,cambio_etapa,2026-07-19T11:49:00,APP-00788>recibida,synthetic,SYN-023610
PEV-05750,VAC-0101,ORG-S2,postulacion_recibida,2026-07-20T15:43:00,APP-00796,synthetic,SYN-023611
PEV-05751,VAC-0101,ORG-S2,cambio_etapa,2026-07-20T15:43:00,APP-00796>recibida,synthetic,SYN-023612
PEV-05752,VAC-0101,ORG-S2,postulacion_recibida,2026-07-21T10:02:00,APP-00791,synthetic,SYN-023613
PEV-05753,VAC-0101,ORG-S2,cambio_etapa,2026-07-21T10:02:00,APP-00791>recibida,synthetic,SYN-023614
PEV-05754,VAC-0101,ORG-S2,cambio_etapa,2026-07-21T18:07:00,APP-00797>evaluacion,synthetic,SYN-023615
PEV-05755,VAC-0101,ORG-S2,evaluacion_programada,2026-07-21T18:07:00,SES-01405,synthetic,SYN-023616
PEV-05756,VAC-0101,ORG-S2,postulacion_recibida,2026-07-24T01:05:00,APP-00787,synthetic,SYN-023617
PEV-05757,VAC-0101,ORG-S2,cambio_etapa,2026-07-24T01:05:00,APP-00787>recibida,synthetic,SYN-023618
PEV-05758,VAC-0101,ORG-S2,cambio_etapa,2026-07-24T12:49:00,APP-00788>evaluacion,synthetic,SYN-023619
PEV-05759,VAC-0101,ORG-S2,evaluacion_programada,2026-07-24T12:49:00,SES-01389,synthetic,SYN-023620
PEV-05760,VAC-0101,ORG-S2,evaluacion_realizada,2026-07-24T21:36:00,SES-01401,synthetic,SYN-023621
PEV-05761,VAC-0101,ORG-S2,cambio_etapa,2026-07-24T21:43:00,APP-00796>descartada,synthetic,SYN-023622
PEV-05762,VAC-0101,ORG-S2,cambio_etapa,2026-07-26T03:05:00,APP-00787>evaluacion,synthetic,SYN-023623
PEV-05763,VAC-0101,ORG-S2,evaluacion_programada,2026-07-26T03:05:00,SES-01388,synthetic,SYN-023624
PEV-05764,VAC-0101,ORG-S2,postulacion_recibida,2026-07-26T13:56:00,APP-00799,synthetic,SYN-023625
PEV-05765,VAC-0101,ORG-S2,cambio_etapa,2026-07-26T13:56:00,APP-00799>recibida,synthetic,SYN-023626
PEV-05766,VAC-0101,ORG-S2,cambio_etapa,2026-07-26T18:02:00,APP-00791>evaluacion,synthetic,SYN-023627
PEV-05767,VAC-0101,ORG-S2,evaluacion_programada,2026-07-26T18:02:00,SES-01394,synthetic,SYN-023628
PEV-05768,VAC-0101,ORG-S2,evaluacion_realizada,2026-07-27T08:09:00,SES-01399,synthetic,SYN-023629
PEV-05769,VAC-0101,ORG-S2,postulacion_recibida,2026-07-28T06:27:00,APP-00795,synthetic,SYN-023630
PEV-05770,VAC-0101,ORG-S2,cambio_etapa,2026-07-28T06:27:00,APP-00795>recibida,synthetic,SYN-023631
PEV-05771,VAC-0101,ORG-S2,postulacion_recibida,2026-07-28T13:19:00,APP-00790,synthetic,SYN-023632
PEV-05772,VAC-0101,ORG-S2,cambio_etapa,2026-07-28T13:19:00,APP-00790>recibida,synthetic,SYN-023633
PEV-05773,VAC-0101,ORG-S2,cambio_etapa,2026-07-28T17:56:00,APP-00799>evaluacion,synthetic,SYN-023634
PEV-05774,VAC-0101,ORG-S2,evaluacion_programada,2026-07-28T17:56:00,SES-01409,synthetic,SYN-023635
PEV-05775,VAC-0101,ORG-S2,postulacion_recibida,2026-07-28T20:19:00,APP-00786,synthetic,SYN-023636
PEV-05776,VAC-0101,ORG-S2,cambio_etapa,2026-07-28T20:19:00,APP-00786>recibida,synthetic,SYN-023637
PEV-05777,VAC-0101,ORG-S2,cambio_etapa,2026-07-29T00:00:00,APP-00789>evaluacion,synthetic,SYN-023638
PEV-05778,VAC-0101,ORG-S2,cambio_etapa,2026-07-29T00:00:00,APP-00798>evaluacion,synthetic,SYN-023639
PEV-05779,VAC-0101,ORG-S2,evaluacion_programada,2026-07-29T00:00:00,SES-01391,synthetic,SYN-023640
PEV-05780,VAC-0101,ORG-S2,evaluacion_programada,2026-07-29T00:00:00,SES-01395,synthetic,SYN-023641
PEV-05781,VAC-0101,ORG-S2,evaluacion_programada,2026-07-29T00:00:00,SES-01406,synthetic,SYN-023642
PEV-05782,VAC-0101,ORG-S2,evaluacion_programada,2026-07-29T00:00:00,SES-01407,synthetic,SYN-023643
PEV-05783,VAC-0101,ORG-S2,cambio_etapa,2026-07-29T15:00:00,APP-00793>entrevista,synthetic,SYN-023644
PEV-05784,VAC-0101,ORG-S2,entrevista_programada,2026-07-29T15:00:00,SES-01400,synthetic,SYN-023645
PEV-05785,VAC-0101,ORG-S2,cambio_etapa,2026-07-30T04:19:00,APP-00786>evaluacion,synthetic,SYN-023646
PEV-05786,VAC-0101,ORG-S2,evaluacion_programada,2026-07-30T04:19:00,SES-01387,synthetic,SYN-023647
PEV-05787,VAC-0101,ORG-S2,cambio_etapa,2026-07-30T12:27:00,APP-00795>evaluacion,synthetic,SYN-023648
PEV-05788,VAC-0101,ORG-S2,evaluacion_programada,2026-07-30T12:27:00,SES-01403,synthetic,SYN-023649
PEV-05789,VAC-0101,ORG-S2,cambio_etapa,2026-07-30T13:00:00,APP-00795>entrevista,synthetic,SYN-023650
PEV-05790,VAC-0101,ORG-S2,entrevista_programada,2026-07-30T13:00:00,SES-01404,synthetic,SYN-023651
PEV-05791,VAC-0101,ORG-S2,cambio_etapa,2026-07-30T15:00:00,APP-00798>entrevista,synthetic,SYN-023652
PEV-05792,VAC-0101,ORG-S2,entrevista_programada,2026-07-30T15:00:00,SES-01408,synthetic,SYN-023653
PEV-05793,VAC-0101,ORG-S2,cambio_etapa,2026-07-31T09:00:00,APP-00788>entrevista,synthetic,SYN-023654
PEV-05794,VAC-0101,ORG-S2,entrevista_programada,2026-07-31T09:00:00,SES-01390,synthetic,SYN-023655
PEV-05795,VAC-0101,ORG-S2,cambio_etapa,2026-07-31T14:00:00,APP-00794>entrevista,synthetic,SYN-023656
PEV-05796,VAC-0101,ORG-S2,entrevista_programada,2026-07-31T14:00:00,SES-01402,synthetic,SYN-023657
PEV-05797,VAC-0101,ORG-S2,cambio_etapa,2026-08-02T13:00:00,APP-00791>entrevista,synthetic,SYN-023658
PEV-05798,VAC-0101,ORG-S2,entrevista_programada,2026-08-02T13:00:00,SES-01396,synthetic,SYN-023659
PEV-05799,VAC-0101,ORG-S2,cambio_etapa,2026-08-02T13:19:00,APP-00790>evaluacion,synthetic,SYN-023660
PEV-05800,VAC-0101,ORG-S2,evaluacion_programada,2026-08-02T13:19:00,SES-01392,synthetic,SYN-023661
PEV-05801,VAC-0101,ORG-S2,evaluacion_realizada,2026-08-02T18:38:00,SES-01397,synthetic,SYN-023662
PEV-05802,VAC-0101,ORG-S2,cambio_etapa,2026-08-03T09:00:00,APP-00790>entrevista,synthetic,SYN-023663
PEV-05803,VAC-0101,ORG-S2,entrevista_programada,2026-08-03T09:00:00,SES-01393,synthetic,SYN-023664
PEV-05804,VAC-0101,ORG-S2,cambio_etapa,2026-08-03T16:00:00,APP-00792>entrevista,synthetic,SYN-023665
PEV-05805,VAC-0101,ORG-S2,entrevista_programada,2026-08-03T16:00:00,SES-01398,synthetic,SYN-023666
PEV-05806,VAC-0101,ORG-S2,entrevista_realizada,2026-08-03T16:00:00,SES-01400,synthetic,SYN-023667
PEV-05807,VAC-0101,ORG-S2,evaluacion_realizada,2026-08-03T22:02:00,SES-01394,synthetic,SYN-023668
PEV-05808,VAC-0101,ORG-S2,evaluacion_realizada,2026-08-04T10:00:00,SES-01391,synthetic,SYN-023669
PEV-05809,VAC-0101,ORG-S2,evaluacion_realizada,2026-08-05T06:05:00,SES-01388,synthetic,SYN-023670
PEV-05810,VAC-0101,ORG-S2,evaluacion_realizada,2026-08-05T18:49:00,SES-01389,synthetic,SYN-023671
PEV-05811,VAC-0101,ORG-S2,evaluacion_realizada,2026-08-06T05:00:00,SES-01395,synthetic,SYN-023672
PEV-05812,VAC-0101,ORG-S2,evaluacion_realizada,2026-08-07T14:27:00,SES-01403,synthetic,SYN-023673
PEV-05813,VAC-0101,ORG-S2,evaluacion_realizada,2026-08-08T00:07:00,SES-01405,synthetic,SYN-023674
PEV-05814,VAC-0101,ORG-S2,entrevista_realizada,2026-08-08T01:00:00,SES-01408,synthetic,SYN-023675
PEV-05815,VAC-0101,ORG-S2,entrevista_realizada,2026-08-11T01:00:00,SES-01402,synthetic,SYN-023676
PEV-05816,VAC-0101,ORG-S2,evaluacion_realizada,2026-08-11T06:00:00,SES-01407,synthetic,SYN-023677
PEV-05817,VAC-0101,ORG-S2,entrevista_realizada,2026-08-11T17:00:00,SES-01404,synthetic,SYN-023678
PEV-05818,VAC-0101,ORG-S2,entrevista_realizada,2026-08-11T19:00:00,SES-01393,synthetic,SYN-023679
PEV-05819,VAC-0101,ORG-S2,evaluacion_realizada,2026-08-12T03:00:00,SES-01406,synthetic,SYN-023680
PEV-05820,VAC-0101,ORG-S2,evaluacion_realizada,2026-08-12T14:19:00,SES-01387,synthetic,SYN-023681
PEV-05821,VAC-0101,ORG-S2,evaluacion_realizada,2026-08-14T14:19:00,SES-01392,synthetic,SYN-023682
PEV-05822,VAC-0101,ORG-S2,entrevista_realizada,2026-08-15T14:00:00,SES-01390,synthetic,SYN-023683
PEV-05823,VAC-0101,ORG-S2,entrevista_realizada,2026-08-16T19:00:00,SES-01398,synthetic,SYN-023684
PEV-05824,VAC-0101,ORG-S2,entrevista_realizada,2026-08-17T21:00:00,SES-01396,synthetic,SYN-023685
PEV-05825,VAC-0101,ORG-S2,vacante_cerrada,2026-08-29T04:00:00,,synthetic,SYN-023686
PEV-05826,VAC-0102,ORG-S3,vacante_publicada,2026-06-24T17:24:00,,synthetic,SYN-023687
PEV-05827,VAC-0102,ORG-S3,postulacion_recibida,2026-06-27T21:28:00,APP-00806,synthetic,SYN-023688
PEV-05828,VAC-0102,ORG-S3,cambio_etapa,2026-06-27T21:28:00,APP-00806>recibida,synthetic,SYN-023689
PEV-05829,VAC-0102,ORG-S3,postulacion_recibida,2026-06-28T16:42:00,APP-00802,synthetic,SYN-023690
PEV-05830,VAC-0102,ORG-S3,cambio_etapa,2026-06-28T16:42:00,APP-00802>recibida,synthetic,SYN-023691
PEV-05831,VAC-0102,ORG-S3,cambio_etapa,2026-06-29T03:28:00,APP-00806>evaluacion,synthetic,SYN-023692
PEV-05832,VAC-0102,ORG-S3,evaluacion_programada,2026-06-29T03:28:00,SES-01421,synthetic,SYN-023693
PEV-05833,VAC-0102,ORG-S3,postulacion_recibida,2026-06-29T17:35:00,APP-00803,synthetic,SYN-023694
PEV-05834,VAC-0102,ORG-S3,cambio_etapa,2026-06-29T17:35:00,APP-00803>recibida,synthetic,SYN-023695
PEV-05835,VAC-0102,ORG-S3,cambio_etapa,2026-07-01T17:35:00,APP-00803>evaluacion,synthetic,SYN-023696
PEV-05836,VAC-0102,ORG-S3,evaluacion_programada,2026-07-01T17:35:00,SES-01415,synthetic,SYN-023697
PEV-05837,VAC-0102,ORG-S3,cambio_etapa,2026-07-01T22:42:00,APP-00802>evaluacion,synthetic,SYN-023698
PEV-05838,VAC-0102,ORG-S3,evaluacion_programada,2026-07-01T22:42:00,SES-01414,synthetic,SYN-023699
PEV-05839,VAC-0102,ORG-S3,postulacion_recibida,2026-07-02T02:47:00,APP-00807,synthetic,SYN-023700
PEV-05840,VAC-0102,ORG-S3,cambio_etapa,2026-07-02T02:47:00,APP-00807>recibida,synthetic,SYN-023701
PEV-05841,VAC-0102,ORG-S3,postulacion_recibida,2026-07-02T16:00:00,APP-00801,synthetic,SYN-023702
PEV-05842,VAC-0102,ORG-S3,cambio_etapa,2026-07-02T16:00:00,APP-00801>recibida,synthetic,SYN-023703
PEV-05843,VAC-0102,ORG-S3,cambio_etapa,2026-07-05T04:47:00,APP-00807>evaluacion,synthetic,SYN-023704
PEV-05844,VAC-0102,ORG-S3,evaluacion_programada,2026-07-05T04:47:00,SES-01423,synthetic,SYN-023705
PEV-05845,VAC-0102,ORG-S3,postulacion_recibida,2026-07-05T09:20:00,APP-00800,synthetic,SYN-023706
PEV-05846,VAC-0102,ORG-S3,cambio_etapa,2026-07-05T09:20:00,APP-00800>recibida,synthetic,SYN-023707
PEV-05847,VAC-0102,ORG-S3,cambio_etapa,2026-07-06T09:20:00,APP-00800>evaluacion,synthetic,SYN-023708
PEV-05848,VAC-0102,ORG-S3,evaluacion_programada,2026-07-06T09:20:00,SES-01410,synthetic,SYN-023709
PEV-05849,VAC-0102,ORG-S3,postulacion_recibida,2026-07-06T11:40:00,APP-00804,synthetic,SYN-023710
PEV-05850,VAC-0102,ORG-S3,cambio_etapa,2026-07-06T11:40:00,APP-00804>recibida,synthetic,SYN-023711
PEV-05851,VAC-0102,ORG-S3,postulacion_recibida,2026-07-06T16:44:00,APP-00805,synthetic,SYN-023712
PEV-05852,VAC-0102,ORG-S3,cambio_etapa,2026-07-06T16:44:00,APP-00805>recibida,synthetic,SYN-023713
PEV-05853,VAC-0102,ORG-S3,cambio_etapa,2026-07-06T19:00:00,APP-00801>evaluacion,synthetic,SYN-023714
PEV-05854,VAC-0102,ORG-S3,evaluacion_programada,2026-07-06T19:00:00,SES-01412,synthetic,SYN-023715
PEV-05855,VAC-0102,ORG-S3,cambio_etapa,2026-07-07T14:00:00,APP-00803>entrevista,synthetic,SYN-023716
PEV-05856,VAC-0102,ORG-S3,entrevista_programada,2026-07-07T14:00:00,SES-01416,synthetic,SYN-023717
PEV-05857,VAC-0102,ORG-S3,cambio_etapa,2026-07-08T10:00:00,APP-00805>entrevista,synthetic,SYN-023718
PEV-05858,VAC-0102,ORG-S3,entrevista_programada,2026-07-08T10:00:00,SES-01420,synthetic,SYN-023719
PEV-05859,VAC-0102,ORG-S3,cambio_etapa,2026-07-08T11:40:00,APP-00804>evaluacion,synthetic,SYN-023720
PEV-05860,VAC-0102,ORG-S3,evaluacion_programada,2026-07-08T11:40:00,SES-01417,synthetic,SYN-023721
PEV-05861,VAC-0102,ORG-S3,cambio_etapa,2026-07-08T14:00:00,APP-00806>entrevista,synthetic,SYN-023722
PEV-05862,VAC-0102,ORG-S3,entrevista_programada,2026-07-08T14:00:00,SES-01422,synthetic,SYN-023723
PEV-05863,VAC-0102,ORG-S3,cambio_etapa,2026-07-08T16:00:00,APP-00804>entrevista,synthetic,SYN-023724
PEV-05864,VAC-0102,ORG-S3,entrevista_programada,2026-07-08T16:00:00,SES-01418,synthetic,SYN-023725
PEV-05865,VAC-0102,ORG-S3,cambio_etapa,2026-07-09T11:00:00,APP-00807>entrevista,synthetic,SYN-023726
PEV-05866,VAC-0102,ORG-S3,entrevista_programada,2026-07-09T11:00:00,SES-01424,synthetic,SYN-023727
PEV-05867,VAC-0102,ORG-S3,cambio_etapa,2026-07-09T15:00:00,APP-00801>entrevista,synthetic,SYN-023728
PEV-05868,VAC-0102,ORG-S3,entrevista_programada,2026-07-09T15:00:00,SES-01413,synthetic,SYN-023729
PEV-05869,VAC-0102,ORG-S3,cambio_etapa,2026-07-09T20:44:00,APP-00805>evaluacion,synthetic,SYN-023730
PEV-05870,VAC-0102,ORG-S3,evaluacion_programada,2026-07-09T20:44:00,SES-01419,synthetic,SYN-023731
PEV-05871,VAC-0102,ORG-S3,evaluacion_realizada,2026-07-10T14:28:00,SES-01421,synthetic,SYN-023732
PEV-05872,VAC-0102,ORG-S3,evaluacion_realizada,2026-07-11T01:42:00,SES-01414,synthetic,SYN-023733
PEV-05873,VAC-0102,ORG-S3,evaluacion_realizada,2026-07-12T14:47:00,SES-01423,synthetic,SYN-023734
PEV-05874,VAC-0102,ORG-S3,cambio_etapa,2026-07-13T09:00:00,APP-00800>entrevista,synthetic,SYN-023735
PEV-05875,VAC-0102,ORG-S3,entrevista_programada,2026-07-13T09:00:00,SES-01411,synthetic,SYN-023736
PEV-05876,VAC-0102,ORG-S3,entrevista_realizada,2026-07-15T15:00:00,SES-01422,synthetic,SYN-023737
PEV-05877,VAC-0102,ORG-S3,entrevista_realizada,2026-07-15T16:00:00,SES-01416,synthetic,SYN-023738
PEV-05878,VAC-0102,ORG-S3,entrevista_realizada,2026-07-15T17:00:00,SES-01420,synthetic,SYN-023739
PEV-05879,VAC-0102,ORG-S3,entrevista_realizada,2026-07-16T16:00:00,SES-01424,synthetic,SYN-023740
PEV-05880,VAC-0102,ORG-S3,evaluacion_realizada,2026-07-16T22:40:00,SES-01417,synthetic,SYN-023741
PEV-05881,VAC-0102,ORG-S3,evaluacion_realizada,2026-07-17T00:35:00,SES-01415,synthetic,SYN-023742
PEV-05882,VAC-0102,ORG-S3,entrevista_realizada,2026-07-17T21:00:00,SES-01418,synthetic,SYN-023743
PEV-05883,VAC-0102,ORG-S3,entrevista_realizada,2026-07-18T01:00:00,SES-01413,synthetic,SYN-023744
PEV-05884,VAC-0102,ORG-S3,evaluacion_realizada,2026-07-18T03:44:00,SES-01419,synthetic,SYN-023745
PEV-05885,VAC-0102,ORG-S3,evaluacion_realizada,2026-07-18T17:20:00,SES-01410,synthetic,SYN-023746
PEV-05886,VAC-0102,ORG-S3,evaluacion_realizada,2026-07-23T05:00:00,SES-01412,synthetic,SYN-023747
PEV-05887,VAC-0102,ORG-S3,entrevista_realizada,2026-07-25T18:00:00,SES-01411,synthetic,SYN-023748
PEV-05888,VAC-0102,ORG-S3,vacante_cerrada,2026-08-05T02:00:00,,synthetic,SYN-023749
PEV-05889,VAC-0103,ORG-S1,vacante_publicada,2026-04-01T00:00:00,,synthetic,SYN-023750
PEV-05890,VAC-0103,ORG-S1,postulacion_recibida,2026-04-02T09:47:00,APP-00816,synthetic,SYN-023751
PEV-05891,VAC-0103,ORG-S1,cambio_etapa,2026-04-02T09:47:00,APP-00816>recibida,synthetic,SYN-023752
PEV-05892,VAC-0103,ORG-S1,cambio_etapa,2026-04-03T14:47:00,APP-00816>evaluacion,synthetic,SYN-023753
PEV-05893,VAC-0103,ORG-S1,evaluacion_programada,2026-04-03T14:47:00,SES-01442,synthetic,SYN-023754
PEV-05894,VAC-0103,ORG-S1,postulacion_recibida,2026-04-04T13:14:00,APP-00811,synthetic,SYN-023755
PEV-05895,VAC-0103,ORG-S1,cambio_etapa,2026-04-04T13:14:00,APP-00811>recibida,synthetic,SYN-023756
PEV-05896,VAC-0103,ORG-S1,postulacion_recibida,2026-04-05T04:16:00,APP-00812,synthetic,SYN-023757
PEV-05897,VAC-0103,ORG-S1,cambio_etapa,2026-04-05T04:16:00,APP-00812>recibida,synthetic,SYN-023758
PEV-05898,VAC-0103,ORG-S1,evaluacion_programada,2026-04-05T18:14:00,SES-01433,synthetic,SYN-023759
PEV-05899,VAC-0103,ORG-S1,postulacion_recibida,2026-04-06T04:25:00,APP-00810,synthetic,SYN-023760
PEV-05900,VAC-0103,ORG-S1,cambio_etapa,2026-04-06T04:25:00,APP-00810>recibida,synthetic,SYN-023761
PEV-05901,VAC-0103,ORG-S1,postulacion_recibida,2026-04-08T17:22:00,APP-00814,synthetic,SYN-023762
PEV-05902,VAC-0103,ORG-S1,cambio_etapa,2026-04-08T17:22:00,APP-00814>recibida,synthetic,SYN-023763
PEV-05903,VAC-0103,ORG-S1,cambio_etapa,2026-04-08T18:14:00,APP-00811>evaluacion,synthetic,SYN-023764
PEV-05904,VAC-0103,ORG-S1,evaluacion_programada,2026-04-08T18:14:00,SES-01432,synthetic,SYN-023765
PEV-05905,VAC-0103,ORG-S1,postulacion_recibida,2026-04-09T22:04:00,APP-00815,synthetic,SYN-023766
PEV-05906,VAC-0103,ORG-S1,cambio_etapa,2026-04-09T22:04:00,APP-00815>recibida,synthetic,SYN-023767
PEV-05907,VAC-0103,ORG-S1,cambio_etapa,2026-04-09T23:22:00,APP-00814>evaluacion,synthetic,SYN-023768
PEV-05908,VAC-0103,ORG-S1,evaluacion_programada,2026-04-09T23:22:00,SES-01438,synthetic,SYN-023769
PEV-05909,VAC-0103,ORG-S1,cambio_etapa,2026-04-10T08:16:00,APP-00812>evaluacion,synthetic,SYN-023770
PEV-05910,VAC-0103,ORG-S1,evaluacion_programada,2026-04-10T08:16:00,SES-01435,synthetic,SYN-023771
PEV-05911,VAC-0103,ORG-S1,cambio_etapa,2026-04-10T09:25:00,APP-00810>evaluacion,synthetic,SYN-023772
PEV-05912,VAC-0103,ORG-S1,evaluacion_programada,2026-04-10T09:25:00,SES-01430,synthetic,SYN-023773
PEV-05913,VAC-0103,ORG-S1,cambio_etapa,2026-04-11T01:04:00,APP-00815>evaluacion,synthetic,SYN-023774
PEV-05914,VAC-0103,ORG-S1,evaluacion_programada,2026-04-11T01:04:00,SES-01440,synthetic,SYN-023775
PEV-05915,VAC-0103,ORG-S1,postulacion_recibida,2026-04-11T01:07:00,APP-00813,synthetic,SYN-023776
PEV-05916,VAC-0103,ORG-S1,cambio_etapa,2026-04-11T01:07:00,APP-00813>recibida,synthetic,SYN-023777
PEV-05917,VAC-0103,ORG-S1,postulacion_recibida,2026-04-11T19:25:00,APP-00808,synthetic,SYN-023778
PEV-05918,VAC-0103,ORG-S1,cambio_etapa,2026-04-11T19:25:00,APP-00808>recibida,synthetic,SYN-023779
PEV-05919,VAC-0103,ORG-S1,cambio_etapa,2026-04-12T23:25:00,APP-00808>evaluacion,synthetic,SYN-023780
PEV-05920,VAC-0103,ORG-S1,evaluacion_programada,2026-04-12T23:25:00,SES-01425,synthetic,SYN-023781
PEV-05921,VAC-0103,ORG-S1,evaluacion_realizada,2026-04-13T00:14:00,SES-01433,synthetic,SYN-023782
PEV-05922,VAC-0103,ORG-S1,postulacion_recibida,2026-04-13T01:09:00,APP-00809,synthetic,SYN-023783
PEV-05923,VAC-0103,ORG-S1,cambio_etapa,2026-04-13T01:09:00,APP-00809>recibida,synthetic,SYN-023784
PEV-05924,VAC-0103,ORG-S1,evaluacion_realizada,2026-04-13T16:16:00,SES-01435,synthetic,SYN-023785
PEV-05925,VAC-0103,ORG-S1,evaluacion_realizada,2026-04-15T06:22:00,SES-01438,synthetic,SYN-023786
PEV-05926,VAC-0103,ORG-S1,postulacion_recibida,2026-04-15T12:37:00,APP-00817,synthetic,SYN-023787
PEV-05927,VAC-0103,ORG-S1,cambio_etapa,2026-04-15T12:37:00,APP-00817>recibida,synthetic,SYN-023788
PEV-05928,VAC-0103,ORG-S1,evaluacion_realizada,2026-04-15T16:47:00,SES-01442,synthetic,SYN-023789
PEV-05929,VAC-0103,ORG-S1,evaluacion_programada,2026-04-16T01:25:00,SES-01426,synthetic,SYN-023790
PEV-05930,VAC-0103,ORG-S1,cambio_etapa,2026-04-17T00:00:00,APP-00813>evaluacion,synthetic,SYN-023791
PEV-05931,VAC-0103,ORG-S1,evaluacion_programada,2026-04-17T00:00:00,SES-01437,synthetic,SYN-023792
PEV-05932,VAC-0103,ORG-S1,cambio_etapa,2026-04-17T09:00:00,APP-00808>entrevista,synthetic,SYN-023793
PEV-05933,VAC-0103,ORG-S1,entrevista_programada,2026-04-17T09:00:00,SES-01427,synthetic,SYN-023794
PEV-05934,VAC-0103,ORG-S1,cambio_etapa,2026-04-17T09:09:00,APP-00809>evaluacion,synthetic,SYN-023795
PEV-05935,VAC-0103,ORG-S1,evaluacion_programada,2026-04-17T09:09:00,SES-01428,synthetic,SYN-023796
PEV-05936,VAC-0103,ORG-S1,cambio_etapa,2026-04-17T14:00:00,APP-00815>entrevista,synthetic,SYN-023797
PEV-05937,VAC-0103,ORG-S1,entrevista_programada,2026-04-17T14:00:00,SES-01441,synthetic,SYN-023798
PEV-05938,VAC-0103,ORG-S1,evaluacion_realizada,2026-04-19T03:14:00,SES-01432,synthetic,SYN-023799
PEV-05939,VAC-0103,ORG-S1,evaluacion_realizada,2026-04-19T09:25:00,SES-01425,synthetic,SYN-023800
PEV-05940,VAC-0103,ORG-S1,cambio_etapa,2026-04-19T12:37:00,APP-00817>evaluacion,synthetic,SYN-023801
PEV-05941,VAC-0103,ORG-S1,evaluacion_programada,2026-04-19T12:37:00,SES-01443,synthetic,SYN-023802
PEV-05942,VAC-0103,ORG-S1,cambio_etapa,2026-04-20T13:00:00,APP-00810>entrevista,synthetic,SYN-023803
PEV-05943,VAC-0103,ORG-S1,cambio_etapa,2026-04-20T13:00:00,APP-00811>entrevista,synthetic,SYN-023804
PEV-05944,VAC-0103,ORG-S1,entrevista_programada,2026-04-20T13:00:00,SES-01431,synthetic,SYN-023805
PEV-05945,VAC-0103,ORG-S1,entrevista_programada,2026-04-20T13:00:00,SES-01434,synthetic,SYN-023806
PEV-05946,VAC-0103,ORG-S1,cambio_etapa,2026-04-20T14:00:00,APP-00812>entrevista,synthetic,SYN-023807
PEV-05947,VAC-0103,ORG-S1,entrevista_programada,2026-04-20T14:00:00,SES-01436,synthetic,SYN-023808
PEV-05948,VAC-0103,ORG-S1,cambio_etapa,2026-04-20T15:00:00,APP-00814>entrevista,synthetic,SYN-023809
PEV-05949,VAC-0103,ORG-S1,entrevista_programada,2026-04-20T15:00:00,SES-01439,synthetic,SYN-023810
PEV-05950,VAC-0103,ORG-S1,evaluacion_realizada,2026-04-22T07:04:00,SES-01440,synthetic,SYN-023811
PEV-05951,VAC-0103,ORG-S1,cambio_etapa,2026-04-22T17:00:00,APP-00809>entrevista,synthetic,SYN-023812
PEV-05952,VAC-0103,ORG-S1,entrevista_programada,2026-04-22T17:00:00,SES-01429,synthetic,SYN-023813
PEV-05953,VAC-0103,ORG-S1,cambio_etapa,2026-04-23T09:00:00,APP-00817>entrevista,synthetic,SYN-023814
PEV-05954,VAC-0103,ORG-S1,entrevista_programada,2026-04-23T09:00:00,SES-01444,synthetic,SYN-023815
PEV-05955,VAC-0103,ORG-S1,evaluacion_realizada,2026-04-24T16:09:00,SES-01428,synthetic,SYN-023816
PEV-05956,VAC-0103,ORG-S1,evaluacion_realizada,2026-04-25T16:25:00,SES-01430,synthetic,SYN-023817
PEV-05957,VAC-0103,ORG-S1,entrevista_realizada,2026-04-26T12:00:00,SES-01427,synthetic,SYN-023818
PEV-05958,VAC-0103,ORG-S1,entrevista_realizada,2026-04-27T20:00:00,SES-01436,synthetic,SYN-023819
PEV-05959,VAC-0103,ORG-S1,evaluacion_realizada,2026-04-28T08:25:00,SES-01426,synthetic,SYN-023820
PEV-05960,VAC-0103,ORG-S1,entrevista_realizada,2026-04-29T18:00:00,SES-01441,synthetic,SYN-023821
PEV-05961,VAC-0103,ORG-S1,evaluacion_realizada,2026-04-29T18:37:00,SES-01443,synthetic,SYN-023822
PEV-05962,VAC-0103,ORG-S1,entrevista_realizada,2026-04-29T22:00:00,SES-01439,synthetic,SYN-023823
PEV-05963,VAC-0103,ORG-S1,entrevista_realizada,2026-05-01T20:00:00,SES-01429,synthetic,SYN-023824
PEV-05964,VAC-0103,ORG-S1,evaluacion_realizada,2026-05-02T06:00:00,SES-01437,synthetic,SYN-023825
PEV-05965,VAC-0103,ORG-S1,entrevista_realizada,2026-05-04T17:00:00,SES-01434,synthetic,SYN-023826
PEV-05966,VAC-0103,ORG-S1,entrevista_realizada,2026-05-04T17:00:00,SES-01444,synthetic,SYN-023827
PEV-05967,VAC-0103,ORG-S1,entrevista_realizada,2026-05-06T20:00:00,SES-01431,synthetic,SYN-023828
PEV-05968,VAC-0103,ORG-S1,vacante_cerrada,2026-05-11T23:00:00,,synthetic,SYN-023829
PEV-05969,VAC-0104,ORG-S2,vacante_publicada,2026-02-19T10:20:00,,synthetic,SYN-023830
PEV-05970,VAC-0104,ORG-S2,postulacion_recibida,2026-02-26T03:51:00,APP-00823,synthetic,SYN-023831
PEV-05971,VAC-0104,ORG-S2,cambio_etapa,2026-02-26T03:51:00,APP-00823>recibida,synthetic,SYN-023832
PEV-05972,VAC-0104,ORG-S2,cambio_etapa,2026-03-01T10:51:00,APP-00823>evaluacion,synthetic,SYN-023833
PEV-05973,VAC-0104,ORG-S2,evaluacion_programada,2026-03-01T10:51:00,SES-01451,synthetic,SYN-023834
PEV-05974,VAC-0104,ORG-S2,postulacion_recibida,2026-03-02T11:31:00,APP-00818,synthetic,SYN-023835
PEV-05975,VAC-0104,ORG-S2,cambio_etapa,2026-03-02T11:31:00,APP-00818>recibida,synthetic,SYN-023836
PEV-05976,VAC-0104,ORG-S2,postulacion_recibida,2026-03-02T11:41:00,APP-00821,synthetic,SYN-023837
PEV-05977,VAC-0104,ORG-S2,cambio_etapa,2026-03-02T11:41:00,APP-00821>recibida,synthetic,SYN-023838
PEV-05978,VAC-0104,ORG-S2,postulacion_recibida,2026-03-02T16:36:00,APP-00824,synthetic,SYN-023839
PEV-05979,VAC-0104,ORG-S2,cambio_etapa,2026-03-02T16:36:00,APP-00824>recibida,synthetic,SYN-023840
PEV-05980,VAC-0104,ORG-S2,postulacion_recibida,2026-03-02T21:08:00,APP-00825,synthetic,SYN-023841
PEV-05981,VAC-0104,ORG-S2,cambio_etapa,2026-03-02T21:08:00,APP-00825>recibida,synthetic,SYN-023842
PEV-05982,VAC-0104,ORG-S2,cambio_etapa,2026-03-03T16:41:00,APP-00821>evaluacion,synthetic,SYN-023843
PEV-05983,VAC-0104,ORG-S2,evaluacion_programada,2026-03-03T16:41:00,SES-01448,synthetic,SYN-023844
PEV-05984,VAC-0104,ORG-S2,cambio_etapa,2026-03-03T17:31:00,APP-00818>descartada,synthetic,SYN-023845
PEV-05985,VAC-0104,ORG-S2,cambio_etapa,2026-03-04T17:36:00,APP-00824>evaluacion,synthetic,SYN-023846
PEV-05986,VAC-0104,ORG-S2,evaluacion_programada,2026-03-04T17:36:00,SES-01453,synthetic,SYN-023847
PEV-05987,VAC-0104,ORG-S2,postulacion_recibida,2026-03-05T03:29:00,APP-00822,synthetic,SYN-023848
PEV-05988,VAC-0104,ORG-S2,cambio_etapa,2026-03-05T03:29:00,APP-00822>recibida,synthetic,SYN-023849
PEV-05989,VAC-0104,ORG-S2,postulacion_recibida,2026-03-06T14:30:00,APP-00819,synthetic,SYN-023850
PEV-05990,VAC-0104,ORG-S2,cambio_etapa,2026-03-06T14:30:00,APP-00819>recibida,synthetic,SYN-023851
PEV-05991,VAC-0104,ORG-S2,postulacion_recibida,2026-03-06T18:10:00,APP-00820,synthetic,SYN-023852
PEV-05992,VAC-0104,ORG-S2,cambio_etapa,2026-03-06T18:10:00,APP-00820>recibida,synthetic,SYN-023853
PEV-05993,VAC-0104,ORG-S2,cambio_etapa,2026-03-07T03:08:00,APP-00825>evaluacion,synthetic,SYN-023854
PEV-05994,VAC-0104,ORG-S2,evaluacion_programada,2026-03-07T03:08:00,SES-01455,synthetic,SYN-023855
PEV-05995,VAC-0104,ORG-S2,cambio_etapa,2026-03-08T12:00:00,APP-00822>entrevista,synthetic,SYN-023856
PEV-05996,VAC-0104,ORG-S2,entrevista_programada,2026-03-08T12:00:00,SES-01450,synthetic,SYN-023857
PEV-05997,VAC-0104,ORG-S2,cambio_etapa,2026-03-08T19:10:00,APP-00820>evaluacion,synthetic,SYN-023858
PEV-05998,VAC-0104,ORG-S2,evaluacion_programada,2026-03-08T19:10:00,SES-01446,synthetic,SYN-023859
PEV-05999,VAC-0104,ORG-S2,cambio_etapa,2026-03-08T19:30:00,APP-00819>evaluacion,synthetic,SYN-023860
PEV-06000,VAC-0104,ORG-S2,evaluacion_programada,2026-03-08T19:30:00,SES-01445,synthetic,SYN-023861
PEV-06001,VAC-0104,ORG-S2,cambio_etapa,2026-03-09T10:00:00,APP-00824>entrevista,synthetic,SYN-023862
PEV-06002,VAC-0104,ORG-S2,entrevista_programada,2026-03-09T10:00:00,SES-01454,synthetic,SYN-023863
PEV-06003,VAC-0104,ORG-S2,cambio_etapa,2026-03-10T10:00:00,APP-00825>entrevista,synthetic,SYN-023864
PEV-06004,VAC-0104,ORG-S2,entrevista_programada,2026-03-10T10:00:00,SES-01456,synthetic,SYN-023865
PEV-06005,VAC-0104,ORG-S2,cambio_etapa,2026-03-10T10:29:00,APP-00822>evaluacion,synthetic,SYN-023866
PEV-06006,VAC-0104,ORG-S2,evaluacion_programada,2026-03-10T10:29:00,SES-01449,synthetic,SYN-023867
PEV-06007,VAC-0104,ORG-S2,evaluacion_realizada,2026-03-11T15:51:00,SES-01451,synthetic,SYN-023868
PEV-06008,VAC-0104,ORG-S2,evaluacion_realizada,2026-03-12T05:00:00,SES-01453,synthetic,SYN-023869
PEV-06009,VAC-0104,ORG-S2,cambio_etapa,2026-03-12T11:00:00,APP-00823>entrevista,synthetic,SYN-023870
PEV-06010,VAC-0104,ORG-S2,entrevista_programada,2026-03-12T11:00:00,SES-01452,synthetic,SYN-023871
PEV-06011,VAC-0104,ORG-S2,cambio_etapa,2026-03-12T12:00:00,APP-00820>entrevista,synthetic,SYN-023872
PEV-06012,VAC-0104,ORG-S2,entrevista_programada,2026-03-12T12:00:00,SES-01447,synthetic,SYN-023873
PEV-06013,VAC-0104,ORG-S2,entrevista_realizada,2026-03-13T17:00:00,SES-01450,synthetic,SYN-023874
PEV-06014,VAC-0104,ORG-S2,evaluacion_realizada,2026-03-15T21:41:00,SES-01448,synthetic,SYN-023875
PEV-06015,VAC-0104,ORG-S2,evaluacion_realizada,2026-03-18T06:08:00,SES-01455,synthetic,SYN-023876
PEV-06016,VAC-0104,ORG-S2,entrevista_realizada,2026-03-18T18:00:00,SES-01452,synthetic,SYN-023877
PEV-06017,VAC-0104,ORG-S2,evaluacion_realizada,2026-03-20T03:30:00,SES-01445,synthetic,SYN-023878
PEV-06018,VAC-0104,ORG-S2,evaluacion_realizada,2026-03-22T05:10:00,SES-01446,synthetic,SYN-023879
PEV-06019,VAC-0104,ORG-S2,entrevista_realizada,2026-03-22T15:00:00,SES-01454,synthetic,SYN-023880
PEV-06020,VAC-0104,ORG-S2,entrevista_realizada,2026-03-22T17:00:00,SES-01456,synthetic,SYN-023881
PEV-06021,VAC-0104,ORG-S2,evaluacion_realizada,2026-03-22T20:29:00,SES-01449,synthetic,SYN-023882
PEV-06022,VAC-0104,ORG-S2,entrevista_realizada,2026-03-23T22:00:00,SES-01447,synthetic,SYN-023883
PEV-06023,VAC-0104,ORG-S2,vacante_cerrada,2026-04-01T00:00:00,,synthetic,SYN-023884
PEV-06024,VAC-0105,ORG-S3,vacante_publicada,2026-05-28T16:12:00,,synthetic,SYN-023885
PEV-06025,VAC-0105,ORG-S3,postulacion_recibida,2026-05-31T02:42:00,APP-00828,synthetic,SYN-023886
PEV-06026,VAC-0105,ORG-S3,cambio_etapa,2026-05-31T02:42:00,APP-00828>recibida,synthetic,SYN-023887
PEV-06027,VAC-0105,ORG-S3,postulacion_recibida,2026-05-31T05:54:00,APP-00827,synthetic,SYN-023888
PEV-06028,VAC-0105,ORG-S3,cambio_etapa,2026-05-31T05:54:00,APP-00827>recibida,synthetic,SYN-023889
PEV-06029,VAC-0105,ORG-S3,postulacion_recibida,2026-05-31T17:14:00,APP-00826,synthetic,SYN-023890
PEV-06030,VAC-0105,ORG-S3,cambio_etapa,2026-05-31T17:14:00,APP-00826>recibida,synthetic,SYN-023891
PEV-06031,VAC-0105,ORG-S3,cambio_etapa,2026-06-03T05:54:00,APP-00827>evaluacion,synthetic,SYN-023892
PEV-06032,VAC-0105,ORG-S3,evaluacion_programada,2026-06-03T05:54:00,SES-01458,synthetic,SYN-023893
PEV-06033,VAC-0105,ORG-S3,cambio_etapa,2026-06-03T08:42:00,APP-00828>evaluacion,synthetic,SYN-023894
PEV-06034,VAC-0105,ORG-S3,evaluacion_programada,2026-06-03T08:42:00,SES-01460,synthetic,SYN-023895
PEV-06035,VAC-0105,ORG-S3,cambio_etapa,2026-06-05T01:14:00,APP-00826>evaluacion,synthetic,SYN-023896
PEV-06036,VAC-0105,ORG-S3,evaluacion_programada,2026-06-05T01:14:00,SES-01457,synthetic,SYN-023897
PEV-06037,VAC-0105,ORG-S3,postulacion_recibida,2026-06-09T04:14:00,APP-00830,synthetic,SYN-023898
PEV-06038,VAC-0105,ORG-S3,cambio_etapa,2026-06-09T04:14:00,APP-00830>recibida,synthetic,SYN-023899
PEV-06039,VAC-0105,ORG-S3,postulacion_recibida,2026-06-09T23:49:00,APP-00829,synthetic,SYN-023900
PEV-06040,VAC-0105,ORG-S3,cambio_etapa,2026-06-09T23:49:00,APP-00829>recibida,synthetic,SYN-023901
PEV-06041,VAC-0105,ORG-S3,cambio_etapa,2026-06-10T07:14:00,APP-00830>descartada,synthetic,SYN-023902
PEV-06042,VAC-0105,ORG-S3,cambio_etapa,2026-06-12T03:49:00,APP-00829>evaluacion,synthetic,SYN-023903
PEV-06043,VAC-0105,ORG-S3,evaluacion_programada,2026-06-12T03:49:00,SES-01462,synthetic,SYN-023904
PEV-06044,VAC-0105,ORG-S3,cambio_etapa,2026-06-15T09:00:00,APP-00827>entrevista,synthetic,SYN-023905
PEV-06045,VAC-0105,ORG-S3,entrevista_programada,2026-06-15T09:00:00,SES-01459,synthetic,SYN-023906
PEV-06046,VAC-0105,ORG-S3,cambio_etapa,2026-06-15T14:00:00,APP-00828>entrevista,synthetic,SYN-023907
PEV-06047,VAC-0105,ORG-S3,entrevista_programada,2026-06-15T14:00:00,SES-01461,synthetic,SYN-023908
PEV-06048,VAC-0105,ORG-S3,cambio_etapa,2026-06-15T16:00:00,APP-00829>entrevista,synthetic,SYN-023909
PEV-06049,VAC-0105,ORG-S3,entrevista_programada,2026-06-15T16:00:00,SES-01463,synthetic,SYN-023910
PEV-06050,VAC-0105,ORG-S3,evaluacion_realizada,2026-06-17T13:42:00,SES-01460,synthetic,SYN-023911
PEV-06051,VAC-0105,ORG-S3,evaluacion_realizada,2026-06-19T09:14:00,SES-01457,synthetic,SYN-023912
PEV-06052,VAC-0105,ORG-S3,entrevista_realizada,2026-06-23T15:00:00,SES-01459,synthetic,SYN-023913
PEV-06053,VAC-0105,ORG-S3,entrevista_realizada,2026-06-25T02:00:00,SES-01463,synthetic,SYN-023914
PEV-06054,VAC-0105,ORG-S3,evaluacion_realizada,2026-06-25T10:49:00,SES-01462,synthetic,SYN-023915
PEV-06055,VAC-0105,ORG-S3,entrevista_realizada,2026-06-27T18:00:00,SES-01461,synthetic,SYN-023916
PEV-06056,VAC-0105,ORG-S3,vacante_cerrada,2026-07-12T00:00:00,,synthetic,SYN-023917
PEV-06057,VAC-0106,ORG-S1,vacante_publicada,2026-03-29T13:41:00,,synthetic,SYN-023918
PEV-06058,VAC-0106,ORG-S1,postulacion_recibida,2026-03-29T20:38:00,APP-00838,synthetic,SYN-023919
PEV-06059,VAC-0106,ORG-S1,cambio_etapa,2026-03-29T20:38:00,APP-00838>recibida,synthetic,SYN-023920
PEV-06060,VAC-0106,ORG-S1,postulacion_recibida,2026-03-30T04:20:00,APP-00840,synthetic,SYN-023921
PEV-06061,VAC-0106,ORG-S1,cambio_etapa,2026-03-30T04:20:00,APP-00840>recibida,synthetic,SYN-023922
PEV-06062,VAC-0106,ORG-S1,postulacion_recibida,2026-03-31T06:18:00,APP-00839,synthetic,SYN-023923
PEV-06063,VAC-0106,ORG-S1,cambio_etapa,2026-03-31T06:18:00,APP-00839>recibida,synthetic,SYN-023924
PEV-06064,VAC-0106,ORG-S1,postulacion_recibida,2026-04-01T00:44:00,APP-00835,synthetic,SYN-023925
PEV-06065,VAC-0106,ORG-S1,cambio_etapa,2026-04-01T00:44:00,APP-00835>recibida,synthetic,SYN-023926
PEV-06066,VAC-0106,ORG-S1,postulacion_recibida,2026-04-01T09:00:00,APP-00833,synthetic,SYN-023927
PEV-06067,VAC-0106,ORG-S1,cambio_etapa,2026-04-01T09:00:00,APP-00833>recibida,synthetic,SYN-023928
PEV-06068,VAC-0106,ORG-S1,postulacion_recibida,2026-04-01T17:46:00,APP-00832,synthetic,SYN-023929
PEV-06069,VAC-0106,ORG-S1,cambio_etapa,2026-04-01T17:46:00,APP-00832>recibida,synthetic,SYN-023930
PEV-06070,VAC-0106,ORG-S1,postulacion_recibida,2026-04-01T19:16:00,APP-00837,synthetic,SYN-023931
PEV-06071,VAC-0106,ORG-S1,cambio_etapa,2026-04-01T19:16:00,APP-00837>recibida,synthetic,SYN-023932
PEV-06072,VAC-0106,ORG-S1,postulacion_recibida,2026-04-02T20:00:00,APP-00834,synthetic,SYN-023933
PEV-06073,VAC-0106,ORG-S1,cambio_etapa,2026-04-02T20:00:00,APP-00834>recibida,synthetic,SYN-023934
PEV-06074,VAC-0106,ORG-S1,cambio_etapa,2026-04-03T00:16:00,APP-00837>evaluacion,synthetic,SYN-023935
PEV-06075,VAC-0106,ORG-S1,evaluacion_programada,2026-04-03T00:16:00,SES-01478,synthetic,SYN-023936
PEV-06076,VAC-0106,ORG-S1,evaluacion_programada,2026-04-03T11:18:00,SES-01482,synthetic,SYN-023937
PEV-06077,VAC-0106,ORG-S1,cambio_etapa,2026-04-03T11:20:00,APP-00840>evaluacion,synthetic,SYN-023938
PEV-06078,VAC-0106,ORG-S1,evaluacion_programada,2026-04-03T11:20:00,SES-01484,synthetic,SYN-023939
PEV-06079,VAC-0106,ORG-S1,postulacion_recibida,2026-04-03T21:44:00,APP-00843,synthetic,SYN-023940
PEV-06080,VAC-0106,ORG-S1,cambio_etapa,2026-04-03T21:44:00,APP-00843>recibida,synthetic,SYN-023941
PEV-06081,VAC-0106,ORG-S1,cambio_etapa,2026-04-03T22:00:00,APP-00834>evaluacion,synthetic,SYN-023942
PEV-06082,VAC-0106,ORG-S1,evaluacion_programada,2026-04-03T22:00:00,SES-01471,synthetic,SYN-023943
PEV-06083,VAC-0106,ORG-S1,cambio_etapa,2026-04-04T01:38:00,APP-00838>evaluacion,synthetic,SYN-023944
PEV-06084,VAC-0106,ORG-S1,evaluacion_programada,2026-04-04T01:38:00,SES-01479,synthetic,SYN-023945
PEV-06085,VAC-0106,ORG-S1,postulacion_recibida,2026-04-04T05:24:00,APP-00831,synthetic,SYN-023946
PEV-06086,VAC-0106,ORG-S1,cambio_etapa,2026-04-04T05:24:00,APP-00831>recibida,synthetic,SYN-023947
PEV-06087,VAC-0106,ORG-S1,cambio_etapa,2026-04-04T09:00:00,APP-00833>evaluacion,synthetic,SYN-023948
PEV-06088,VAC-0106,ORG-S1,evaluacion_programada,2026-04-04T09:00:00,SES-01469,synthetic,SYN-023949
PEV-06089,VAC-0106,ORG-S1,cambio_etapa,2026-04-04T09:18:00,APP-00839>evaluacion,synthetic,SYN-023950
PEV-06090,VAC-0106,ORG-S1,evaluacion_programada,2026-04-04T09:18:00,SES-01481,synthetic,SYN-023951
PEV-06091,VAC-0106,ORG-S1,postulacion_recibida,2026-04-04T19:38:00,APP-00842,synthetic,SYN-023952
PEV-06092,VAC-0106,ORG-S1,cambio_etapa,2026-04-04T19:38:00,APP-00842>recibida,synthetic,SYN-023953
PEV-06093,VAC-0106,ORG-S1,postulacion_recibida,2026-04-04T21:09:00,APP-00841,synthetic,SYN-023954
PEV-06094,VAC-0106,ORG-S1,cambio_etapa,2026-04-04T21:09:00,APP-00841>recibida,synthetic,SYN-023955
PEV-06095,VAC-0106,ORG-S1,evaluacion_programada,2026-04-05T02:44:00,SES-01474,synthetic,SYN-023956
PEV-06096,VAC-0106,ORG-S1,postulacion_recibida,2026-04-05T08:13:00,APP-00836,synthetic,SYN-023957
PEV-06097,VAC-0106,ORG-S1,cambio_etapa,2026-04-05T08:13:00,APP-00836>recibida,synthetic,SYN-023958
PEV-06098,VAC-0106,ORG-S1,postulacion_recibida,2026-04-05T14:33:00,APP-00844,synthetic,SYN-023959
PEV-06099,VAC-0106,ORG-S1,cambio_etapa,2026-04-05T14:33:00,APP-00844>recibida,synthetic,SYN-023960
PEV-06100,VAC-0106,ORG-S1,cambio_etapa,2026-04-05T20:46:00,APP-00832>evaluacion,synthetic,SYN-023961
PEV-06101,VAC-0106,ORG-S1,evaluacion_programada,2026-04-05T20:46:00,SES-01466,synthetic,SYN-023962
PEV-06102,VAC-0106,ORG-S1,cambio_etapa,2026-04-06T00:00:00,APP-00835>evaluacion,synthetic,SYN-023963
PEV-06103,VAC-0106,ORG-S1,evaluacion_programada,2026-04-06T00:00:00,SES-01473,synthetic,SYN-023964
PEV-06104,VAC-0106,ORG-S1,evaluacion_realizada,2026-04-06T02:00:00,SES-01484,synthetic,SYN-023965
PEV-06105,VAC-0106,ORG-S1,cambio_etapa,2026-04-06T11:24:00,APP-00831>evaluacion,synthetic,SYN-023966
PEV-06106,VAC-0106,ORG-S1,evaluacion_programada,2026-04-06T11:24:00,SES-01464,synthetic,SYN-023967
PEV-06107,VAC-0106,ORG-S1,cambio_etapa,2026-04-07T00:38:00,APP-00842>evaluacion,synthetic,SYN-023968
PEV-06108,VAC-0106,ORG-S1,evaluacion_programada,2026-04-07T00:38:00,SES-01486,synthetic,SYN-023969
PEV-06109,VAC-0106,ORG-S1,evaluacion_programada,2026-04-07T01:46:00,SES-01467,synthetic,SYN-023970
PEV-06110,VAC-0106,ORG-S1,cambio_etapa,2026-04-07T11:00:00,APP-00835>entrevista,synthetic,SYN-023971
PEV-06111,VAC-0106,ORG-S1,entrevista_programada,2026-04-07T11:00:00,SES-01475,synthetic,SYN-023972
PEV-06112,VAC-0106,ORG-S1,cambio_etapa,2026-04-07T13:00:00,APP-00838>entrevista,synthetic,SYN-023973
PEV-06113,VAC-0106,ORG-S1,entrevista_programada,2026-04-07T13:00:00,SES-01480,synthetic,SYN-023974
PEV-06114,VAC-0106,ORG-S1,cambio_etapa,2026-04-07T17:00:00,APP-00832>entrevista,synthetic,SYN-023975
PEV-06115,VAC-0106,ORG-S1,entrevista_programada,2026-04-07T17:00:00,SES-01468,synthetic,SYN-023976
PEV-06116,VAC-0106,ORG-S1,cambio_etapa,2026-04-08T09:00:00,APP-00831>entrevista,synthetic,SYN-023977
PEV-06117,VAC-0106,ORG-S1,entrevista_programada,2026-04-08T09:00:00,SES-01465,synthetic,SYN-023978
PEV-06118,VAC-0106,ORG-S1,cambio_etapa,2026-04-08T19:33:00,APP-00844>evaluacion,synthetic,SYN-023979
PEV-06119,VAC-0106,ORG-S1,evaluacion_programada,2026-04-08T19:33:00,SES-01489,synthetic,SYN-023980
PEV-06120,VAC-0106,ORG-S1,cambio_etapa,2026-04-09T01:44:00,APP-00843>evaluacion,synthetic,SYN-023981
PEV-06121,VAC-0106,ORG-S1,evaluacion_programada,2026-04-09T01:44:00,SES-01488,synthetic,SYN-023982
PEV-06122,VAC-0106,ORG-S1,cambio_etapa,2026-04-09T11:00:00,APP-00834>entrevista,synthetic,SYN-023983
PEV-06123,VAC-0106,ORG-S1,entrevista_programada,2026-04-09T11:00:00,SES-01472,synthetic,SYN-023984
PEV-06124,VAC-0106,ORG-S1,cambio_etapa,2026-04-09T12:00:00,APP-00842>entrevista,synthetic,SYN-023985
PEV-06125,VAC-0106,ORG-S1,entrevista_programada,2026-04-09T12:00:00,SES-01487,synthetic,SYN-023986
PEV-06126,VAC-0106,ORG-S1,cambio_etapa,2026-04-10T05:09:00,APP-00841>evaluacion,synthetic,SYN-023987
PEV-06127,VAC-0106,ORG-S1,evaluacion_programada,2026-04-10T05:09:00,SES-01485,synthetic,SYN-023988
PEV-06128,VAC-0106,ORG-S1,cambio_etapa,2026-04-10T13:13:00,APP-00836>evaluacion,synthetic,SYN-023989
PEV-06129,VAC-0106,ORG-S1,evaluacion_programada,2026-04-10T13:13:00,SES-01476,synthetic,SYN-023990
PEV-06130,VAC-0106,ORG-S1,evaluacion_programada,2026-04-10T14:33:00,SES-01490,synthetic,SYN-023991
PEV-06131,VAC-0106,ORG-S1,cambio_etapa,2026-04-11T10:00:00,APP-00839>entrevista,synthetic,SYN-023992
PEV-06132,VAC-0106,ORG-S1,entrevista_programada,2026-04-11T10:00:00,SES-01483,synthetic,SYN-023993
PEV-06133,VAC-0106,ORG-S1,evaluacion_realizada,2026-04-11T12:00:00,SES-01469,synthetic,SYN-023994
PEV-06134,VAC-0106,ORG-S1,cambio_etapa,2026-04-11T16:00:00,APP-00836>entrevista,synthetic,SYN-023995
PEV-06135,VAC-0106,ORG-S1,entrevista_programada,2026-04-11T16:00:00,SES-01477,synthetic,SYN-023996
PEV-06136,VAC-0106,ORG-S1,cambio_etapa,2026-04-12T15:00:00,APP-00833>entrevista,synthetic,SYN-023997
PEV-06137,VAC-0106,ORG-S1,entrevista_programada,2026-04-12T15:00:00,SES-01470,synthetic,SYN-023998
PEV-06138,VAC-0106,ORG-S1,entrevista_realizada,2026-04-12T21:00:00,SES-01468,synthetic,SYN-023999
PEV-06139,VAC-0106,ORG-S1,evaluacion_realizada,2026-04-13T06:38:00,SES-01479,synthetic,SYN-024000
PEV-06140,VAC-0106,ORG-S1,evaluacion_realizada,2026-04-13T14:18:00,SES-01481,synthetic,SYN-024001
PEV-06141,VAC-0106,ORG-S1,evaluacion_realizada,2026-04-14T20:33:00,SES-01490,synthetic,SYN-024002
PEV-06142,VAC-0106,ORG-S1,evaluacion_realizada,2026-04-15T05:44:00,SES-01488,synthetic,SYN-024003
PEV-06143,VAC-0106,ORG-S1,entrevista_realizada,2026-04-16T01:00:00,SES-01477,synthetic,SYN-024004
PEV-06144,VAC-0106,ORG-S1,evaluacion_realizada,2026-04-16T03:44:00,SES-01474,synthetic,SYN-024005
PEV-06145,VAC-0106,ORG-S1,evaluacion_realizada,2026-04-17T05:00:00,SES-01471,synthetic,SYN-024006
PEV-06146,VAC-0106,ORG-S1,evaluacion_realizada,2026-04-17T22:46:00,SES-01466,synthetic,SYN-024007
PEV-06147,VAC-0106,ORG-S1,evaluacion_realizada,2026-04-18T22:33:00,SES-01489,synthetic,SYN-024008
PEV-06148,VAC-0106,ORG-S1,entrevista_realizada,2026-04-19T10:00:00,SES-01465,synthetic,SYN-024009
PEV-06149,VAC-0106,ORG-S1,evaluacion_realizada,2026-04-19T10:00:00,SES-01473,synthetic,SYN-024010
PEV-06150,VAC-0106,ORG-S1,entrevista_realizada,2026-04-19T17:00:00,SES-01475,synthetic,SYN-024011
PEV-06151,VAC-0106,ORG-S1,entrevista_realizada,2026-04-20T16:00:00,SES-01480,synthetic,SYN-024012
PEV-06152,VAC-0106,ORG-S1,evaluacion_realizada,2026-04-20T20:24:00,SES-01464,synthetic,SYN-024013
PEV-06153,VAC-0106,ORG-S1,evaluacion_realizada,2026-04-21T03:38:00,SES-01486,synthetic,SYN-024014
PEV-06154,VAC-0106,ORG-S1,evaluacion_realizada,2026-04-22T09:46:00,SES-01467,synthetic,SYN-024015
PEV-06155,VAC-0106,ORG-S1,evaluacion_realizada,2026-04-24T12:09:00,SES-01485,synthetic,SYN-024016
PEV-06156,VAC-0106,ORG-S1,entrevista_realizada,2026-04-25T13:00:00,SES-01472,synthetic,SYN-024017
PEV-06157,VAC-0106,ORG-S1,entrevista_realizada,2026-04-25T23:00:00,SES-01470,synthetic,SYN-024018
PEV-06158,VAC-0106,ORG-S1,entrevista_realizada,2026-04-26T14:00:00,SES-01483,synthetic,SYN-024019
PEV-06159,VAC-0106,ORG-S1,vacante_cerrada,2026-05-04T15:00:00,,synthetic,SYN-024020
PEV-06160,VAC-0107,ORG-S2,vacante_publicada,2026-04-28T11:48:00,,synthetic,SYN-024021
PEV-06161,VAC-0107,ORG-S2,postulacion_recibida,2026-05-01T00:35:00,APP-00846,synthetic,SYN-024022
PEV-06162,VAC-0107,ORG-S2,cambio_etapa,2026-05-01T00:35:00,APP-00846>recibida,synthetic,SYN-024023
PEV-06163,VAC-0107,ORG-S2,postulacion_recibida,2026-05-03T08:45:00,APP-00845,synthetic,SYN-024024
PEV-06164,VAC-0107,ORG-S2,cambio_etapa,2026-05-03T08:45:00,APP-00845>recibida,synthetic,SYN-024025
PEV-06165,VAC-0107,ORG-S2,cambio_etapa,2026-05-05T05:35:00,APP-00846>evaluacion,synthetic,SYN-024026
PEV-06166,VAC-0107,ORG-S2,evaluacion_programada,2026-05-05T05:35:00,SES-01493,synthetic,SYN-024027
PEV-06167,VAC-0107,ORG-S2,cambio_etapa,2026-05-07T12:45:00,APP-00845>evaluacion,synthetic,SYN-024028
PEV-06168,VAC-0107,ORG-S2,evaluacion_programada,2026-05-07T12:45:00,SES-01491,synthetic,SYN-024029
PEV-06169,VAC-0107,ORG-S2,evaluacion_realizada,2026-05-13T10:35:00,SES-01493,synthetic,SYN-024030
PEV-06170,VAC-0107,ORG-S2,cambio_etapa,2026-05-16T13:00:00,APP-00845>entrevista,synthetic,SYN-024031
PEV-06171,VAC-0107,ORG-S2,entrevista_programada,2026-05-16T13:00:00,SES-01492,synthetic,SYN-024032
PEV-06172,VAC-0107,ORG-S2,cambio_etapa,2026-05-17T12:00:00,APP-00846>entrevista,synthetic,SYN-024033
PEV-06173,VAC-0107,ORG-S2,entrevista_programada,2026-05-17T12:00:00,SES-01494,synthetic,SYN-024034
PEV-06174,VAC-0107,ORG-S2,entrevista_realizada,2026-05-25T17:00:00,SES-01492,synthetic,SYN-024035
PEV-06175,VAC-0107,ORG-S2,entrevista_realizada,2026-05-29T17:00:00,SES-01494,synthetic,SYN-024036
PEV-06176,VAC-0107,ORG-S2,vacante_cerrada,2026-06-10T22:00:00,,synthetic,SYN-024037
PEV-06177,VAC-0108,ORG-S3,vacante_publicada,2026-07-20T16:19:00,,synthetic,SYN-024038
PEV-06178,VAC-0108,ORG-S3,postulacion_recibida,2026-07-25T06:31:00,APP-00847,synthetic,SYN-024039
PEV-06179,VAC-0108,ORG-S3,cambio_etapa,2026-07-25T06:31:00,APP-00847>recibida,synthetic,SYN-024040
PEV-06180,VAC-0108,ORG-S3,cambio_etapa,2026-07-30T08:31:00,APP-00847>evaluacion,synthetic,SYN-024041
PEV-06181,VAC-0108,ORG-S3,evaluacion_programada,2026-07-30T08:31:00,SES-01495,synthetic,SYN-024042
PEV-06182,VAC-0108,ORG-S3,postulacion_recibida,2026-08-07T01:51:00,APP-00848,synthetic,SYN-024043
PEV-06183,VAC-0108,ORG-S3,cambio_etapa,2026-08-07T01:51:00,APP-00848>recibida,synthetic,SYN-024044
PEV-06184,VAC-0108,ORG-S3,cambio_etapa,2026-08-08T01:51:00,APP-00848>evaluacion,synthetic,SYN-024045
PEV-06185,VAC-0108,ORG-S3,evaluacion_programada,2026-08-08T01:51:00,SES-01497,synthetic,SYN-024046
PEV-06186,VAC-0108,ORG-S3,evaluacion_realizada,2026-08-09T13:31:00,SES-01495,synthetic,SYN-024047
PEV-06187,VAC-0108,ORG-S3,cambio_etapa,2026-08-13T16:00:00,APP-00848>entrevista,synthetic,SYN-024048
PEV-06188,VAC-0108,ORG-S3,entrevista_programada,2026-08-13T16:00:00,SES-01498,synthetic,SYN-024049
PEV-06189,VAC-0108,ORG-S3,cambio_etapa,2026-08-14T09:00:00,APP-00847>entrevista,synthetic,SYN-024050
PEV-06190,VAC-0108,ORG-S3,entrevista_programada,2026-08-14T09:00:00,SES-01496,synthetic,SYN-024051
PEV-06191,VAC-0108,ORG-S3,entrevista_realizada,2026-08-24T03:00:00,SES-01498,synthetic,SYN-024052
PEV-06192,VAC-0108,ORG-S3,evaluacion_realizada,2026-08-26T04:51:00,SES-01497,synthetic,SYN-024053
PEV-06193,VAC-0108,ORG-S3,entrevista_realizada,2026-08-28T18:00:00,SES-01496,synthetic,SYN-024054
PEV-06194,VAC-0108,ORG-S3,vacante_cerrada,2026-09-05T19:00:00,,synthetic,SYN-024055
PEV-06195,VAC-0109,ORG-S1,vacante_publicada,2026-07-23T13:23:00,,synthetic,SYN-024056
PEV-06196,VAC-0109,ORG-S1,postulacion_recibida,2026-07-24T14:49:00,APP-00854,synthetic,SYN-024057
PEV-06197,VAC-0109,ORG-S1,cambio_etapa,2026-07-24T14:49:00,APP-00854>recibida,synthetic,SYN-024058
PEV-06198,VAC-0109,ORG-S1,postulacion_recibida,2026-07-25T00:30:00,APP-00851,synthetic,SYN-024059
PEV-06199,VAC-0109,ORG-S1,cambio_etapa,2026-07-25T00:30:00,APP-00851>recibida,synthetic,SYN-024060
PEV-06200,VAC-0109,ORG-S1,postulacion_recibida,2026-07-26T11:58:00,APP-00855,synthetic,SYN-024061
PEV-06201,VAC-0109,ORG-S1,cambio_etapa,2026-07-26T11:58:00,APP-00855>recibida,synthetic,SYN-024062
PEV-06202,VAC-0109,ORG-S1,evaluacion_programada,2026-07-27T02:30:00,SES-01504,synthetic,SYN-024063
PEV-06203,VAC-0109,ORG-S1,cambio_etapa,2026-07-27T11:58:00,APP-00855>evaluacion,synthetic,SYN-024064
PEV-06204,VAC-0109,ORG-S1,evaluacion_programada,2026-07-27T11:58:00,SES-01510,synthetic,SYN-024065
PEV-06205,VAC-0109,ORG-S1,cambio_etapa,2026-07-28T03:30:00,APP-00851>evaluacion,synthetic,SYN-024066
PEV-06206,VAC-0109,ORG-S1,evaluacion_programada,2026-07-28T03:30:00,SES-01503,synthetic,SYN-024067
PEV-06207,VAC-0109,ORG-S1,postulacion_recibida,2026-07-28T22:38:00,APP-00850,synthetic,SYN-024068
PEV-06208,VAC-0109,ORG-S1,cambio_etapa,2026-07-28T22:38:00,APP-00850>recibida,synthetic,SYN-024069
PEV-06209,VAC-0109,ORG-S1,cambio_etapa,2026-07-28T22:49:00,APP-00854>evaluacion,synthetic,SYN-024070
PEV-06210,VAC-0109,ORG-S1,evaluacion_programada,2026-07-28T22:49:00,SES-01508,synthetic,SYN-024071
PEV-06211,VAC-0109,ORG-S1,cambio_etapa,2026-07-31T23:38:00,APP-00850>evaluacion,synthetic,SYN-024072
PEV-06212,VAC-0109,ORG-S1,evaluacion_programada,2026-07-31T23:38:00,SES-01501,synthetic,SYN-024073
PEV-06213,VAC-0109,ORG-S1,postulacion_recibida,2026-08-02T21:34:00,APP-00849,synthetic,SYN-024074
PEV-06214,VAC-0109,ORG-S1,cambio_etapa,2026-08-02T21:34:00,APP-00849>recibida,synthetic,SYN-024075
PEV-06215,VAC-0109,ORG-S1,cambio_etapa,2026-08-06T05:34:00,APP-00849>evaluacion,synthetic,SYN-024076
PEV-06216,VAC-0109,ORG-S1,evaluacion_programada,2026-08-06T05:34:00,SES-01499,synthetic,SYN-024077
PEV-06217,VAC-0109,ORG-S1,postulacion_recibida,2026-08-06T08:59:00,APP-00852,synthetic,SYN-024078
PEV-06218,VAC-0109,ORG-S1,cambio_etapa,2026-08-06T08:59:00,APP-00852>recibida,synthetic,SYN-024079
PEV-06219,VAC-0109,ORG-S1,evaluacion_realizada,2026-08-06T18:58:00,SES-01510,synthetic,SYN-024080
PEV-06220,VAC-0109,ORG-S1,cambio_etapa,2026-08-08T09:59:00,APP-00852>descartada,synthetic,SYN-024081
PEV-06221,VAC-0109,ORG-S1,postulacion_recibida,2026-08-09T22:14:00,APP-00853,synthetic,SYN-024082
PEV-06222,VAC-0109,ORG-S1,cambio_etapa,2026-08-09T22:14:00,APP-00853>recibida,synthetic,SYN-024083
PEV-06223,VAC-0109,ORG-S1,cambio_etapa,2026-08-11T16:00:00,APP-00851>entrevista,synthetic,SYN-024084
PEV-06224,VAC-0109,ORG-S1,entrevista_programada,2026-08-11T16:00:00,SES-01505,synthetic,SYN-024085
PEV-06225,VAC-0109,ORG-S1,evaluacion_realizada,2026-08-12T01:00:00,SES-01504,synthetic,SYN-024086
PEV-06226,VAC-0109,ORG-S1,evaluacion_realizada,2026-08-12T01:49:00,SES-01508,synthetic,SYN-024087
PEV-06227,VAC-0109,ORG-S1,cambio_etapa,2026-08-13T01:14:00,APP-00853>evaluacion,synthetic,SYN-024088
PEV-06228,VAC-0109,ORG-S1,evaluacion_programada,2026-08-13T01:14:00,SES-01506,synthetic,SYN-024089
PEV-06229,VAC-0109,ORG-S1,cambio_etapa,2026-08-13T16:00:00,APP-00849>entrevista,synthetic,SYN-024090
PEV-06230,VAC-0109,ORG-S1,cambio_etapa,2026-08-13T16:00:00,APP-00854>entrevista,synthetic,SYN-024091
PEV-06231,VAC-0109,ORG-S1,entrevista_programada,2026-08-13T16:00:00,SES-01500,synthetic,SYN-024092
PEV-06232,VAC-0109,ORG-S1,entrevista_programada,2026-08-13T16:00:00,SES-01509,synthetic,SYN-024093
PEV-06233,VAC-0109,ORG-S1,cambio_etapa,2026-08-15T14:00:00,APP-00853>entrevista,synthetic,SYN-024094
PEV-06234,VAC-0109,ORG-S1,entrevista_programada,2026-08-15T14:00:00,SES-01507,synthetic,SYN-024095
PEV-06235,VAC-0109,ORG-S1,cambio_etapa,2026-08-16T12:00:00,APP-00850>entrevista,synthetic,SYN-024096
PEV-06236,VAC-0109,ORG-S1,entrevista_programada,2026-08-16T12:00:00,SES-01502,synthetic,SYN-024097
PEV-06237,VAC-0109,ORG-S1,evaluacion_realizada,2026-08-18T00:38:00,SES-01501,synthetic,SYN-024098
PEV-06238,VAC-0109,ORG-S1,evaluacion_realizada,2026-08-18T06:34:00,SES-01499,synthetic,SYN-024099
PEV-06239,VAC-0109,ORG-S1,evaluacion_realizada,2026-08-18T07:14:00,SES-01506,synthetic,SYN-024100
PEV-06240,VAC-0109,ORG-S1,entrevista_realizada,2026-08-19T23:00:00,SES-01500,synthetic,SYN-024101
PEV-06241,VAC-0109,ORG-S1,entrevista_realizada,2026-08-22T22:00:00,SES-01505,synthetic,SYN-024102
PEV-06242,VAC-0109,ORG-S1,entrevista_realizada,2026-08-25T17:00:00,SES-01502,synthetic,SYN-024103
PEV-06243,VAC-0109,ORG-S1,vacante_cerrada,2026-09-08T22:00:00,,synthetic,SYN-024104
PEV-06244,VAC-0110,ORG-S2,vacante_publicada,2026-08-18T10:40:00,,synthetic,SYN-024105
PEV-06245,VAC-0110,ORG-S2,postulacion_recibida,2026-08-20T09:03:00,APP-00858,synthetic,SYN-024106
PEV-06246,VAC-0110,ORG-S2,cambio_etapa,2026-08-20T09:03:00,APP-00858>recibida,synthetic,SYN-024107
PEV-06247,VAC-0110,ORG-S2,postulacion_recibida,2026-08-21T00:50:00,APP-00860,synthetic,SYN-024108
PEV-06248,VAC-0110,ORG-S2,cambio_etapa,2026-08-21T00:50:00,APP-00860>recibida,synthetic,SYN-024109
PEV-06249,VAC-0110,ORG-S2,postulacion_recibida,2026-08-21T03:32:00,APP-00863,synthetic,SYN-024110
PEV-06250,VAC-0110,ORG-S2,cambio_etapa,2026-08-21T03:32:00,APP-00863>recibida,synthetic,SYN-024111
PEV-06251,VAC-0110,ORG-S2,postulacion_recibida,2026-08-22T04:39:00,APP-00859,synthetic,SYN-024112
PEV-06252,VAC-0110,ORG-S2,cambio_etapa,2026-08-22T04:39:00,APP-00859>recibida,synthetic,SYN-024113
PEV-06253,VAC-0110,ORG-S2,postulacion_recibida,2026-08-22T11:42:00,APP-00865,synthetic,SYN-024114
PEV-06254,VAC-0110,ORG-S2,cambio_etapa,2026-08-22T11:42:00,APP-00865>recibida,synthetic,SYN-024115
PEV-06255,VAC-0110,ORG-S2,postulacion_recibida,2026-08-23T22:34:00,APP-00864,synthetic,SYN-024116
PEV-06256,VAC-0110,ORG-S2,cambio_etapa,2026-08-23T22:34:00,APP-00864>recibida,synthetic,SYN-024117
PEV-06257,VAC-0110,ORG-S2,cambio_etapa,2026-08-24T14:03:00,APP-00858>descartada,synthetic,SYN-024118
PEV-06258,VAC-0110,ORG-S2,postulacion_recibida,2026-08-25T01:27:00,APP-00862,synthetic,SYN-024119
PEV-06259,VAC-0110,ORG-S2,cambio_etapa,2026-08-25T01:27:00,APP-00862>recibida,synthetic,SYN-024120
PEV-06260,VAC-0110,ORG-S2,evaluacion_programada,2026-08-25T07:32:00,SES-01521,synthetic,SYN-024121
PEV-06261,VAC-0110,ORG-S2,cambio_etapa,2026-08-25T11:32:00,APP-00863>evaluacion,synthetic,SYN-024122
PEV-06262,VAC-0110,ORG-S2,evaluacion_programada,2026-08-25T11:32:00,SES-01520,synthetic,SYN-024123
PEV-06263,VAC-0110,ORG-S2,cambio_etapa,2026-08-25T15:42:00,APP-00865>descartada,synthetic,SYN-024124
PEV-06264,VAC-0110,ORG-S2,postulacion_recibida,2026-08-25T17:55:00,APP-00856,synthetic,SYN-024125
PEV-06265,VAC-0110,ORG-S2,cambio_etapa,2026-08-25T17:55:00,APP-00856>recibida,synthetic,SYN-024126
PEV-06266,VAC-0110,ORG-S2,cambio_etapa,2026-08-26T06:50:00,APP-00860>evaluacion,synthetic,SYN-024127
PEV-06267,VAC-0110,ORG-S2,evaluacion_programada,2026-08-26T06:50:00,SES-01514,synthetic,SYN-024128
PEV-06268,VAC-0110,ORG-S2,cambio_etapa,2026-08-27T04:27:00,APP-00862>evaluacion,synthetic,SYN-024129
PEV-06269,VAC-0110,ORG-S2,evaluacion_programada,2026-08-27T04:27:00,SES-01518,synthetic,SYN-024130
PEV-06270,VAC-0110,ORG-S2,cambio_etapa,2026-08-27T04:34:00,APP-00864>evaluacion,synthetic,SYN-024131
PEV-06271,VAC-0110,ORG-S2,evaluacion_programada,2026-08-27T04:34:00,SES-01522,synthetic,SYN-024132
PEV-06272,VAC-0110,ORG-S2,cambio_etapa,2026-08-27T06:39:00,APP-00859>evaluacion,synthetic,SYN-024133
PEV-06273,VAC-0110,ORG-S2,evaluacion_programada,2026-08-27T06:39:00,SES-01513,synthetic,SYN-024134
PEV-06274,VAC-0110,ORG-S2,postulacion_recibida,2026-08-27T23:37:00,APP-00866,synthetic,SYN-024135
PEV-06275,VAC-0110,ORG-S2,cambio_etapa,2026-08-27T23:37:00,APP-00866>recibida,synthetic,SYN-024136
PEV-06276,VAC-0110,ORG-S2,postulacion_recibida,2026-08-29T14:05:00,APP-00861,synthetic,SYN-024137
PEV-06277,VAC-0110,ORG-S2,cambio_etapa,2026-08-29T14:05:00,APP-00861>recibida,synthetic,SYN-024138
PEV-06278,VAC-0110,ORG-S2,postulacion_recibida,2026-08-29T18:27:00,APP-00857,synthetic,SYN-024139
PEV-06279,VAC-0110,ORG-S2,cambio_etapa,2026-08-29T18:27:00,APP-00857>recibida,synthetic,SYN-024140
PEV-06280,VAC-0110,ORG-S2,cambio_etapa,2026-08-30T09:00:00,APP-00866>entrevista,synthetic,SYN-024141
PEV-06281,VAC-0110,ORG-S2,entrevista_programada,2026-08-30T09:00:00,SES-01525,synthetic,SYN-024142
PEV-06282,VAC-0110,ORG-S2,cambio_etapa,2026-08-30T12:00:00,APP-00862>entrevista,synthetic,SYN-024143
PEV-06283,VAC-0110,ORG-S2,entrevista_programada,2026-08-30T12:00:00,SES-01519,synthetic,SYN-024144
PEV-06284,VAC-0110,ORG-S2,cambio_etapa,2026-08-30T19:55:00,APP-00856>evaluacion,synthetic,SYN-024145
PEV-06285,VAC-0110,ORG-S2,evaluacion_programada,2026-08-30T19:55:00,SES-01511,synthetic,SYN-024146
PEV-06286,VAC-0110,ORG-S2,cambio_etapa,2026-08-30T20:27:00,APP-00857>descartada,synthetic,SYN-024147
PEV-06287,VAC-0110,ORG-S2,evaluacion_realizada,2026-09-01T02:00:00,SES-01518,synthetic,SYN-024148
PEV-06288,VAC-0110,ORG-S2,evaluacion_realizada,2026-09-01T03:00:00,SES-01521,synthetic,SYN-024149
PEV-06289,VAC-0110,ORG-S2,cambio_etapa,2026-09-01T06:37:00,APP-00866>evaluacion,synthetic,SYN-024150
PEV-06290,VAC-0110,ORG-S2,evaluacion_programada,2026-09-01T06:37:00,SES-01524,synthetic,SYN-024151
PEV-06291,VAC-0110,ORG-S2,cambio_etapa,2026-09-01T11:00:00,APP-00864>entrevista,synthetic,SYN-024152
PEV-06292,VAC-0110,ORG-S2,entrevista_programada,2026-09-01T11:00:00,SES-01523,synthetic,SYN-024153
PEV-06293,VAC-0110,ORG-S2,cambio_etapa,2026-09-01T14:00:00,APP-00861>entrevista,synthetic,SYN-024154
PEV-06294,VAC-0110,ORG-S2,entrevista_programada,2026-09-01T14:00:00,SES-01517,synthetic,SYN-024155
PEV-06295,VAC-0110,ORG-S2,cambio_etapa,2026-09-01T16:00:00,APP-00856>entrevista,synthetic,SYN-024156
PEV-06296,VAC-0110,ORG-S2,entrevista_programada,2026-09-01T16:00:00,SES-01512,synthetic,SYN-024157
PEV-06297,VAC-0110,ORG-S2,cambio_etapa,2026-09-02T15:00:00,APP-00860>entrevista,synthetic,SYN-024158
PEV-06298,VAC-0110,ORG-S2,entrevista_programada,2026-09-02T15:00:00,SES-01515,synthetic,SYN-024159
PEV-06299,VAC-0110,ORG-S2,cambio_etapa,2026-09-03T20:05:00,APP-00861>evaluacion,synthetic,SYN-024160
PEV-06300,VAC-0110,ORG-S2,evaluacion_programada,2026-09-03T20:05:00,SES-01516,synthetic,SYN-024161
PEV-06301,VAC-0110,ORG-S2,evaluacion_realizada,2026-09-05T13:34:00,SES-01522,synthetic,SYN-024162
PEV-06302,VAC-0110,ORG-S2,evaluacion_realizada,2026-09-06T09:39:00,SES-01513,synthetic,SYN-024163
PEV-06303,VAC-0110,ORG-S2,evaluacion_realizada,2026-09-07T15:50:00,SES-01514,synthetic,SYN-024164
PEV-06304,VAC-0110,ORG-S2,evaluacion_realizada,2026-09-12T15:32:00,SES-01520,synthetic,SYN-024165
PEV-06305,VAC-0110,ORG-S2,entrevista_realizada,2026-09-12T17:00:00,SES-01525,synthetic,SYN-024166
PEV-06306,VAC-0110,ORG-S2,entrevista_realizada,2026-09-13T18:00:00,SES-01523,synthetic,SYN-024167
PEV-06307,VAC-0110,ORG-S2,entrevista_realizada,2026-09-13T23:00:00,SES-01517,synthetic,SYN-024168
PEV-06308,VAC-0110,ORG-S2,entrevista_realizada,2026-09-14T22:00:00,SES-01512,synthetic,SYN-024169
PEV-06309,VAC-0110,ORG-S2,entrevista_realizada,2026-09-17T00:00:00,SES-01515,synthetic,SYN-024170
PEV-06310,VAC-0110,ORG-S2,evaluacion_realizada,2026-09-17T09:37:00,SES-01524,synthetic,SYN-024171
PEV-06311,VAC-0110,ORG-S2,evaluacion_realizada,2026-09-17T22:55:00,SES-01511,synthetic,SYN-024172
PEV-06312,VAC-0110,ORG-S2,evaluacion_realizada,2026-09-18T01:05:00,SES-01516,synthetic,SYN-024173
PEV-06313,VAC-0110,ORG-S2,entrevista_realizada,2026-09-18T14:00:00,SES-01519,synthetic,SYN-024174
PEV-06314,VAC-0110,ORG-S2,vacante_cerrada,2026-09-25T17:00:00,,synthetic,SYN-024175
PEV-06315,VAC-0111,ORG-S3,vacante_publicada,2026-02-06T17:35:00,,synthetic,SYN-024176
PEV-06316,VAC-0111,ORG-S3,postulacion_recibida,2026-02-08T08:36:00,APP-00867,synthetic,SYN-024177
PEV-06317,VAC-0111,ORG-S3,cambio_etapa,2026-02-08T08:36:00,APP-00867>recibida,synthetic,SYN-024178
PEV-06318,VAC-0111,ORG-S3,postulacion_recibida,2026-02-11T19:58:00,APP-00868,synthetic,SYN-024179
PEV-06319,VAC-0111,ORG-S3,cambio_etapa,2026-02-11T19:58:00,APP-00868>recibida,synthetic,SYN-024180
PEV-06320,VAC-0111,ORG-S3,cambio_etapa,2026-02-13T16:36:00,APP-00867>evaluacion,synthetic,SYN-024181
PEV-06321,VAC-0111,ORG-S3,evaluacion_programada,2026-02-13T16:36:00,SES-01526,synthetic,SYN-024182
PEV-06322,VAC-0111,ORG-S3,cambio_etapa,2026-02-13T22:58:00,APP-00868>evaluacion,synthetic,SYN-024183
PEV-06323,VAC-0111,ORG-S3,evaluacion_programada,2026-02-13T22:58:00,SES-01528,synthetic,SYN-024184
PEV-06324,VAC-0111,ORG-S3,postulacion_recibida,2026-02-15T05:51:00,APP-00869,synthetic,SYN-024185
PEV-06325,VAC-0111,ORG-S3,cambio_etapa,2026-02-15T05:51:00,APP-00869>recibida,synthetic,SYN-024186
PEV-06326,VAC-0111,ORG-S3,postulacion_recibida,2026-02-17T12:01:00,APP-00870,synthetic,SYN-024187
PEV-06327,VAC-0111,ORG-S3,cambio_etapa,2026-02-17T12:01:00,APP-00870>recibida,synthetic,SYN-024188
PEV-06328,VAC-0111,ORG-S3,cambio_etapa,2026-02-17T13:51:00,APP-00869>evaluacion,synthetic,SYN-024189
PEV-06329,VAC-0111,ORG-S3,evaluacion_programada,2026-02-17T13:51:00,SES-01529,synthetic,SYN-024190
PEV-06330,VAC-0111,ORG-S3,evaluacion_programada,2026-02-18T09:51:00,SES-01530,synthetic,SYN-024191
PEV-06331,VAC-0111,ORG-S3,cambio_etapa,2026-02-19T13:00:00,APP-00867>entrevista,synthetic,SYN-024192
PEV-06332,VAC-0111,ORG-S3,entrevista_programada,2026-02-19T13:00:00,SES-01527,synthetic,SYN-024193
PEV-06333,VAC-0111,ORG-S3,cambio_etapa,2026-02-19T14:01:00,APP-00870>evaluacion,synthetic,SYN-024194
PEV-06334,VAC-0111,ORG-S3,evaluacion_programada,2026-02-19T14:01:00,SES-01532,synthetic,SYN-024195
PEV-06335,VAC-0111,ORG-S3,evaluacion_realizada,2026-02-19T20:51:00,SES-01529,synthetic,SYN-024196
PEV-06336,VAC-0111,ORG-S3,evaluacion_realizada,2026-02-21T03:36:00,SES-01526,synthetic,SYN-024197
PEV-06337,VAC-0111,ORG-S3,cambio_etapa,2026-02-21T14:00:00,APP-00870>entrevista,synthetic,SYN-024198
PEV-06338,VAC-0111,ORG-S3,entrevista_programada,2026-02-21T14:00:00,SES-01533,synthetic,SYN-024199
PEV-06339,VAC-0111,ORG-S3,cambio_etapa,2026-02-22T15:00:00,APP-00869>entrevista,synthetic,SYN-024200
PEV-06340,VAC-0111,ORG-S3,entrevista_programada,2026-02-22T15:00:00,SES-01531,synthetic,SYN-024201
PEV-06341,VAC-0111,ORG-S3,entrevista_realizada,2026-03-02T16:00:00,SES-01527,synthetic,SYN-024202
PEV-06342,VAC-0111,ORG-S3,entrevista_realizada,2026-03-03T16:00:00,SES-01531,synthetic,SYN-024203
PEV-06343,VAC-0111,ORG-S3,entrevista_realizada,2026-03-03T18:00:00,SES-01533,synthetic,SYN-024204
PEV-06344,VAC-0111,ORG-S3,evaluacion_realizada,2026-03-04T19:01:00,SES-01532,synthetic,SYN-024205
PEV-06345,VAC-0111,ORG-S3,evaluacion_realizada,2026-03-05T19:51:00,SES-01530,synthetic,SYN-024206
PEV-06346,VAC-0111,ORG-S3,vacante_cerrada,2026-03-09T01:51:00,,synthetic,SYN-024207
PEV-06347,VAC-0112,ORG-S1,vacante_publicada,2026-04-30T11:55:00,,synthetic,SYN-024208
PEV-06348,VAC-0112,ORG-S1,postulacion_recibida,2026-05-01T03:07:00,APP-00879,synthetic,SYN-024209
PEV-06349,VAC-0112,ORG-S1,cambio_etapa,2026-05-01T03:07:00,APP-00879>recibida,synthetic,SYN-024210
PEV-06350,VAC-0112,ORG-S1,postulacion_recibida,2026-05-01T07:59:00,APP-00873,synthetic,SYN-024211
PEV-06351,VAC-0112,ORG-S1,cambio_etapa,2026-05-01T07:59:00,APP-00873>recibida,synthetic,SYN-024212
PEV-06352,VAC-0112,ORG-S1,postulacion_recibida,2026-05-03T13:13:00,APP-00874,synthetic,SYN-024213
PEV-06353,VAC-0112,ORG-S1,cambio_etapa,2026-05-03T13:13:00,APP-00874>recibida,synthetic,SYN-024214
PEV-06354,VAC-0112,ORG-S1,postulacion_recibida,2026-05-04T00:53:00,APP-00875,synthetic,SYN-024215
PEV-06355,VAC-0112,ORG-S1,cambio_etapa,2026-05-04T00:53:00,APP-00875>recibida,synthetic,SYN-024216
PEV-06356,VAC-0112,ORG-S1,cambio_etapa,2026-05-04T07:07:00,APP-00879>evaluacion,synthetic,SYN-024217
PEV-06357,VAC-0112,ORG-S1,evaluacion_programada,2026-05-04T07:07:00,SES-01548,synthetic,SYN-024218
PEV-06358,VAC-0112,ORG-S1,postulacion_recibida,2026-05-04T16:56:00,APP-00872,synthetic,SYN-024219
PEV-06359,VAC-0112,ORG-S1,cambio_etapa,2026-05-04T16:56:00,APP-00872>recibida,synthetic,SYN-024220
PEV-06360,VAC-0112,ORG-S1,postulacion_recibida,2026-05-05T02:02:00,APP-00871,synthetic,SYN-024221
PEV-06361,VAC-0112,ORG-S1,cambio_etapa,2026-05-05T02:02:00,APP-00871>recibida,synthetic,SYN-024222
PEV-06362,VAC-0112,ORG-S1,cambio_etapa,2026-05-05T05:53:00,APP-00875>evaluacion,synthetic,SYN-024223
PEV-06363,VAC-0112,ORG-S1,evaluacion_programada,2026-05-05T05:53:00,SES-01540,synthetic,SYN-024224
PEV-06364,VAC-0112,ORG-S1,cambio_etapa,2026-05-05T08:59:00,APP-00873>evaluacion,synthetic,SYN-024225
PEV-06365,VAC-0112,ORG-S1,evaluacion_programada,2026-05-05T08:59:00,SES-01536,synthetic,SYN-024226
PEV-06366,VAC-0112,ORG-S1,evaluacion_programada,2026-05-06T11:59:00,SES-01537,synthetic,SYN-024227
PEV-06367,VAC-0112,ORG-S1,postulacion_recibida,2026-05-08T10:12:00,APP-00877,synthetic,SYN-024228
PEV-06368,VAC-0112,ORG-S1,cambio_etapa,2026-05-08T10:12:00,APP-00877>recibida,synthetic,SYN-024229
PEV-06369,VAC-0112,ORG-S1,postulacion_recibida,2026-05-08T12:25:00,APP-00876,synthetic,SYN-024230
PEV-06370,VAC-0112,ORG-S1,cambio_etapa,2026-05-08T12:25:00,APP-00876>recibida,synthetic,SYN-024231
PEV-06371,VAC-0112,ORG-S1,cambio_etapa,2026-05-08T14:13:00,APP-00874>evaluacion,synthetic,SYN-024232
PEV-06372,VAC-0112,ORG-S1,evaluacion_programada,2026-05-08T14:13:00,SES-01538,synthetic,SYN-024233
PEV-06373,VAC-0112,ORG-S1,cambio_etapa,2026-05-09T10:12:00,APP-00877>evaluacion,synthetic,SYN-024234
PEV-06374,VAC-0112,ORG-S1,evaluacion_programada,2026-05-09T10:12:00,SES-01544,synthetic,SYN-024235
PEV-06375,VAC-0112,ORG-S1,evaluacion_realizada,2026-05-09T16:59:00,SES-01537,synthetic,SYN-024236
PEV-06376,VAC-0112,ORG-S1,cambio_etapa,2026-05-09T22:56:00,APP-00872>evaluacion,synthetic,SYN-024237
PEV-06377,VAC-0112,ORG-S1,evaluacion_programada,2026-05-09T22:56:00,SES-01534,synthetic,SYN-024238
PEV-06378,VAC-0112,ORG-S1,cambio_etapa,2026-05-10T07:02:00,APP-00871>descartada,synthetic,SYN-024239
PEV-06379,VAC-0112,ORG-S1,postulacion_recibida,2026-05-10T23:16:00,APP-00880,synthetic,SYN-024240
PEV-06380,VAC-0112,ORG-S1,cambio_etapa,2026-05-10T23:16:00,APP-00880>recibida,synthetic,SYN-024241
PEV-06381,VAC-0112,ORG-S1,postulacion_recibida,2026-05-11T10:10:00,APP-00878,synthetic,SYN-024242
PEV-06382,VAC-0112,ORG-S1,cambio_etapa,2026-05-11T10:10:00,APP-00878>recibida,synthetic,SYN-024243
PEV-06383,VAC-0112,ORG-S1,evaluacion_realizada,2026-05-12T12:59:00,SES-01536,synthetic,SYN-024244
PEV-06384,VAC-0112,ORG-S1,cambio_etapa,2026-05-12T17:25:00,APP-00876>evaluacion,synthetic,SYN-024245
PEV-06385,VAC-0112,ORG-S1,evaluacion_programada,2026-05-12T17:25:00,SES-01542,synthetic,SYN-024246
PEV-06386,VAC-0112,ORG-S1,cambio_etapa,2026-05-13T07:16:00,APP-00880>evaluacion,synthetic,SYN-024247
PEV-06387,VAC-0112,ORG-S1,evaluacion_programada,2026-05-13T07:16:00,SES-01550,synthetic,SYN-024248
PEV-06388,VAC-0112,ORG-S1,cambio_etapa,2026-05-13T15:00:00,APP-00874>entrevista,synthetic,SYN-024249
PEV-06389,VAC-0112,ORG-S1,entrevista_programada,2026-05-13T15:00:00,SES-01539,synthetic,SYN-024250
PEV-06390,VAC-0112,ORG-S1,cambio_etapa,2026-05-13T17:00:00,APP-00872>entrevista,synthetic,SYN-024251
PEV-06391,VAC-0112,ORG-S1,entrevista_programada,2026-05-13T17:00:00,SES-01535,synthetic,SYN-024252
PEV-06392,VAC-0112,ORG-S1,evaluacion_realizada,2026-05-14T11:07:00,SES-01548,synthetic,SYN-024253
PEV-06393,VAC-0112,ORG-S1,cambio_etapa,2026-05-14T17:00:00,APP-00875>entrevista,synthetic,SYN-024254
PEV-06394,VAC-0112,ORG-S1,entrevista_programada,2026-05-14T17:00:00,SES-01541,synthetic,SYN-024255
PEV-06395,VAC-0112,ORG-S1,evaluacion_programada,2026-05-15T06:16:00,SES-01551,synthetic,SYN-024256
PEV-06396,VAC-0112,ORG-S1,cambio_etapa,2026-05-15T13:10:00,APP-00878>evaluacion,synthetic,SYN-024257
PEV-06397,VAC-0112,ORG-S1,evaluacion_programada,2026-05-15T13:10:00,SES-01546,synthetic,SYN-024258
PEV-06398,VAC-0112,ORG-S1,cambio_etapa,2026-05-16T13:00:00,APP-00879>entrevista,synthetic,SYN-024259
PEV-06399,VAC-0112,ORG-S1,entrevista_programada,2026-05-16T13:00:00,SES-01549,synthetic,SYN-024260
PEV-06400,VAC-0112,ORG-S1,cambio_etapa,2026-05-16T15:00:00,APP-00877>entrevista,synthetic,SYN-024261
PEV-06401,VAC-0112,ORG-S1,entrevista_programada,2026-05-16T15:00:00,SES-01545,synthetic,SYN-024262
PEV-06402,VAC-0112,ORG-S1,evaluacion_realizada,2026-05-17T06:56:00,SES-01534,synthetic,SYN-024263
PEV-06403,VAC-0112,ORG-S1,cambio_etapa,2026-05-17T17:00:00,APP-00878>entrevista,synthetic,SYN-024264
PEV-06404,VAC-0112,ORG-S1,entrevista_programada,2026-05-17T17:00:00,SES-01547,synthetic,SYN-024265
PEV-06405,VAC-0112,ORG-S1,cambio_etapa,2026-05-18T09:00:00,APP-00876>entrevista,synthetic,SYN-024266
PEV-06406,VAC-0112,ORG-S1,entrevista_programada,2026-05-18T09:00:00,SES-01543,synthetic,SYN-024267
PEV-06407,VAC-0112,ORG-S1,evaluacion_realizada,2026-05-19T09:53:00,SES-01540,synthetic,SYN-024268
PEV-06408,VAC-0112,ORG-S1,entrevista_realizada,2026-05-19T19:00:00,SES-01545,synthetic,SYN-024269
PEV-06409,VAC-0112,ORG-S1,entrevista_realizada,2026-05-19T19:00:00,SES-01549,synthetic,SYN-024270
PEV-06410,VAC-0112,ORG-S1,entrevista_realizada,2026-05-21T19:00:00,SES-01541,synthetic,SYN-024271
PEV-06411,VAC-0112,ORG-S1,evaluacion_realizada,2026-05-21T21:10:00,SES-01546,synthetic,SYN-024272
PEV-06412,VAC-0112,ORG-S1,evaluacion_realizada,2026-05-22T21:25:00,SES-01542,synthetic,SYN-024273
PEV-06413,VAC-0112,ORG-S1,entrevista_realizada,2026-05-23T22:00:00,SES-01539,synthetic,SYN-024274
PEV-06414,VAC-0112,ORG-S1,evaluacion_realizada,2026-05-24T11:16:00,SES-01550,synthetic,SYN-024275
PEV-06415,VAC-0112,ORG-S1,evaluacion_realizada,2026-05-24T18:12:00,SES-01544,synthetic,SYN-024276
PEV-06416,VAC-0112,ORG-S1,entrevista_realizada,2026-05-26T15:00:00,SES-01543,synthetic,SYN-024277
PEV-06417,VAC-0112,ORG-S1,evaluacion_realizada,2026-05-26T15:16:00,SES-01551,synthetic,SYN-024278
PEV-06418,VAC-0112,ORG-S1,entrevista_realizada,2026-05-28T00:00:00,SES-01535,synthetic,SYN-024279
PEV-06419,VAC-0112,ORG-S1,entrevista_realizada,2026-05-31T04:00:00,SES-01547,synthetic,SYN-024280
PEV-06420,VAC-0112,ORG-S1,vacante_cerrada,2026-06-11T06:00:00,,synthetic,SYN-024281
PEV-06421,VAC-0113,ORG-S2,vacante_publicada,2026-08-30T00:00:00,,synthetic,SYN-024282
PEV-06422,VAC-0113,ORG-S2,postulacion_recibida,2026-08-31T12:17:00,APP-00890,synthetic,SYN-024283
PEV-06423,VAC-0113,ORG-S2,cambio_etapa,2026-08-31T12:17:00,APP-00890>recibida,synthetic,SYN-024284
PEV-06424,VAC-0113,ORG-S2,postulacion_recibida,2026-08-31T23:32:00,APP-00889,synthetic,SYN-024285
PEV-06425,VAC-0113,ORG-S2,cambio_etapa,2026-08-31T23:32:00,APP-00889>recibida,synthetic,SYN-024286
PEV-06426,VAC-0113,ORG-S2,postulacion_recibida,2026-09-01T08:28:00,APP-00893,synthetic,SYN-024287
PEV-06427,VAC-0113,ORG-S2,cambio_etapa,2026-09-01T08:28:00,APP-00893>recibida,synthetic,SYN-024288
PEV-06428,VAC-0113,ORG-S2,postulacion_recibida,2026-09-01T10:32:00,APP-00885,synthetic,SYN-024289
PEV-06429,VAC-0113,ORG-S2,cambio_etapa,2026-09-01T10:32:00,APP-00885>recibida,synthetic,SYN-024290
PEV-06430,VAC-0113,ORG-S2,postulacion_recibida,2026-09-02T17:08:00,APP-00881,synthetic,SYN-024291
PEV-06431,VAC-0113,ORG-S2,cambio_etapa,2026-09-02T17:08:00,APP-00881>recibida,synthetic,SYN-024292
PEV-06432,VAC-0113,ORG-S2,cambio_etapa,2026-09-03T12:17:00,APP-00890>evaluacion,synthetic,SYN-024293
PEV-06433,VAC-0113,ORG-S2,evaluacion_programada,2026-09-03T12:17:00,SES-01568,synthetic,SYN-024294
PEV-06434,VAC-0113,ORG-S2,evaluacion_programada,2026-09-03T13:17:00,SES-01569,synthetic,SYN-024295
PEV-06435,VAC-0113,ORG-S2,cambio_etapa,2026-09-03T13:28:00,APP-00893>evaluacion,synthetic,SYN-024296
PEV-06436,VAC-0113,ORG-S2,evaluacion_programada,2026-09-03T13:28:00,SES-01574,synthetic,SYN-024297
PEV-06437,VAC-0113,ORG-S2,cambio_etapa,2026-09-03T14:32:00,APP-00885>evaluacion,synthetic,SYN-024298
PEV-06438,VAC-0113,ORG-S2,evaluacion_programada,2026-09-03T14:32:00,SES-01559,synthetic,SYN-024299
PEV-06439,VAC-0113,ORG-S2,cambio_etapa,2026-09-03T23:32:00,APP-00889>evaluacion,synthetic,SYN-024300
PEV-06440,VAC-0113,ORG-S2,evaluacion_programada,2026-09-03T23:32:00,SES-01566,synthetic,SYN-024301
PEV-06441,VAC-0113,ORG-S2,postulacion_recibida,2026-09-04T04:59:00,APP-00886,synthetic,SYN-024302
PEV-06442,VAC-0113,ORG-S2,cambio_etapa,2026-09-04T04:59:00,APP-00886>recibida,synthetic,SYN-024303
PEV-06443,VAC-0113,ORG-S2,postulacion_recibida,2026-09-04T09:56:00,APP-00887,synthetic,SYN-024304
PEV-06444,VAC-0113,ORG-S2,cambio_etapa,2026-09-04T09:56:00,APP-00887>recibida,synthetic,SYN-024305
PEV-06445,VAC-0113,ORG-S2,postulacion_recibida,2026-09-04T17:05:00,APP-00882,synthetic,SYN-024306
PEV-06446,VAC-0113,ORG-S2,cambio_etapa,2026-09-04T17:05:00,APP-00882>recibida,synthetic,SYN-024307
PEV-06447,VAC-0113,ORG-S2,cambio_etapa,2026-09-04T20:08:00,APP-00881>evaluacion,synthetic,SYN-024308
PEV-06448,VAC-0113,ORG-S2,evaluacion_programada,2026-09-04T20:08:00,SES-01552,synthetic,SYN-024309
PEV-06449,VAC-0113,ORG-S2,postulacion_recibida,2026-09-05T03:24:00,APP-00884,synthetic,SYN-024310
PEV-06450,VAC-0113,ORG-S2,cambio_etapa,2026-09-05T03:24:00,APP-00884>recibida,synthetic,SYN-024311
PEV-06451,VAC-0113,ORG-S2,postulacion_recibida,2026-09-05T09:32:00,APP-00883,synthetic,SYN-024312
PEV-06452,VAC-0113,ORG-S2,cambio_etapa,2026-09-05T09:32:00,APP-00883>recibida,synthetic,SYN-024313
PEV-06453,VAC-0113,ORG-S2,postulacion_recibida,2026-09-05T10:29:00,APP-00888,synthetic,SYN-024314
PEV-06454,VAC-0113,ORG-S2,cambio_etapa,2026-09-05T10:29:00,APP-00888>recibida,synthetic,SYN-024315
PEV-06455,VAC-0113,ORG-S2,cambio_etapa,2026-09-05T23:05:00,APP-00882>evaluacion,synthetic,SYN-024316
PEV-06456,VAC-0113,ORG-S2,evaluacion_programada,2026-09-05T23:05:00,SES-01553,synthetic,SYN-024317
PEV-06457,VAC-0113,ORG-S2,postulacion_recibida,2026-09-06T00:28:00,APP-00892,synthetic,SYN-024318
PEV-06458,VAC-0113,ORG-S2,cambio_etapa,2026-09-06T00:28:00,APP-00892>recibida,synthetic,SYN-024319
PEV-06459,VAC-0113,ORG-S2,postulacion_recibida,2026-09-06T01:53:00,APP-00891,synthetic,SYN-024320
PEV-06460,VAC-0113,ORG-S2,cambio_etapa,2026-09-06T01:53:00,APP-00891>recibida,synthetic,SYN-024321
PEV-06461,VAC-0113,ORG-S2,cambio_etapa,2026-09-07T00:00:00,APP-00888>evaluacion,synthetic,SYN-024322
PEV-06462,VAC-0113,ORG-S2,evaluacion_programada,2026-09-07T00:00:00,SES-01564,synthetic,SYN-024323
PEV-06463,VAC-0113,ORG-S2,cambio_etapa,2026-09-07T13:00:00,APP-00888>entrevista,synthetic,SYN-024324
PEV-06464,VAC-0113,ORG-S2,entrevista_programada,2026-09-07T13:00:00,SES-01565,synthetic,SYN-024325
PEV-06465,VAC-0113,ORG-S2,cambio_etapa,2026-09-07T15:32:00,APP-00883>evaluacion,synthetic,SYN-024326
PEV-06466,VAC-0113,ORG-S2,evaluacion_programada,2026-09-07T15:32:00,SES-01555,synthetic,SYN-024327
PEV-06467,VAC-0113,ORG-S2,cambio_etapa,2026-09-08T01:53:00,APP-00891>evaluacion,synthetic,SYN-024328
PEV-06468,VAC-0113,ORG-S2,evaluacion_programada,2026-09-08T01:53:00,SES-01570,synthetic,SYN-024329
PEV-06469,VAC-0113,ORG-S2,cambio_etapa,2026-09-08T07:59:00,APP-00886>evaluacion,synthetic,SYN-024330
PEV-06470,VAC-0113,ORG-S2,evaluacion_programada,2026-09-08T07:59:00,SES-01561,synthetic,SYN-024331
PEV-06471,VAC-0113,ORG-S2,cambio_etapa,2026-09-08T09:24:00,APP-00884>evaluacion,synthetic,SYN-024332
PEV-06472,VAC-0113,ORG-S2,evaluacion_programada,2026-09-08T09:24:00,SES-01557,synthetic,SYN-024333
PEV-06473,VAC-0113,ORG-S2,cambio_etapa,2026-09-08T14:56:00,APP-00887>evaluacion,synthetic,SYN-024334
PEV-06474,VAC-0113,ORG-S2,evaluacion_programada,2026-09-08T14:56:00,SES-01563,synthetic,SYN-024335
PEV-06475,VAC-0113,ORG-S2,cambio_etapa,2026-09-08T16:00:00,APP-00892>entrevista,synthetic,SYN-024336
PEV-06476,VAC-0113,ORG-S2,entrevista_programada,2026-09-08T16:00:00,SES-01573,synthetic,SYN-024337
PEV-06477,VAC-0113,ORG-S2,cambio_etapa,2026-09-09T07:28:00,APP-00892>evaluacion,synthetic,SYN-024338
PEV-06478,VAC-0113,ORG-S2,evaluacion_programada,2026-09-09T07:28:00,SES-01572,synthetic,SYN-024339
PEV-06479,VAC-0113,ORG-S2,cambio_etapa,2026-09-09T13:00:00,APP-00891>entrevista,synthetic,SYN-024340
PEV-06480,VAC-0113,ORG-S2,entrevista_programada,2026-09-09T13:00:00,SES-01571,synthetic,SYN-024341
PEV-06481,VAC-0113,ORG-S2,cambio_etapa,2026-09-09T14:00:00,APP-00883>entrevista,synthetic,SYN-024342
PEV-06482,VAC-0113,ORG-S2,entrevista_programada,2026-09-09T14:00:00,SES-01556,synthetic,SYN-024343
PEV-06483,VAC-0113,ORG-S2,cambio_etapa,2026-09-09T16:00:00,APP-00882>entrevista,synthetic,SYN-024344
PEV-06484,VAC-0113,ORG-S2,entrevista_programada,2026-09-09T16:00:00,SES-01554,synthetic,SYN-024345
PEV-06485,VAC-0113,ORG-S2,cambio_etapa,2026-09-10T14:00:00,APP-00884>entrevista,synthetic,SYN-024346
PEV-06486,VAC-0113,ORG-S2,entrevista_programada,2026-09-10T14:00:00,SES-01558,synthetic,SYN-024347
PEV-06487,VAC-0113,ORG-S2,cambio_etapa,2026-09-11T11:00:00,APP-00885>entrevista,synthetic,SYN-024348
PEV-06488,VAC-0113,ORG-S2,entrevista_programada,2026-09-11T11:00:00,SES-01560,synthetic,SYN-024349
PEV-06489,VAC-0113,ORG-S2,evaluacion_realizada,2026-09-11T19:17:00,SES-01568,synthetic,SYN-024350
PEV-06490,VAC-0113,ORG-S2,evaluacion_realizada,2026-09-12T08:32:00,SES-01566,synthetic,SYN-024351
PEV-06491,VAC-0113,ORG-S2,cambio_etapa,2026-09-12T17:00:00,APP-00886>entrevista,synthetic,SYN-024352
PEV-06492,VAC-0113,ORG-S2,entrevista_programada,2026-09-12T17:00:00,SES-01562,synthetic,SYN-024353
PEV-06493,VAC-0113,ORG-S2,cambio_etapa,2026-09-13T09:00:00,APP-00889>entrevista,synthetic,SYN-024354
PEV-06494,VAC-0113,ORG-S2,cambio_etapa,2026-09-13T09:00:00,APP-00893>entrevista,synthetic,SYN-024355
PEV-06495,VAC-0113,ORG-S2,entrevista_programada,2026-09-13T09:00:00,SES-01567,synthetic,SYN-024356
PEV-06496,VAC-0113,ORG-S2,entrevista_programada,2026-09-13T09:00:00,SES-01575,synthetic,SYN-024357
PEV-06497,VAC-0113,ORG-S2,evaluacion_realizada,2026-09-13T16:28:00,SES-01574,synthetic,SYN-024358
PEV-06498,VAC-0113,ORG-S2,evaluacion_realizada,2026-09-13T18:24:00,SES-01557,synthetic,SYN-024359
PEV-06499,VAC-0113,ORG-S2,evaluacion_realizada,2026-09-15T22:17:00,SES-01569,synthetic,SYN-024360
PEV-06500,VAC-0113,ORG-S2,entrevista_realizada,2026-09-16T22:00:00,SES-01554,synthetic,SYN-024361
PEV-06501,VAC-0113,ORG-S2,evaluacion_realizada,2026-09-17T08:00:00,SES-01564,synthetic,SYN-024362
PEV-06502,VAC-0113,ORG-S2,evaluacion_realizada,2026-09-19T17:32:00,SES-01555,synthetic,SYN-024363
PEV-06503,VAC-0113,ORG-S2,entrevista_realizada,2026-09-19T19:00:00,SES-01571,synthetic,SYN-024364
PEV-06504,VAC-0113,ORG-S2,entrevista_realizada,2026-09-20T02:00:00,SES-01573,synthetic,SYN-024365
PEV-06505,VAC-0113,ORG-S2,evaluacion_realizada,2026-09-21T03:08:00,SES-01552,synthetic,SYN-024366
PEV-06506,VAC-0113,ORG-S2,entrevista_realizada,2026-09-21T17:00:00,SES-01556,synthetic,SYN-024367
PEV-06507,VAC-0113,ORG-S2,entrevista_realizada,2026-09-22T19:00:00,SES-01565,synthetic,SYN-024368
PEV-06508,VAC-0113,ORG-S2,entrevista_realizada,2026-09-23T14:00:00,SES-01567,synthetic,SYN-024369
PEV-06509,VAC-0113,ORG-S2,evaluacion_realizada,2026-09-24T20:56:00,SES-01563,synthetic,SYN-024370
PEV-06510,VAC-0113,ORG-S2,evaluacion_realizada,2026-09-25T12:28:00,SES-01572,synthetic,SYN-024371
PEV-06511,VAC-0113,ORG-S2,entrevista_realizada,2026-09-26T00:00:00,SES-01562,synthetic,SYN-024372
PEV-06512,VAC-0113,ORG-S2,entrevista_realizada,2026-09-27T14:00:00,SES-01575,synthetic,SYN-024373
PEV-06513,VAC-0113,ORG-S2,entrevista_realizada,2026-09-28T20:00:00,SES-01560,synthetic,SYN-024374
PEV-06514,VAC-0113,ORG-S2,entrevista_realizada,2026-09-29T20:00:00,SES-01558,synthetic,SYN-024375
PEV-06515,VAC-0114,ORG-S3,vacante_publicada,2026-01-17T17:40:00,,synthetic,SYN-024376
PEV-06516,VAC-0114,ORG-S3,postulacion_recibida,2026-01-21T23:24:00,APP-00897,synthetic,SYN-024377
PEV-06517,VAC-0114,ORG-S3,cambio_etapa,2026-01-21T23:24:00,APP-00897>recibida,synthetic,SYN-024378
PEV-06518,VAC-0114,ORG-S3,postulacion_recibida,2026-01-23T04:12:00,APP-00898,synthetic,SYN-024379
PEV-06519,VAC-0114,ORG-S3,cambio_etapa,2026-01-23T04:12:00,APP-00898>recibida,synthetic,SYN-024380
PEV-06520,VAC-0114,ORG-S3,postulacion_recibida,2026-01-25T15:02:00,APP-00896,synthetic,SYN-024381
PEV-06521,VAC-0114,ORG-S3,cambio_etapa,2026-01-25T15:02:00,APP-00896>recibida,synthetic,SYN-024382
PEV-06522,VAC-0114,ORG-S3,postulacion_recibida,2026-01-25T18:41:00,APP-00895,synthetic,SYN-024383
PEV-06523,VAC-0114,ORG-S3,cambio_etapa,2026-01-25T18:41:00,APP-00895>recibida,synthetic,SYN-024384
PEV-06524,VAC-0114,ORG-S3,cambio_etapa,2026-01-26T05:24:00,APP-00897>evaluacion,synthetic,SYN-024385
PEV-06525,VAC-0114,ORG-S3,evaluacion_programada,2026-01-26T05:24:00,SES-01585,synthetic,SYN-024386
PEV-06526,VAC-0114,ORG-S3,postulacion_recibida,2026-01-26T17:04:00,APP-00894,synthetic,SYN-024387
PEV-06527,VAC-0114,ORG-S3,cambio_etapa,2026-01-26T17:04:00,APP-00894>recibida,synthetic,SYN-024388
PEV-06528,VAC-0114,ORG-S3,cambio_etapa,2026-01-27T00:00:00,APP-00896>evaluacion,synthetic,SYN-024389
PEV-06529,VAC-0114,ORG-S3,evaluacion_programada,2026-01-27T00:00:00,SES-01582,synthetic,SYN-024390
PEV-06530,VAC-0114,ORG-S3,evaluacion_programada,2026-01-27T02:41:00,SES-01580,synthetic,SYN-024391
PEV-06531,VAC-0114,ORG-S3,cambio_etapa,2026-01-27T16:00:00,APP-00896>entrevista,synthetic,SYN-024392
PEV-06532,VAC-0114,ORG-S3,entrevista_programada,2026-01-27T16:00:00,SES-01584,synthetic,SYN-024393
PEV-06533,VAC-0114,ORG-S3,evaluacion_programada,2026-01-27T17:02:00,SES-01583,synthetic,SYN-024394
PEV-06534,VAC-0114,ORG-S3,cambio_etapa,2026-01-28T10:12:00,APP-00898>evaluacion,synthetic,SYN-024395
PEV-06535,VAC-0114,ORG-S3,evaluacion_programada,2026-01-28T10:12:00,SES-01587,synthetic,SYN-024396
PEV-06536,VAC-0114,ORG-S3,cambio_etapa,2026-01-29T17:00:00,APP-00897>entrevista,synthetic,SYN-024397
PEV-06537,VAC-0114,ORG-S3,entrevista_programada,2026-01-29T17:00:00,SES-01586,synthetic,SYN-024398
PEV-06538,VAC-0114,ORG-S3,cambio_etapa,2026-01-29T23:41:00,APP-00895>evaluacion,synthetic,SYN-024399
PEV-06539,VAC-0114,ORG-S3,evaluacion_programada,2026-01-29T23:41:00,SES-01579,synthetic,SYN-024400
PEV-06540,VAC-0114,ORG-S3,cambio_etapa,2026-01-30T14:00:00,APP-00895>entrevista,synthetic,SYN-024401
PEV-06541,VAC-0114,ORG-S3,entrevista_programada,2026-01-30T14:00:00,SES-01581,synthetic,SYN-024402
PEV-06542,VAC-0114,ORG-S3,cambio_etapa,2026-01-30T17:00:00,APP-00898>entrevista,synthetic,SYN-024403
PEV-06543,VAC-0114,ORG-S3,entrevista_programada,2026-01-30T17:00:00,SES-01588,synthetic,SYN-024404
PEV-06544,VAC-0114,ORG-S3,evaluacion_programada,2026-01-30T20:04:00,SES-01577,synthetic,SYN-024405
PEV-06545,VAC-0114,ORG-S3,cambio_etapa,2026-01-31T21:04:00,APP-00894>evaluacion,synthetic,SYN-024406
PEV-06546,VAC-0114,ORG-S3,evaluacion_programada,2026-01-31T21:04:00,SES-01576,synthetic,SYN-024407
PEV-06547,VAC-0114,ORG-S3,evaluacion_realizada,2026-02-01T06:41:00,SES-01580,synthetic,SYN-024408
PEV-06548,VAC-0114,ORG-S3,cambio_etapa,2026-02-02T14:00:00,APP-00894>entrevista,synthetic,SYN-024409
PEV-06549,VAC-0114,ORG-S3,entrevista_programada,2026-02-02T14:00:00,SES-01578,synthetic,SYN-024410
PEV-06550,VAC-0114,ORG-S3,entrevista_realizada,2026-02-03T16:00:00,SES-01581,synthetic,SYN-024411
PEV-06551,VAC-0114,ORG-S3,entrevista_realizada,2026-02-04T19:00:00,SES-01586,synthetic,SYN-024412
PEV-06552,VAC-0114,ORG-S3,evaluacion_realizada,2026-02-05T14:24:00,SES-01585,synthetic,SYN-024413
PEV-06553,VAC-0114,ORG-S3,evaluacion_realizada,2026-02-06T03:04:00,SES-01576,synthetic,SYN-024414
PEV-06554,VAC-0114,ORG-S3,evaluacion_realizada,2026-02-06T13:12:00,SES-01587,synthetic,SYN-024415
PEV-06555,VAC-0114,ORG-S3,entrevista_realizada,2026-02-06T19:00:00,SES-01588,synthetic,SYN-024416
PEV-06556,VAC-0114,ORG-S3,evaluacion_realizada,2026-02-08T05:00:00,SES-01582,synthetic,SYN-024417
PEV-06557,VAC-0114,ORG-S3,entrevista_realizada,2026-02-10T01:00:00,SES-01584,synthetic,SYN-024418
PEV-06558,VAC-0114,ORG-S3,evaluacion_realizada,2026-02-11T01:04:00,SES-01577,synthetic,SYN-024419
PEV-06559,VAC-0114,ORG-S3,evaluacion_realizada,2026-02-11T19:02:00,SES-01583,synthetic,SYN-024420
PEV-06560,VAC-0114,ORG-S3,evaluacion_realizada,2026-02-13T07:41:00,SES-01579,synthetic,SYN-024421
PEV-06561,VAC-0114,ORG-S3,entrevista_realizada,2026-02-15T20:00:00,SES-01578,synthetic,SYN-024422
PEV-06562,VAC-0114,ORG-S3,vacante_cerrada,2026-02-23T00:00:00,,synthetic,SYN-024423
PEV-06563,VAC-0115,ORG-S1,vacante_publicada,2026-08-05T15:32:00,,synthetic,SYN-024424
PEV-06564,VAC-0115,ORG-S1,postulacion_recibida,2026-08-06T00:28:00,APP-00904,synthetic,SYN-024425
PEV-06565,VAC-0115,ORG-S1,cambio_etapa,2026-08-06T00:28:00,APP-00904>recibida,synthetic,SYN-024426
PEV-06566,VAC-0115,ORG-S1,cambio_etapa,2026-08-07T06:28:00,APP-00904>evaluacion,synthetic,SYN-024427
PEV-06567,VAC-0115,ORG-S1,evaluacion_programada,2026-08-07T06:28:00,SES-01598,synthetic,SYN-024428
PEV-06568,VAC-0115,ORG-S1,postulacion_recibida,2026-08-12T10:24:00,APP-00905,synthetic,SYN-024429
PEV-06569,VAC-0115,ORG-S1,cambio_etapa,2026-08-12T10:24:00,APP-00905>recibida,synthetic,SYN-024430
PEV-06570,VAC-0115,ORG-S1,postulacion_recibida,2026-08-12T12:26:00,APP-00907,synthetic,SYN-024431
PEV-06571,VAC-0115,ORG-S1,cambio_etapa,2026-08-12T12:26:00,APP-00907>recibida,synthetic,SYN-024432
PEV-06572,VAC-0115,ORG-S1,postulacion_recibida,2026-08-12T22:14:00,APP-00903,synthetic,SYN-024433
PEV-06573,VAC-0115,ORG-S1,cambio_etapa,2026-08-12T22:14:00,APP-00903>recibida,synthetic,SYN-024434
PEV-06574,VAC-0115,ORG-S1,postulacion_recibida,2026-08-14T04:36:00,APP-00908,synthetic,SYN-024435
PEV-06575,VAC-0115,ORG-S1,cambio_etapa,2026-08-14T04:36:00,APP-00908>recibida,synthetic,SYN-024436
PEV-06576,VAC-0115,ORG-S1,postulacion_recibida,2026-08-14T06:42:00,APP-00901,synthetic,SYN-024437
PEV-06577,VAC-0115,ORG-S1,cambio_etapa,2026-08-14T06:42:00,APP-00901>recibida,synthetic,SYN-024438
PEV-06578,VAC-0115,ORG-S1,postulacion_recibida,2026-08-14T10:28:00,APP-00909,synthetic,SYN-024439
PEV-06579,VAC-0115,ORG-S1,cambio_etapa,2026-08-14T10:28:00,APP-00909>recibida,synthetic,SYN-024440
PEV-06580,VAC-0115,ORG-S1,postulacion_recibida,2026-08-15T01:52:00,APP-00906,synthetic,SYN-024441
PEV-06581,VAC-0115,ORG-S1,cambio_etapa,2026-08-15T01:52:00,APP-00906>recibida,synthetic,SYN-024442
PEV-06582,VAC-0115,ORG-S1,postulacion_recibida,2026-08-15T05:12:00,APP-00900,synthetic,SYN-024443
PEV-06583,VAC-0115,ORG-S1,cambio_etapa,2026-08-15T05:12:00,APP-00900>recibida,synthetic,SYN-024444
PEV-06584,VAC-0115,ORG-S1,cambio_etapa,2026-08-15T10:36:00,APP-00908>evaluacion,synthetic,SYN-024445
PEV-06585,VAC-0115,ORG-S1,evaluacion_programada,2026-08-15T10:36:00,SES-01603,synthetic,SYN-024446
PEV-06586,VAC-0115,ORG-S1,postulacion_recibida,2026-08-15T23:10:00,APP-00899,synthetic,SYN-024447
PEV-06587,VAC-0115,ORG-S1,cambio_etapa,2026-08-15T23:10:00,APP-00899>recibida,synthetic,SYN-024448
PEV-06588,VAC-0115,ORG-S1,cambio_etapa,2026-08-16T13:24:00,APP-00905>evaluacion,synthetic,SYN-024449
PEV-06589,VAC-0115,ORG-S1,evaluacion_programada,2026-08-16T13:24:00,SES-01599,synthetic,SYN-024450
PEV-06590,VAC-0115,ORG-S1,cambio_etapa,2026-08-17T00:10:00,APP-00899>evaluacion,synthetic,SYN-024451
PEV-06591,VAC-0115,ORG-S1,evaluacion_programada,2026-08-17T00:10:00,SES-01589,synthetic,SYN-024452
PEV-06592,VAC-0115,ORG-S1,postulacion_recibida,2026-08-17T04:32:00,APP-00902,synthetic,SYN-024453
PEV-06593,VAC-0115,ORG-S1,cambio_etapa,2026-08-17T04:32:00,APP-00902>recibida,synthetic,SYN-024454
PEV-06594,VAC-0115,ORG-S1,cambio_etapa,2026-08-17T06:14:00,APP-00903>evaluacion,synthetic,SYN-024455
PEV-06595,VAC-0115,ORG-S1,evaluacion_programada,2026-08-17T06:14:00,SES-01596,synthetic,SYN-024456
PEV-06596,VAC-0115,ORG-S1,cambio_etapa,2026-08-17T16:28:00,APP-00909>evaluacion,synthetic,SYN-024457
PEV-06597,VAC-0115,ORG-S1,evaluacion_programada,2026-08-17T16:28:00,SES-01604,synthetic,SYN-024458
PEV-06598,VAC-0115,ORG-S1,cambio_etapa,2026-08-18T00:00:00,APP-00907>evaluacion,synthetic,SYN-024459
PEV-06599,VAC-0115,ORG-S1,evaluacion_programada,2026-08-18T00:00:00,SES-01601,synthetic,SYN-024460
PEV-06600,VAC-0115,ORG-S1,cambio_etapa,2026-08-18T08:42:00,APP-00901>evaluacion,synthetic,SYN-024461
PEV-06601,VAC-0115,ORG-S1,evaluacion_programada,2026-08-18T08:42:00,SES-01593,synthetic,SYN-024462
PEV-06602,VAC-0115,ORG-S1,cambio_etapa,2026-08-19T06:12:00,APP-00900>evaluacion,synthetic,SYN-024463
PEV-06603,VAC-0115,ORG-S1,evaluacion_programada,2026-08-19T06:12:00,SES-01591,synthetic,SYN-024464
PEV-06604,VAC-0115,ORG-S1,cambio_etapa,2026-08-19T07:32:00,APP-00902>evaluacion,synthetic,SYN-024465
PEV-06605,VAC-0115,ORG-S1,evaluacion_programada,2026-08-19T07:32:00,SES-01594,synthetic,SYN-024466
PEV-06606,VAC-0115,ORG-S1,evaluacion_realizada,2026-08-20T05:00:00,SES-01603,synthetic,SYN-024467
PEV-06607,VAC-0115,ORG-S1,cambio_etapa,2026-08-20T08:52:00,APP-00906>evaluacion,synthetic,SYN-024468
PEV-06608,VAC-0115,ORG-S1,evaluacion_programada,2026-08-20T08:52:00,SES-01600,synthetic,SYN-024469
PEV-06609,VAC-0115,ORG-S1,cambio_etapa,2026-08-20T17:00:00,APP-00899>entrevista,synthetic,SYN-024470
PEV-06610,VAC-0115,ORG-S1,entrevista_programada,2026-08-20T17:00:00,SES-01590,synthetic,SYN-024471
PEV-06611,VAC-0115,ORG-S1,cambio_etapa,2026-08-21T13:00:00,APP-00903>entrevista,synthetic,SYN-024472
PEV-06612,VAC-0115,ORG-S1,entrevista_programada,2026-08-21T13:00:00,SES-01597,synthetic,SYN-024473
PEV-06613,VAC-0115,ORG-S1,cambio_etapa,2026-08-21T16:00:00,APP-00907>entrevista,synthetic,SYN-024474
PEV-06614,VAC-0115,ORG-S1,entrevista_programada,2026-08-21T16:00:00,SES-01602,synthetic,SYN-024475
PEV-06615,VAC-0115,ORG-S1,cambio_etapa,2026-08-23T10:00:00,APP-00902>entrevista,synthetic,SYN-024476
PEV-06616,VAC-0115,ORG-S1,entrevista_programada,2026-08-23T10:00:00,SES-01595,synthetic,SYN-024477
PEV-06617,VAC-0115,ORG-S1,cambio_etapa,2026-08-24T11:00:00,APP-00900>entrevista,synthetic,SYN-024478
PEV-06618,VAC-0115,ORG-S1,entrevista_programada,2026-08-24T11:00:00,SES-01592,synthetic,SYN-024479
PEV-06619,VAC-0115,ORG-S1,evaluacion_realizada,2026-08-24T12:28:00,SES-01598,synthetic,SYN-024480
PEV-06620,VAC-0115,ORG-S1,evaluacion_realizada,2026-08-24T19:24:00,SES-01599,synthetic,SYN-024481
PEV-06621,VAC-0115,ORG-S1,evaluacion_realizada,2026-08-27T08:12:00,SES-01591,synthetic,SYN-024482
PEV-06622,VAC-0115,ORG-S1,evaluacion_realizada,2026-08-27T19:28:00,SES-01604,synthetic,SYN-024483
PEV-06623,VAC-0115,ORG-S1,evaluacion_realizada,2026-08-29T11:14:00,SES-01596,synthetic,SYN-024484
PEV-06624,VAC-0115,ORG-S1,entrevista_realizada,2026-08-29T19:00:00,SES-01595,synthetic,SYN-024485
PEV-06625,VAC-0115,ORG-S1,evaluacion_realizada,2026-08-30T07:00:00,SES-01601,synthetic,SYN-024486
PEV-06626,VAC-0115,ORG-S1,evaluacion_realizada,2026-08-30T14:32:00,SES-01594,synthetic,SYN-024487
PEV-06627,VAC-0115,ORG-S1,evaluacion_realizada,2026-08-31T13:42:00,SES-01593,synthetic,SYN-024488
PEV-06628,VAC-0115,ORG-S1,entrevista_realizada,2026-09-01T20:00:00,SES-01592,synthetic,SYN-024489
PEV-06629,VAC-0115,ORG-S1,entrevista_realizada,2026-09-01T23:00:00,SES-01590,synthetic,SYN-024490
PEV-06630,VAC-0115,ORG-S1,evaluacion_realizada,2026-09-04T17:52:00,SES-01600,synthetic,SYN-024491
PEV-06631,VAC-0115,ORG-S1,entrevista_realizada,2026-09-05T18:00:00,SES-01602,synthetic,SYN-024492
PEV-06632,VAC-0115,ORG-S1,vacante_cerrada,2026-09-13T20:00:00,,synthetic,SYN-024493
PEV-06633,VAC-0116,ORG-S2,vacante_publicada,2026-04-17T14:49:00,,synthetic,SYN-024494
PEV-06634,VAC-0116,ORG-S2,postulacion_recibida,2026-04-22T20:46:00,APP-00911,synthetic,SYN-024495
PEV-06635,VAC-0116,ORG-S2,cambio_etapa,2026-04-22T20:46:00,APP-00911>recibida,synthetic,SYN-024496
PEV-06636,VAC-0116,ORG-S2,cambio_etapa,2026-04-26T23:46:00,APP-00911>evaluacion,synthetic,SYN-024497
PEV-06637,VAC-0116,ORG-S2,evaluacion_programada,2026-04-26T23:46:00,SES-01607,synthetic,SYN-024498
PEV-06638,VAC-0116,ORG-S2,postulacion_recibida,2026-04-29T16:11:00,APP-00910,synthetic,SYN-024499
PEV-06639,VAC-0116,ORG-S2,cambio_etapa,2026-04-29T16:11:00,APP-00910>recibida,synthetic,SYN-024500
PEV-06640,VAC-0116,ORG-S2,cambio_etapa,2026-05-01T23:11:00,APP-00910>evaluacion,synthetic,SYN-024501
PEV-06641,VAC-0116,ORG-S2,evaluacion_programada,2026-05-01T23:11:00,SES-01605,synthetic,SYN-024502
PEV-06642,VAC-0116,ORG-S2,evaluacion_realizada,2026-05-05T04:46:00,SES-01607,synthetic,SYN-024503
PEV-06643,VAC-0116,ORG-S2,cambio_etapa,2026-05-05T09:00:00,APP-00910>entrevista,synthetic,SYN-024504
PEV-06644,VAC-0116,ORG-S2,entrevista_programada,2026-05-05T09:00:00,SES-01606,synthetic,SYN-024505
PEV-06645,VAC-0116,ORG-S2,evaluacion_realizada,2026-05-12T03:11:00,SES-01605,synthetic,SYN-024506
PEV-06646,VAC-0116,ORG-S2,entrevista_realizada,2026-05-14T13:00:00,SES-01606,synthetic,SYN-024507
PEV-06647,VAC-0116,ORG-S2,vacante_cerrada,2026-05-19T16:00:00,,synthetic,SYN-024508
PEV-06648,VAC-0117,ORG-S3,vacante_publicada,2026-03-14T11:28:00,,synthetic,SYN-024509
PEV-06649,VAC-0117,ORG-S3,postulacion_recibida,2026-03-14T23:43:00,APP-00914,synthetic,SYN-024510
PEV-06650,VAC-0117,ORG-S3,cambio_etapa,2026-03-14T23:43:00,APP-00914>recibida,synthetic,SYN-024511
PEV-06651,VAC-0117,ORG-S3,postulacion_recibida,2026-03-16T03:25:00,APP-00916,synthetic,SYN-024512
PEV-06652,VAC-0117,ORG-S3,cambio_etapa,2026-03-16T03:25:00,APP-00916>recibida,synthetic,SYN-024513
PEV-06653,VAC-0117,ORG-S3,cambio_etapa,2026-03-16T06:43:00,APP-00914>evaluacion,synthetic,SYN-024514
PEV-06654,VAC-0117,ORG-S3,evaluacion_programada,2026-03-16T06:43:00,SES-01610,synthetic,SYN-024515
PEV-06655,VAC-0117,ORG-S3,postulacion_recibida,2026-03-18T04:29:00,APP-00913,synthetic,SYN-024516
PEV-06656,VAC-0117,ORG-S3,cambio_etapa,2026-03-18T04:29:00,APP-00913>recibida,synthetic,SYN-024517
PEV-06657,VAC-0117,ORG-S3,postulacion_recibida,2026-03-19T14:27:00,APP-00915,synthetic,SYN-024518
PEV-06658,VAC-0117,ORG-S3,cambio_etapa,2026-03-19T14:27:00,APP-00915>recibida,synthetic,SYN-024519
PEV-06659,VAC-0117,ORG-S3,postulacion_recibida,2026-03-20T00:28:00,APP-00912,synthetic,SYN-024520
PEV-06660,VAC-0117,ORG-S3,cambio_etapa,2026-03-20T00:28:00,APP-00912>recibida,synthetic,SYN-024521
PEV-06661,VAC-0117,ORG-S3,evaluacion_programada,2026-03-20T07:25:00,SES-01615,synthetic,SYN-024522
PEV-06662,VAC-0117,ORG-S3,postulacion_recibida,2026-03-20T07:31:00,APP-00923,synthetic,SYN-024523
PEV-06663,VAC-0117,ORG-S3,cambio_etapa,2026-03-20T07:31:00,APP-00923>recibida,synthetic,SYN-024524
PEV-06664,VAC-0117,ORG-S3,cambio_etapa,2026-03-20T11:25:00,APP-00916>evaluacion,synthetic,SYN-024525
PEV-06665,VAC-0117,ORG-S3,evaluacion_programada,2026-03-20T11:25:00,SES-01614,synthetic,SYN-024526
PEV-06666,VAC-0117,ORG-S3,postulacion_recibida,2026-03-21T17:38:00,APP-00919,synthetic,SYN-024527
PEV-06667,VAC-0117,ORG-S3,cambio_etapa,2026-03-21T17:38:00,APP-00919>recibida,synthetic,SYN-024528
PEV-06668,VAC-0117,ORG-S3,cambio_etapa,2026-03-21T19:27:00,APP-00915>evaluacion,synthetic,SYN-024529
PEV-06669,VAC-0117,ORG-S3,evaluacion_programada,2026-03-21T19:27:00,SES-01612,synthetic,SYN-024530
PEV-06670,VAC-0117,ORG-S3,postulacion_recibida,2026-03-21T21:02:00,APP-00918,synthetic,SYN-024531
PEV-06671,VAC-0117,ORG-S3,cambio_etapa,2026-03-21T21:02:00,APP-00918>recibida,synthetic,SYN-024532
PEV-06672,VAC-0117,ORG-S3,cambio_etapa,2026-03-22T15:31:00,APP-00923>evaluacion,synthetic,SYN-024533
PEV-06673,VAC-0117,ORG-S3,evaluacion_programada,2026-03-22T15:31:00,SES-01626,synthetic,SYN-024534
PEV-06674,VAC-0117,ORG-S3,cambio_etapa,2026-03-23T05:28:00,APP-00912>descartada,synthetic,SYN-024535
PEV-06675,VAC-0117,ORG-S3,evaluacion_programada,2026-03-23T07:29:00,SES-01609,synthetic,SYN-024536
PEV-06676,VAC-0117,ORG-S3,cambio_etapa,2026-03-23T10:29:00,APP-00913>evaluacion,synthetic,SYN-024537
PEV-06677,VAC-0117,ORG-S3,evaluacion_programada,2026-03-23T10:29:00,SES-01608,synthetic,SYN-024538
PEV-06678,VAC-0117,ORG-S3,postulacion_recibida,2026-03-24T03:14:00,APP-00924,synthetic,SYN-024539
PEV-06679,VAC-0117,ORG-S3,cambio_etapa,2026-03-24T03:14:00,APP-00924>recibida,synthetic,SYN-024540
PEV-06680,VAC-0117,ORG-S3,cambio_etapa,2026-03-24T04:02:00,APP-00918>evaluacion,synthetic,SYN-024541
PEV-06681,VAC-0117,ORG-S3,evaluacion_programada,2026-03-24T04:02:00,SES-01618,synthetic,SYN-024542
PEV-06682,VAC-0117,ORG-S3,postulacion_recibida,2026-03-24T11:12:00,APP-00921,synthetic,SYN-024543
PEV-06683,VAC-0117,ORG-S3,cambio_etapa,2026-03-24T11:12:00,APP-00921>recibida,synthetic,SYN-024544
PEV-06684,VAC-0117,ORG-S3,postulacion_recibida,2026-03-24T14:29:00,APP-00917,synthetic,SYN-024545
PEV-06685,VAC-0117,ORG-S3,cambio_etapa,2026-03-24T14:29:00,APP-00917>recibida,synthetic,SYN-024546
PEV-06686,VAC-0117,ORG-S3,cambio_etapa,2026-03-24T22:38:00,APP-00919>evaluacion,synthetic,SYN-024547
PEV-06687,VAC-0117,ORG-S3,evaluacion_programada,2026-03-24T22:38:00,SES-01620,synthetic,SYN-024548
PEV-06688,VAC-0117,ORG-S3,cambio_etapa,2026-03-25T22:29:00,APP-00917>evaluacion,synthetic,SYN-024549
PEV-06689,VAC-0117,ORG-S3,evaluacion_programada,2026-03-25T22:29:00,SES-01617,synthetic,SYN-024550
PEV-06690,VAC-0117,ORG-S3,postulacion_recibida,2026-03-26T02:35:00,APP-00920,synthetic,SYN-024551
PEV-06691,VAC-0117,ORG-S3,cambio_etapa,2026-03-26T02:35:00,APP-00920>recibida,synthetic,SYN-024552
PEV-06692,VAC-0117,ORG-S3,cambio_etapa,2026-03-26T08:14:00,APP-00924>evaluacion,synthetic,SYN-024553
PEV-06693,VAC-0117,ORG-S3,evaluacion_programada,2026-03-26T08:14:00,SES-01628,synthetic,SYN-024554
PEV-06694,VAC-0117,ORG-S3,evaluacion_realizada,2026-03-26T13:43:00,SES-01610,synthetic,SYN-024555
PEV-06695,VAC-0117,ORG-S3,evaluacion_realizada,2026-03-27T17:29:00,SES-01609,synthetic,SYN-024556
PEV-06696,VAC-0117,ORG-S3,cambio_etapa,2026-03-28T02:35:00,APP-00920>evaluacion,synthetic,SYN-024557
PEV-06697,VAC-0117,ORG-S3,evaluacion_programada,2026-03-28T02:35:00,SES-01622,synthetic,SYN-024558
PEV-06698,VAC-0117,ORG-S3,postulacion_recibida,2026-03-29T04:15:00,APP-00922,synthetic,SYN-024559
PEV-06699,VAC-0117,ORG-S3,cambio_etapa,2026-03-29T04:15:00,APP-00922>recibida,synthetic,SYN-024560
PEV-06700,VAC-0117,ORG-S3,evaluacion_realizada,2026-03-29T06:29:00,SES-01617,synthetic,SYN-024561
PEV-06701,VAC-0117,ORG-S3,evaluacion_realizada,2026-03-29T10:02:00,SES-01618,synthetic,SYN-024562
PEV-06702,VAC-0117,ORG-S3,evaluacion_realizada,2026-03-29T20:25:00,SES-01614,synthetic,SYN-024563
PEV-06703,VAC-0117,ORG-S3,evaluacion_realizada,2026-03-29T23:38:00,SES-01620,synthetic,SYN-024564
PEV-06704,VAC-0117,ORG-S3,cambio_etapa,2026-03-30T00:00:00,APP-00921>evaluacion,synthetic,SYN-024565
PEV-06705,VAC-0117,ORG-S3,evaluacion_programada,2026-03-30T00:00:00,SES-01624,synthetic,SYN-024566
PEV-06706,VAC-0117,ORG-S3,cambio_etapa,2026-03-30T07:15:00,APP-00922>descartada,synthetic,SYN-024567
PEV-06707,VAC-0117,ORG-S3,evaluacion_realizada,2026-03-30T15:25:00,SES-01615,synthetic,SYN-024568
PEV-06708,VAC-0117,ORG-S3,cambio_etapa,2026-03-30T17:00:00,APP-00923>entrevista,synthetic,SYN-024569
PEV-06709,VAC-0117,ORG-S3,entrevista_programada,2026-03-30T17:00:00,SES-01627,synthetic,SYN-024570
PEV-06710,VAC-0117,ORG-S3,cambio_etapa,2026-03-31T14:00:00,APP-00916>entrevista,synthetic,SYN-024571
PEV-06711,VAC-0117,ORG-S3,entrevista_programada,2026-03-31T14:00:00,SES-01616,synthetic,SYN-024572
PEV-06712,VAC-0117,ORG-S3,evaluacion_realizada,2026-03-31T17:14:00,SES-01628,synthetic,SYN-024573
PEV-06713,VAC-0117,ORG-S3,cambio_etapa,2026-04-01T15:00:00,APP-00924>entrevista,synthetic,SYN-024574
PEV-06714,VAC-0117,ORG-S3,entrevista_programada,2026-04-01T15:00:00,SES-01629,synthetic,SYN-024575
PEV-06715,VAC-0117,ORG-S3,cambio_etapa,2026-04-01T17:00:00,APP-00921>entrevista,synthetic,SYN-024576
PEV-06716,VAC-0117,ORG-S3,entrevista_programada,2026-04-01T17:00:00,SES-01625,synthetic,SYN-024577
PEV-06717,VAC-0117,ORG-S3,evaluacion_realizada,2026-04-02T00:27:00,SES-01612,synthetic,SYN-024578
PEV-06718,VAC-0117,ORG-S3,cambio_etapa,2026-04-02T13:00:00,APP-00915>entrevista,synthetic,SYN-024579
PEV-06719,VAC-0117,ORG-S3,entrevista_programada,2026-04-02T13:00:00,SES-01613,synthetic,SYN-024580
PEV-06720,VAC-0117,ORG-S3,evaluacion_realizada,2026-04-04T09:35:00,SES-01622,synthetic,SYN-024581
PEV-06721,VAC-0117,ORG-S3,cambio_etapa,2026-04-04T11:00:00,APP-00914>entrevista,synthetic,SYN-024582
PEV-06722,VAC-0117,ORG-S3,entrevista_programada,2026-04-04T11:00:00,SES-01611,synthetic,SYN-024583
PEV-06723,VAC-0117,ORG-S3,cambio_etapa,2026-04-04T12:00:00,APP-00918>entrevista,synthetic,SYN-024584
PEV-06724,VAC-0117,ORG-S3,entrevista_programada,2026-04-04T12:00:00,SES-01619,synthetic,SYN-024585
PEV-06725,VAC-0117,ORG-S3,cambio_etapa,2026-04-04T13:00:00,APP-00920>entrevista,synthetic,SYN-024586
PEV-06726,VAC-0117,ORG-S3,entrevista_programada,2026-04-04T13:00:00,SES-01623,synthetic,SYN-024587
PEV-06727,VAC-0117,ORG-S3,entrevista_realizada,2026-04-05T01:00:00,SES-01629,synthetic,SYN-024588
PEV-06728,VAC-0117,ORG-S3,cambio_etapa,2026-04-05T14:00:00,APP-00919>entrevista,synthetic,SYN-024589
PEV-06729,VAC-0117,ORG-S3,entrevista_programada,2026-04-05T14:00:00,SES-01621,synthetic,SYN-024590
PEV-06730,VAC-0117,ORG-S3,evaluacion_realizada,2026-04-06T06:00:00,SES-01624,synthetic,SYN-024591
PEV-06731,VAC-0117,ORG-S3,evaluacion_realizada,2026-04-06T16:29:00,SES-01608,synthetic,SYN-024592
PEV-06732,VAC-0117,ORG-S3,entrevista_realizada,2026-04-07T02:00:00,SES-01627,synthetic,SYN-024593
PEV-06733,VAC-0117,ORG-S3,evaluacion_realizada,2026-04-07T19:31:00,SES-01626,synthetic,SYN-024594
PEV-06734,VAC-0117,ORG-S3,entrevista_realizada,2026-04-11T19:00:00,SES-01611,synthetic,SYN-024595
PEV-06735,VAC-0117,ORG-S3,entrevista_realizada,2026-04-11T20:00:00,SES-01613,synthetic,SYN-024596
PEV-06736,VAC-0117,ORG-S3,entrevista_realizada,2026-04-14T16:00:00,SES-01616,synthetic,SYN-024597
PEV-06737,VAC-0117,ORG-S3,entrevista_realizada,2026-04-14T17:00:00,SES-01619,synthetic,SYN-024598
PEV-06738,VAC-0117,ORG-S3,entrevista_realizada,2026-04-15T22:00:00,SES-01623,synthetic,SYN-024599
PEV-06739,VAC-0117,ORG-S3,entrevista_realizada,2026-04-16T21:00:00,SES-01621,synthetic,SYN-024600
PEV-06740,VAC-0117,ORG-S3,entrevista_realizada,2026-04-17T20:00:00,SES-01625,synthetic,SYN-024601
PEV-06741,VAC-0117,ORG-S3,vacante_cerrada,2026-04-29T21:00:00,,synthetic,SYN-024602
PEV-06742,VAC-0118,ORG-S1,vacante_publicada,2026-01-17T13:28:00,,synthetic,SYN-024603
PEV-06743,VAC-0118,ORG-S1,postulacion_recibida,2026-01-18T11:19:00,APP-00925,synthetic,SYN-024604
PEV-06744,VAC-0118,ORG-S1,cambio_etapa,2026-01-18T11:19:00,APP-00925>recibida,synthetic,SYN-024605
PEV-06745,VAC-0118,ORG-S1,postulacion_recibida,2026-01-19T05:18:00,APP-00927,synthetic,SYN-024606
PEV-06746,VAC-0118,ORG-S1,cambio_etapa,2026-01-19T05:18:00,APP-00927>recibida,synthetic,SYN-024607
PEV-06747,VAC-0118,ORG-S1,postulacion_recibida,2026-01-19T11:57:00,APP-00926,synthetic,SYN-024608
PEV-06748,VAC-0118,ORG-S1,cambio_etapa,2026-01-19T11:57:00,APP-00926>recibida,synthetic,SYN-024609
PEV-06749,VAC-0118,ORG-S1,cambio_etapa,2026-01-21T12:19:00,APP-00925>evaluacion,synthetic,SYN-024610
PEV-06750,VAC-0118,ORG-S1,evaluacion_programada,2026-01-21T12:19:00,SES-01630,synthetic,SYN-024611
PEV-06751,VAC-0118,ORG-S1,cambio_etapa,2026-01-23T11:18:00,APP-00927>evaluacion,synthetic,SYN-024612
PEV-06752,VAC-0118,ORG-S1,evaluacion_programada,2026-01-23T11:18:00,SES-01631,synthetic,SYN-024613
PEV-06753,VAC-0118,ORG-S1,cambio_etapa,2026-01-24T12:57:00,APP-00926>descartada,synthetic,SYN-024614
PEV-06754,VAC-0118,ORG-S1,cambio_etapa,2026-01-31T15:00:00,APP-00927>entrevista,synthetic,SYN-024615
PEV-06755,VAC-0118,ORG-S1,entrevista_programada,2026-01-31T15:00:00,SES-01632,synthetic,SYN-024616
PEV-06756,VAC-0118,ORG-S1,entrevista_realizada,2026-02-03T21:00:00,SES-01632,synthetic,SYN-024617
PEV-06757,VAC-0118,ORG-S1,evaluacion_realizada,2026-02-05T19:18:00,SES-01631,synthetic,SYN-024618
PEV-06758,VAC-0118,ORG-S1,vacante_cerrada,2026-02-11T22:18:00,,synthetic,SYN-024619
PEV-06759,VAC-0119,ORG-S2,vacante_publicada,2026-04-05T11:49:00,,synthetic,SYN-024620
PEV-06760,VAC-0119,ORG-S2,postulacion_recibida,2026-04-15T05:26:00,APP-00928,synthetic,SYN-024621
PEV-06761,VAC-0119,ORG-S2,cambio_etapa,2026-04-15T05:26:00,APP-00928>recibida,synthetic,SYN-024622
PEV-06762,VAC-0119,ORG-S2,cambio_etapa,2026-04-17T05:26:00,APP-00928>evaluacion,synthetic,SYN-024623
PEV-06763,VAC-0119,ORG-S2,evaluacion_programada,2026-04-17T05:26:00,SES-01633,synthetic,SYN-024624
PEV-06764,VAC-0119,ORG-S2,evaluacion_programada,2026-04-18T07:26:00,SES-01634,synthetic,SYN-024625
PEV-06765,VAC-0119,ORG-S2,postulacion_recibida,2026-04-19T16:11:00,APP-00929,synthetic,SYN-024626
PEV-06766,VAC-0119,ORG-S2,cambio_etapa,2026-04-19T16:11:00,APP-00929>recibida,synthetic,SYN-024627
PEV-06767,VAC-0119,ORG-S2,postulacion_recibida,2026-04-19T23:45:00,APP-00930,synthetic,SYN-024628
PEV-06768,VAC-0119,ORG-S2,cambio_etapa,2026-04-19T23:45:00,APP-00930>recibida,synthetic,SYN-024629
PEV-06769,VAC-0119,ORG-S2,cambio_etapa,2026-04-20T18:11:00,APP-00929>descartada,synthetic,SYN-024630
PEV-06770,VAC-0119,ORG-S2,postulacion_recibida,2026-04-21T03:05:00,APP-00931,synthetic,SYN-024631
PEV-06771,VAC-0119,ORG-S2,cambio_etapa,2026-04-21T03:05:00,APP-00931>recibida,synthetic,SYN-024632
PEV-06772,VAC-0119,ORG-S2,evaluacion_realizada,2026-04-23T16:26:00,SES-01634,synthetic,SYN-024633
PEV-06773,VAC-0119,ORG-S2,cambio_etapa,2026-04-24T11:05:00,APP-00931>evaluacion,synthetic,SYN-024634
PEV-06774,VAC-0119,ORG-S2,evaluacion_programada,2026-04-24T11:05:00,SES-01636,synthetic,SYN-024635
PEV-06775,VAC-0119,ORG-S2,cambio_etapa,2026-04-25T05:45:00,APP-00930>evaluacion,synthetic,SYN-024636
PEV-06776,VAC-0119,ORG-S2,evaluacion_programada,2026-04-25T05:45:00,SES-01635,synthetic,SYN-024637
PEV-06777,VAC-0119,ORG-S2,evaluacion_realizada,2026-04-29T11:26:00,SES-01633,synthetic,SYN-024638
PEV-06778,VAC-0119,ORG-S2,cambio_etapa,2026-04-30T11:00:00,APP-00931>entrevista,synthetic,SYN-024639
PEV-06779,VAC-0119,ORG-S2,entrevista_programada,2026-04-30T11:00:00,SES-01637,synthetic,SYN-024640
PEV-06780,VAC-0119,ORG-S2,evaluacion_realizada,2026-05-02T10:45:00,SES-01635,synthetic,SYN-024641
PEV-06781,VAC-0119,ORG-S2,evaluacion_realizada,2026-05-04T20:05:00,SES-01636,synthetic,SYN-024642
PEV-06782,VAC-0119,ORG-S2,entrevista_realizada,2026-05-08T15:00:00,SES-01637,synthetic,SYN-024643
PEV-06783,VAC-0119,ORG-S2,vacante_cerrada,2026-05-14T17:00:00,,synthetic,SYN-024644
PEV-06784,VAC-0120,ORG-S3,vacante_publicada,2026-06-30T14:04:00,,synthetic,SYN-024645
PEV-06785,VAC-0120,ORG-S3,postulacion_recibida,2026-07-01T00:10:00,APP-00936,synthetic,SYN-024646
PEV-06786,VAC-0120,ORG-S3,cambio_etapa,2026-07-01T00:10:00,APP-00936>recibida,synthetic,SYN-024647
PEV-06787,VAC-0120,ORG-S3,postulacion_recibida,2026-07-01T00:52:00,APP-00938,synthetic,SYN-024648
PEV-06788,VAC-0120,ORG-S3,cambio_etapa,2026-07-01T00:52:00,APP-00938>recibida,synthetic,SYN-024649
PEV-06789,VAC-0120,ORG-S3,postulacion_recibida,2026-07-01T08:54:00,APP-00932,synthetic,SYN-024650
PEV-06790,VAC-0120,ORG-S3,cambio_etapa,2026-07-01T08:54:00,APP-00932>recibida,synthetic,SYN-024651
PEV-06791,VAC-0120,ORG-S3,cambio_etapa,2026-07-03T08:10:00,APP-00936>evaluacion,synthetic,SYN-024652
PEV-06792,VAC-0120,ORG-S3,evaluacion_programada,2026-07-03T08:10:00,SES-01643,synthetic,SYN-024653
PEV-06793,VAC-0120,ORG-S3,cambio_etapa,2026-07-03T11:54:00,APP-00932>descartada,synthetic,SYN-024654
PEV-06794,VAC-0120,ORG-S3,postulacion_recibida,2026-07-03T14:02:00,APP-00940,synthetic,SYN-024655
PEV-06795,VAC-0120,ORG-S3,cambio_etapa,2026-07-03T14:02:00,APP-00940>recibida,synthetic,SYN-024656
PEV-06796,VAC-0120,ORG-S3,postulacion_recibida,2026-07-04T00:06:00,APP-00933,synthetic,SYN-024657
PEV-06797,VAC-0120,ORG-S3,cambio_etapa,2026-07-04T00:06:00,APP-00933>recibida,synthetic,SYN-024658
PEV-06798,VAC-0120,ORG-S3,cambio_etapa,2026-07-04T01:52:00,APP-00938>evaluacion,synthetic,SYN-024659
PEV-06799,VAC-0120,ORG-S3,evaluacion_programada,2026-07-04T01:52:00,SES-01646,synthetic,SYN-024660
PEV-06800,VAC-0120,ORG-S3,postulacion_recibida,2026-07-04T08:15:00,APP-00935,synthetic,SYN-024661
PEV-06801,VAC-0120,ORG-S3,cambio_etapa,2026-07-04T08:15:00,APP-00935>recibida,synthetic,SYN-024662
PEV-06802,VAC-0120,ORG-S3,cambio_etapa,2026-07-05T10:15:00,APP-00935>descartada,synthetic,SYN-024663
PEV-06803,VAC-0120,ORG-S3,cambio_etapa,2026-07-06T04:06:00,APP-00933>evaluacion,synthetic,SYN-024664
PEV-06804,VAC-0120,ORG-S3,evaluacion_programada,2026-07-06T04:06:00,SES-01638,synthetic,SYN-024665
PEV-06805,VAC-0120,ORG-S3,postulacion_recibida,2026-07-06T16:56:00,APP-00939,synthetic,SYN-024666
PEV-06806,VAC-0120,ORG-S3,cambio_etapa,2026-07-06T16:56:00,APP-00939>recibida,synthetic,SYN-024667
PEV-06807,VAC-0120,ORG-S3,cambio_etapa,2026-07-07T18:56:00,APP-00939>evaluacion,synthetic,SYN-024668
PEV-06808,VAC-0120,ORG-S3,evaluacion_programada,2026-07-07T18:56:00,SES-01648,synthetic,SYN-024669
PEV-06809,VAC-0120,ORG-S3,postulacion_recibida,2026-07-08T03:55:00,APP-00937,synthetic,SYN-024670
PEV-06810,VAC-0120,ORG-S3,cambio_etapa,2026-07-08T03:55:00,APP-00937>recibida,synthetic,SYN-024671
PEV-06811,VAC-0120,ORG-S3,cambio_etapa,2026-07-08T17:02:00,APP-00940>evaluacion,synthetic,SYN-024672
PEV-06812,VAC-0120,ORG-S3,evaluacion_programada,2026-07-08T17:02:00,SES-01650,synthetic,SYN-024673
PEV-06813,VAC-0120,ORG-S3,postulacion_recibida,2026-07-10T00:17:00,APP-00934,synthetic,SYN-024674
PEV-06814,VAC-0120,ORG-S3,cambio_etapa,2026-07-10T00:17:00,APP-00934>recibida,synthetic,SYN-024675
PEV-06815,VAC-0120,ORG-S3,cambio_etapa,2026-07-11T16:00:00,APP-00940>entrevista,synthetic,SYN-024676
PEV-06816,VAC-0120,ORG-S3,entrevista_programada,2026-07-11T16:00:00,SES-01651,synthetic,SYN-024677
PEV-06817,VAC-0120,ORG-S3,cambio_etapa,2026-07-13T09:55:00,APP-00937>evaluacion,synthetic,SYN-024678
PEV-06818,VAC-0120,ORG-S3,evaluacion_programada,2026-07-13T09:55:00,SES-01645,synthetic,SYN-024679
PEV-06819,VAC-0120,ORG-S3,cambio_etapa,2026-07-13T17:00:00,APP-00938>entrevista,synthetic,SYN-024680
PEV-06820,VAC-0120,ORG-S3,cambio_etapa,2026-07-13T17:00:00,APP-00939>entrevista,synthetic,SYN-024681
PEV-06821,VAC-0120,ORG-S3,entrevista_programada,2026-07-13T17:00:00,SES-01647,synthetic,SYN-024682
PEV-06822,VAC-0120,ORG-S3,entrevista_programada,2026-07-13T17:00:00,SES-01649,synthetic,SYN-024683
PEV-06823,VAC-0120,ORG-S3,cambio_etapa,2026-07-14T09:00:00,APP-00934>entrevista,synthetic,SYN-024684
PEV-06824,VAC-0120,ORG-S3,entrevista_programada,2026-07-14T09:00:00,SES-01642,synthetic,SYN-024685
PEV-06825,VAC-0120,ORG-S3,cambio_etapa,2026-07-14T15:00:00,APP-00936>entrevista,synthetic,SYN-024686
PEV-06826,VAC-0120,ORG-S3,entrevista_programada,2026-07-14T15:00:00,SES-01644,synthetic,SYN-024687
PEV-06827,VAC-0120,ORG-S3,evaluacion_programada,2026-07-15T00:17:00,SES-01641,synthetic,SYN-024688
PEV-06828,VAC-0120,ORG-S3,cambio_etapa,2026-07-15T03:17:00,APP-00934>evaluacion,synthetic,SYN-024689
PEV-06829,VAC-0120,ORG-S3,evaluacion_programada,2026-07-15T03:17:00,SES-01640,synthetic,SYN-024690
PEV-06830,VAC-0120,ORG-S3,evaluacion_realizada,2026-07-16T05:52:00,SES-01646,synthetic,SYN-024691
PEV-06831,VAC-0120,ORG-S3,evaluacion_realizada,2026-07-16T23:56:00,SES-01648,synthetic,SYN-024692
PEV-06832,VAC-0120,ORG-S3,cambio_etapa,2026-07-17T10:00:00,APP-00933>entrevista,synthetic,SYN-024693
PEV-06833,VAC-0120,ORG-S3,entrevista_programada,2026-07-17T10:00:00,SES-01639,synthetic,SYN-024694
PEV-06834,VAC-0120,ORG-S3,evaluacion_realizada,2026-07-20T06:06:00,SES-01638,synthetic,SYN-024695
PEV-06835,VAC-0120,ORG-S3,evaluacion_realizada,2026-07-21T17:10:00,SES-01643,synthetic,SYN-024696
PEV-06836,VAC-0120,ORG-S3,evaluacion_realizada,2026-07-22T02:02:00,SES-01650,synthetic,SYN-024697
PEV-06837,VAC-0120,ORG-S3,entrevista_realizada,2026-07-23T03:00:00,SES-01647,synthetic,SYN-024698
PEV-06838,VAC-0120,ORG-S3,entrevista_realizada,2026-07-23T22:00:00,SES-01649,synthetic,SYN-024699
PEV-06839,VAC-0120,ORG-S3,entrevista_realizada,2026-07-24T15:00:00,SES-01642,synthetic,SYN-024700
PEV-06840,VAC-0120,ORG-S3,evaluacion_realizada,2026-07-25T08:17:00,SES-01640,synthetic,SYN-024701
PEV-06841,VAC-0120,ORG-S3,entrevista_realizada,2026-07-25T14:00:00,SES-01639,synthetic,SYN-024702
PEV-06842,VAC-0120,ORG-S3,entrevista_realizada,2026-07-28T20:00:00,SES-01651,synthetic,SYN-024703
PEV-06843,VAC-0120,ORG-S3,evaluacion_realizada,2026-07-29T15:55:00,SES-01645,synthetic,SYN-024704
PEV-06844,VAC-0120,ORG-S3,vacante_cerrada,2026-08-08T17:55:00,,synthetic,SYN-024705
