check_id,application_token,requirement_id,declared_met,evidence_present,source_type,synthetic_record_id
CHK-00001,APP-00001,REQ-0001,true,true,synthetic,SYN-004181
CHK-00002,APP-00002,REQ-0001,true,true,synthetic,SYN-004182
CHK-00003,APP-00003,REQ-0002,true,true,synthetic,SYN-004183
CHK-00004,APP-00003,REQ-0003,true,true,synthetic,SYN-004184
CHK-00005,APP-00004,REQ-0002,true,false,synthetic,SYN-004185
CHK-00006,APP-00004,REQ-0003,true,true,synthetic,SYN-004186
CHK-00007,APP-00005,REQ-0002,,true,synthetic,SYN-004187
CHK-00008,APP-00005,REQ-0003,true,false,synthetic,SYN-004188
CHK-00009,APP-00006,REQ-0002,false,true,synthetic,SYN-004189
CHK-00010,APP-00006,REQ-0003,,true,synthetic,SYN-004190
CHK-00011,APP-00007,REQ-0002,true,true,synthetic,SYN-004191
CHK-00012,APP-00007,REQ-0003,true,false,synthetic,SYN-004192
CHK-00013,APP-00008,REQ-0002,true,true,synthetic,SYN-004193
CHK-00014,APP-00008,REQ-0003,true,true,synthetic,SYN-004194
CHK-00015,APP-00009,REQ-0002,true,true,synthetic,SYN-004195
CHK-00016,APP-00009,REQ-0003,true,true,synthetic,SYN-004196
CHK-00017,APP-00010,REQ-0002,true,false,synthetic,SYN-004197
CHK-00018,APP-00010,REQ-0003,true,true,synthetic,SYN-004198
CHK-00019,APP-00011,REQ-0004,true,true,synthetic,SYN-004199
CHK-00020,APP-00012,REQ-0004,true,true,synthetic,SYN-004200
CHK-00021,APP-00013,REQ-0005,true,true,synthetic,SYN-004201
CHK-00022,APP-00013,REQ-0006,true,true,synthetic,SYN-004202
CHK-00023,APP-00013,REQ-0007,true,true,synthetic,SYN-004203
CHK-00024,APP-00014,REQ-0005,true,false,synthetic,SYN-004204
CHK-00025,APP-00014,REQ-0006,true,true,synthetic,SYN-004205
CHK-00026,APP-00014,REQ-0007,,true,synthetic,SYN-004206
CHK-00027,APP-00015,REQ-0005,true,true,synthetic,SYN-004207
CHK-00028,APP-00015,REQ-0006,true,true,synthetic,SYN-004208
CHK-00029,APP-00015,REQ-0007,true,true,synthetic,SYN-004209
CHK-00030,APP-00016,REQ-0005,true,true,synthetic,SYN-004210
CHK-00031,APP-00016,REQ-0006,true,true,synthetic,SYN-004211
CHK-00032,APP-00016,REQ-0007,true,true,synthetic,SYN-004212
CHK-00033,APP-00017,REQ-0005,true,false,synthetic,SYN-004213
CHK-00034,APP-00017,REQ-0006,false,true,synthetic,SYN-004214
CHK-00035,APP-00017,REQ-0007,,true,synthetic,SYN-004215
CHK-00036,APP-00018,REQ-0005,true,true,synthetic,SYN-004216
CHK-00037,APP-00018,REQ-0006,true,false,synthetic,SYN-004217
CHK-00038,APP-00018,REQ-0007,true,true,synthetic,SYN-004218
CHK-00039,APP-00019,REQ-0005,true,true,synthetic,SYN-004219
CHK-00040,APP-00019,REQ-0006,true,true,synthetic,SYN-004220
CHK-00041,APP-00019,REQ-0007,true,true,synthetic,SYN-004221
CHK-00042,APP-00020,REQ-0005,true,true,synthetic,SYN-004222
CHK-00043,APP-00020,REQ-0006,true,true,synthetic,SYN-004223
CHK-00044,APP-00020,REQ-0007,true,true,synthetic,SYN-004224
CHK-00045,APP-00021,REQ-0005,false,true,synthetic,SYN-004225
CHK-00046,APP-00021,REQ-0006,true,true,synthetic,SYN-004226
CHK-00047,APP-00021,REQ-0007,true,true,synthetic,SYN-004227
CHK-00048,APP-00022,REQ-0008,true,true,synthetic,SYN-004228
CHK-00049,APP-00022,REQ-0009,true,false,synthetic,SYN-004229
CHK-00050,APP-00022,REQ-0010,true,false,synthetic,SYN-004230
CHK-00051,APP-00023,REQ-0008,true,true,synthetic,SYN-004231
CHK-00052,APP-00023,REQ-0009,true,true,synthetic,SYN-004232
CHK-00053,APP-00023,REQ-0010,true,true,synthetic,SYN-004233
CHK-00054,APP-00024,REQ-0008,true,true,synthetic,SYN-004234
CHK-00055,APP-00024,REQ-0009,true,true,synthetic,SYN-004235
CHK-00056,APP-00024,REQ-0010,true,true,synthetic,SYN-004236
CHK-00057,APP-00025,REQ-0008,true,true,synthetic,SYN-004237
CHK-00058,APP-00025,REQ-0009,true,false,synthetic,SYN-004238
CHK-00059,APP-00025,REQ-0010,true,true,synthetic,SYN-004239
CHK-00060,APP-00026,REQ-0008,true,true,synthetic,SYN-004240
CHK-00061,APP-00026,REQ-0009,true,true,synthetic,SYN-004241
CHK-00062,APP-00026,REQ-0010,,true,synthetic,SYN-004242
CHK-00063,APP-00027,REQ-0008,,true,synthetic,SYN-004243
CHK-00064,APP-00027,REQ-0009,true,false,synthetic,SYN-004244
CHK-00065,APP-00027,REQ-0010,true,true,synthetic,SYN-004245
CHK-00066,APP-00028,REQ-0008,true,true,synthetic,SYN-004246
CHK-00067,APP-00028,REQ-0009,true,true,synthetic,SYN-004247
CHK-00068,APP-00028,REQ-0010,true,true,synthetic,SYN-004248
CHK-00069,APP-00029,REQ-0008,true,true,synthetic,SYN-004249
CHK-00070,APP-00029,REQ-0009,true,true,synthetic,SYN-004250
CHK-00071,APP-00029,REQ-0010,false,true,synthetic,SYN-004251
CHK-00072,APP-00030,REQ-0008,false,true,synthetic,SYN-004252
CHK-00073,APP-00030,REQ-0009,true,true,synthetic,SYN-004253
CHK-00074,APP-00030,REQ-0010,false,true,synthetic,SYN-004254
CHK-00075,APP-00031,REQ-0008,true,true,synthetic,SYN-004255
CHK-00076,APP-00031,REQ-0009,true,false,synthetic,SYN-004256
CHK-00077,APP-00031,REQ-0010,true,false,synthetic,SYN-004257
CHK-00078,APP-00032,REQ-0008,,false,synthetic,SYN-004258
CHK-00079,APP-00032,REQ-0009,true,true,synthetic,SYN-004259
CHK-00080,APP-00032,REQ-0010,true,true,synthetic,SYN-004260
CHK-00081,APP-00033,REQ-0011,true,true,synthetic,SYN-004261
CHK-00082,APP-00034,REQ-0011,true,true,synthetic,SYN-004262
CHK-00083,APP-00035,REQ-0011,true,true,synthetic,SYN-004263
CHK-00084,APP-00036,REQ-0011,,true,synthetic,SYN-004264
CHK-00085,APP-00037,REQ-0015,true,false,synthetic,SYN-004265
CHK-00086,APP-00037,REQ-0016,true,true,synthetic,SYN-004266
CHK-00087,APP-00038,REQ-0015,true,false,synthetic,SYN-004267
CHK-00088,APP-00038,REQ-0016,true,true,synthetic,SYN-004268
CHK-00089,APP-00039,REQ-0015,true,true,synthetic,SYN-004269
CHK-00090,APP-00039,REQ-0016,true,true,synthetic,SYN-004270
CHK-00091,APP-00040,REQ-0015,true,true,synthetic,SYN-004271
CHK-00092,APP-00040,REQ-0016,true,true,synthetic,SYN-004272
CHK-00093,APP-00041,REQ-0015,true,true,synthetic,SYN-004273
CHK-00094,APP-00041,REQ-0016,,true,synthetic,SYN-004274
CHK-00095,APP-00042,REQ-0017,true,true,synthetic,SYN-004275
CHK-00096,APP-00042,REQ-0018,true,true,synthetic,SYN-004276
CHK-00097,APP-00042,REQ-0019,true,true,synthetic,SYN-004277
CHK-00098,APP-00043,REQ-0017,false,true,synthetic,SYN-004278
CHK-00099,APP-00043,REQ-0018,false,true,synthetic,SYN-004279
CHK-00100,APP-00043,REQ-0019,true,true,synthetic,SYN-004280
CHK-00101,APP-00044,REQ-0017,false,true,synthetic,SYN-004281
CHK-00102,APP-00044,REQ-0018,true,true,synthetic,SYN-004282
CHK-00103,APP-00044,REQ-0019,false,true,synthetic,SYN-004283
CHK-00104,APP-00045,REQ-0017,true,true,synthetic,SYN-004284
CHK-00105,APP-00045,REQ-0018,true,true,synthetic,SYN-004285
CHK-00106,APP-00045,REQ-0019,false,true,synthetic,SYN-004286
CHK-00107,APP-00046,REQ-0017,false,true,synthetic,SYN-004287
CHK-00108,APP-00046,REQ-0018,true,true,synthetic,SYN-004288
CHK-00109,APP-00046,REQ-0019,true,true,synthetic,SYN-004289
CHK-00110,APP-00047,REQ-0017,true,false,synthetic,SYN-004290
CHK-00111,APP-00047,REQ-0018,true,true,synthetic,SYN-004291
CHK-00112,APP-00047,REQ-0019,true,true,synthetic,SYN-004292
CHK-00113,APP-00048,REQ-0017,true,true,synthetic,SYN-004293
CHK-00114,APP-00048,REQ-0018,true,true,synthetic,SYN-004294
CHK-00115,APP-00048,REQ-0019,false,true,synthetic,SYN-004295
CHK-00116,APP-00049,REQ-0017,true,true,synthetic,SYN-004296
CHK-00117,APP-00049,REQ-0018,,true,synthetic,SYN-004297
CHK-00118,APP-00049,REQ-0019,true,true,synthetic,SYN-004298
CHK-00119,APP-00050,REQ-0017,true,true,synthetic,SYN-004299
CHK-00120,APP-00050,REQ-0018,true,true,synthetic,SYN-004300
CHK-00121,APP-00050,REQ-0019,true,false,synthetic,SYN-004301
CHK-00122,APP-00051,REQ-0017,true,true,synthetic,SYN-004302
CHK-00123,APP-00051,REQ-0018,true,true,synthetic,SYN-004303
CHK-00124,APP-00051,REQ-0019,true,true,synthetic,SYN-004304
CHK-00125,APP-00052,REQ-0017,true,true,synthetic,SYN-004305
CHK-00126,APP-00052,REQ-0018,true,true,synthetic,SYN-004306
CHK-00127,APP-00052,REQ-0019,true,true,synthetic,SYN-004307
CHK-00128,APP-00053,REQ-0020,true,true,synthetic,SYN-004308
CHK-00129,APP-00053,REQ-0021,true,true,synthetic,SYN-004309
CHK-00130,APP-00054,REQ-0020,true,true,synthetic,SYN-004310
CHK-00131,APP-00054,REQ-0021,true,true,synthetic,SYN-004311
CHK-00132,APP-00055,REQ-0020,true,true,synthetic,SYN-004312
CHK-00133,APP-00055,REQ-0021,true,true,synthetic,SYN-004313
CHK-00134,APP-00056,REQ-0020,true,true,synthetic,SYN-004314
CHK-00135,APP-00056,REQ-0021,,false,synthetic,SYN-004315
CHK-00136,APP-00057,REQ-0020,true,true,synthetic,SYN-004316
CHK-00137,APP-00057,REQ-0021,true,false,synthetic,SYN-004317
CHK-00138,APP-00058,REQ-0022,true,true,synthetic,SYN-004318
CHK-00139,APP-00058,REQ-0023,true,true,synthetic,SYN-004319
CHK-00140,APP-00059,REQ-0022,true,true,synthetic,SYN-004320
CHK-00141,APP-00059,REQ-0023,true,true,synthetic,SYN-004321
CHK-00142,APP-00060,REQ-0022,true,true,synthetic,SYN-004322
CHK-00143,APP-00060,REQ-0023,false,true,synthetic,SYN-004323
CHK-00144,APP-00061,REQ-0022,,true,synthetic,SYN-004324
CHK-00145,APP-00061,REQ-0023,true,true,synthetic,SYN-004325
CHK-00146,APP-00062,REQ-0022,true,true,synthetic,SYN-004326
CHK-00147,APP-00062,REQ-0023,false,true,synthetic,SYN-004327
CHK-00148,APP-00063,REQ-0024,true,false,synthetic,SYN-004328
CHK-00149,APP-00063,REQ-0025,false,true,synthetic,SYN-004329
CHK-00150,APP-00063,REQ-0026,true,true,synthetic,SYN-004330
CHK-00151,APP-00064,REQ-0024,true,true,synthetic,SYN-004331
CHK-00152,APP-00064,REQ-0025,true,false,synthetic,SYN-004332
CHK-00153,APP-00064,REQ-0026,true,true,synthetic,SYN-004333
CHK-00154,APP-00065,REQ-0024,,true,synthetic,SYN-004334
CHK-00155,APP-00065,REQ-0025,true,true,synthetic,SYN-004335
CHK-00156,APP-00065,REQ-0026,true,true,synthetic,SYN-004336
CHK-00157,APP-00066,REQ-0024,,true,synthetic,SYN-004337
CHK-00158,APP-00066,REQ-0025,true,true,synthetic,SYN-004338
CHK-00159,APP-00066,REQ-0026,true,true,synthetic,SYN-004339
CHK-00160,APP-00067,REQ-0024,true,true,synthetic,SYN-004340
CHK-00161,APP-00067,REQ-0025,true,true,synthetic,SYN-004341
CHK-00162,APP-00067,REQ-0026,true,true,synthetic,SYN-004342
CHK-00163,APP-00068,REQ-0024,true,true,synthetic,SYN-004343
CHK-00164,APP-00068,REQ-0025,true,true,synthetic,SYN-004344
CHK-00165,APP-00068,REQ-0026,true,true,synthetic,SYN-004345
CHK-00166,APP-00069,REQ-0024,true,true,synthetic,SYN-004346
CHK-00167,APP-00069,REQ-0025,true,false,synthetic,SYN-004347
CHK-00168,APP-00069,REQ-0026,false,true,synthetic,SYN-004348
CHK-00169,APP-00070,REQ-0027,true,true,synthetic,SYN-004349
CHK-00170,APP-00070,REQ-0028,false,false,synthetic,SYN-004350
CHK-00171,APP-00070,REQ-0029,,true,synthetic,SYN-004351
CHK-00172,APP-00071,REQ-0027,true,true,synthetic,SYN-004352
CHK-00173,APP-00071,REQ-0028,true,true,synthetic,SYN-004353
CHK-00174,APP-00071,REQ-0029,true,true,synthetic,SYN-004354
CHK-00175,APP-00072,REQ-0027,true,false,synthetic,SYN-004355
CHK-00176,APP-00072,REQ-0028,true,true,synthetic,SYN-004356
CHK-00177,APP-00072,REQ-0029,true,false,synthetic,SYN-004357
CHK-00178,APP-00073,REQ-0027,true,true,synthetic,SYN-004358
CHK-00179,APP-00073,REQ-0028,true,false,synthetic,SYN-004359
CHK-00180,APP-00073,REQ-0029,true,true,synthetic,SYN-004360
CHK-00181,APP-00074,REQ-0027,true,false,synthetic,SYN-004361
CHK-00182,APP-00074,REQ-0028,true,true,synthetic,SYN-004362
CHK-00183,APP-00074,REQ-0029,false,true,synthetic,SYN-004363
CHK-00184,APP-00075,REQ-0027,true,true,synthetic,SYN-004364
CHK-00185,APP-00075,REQ-0028,true,true,synthetic,SYN-004365
CHK-00186,APP-00075,REQ-0029,true,true,synthetic,SYN-004366
CHK-00187,APP-00076,REQ-0027,false,false,synthetic,SYN-004367
CHK-00188,APP-00076,REQ-0028,true,true,synthetic,SYN-004368
CHK-00189,APP-00076,REQ-0029,false,true,synthetic,SYN-004369
CHK-00190,APP-00077,REQ-0027,true,true,synthetic,SYN-004370
CHK-00191,APP-00077,REQ-0028,true,true,synthetic,SYN-004371
CHK-00192,APP-00077,REQ-0029,true,true,synthetic,SYN-004372
CHK-00193,APP-00078,REQ-0027,false,true,synthetic,SYN-004373
CHK-00194,APP-00078,REQ-0028,true,false,synthetic,SYN-004374
CHK-00195,APP-00078,REQ-0029,true,true,synthetic,SYN-004375
CHK-00196,APP-00079,REQ-0027,false,true,synthetic,SYN-004376
CHK-00197,APP-00079,REQ-0028,true,true,synthetic,SYN-004377
CHK-00198,APP-00079,REQ-0029,true,false,synthetic,SYN-004378
CHK-00199,APP-00080,REQ-0027,true,true,synthetic,SYN-004379
CHK-00200,APP-00080,REQ-0028,true,true,synthetic,SYN-004380
CHK-00201,APP-00080,REQ-0029,true,false,synthetic,SYN-004381
CHK-00202,APP-00081,REQ-0027,true,true,synthetic,SYN-004382
CHK-00203,APP-00081,REQ-0028,true,false,synthetic,SYN-004383
CHK-00204,APP-00081,REQ-0029,true,true,synthetic,SYN-004384
CHK-00205,APP-00082,REQ-0027,true,true,synthetic,SYN-004385
CHK-00206,APP-00082,REQ-0028,true,false,synthetic,SYN-004386
CHK-00207,APP-00082,REQ-0029,true,true,synthetic,SYN-004387
CHK-00208,APP-00083,REQ-0027,true,false,synthetic,SYN-004388
CHK-00209,APP-00083,REQ-0028,,true,synthetic,SYN-004389
CHK-00210,APP-00083,REQ-0029,true,true,synthetic,SYN-004390
CHK-00211,APP-00084,REQ-0030,true,true,synthetic,SYN-004391
CHK-00212,APP-00084,REQ-0031,true,true,synthetic,SYN-004392
CHK-00213,APP-00085,REQ-0030,true,true,synthetic,SYN-004393
CHK-00214,APP-00085,REQ-0031,true,true,synthetic,SYN-004394
CHK-00215,APP-00086,REQ-0030,true,true,synthetic,SYN-004395
CHK-00216,APP-00086,REQ-0031,true,true,synthetic,SYN-004396
CHK-00217,APP-00087,REQ-0030,true,true,synthetic,SYN-004397
CHK-00218,APP-00087,REQ-0031,true,true,synthetic,SYN-004398
CHK-00219,APP-00088,REQ-0030,false,true,synthetic,SYN-004399
CHK-00220,APP-00088,REQ-0031,,true,synthetic,SYN-004400
CHK-00221,APP-00089,REQ-0030,true,true,synthetic,SYN-004401
CHK-00222,APP-00089,REQ-0031,true,true,synthetic,SYN-004402
CHK-00223,APP-00090,REQ-0030,true,true,synthetic,SYN-004403
CHK-00224,APP-00090,REQ-0031,true,true,synthetic,SYN-004404
CHK-00225,APP-00091,REQ-0030,true,true,synthetic,SYN-004405
CHK-00226,APP-00091,REQ-0031,true,true,synthetic,SYN-004406
CHK-00227,APP-00092,REQ-0030,true,true,synthetic,SYN-004407
CHK-00228,APP-00092,REQ-0031,true,true,synthetic,SYN-004408
CHK-00229,APP-00093,REQ-0030,true,true,synthetic,SYN-004409
CHK-00230,APP-00093,REQ-0031,true,true,synthetic,SYN-004410
CHK-00231,APP-00094,REQ-0030,true,true,synthetic,SYN-004411
CHK-00232,APP-00094,REQ-0031,true,true,synthetic,SYN-004412
CHK-00233,APP-00095,REQ-0030,false,true,synthetic,SYN-004413
CHK-00234,APP-00095,REQ-0031,true,true,synthetic,SYN-004414
CHK-00235,APP-00096,REQ-0032,true,false,synthetic,SYN-004415
CHK-00236,APP-00096,REQ-0033,,false,synthetic,SYN-004416
CHK-00237,APP-00096,REQ-0034,true,true,synthetic,SYN-004417
CHK-00238,APP-00097,REQ-0032,false,true,synthetic,SYN-004418
CHK-00239,APP-00097,REQ-0033,true,true,synthetic,SYN-004419
CHK-00240,APP-00097,REQ-0034,true,true,synthetic,SYN-004420
CHK-00241,APP-00098,REQ-0032,true,true,synthetic,SYN-004421
CHK-00242,APP-00098,REQ-0033,true,false,synthetic,SYN-004422
CHK-00243,APP-00098,REQ-0034,true,true,synthetic,SYN-004423
CHK-00244,APP-00099,REQ-0032,true,true,synthetic,SYN-004424
CHK-00245,APP-00099,REQ-0033,true,true,synthetic,SYN-004425
CHK-00246,APP-00099,REQ-0034,true,true,synthetic,SYN-004426
CHK-00247,APP-00100,REQ-0035,true,true,synthetic,SYN-004427
CHK-00248,APP-00100,REQ-0036,true,true,synthetic,SYN-004428
CHK-00249,APP-00101,REQ-0035,true,true,synthetic,SYN-004429
CHK-00250,APP-00101,REQ-0036,true,true,synthetic,SYN-004430
CHK-00251,APP-00102,REQ-0035,true,true,synthetic,SYN-004431
CHK-00252,APP-00102,REQ-0036,true,true,synthetic,SYN-004432
CHK-00253,APP-00103,REQ-0035,true,true,synthetic,SYN-004433
CHK-00254,APP-00103,REQ-0036,true,true,synthetic,SYN-004434
CHK-00255,APP-00104,REQ-0035,true,true,synthetic,SYN-004435
CHK-00256,APP-00104,REQ-0036,true,false,synthetic,SYN-004436
CHK-00257,APP-00105,REQ-0035,true,true,synthetic,SYN-004437
CHK-00258,APP-00105,REQ-0036,,true,synthetic,SYN-004438
CHK-00259,APP-00106,REQ-0035,true,true,synthetic,SYN-004439
CHK-00260,APP-00106,REQ-0036,true,true,synthetic,SYN-004440
CHK-00261,APP-00107,REQ-0035,true,true,synthetic,SYN-004441
CHK-00262,APP-00107,REQ-0036,true,true,synthetic,SYN-004442
CHK-00263,APP-00108,REQ-0035,true,true,synthetic,SYN-004443
CHK-00264,APP-00108,REQ-0036,true,true,synthetic,SYN-004444
CHK-00265,APP-00109,REQ-0035,true,false,synthetic,SYN-004445
CHK-00266,APP-00109,REQ-0036,true,true,synthetic,SYN-004446
CHK-00267,APP-00110,REQ-0035,true,false,synthetic,SYN-004447
CHK-00268,APP-00110,REQ-0036,true,true,synthetic,SYN-004448
CHK-00269,APP-00111,REQ-0035,false,true,synthetic,SYN-004449
CHK-00270,APP-00111,REQ-0036,true,true,synthetic,SYN-004450
CHK-00271,APP-00112,REQ-0035,true,true,synthetic,SYN-004451
CHK-00272,APP-00112,REQ-0036,true,true,synthetic,SYN-004452
CHK-00273,APP-00113,REQ-0037,false,true,synthetic,SYN-004453
CHK-00274,APP-00113,REQ-0038,true,false,synthetic,SYN-004454
CHK-00275,APP-00113,REQ-0039,,true,synthetic,SYN-004455
CHK-00276,APP-00114,REQ-0037,false,true,synthetic,SYN-004456
CHK-00277,APP-00114,REQ-0038,true,false,synthetic,SYN-004457
CHK-00278,APP-00114,REQ-0039,true,true,synthetic,SYN-004458
CHK-00279,APP-00115,REQ-0037,true,true,synthetic,SYN-004459
CHK-00280,APP-00115,REQ-0038,true,false,synthetic,SYN-004460
CHK-00281,APP-00115,REQ-0039,true,true,synthetic,SYN-004461
CHK-00282,APP-00116,REQ-0037,false,true,synthetic,SYN-004462
CHK-00283,APP-00116,REQ-0038,true,true,synthetic,SYN-004463
CHK-00284,APP-00116,REQ-0039,true,true,synthetic,SYN-004464
CHK-00285,APP-00117,REQ-0040,false,true,synthetic,SYN-004465
CHK-00286,APP-00117,REQ-0041,true,true,synthetic,SYN-004466
CHK-00287,APP-00117,REQ-0042,true,true,synthetic,SYN-004467
CHK-00288,APP-00118,REQ-0040,true,true,synthetic,SYN-004468
CHK-00289,APP-00118,REQ-0041,true,false,synthetic,SYN-004469
CHK-00290,APP-00118,REQ-0042,true,false,synthetic,SYN-004470
CHK-00291,APP-00119,REQ-0040,true,true,synthetic,SYN-004471
CHK-00292,APP-00119,REQ-0041,true,false,synthetic,SYN-004472
CHK-00293,APP-00119,REQ-0042,true,true,synthetic,SYN-004473
CHK-00294,APP-00120,REQ-0040,true,true,synthetic,SYN-004474
CHK-00295,APP-00120,REQ-0041,false,true,synthetic,SYN-004475
CHK-00296,APP-00120,REQ-0042,false,true,synthetic,SYN-004476
CHK-00297,APP-00121,REQ-0040,true,true,synthetic,SYN-004477
CHK-00298,APP-00121,REQ-0041,false,true,synthetic,SYN-004478
CHK-00299,APP-00121,REQ-0042,true,true,synthetic,SYN-004479
CHK-00300,APP-00122,REQ-0043,true,true,synthetic,SYN-004480
CHK-00301,APP-00123,REQ-0043,true,false,synthetic,SYN-004481
CHK-00302,APP-00124,REQ-0043,true,true,synthetic,SYN-004482
CHK-00303,APP-00125,REQ-0043,true,true,synthetic,SYN-004483
CHK-00304,APP-00126,REQ-0043,true,true,synthetic,SYN-004484
CHK-00305,APP-00127,REQ-0043,true,true,synthetic,SYN-004485
CHK-00306,APP-00128,REQ-0043,true,true,synthetic,SYN-004486
CHK-00307,APP-00129,REQ-0043,true,true,synthetic,SYN-004487
CHK-00308,APP-00130,REQ-0043,true,true,synthetic,SYN-004488
CHK-00309,APP-00131,REQ-0043,true,true,synthetic,SYN-004489
CHK-00310,APP-00132,REQ-0043,true,true,synthetic,SYN-004490
CHK-00311,APP-00133,REQ-0043,true,true,synthetic,SYN-004491
CHK-00312,APP-00134,REQ-0043,true,true,synthetic,SYN-004492
CHK-00313,APP-00135,REQ-0043,false,true,synthetic,SYN-004493
CHK-00314,APP-00136,REQ-0044,true,true,synthetic,SYN-004494
CHK-00315,APP-00137,REQ-0044,false,true,synthetic,SYN-004495
CHK-00316,APP-00138,REQ-0045,false,true,synthetic,SYN-004496
CHK-00317,APP-00139,REQ-0045,false,true,synthetic,SYN-004497
CHK-00318,APP-00140,REQ-0045,true,true,synthetic,SYN-004498
CHK-00319,APP-00141,REQ-0046,true,false,synthetic,SYN-004499
CHK-00320,APP-00141,REQ-0047,true,true,synthetic,SYN-004500
CHK-00321,APP-00141,REQ-0048,true,true,synthetic,SYN-004501
CHK-00322,APP-00142,REQ-0046,true,true,synthetic,SYN-004502
CHK-00323,APP-00142,REQ-0047,true,true,synthetic,SYN-004503
CHK-00324,APP-00142,REQ-0048,true,true,synthetic,SYN-004504
CHK-00325,APP-00143,REQ-0046,true,true,synthetic,SYN-004505
CHK-00326,APP-00143,REQ-0047,false,true,synthetic,SYN-004506
CHK-00327,APP-00143,REQ-0048,false,true,synthetic,SYN-004507
CHK-00328,APP-00144,REQ-0046,true,true,synthetic,SYN-004508
CHK-00329,APP-00144,REQ-0047,true,true,synthetic,SYN-004509
CHK-00330,APP-00144,REQ-0048,true,false,synthetic,SYN-004510
CHK-00331,APP-00145,REQ-0046,true,false,synthetic,SYN-004511
CHK-00332,APP-00145,REQ-0047,true,true,synthetic,SYN-004512
CHK-00333,APP-00145,REQ-0048,true,true,synthetic,SYN-004513
CHK-00334,APP-00146,REQ-0046,true,true,synthetic,SYN-004514
CHK-00335,APP-00146,REQ-0047,true,true,synthetic,SYN-004515
CHK-00336,APP-00146,REQ-0048,true,true,synthetic,SYN-004516
CHK-00337,APP-00147,REQ-0046,,true,synthetic,SYN-004517
CHK-00338,APP-00147,REQ-0047,true,true,synthetic,SYN-004518
CHK-00339,APP-00147,REQ-0048,true,true,synthetic,SYN-004519
CHK-00340,APP-00148,REQ-0049,true,true,synthetic,SYN-004520
CHK-00341,APP-00149,REQ-0049,true,true,synthetic,SYN-004521
CHK-00342,APP-00150,REQ-0049,true,true,synthetic,SYN-004522
CHK-00343,APP-00151,REQ-0049,true,true,synthetic,SYN-004523
CHK-00344,APP-00152,REQ-0049,true,true,synthetic,SYN-004524
CHK-00345,APP-00153,REQ-0049,true,true,synthetic,SYN-004525
CHK-00346,APP-00154,REQ-0049,true,true,synthetic,SYN-004526
CHK-00347,APP-00155,REQ-0049,false,true,synthetic,SYN-004527
CHK-00348,APP-00156,REQ-0049,true,true,synthetic,SYN-004528
CHK-00349,APP-00157,REQ-0049,,true,synthetic,SYN-004529
CHK-00350,APP-00158,REQ-0049,true,false,synthetic,SYN-004530
CHK-00351,APP-00159,REQ-0050,false,true,synthetic,SYN-004531
CHK-00352,APP-00159,REQ-0051,true,false,synthetic,SYN-004532
CHK-00353,APP-00160,REQ-0050,true,true,synthetic,SYN-004533
CHK-00354,APP-00160,REQ-0051,true,false,synthetic,SYN-004534
CHK-00355,APP-00161,REQ-0050,true,true,synthetic,SYN-004535
CHK-00356,APP-00161,REQ-0051,false,true,synthetic,SYN-004536
CHK-00357,APP-00162,REQ-0050,true,false,synthetic,SYN-004537
CHK-00358,APP-00162,REQ-0051,true,true,synthetic,SYN-004538
CHK-00359,APP-00163,REQ-0052,true,true,synthetic,SYN-004539
CHK-00360,APP-00164,REQ-0052,true,true,synthetic,SYN-004540
CHK-00361,APP-00165,REQ-0052,true,true,synthetic,SYN-004541
CHK-00362,APP-00166,REQ-0052,true,true,synthetic,SYN-004542
CHK-00363,APP-00167,REQ-0052,true,true,synthetic,SYN-004543
CHK-00364,APP-00168,REQ-0052,true,true,synthetic,SYN-004544
CHK-00365,APP-00169,REQ-0052,true,true,synthetic,SYN-004545
CHK-00366,APP-00170,REQ-0052,true,true,synthetic,SYN-004546
CHK-00367,APP-00171,REQ-0052,true,true,synthetic,SYN-004547
CHK-00368,APP-00172,REQ-0052,true,true,synthetic,SYN-004548
CHK-00369,APP-00173,REQ-0052,true,true,synthetic,SYN-004549
CHK-00370,APP-00174,REQ-0053,true,true,synthetic,SYN-004550
CHK-00371,APP-00174,REQ-0054,true,true,synthetic,SYN-004551
CHK-00372,APP-00174,REQ-0055,true,true,synthetic,SYN-004552
CHK-00373,APP-00175,REQ-0053,true,true,synthetic,SYN-004553
CHK-00374,APP-00175,REQ-0054,true,true,synthetic,SYN-004554
CHK-00375,APP-00175,REQ-0055,true,true,synthetic,SYN-004555
CHK-00376,APP-00176,REQ-0053,true,true,synthetic,SYN-004556
CHK-00377,APP-00176,REQ-0054,true,true,synthetic,SYN-004557
CHK-00378,APP-00176,REQ-0055,true,true,synthetic,SYN-004558
CHK-00379,APP-00177,REQ-0053,true,false,synthetic,SYN-004559
CHK-00380,APP-00177,REQ-0054,true,true,synthetic,SYN-004560
CHK-00381,APP-00177,REQ-0055,true,true,synthetic,SYN-004561
CHK-00382,APP-00178,REQ-0053,false,true,synthetic,SYN-004562
CHK-00383,APP-00178,REQ-0054,true,true,synthetic,SYN-004563
CHK-00384,APP-00178,REQ-0055,true,true,synthetic,SYN-004564
CHK-00385,APP-00179,REQ-0053,true,true,synthetic,SYN-004565
CHK-00386,APP-00179,REQ-0054,true,true,synthetic,SYN-004566
CHK-00387,APP-00179,REQ-0055,true,true,synthetic,SYN-004567
CHK-00388,APP-00180,REQ-0053,true,true,synthetic,SYN-004568
CHK-00389,APP-00180,REQ-0054,true,true,synthetic,SYN-004569
CHK-00390,APP-00180,REQ-0055,true,true,synthetic,SYN-004570
CHK-00391,APP-00181,REQ-0053,false,false,synthetic,SYN-004571
CHK-00392,APP-00181,REQ-0054,true,true,synthetic,SYN-004572
CHK-00393,APP-00181,REQ-0055,true,true,synthetic,SYN-004573
CHK-00394,APP-00182,REQ-0053,true,true,synthetic,SYN-004574
CHK-00395,APP-00182,REQ-0054,true,true,synthetic,SYN-004575
CHK-00396,APP-00182,REQ-0055,true,false,synthetic,SYN-004576
CHK-00397,APP-00183,REQ-0053,true,true,synthetic,SYN-004577
CHK-00398,APP-00183,REQ-0054,true,true,synthetic,SYN-004578
CHK-00399,APP-00183,REQ-0055,true,true,synthetic,SYN-004579
CHK-00400,APP-00184,REQ-0053,true,false,synthetic,SYN-004580
CHK-00401,APP-00184,REQ-0054,,false,synthetic,SYN-004581
CHK-00402,APP-00184,REQ-0055,true,true,synthetic,SYN-004582
CHK-00403,APP-00185,REQ-0053,true,true,synthetic,SYN-004583
CHK-00404,APP-00185,REQ-0054,true,true,synthetic,SYN-004584
CHK-00405,APP-00185,REQ-0055,true,true,synthetic,SYN-004585
CHK-00406,APP-00186,REQ-0056,true,true,synthetic,SYN-004586
CHK-00407,APP-00186,REQ-0057,true,true,synthetic,SYN-004587
CHK-00408,APP-00187,REQ-0056,true,true,synthetic,SYN-004588
CHK-00409,APP-00187,REQ-0057,true,true,synthetic,SYN-004589
CHK-00410,APP-00188,REQ-0056,true,true,synthetic,SYN-004590
CHK-00411,APP-00188,REQ-0057,true,true,synthetic,SYN-004591
CHK-00412,APP-00189,REQ-0056,true,true,synthetic,SYN-004592
CHK-00413,APP-00189,REQ-0057,true,true,synthetic,SYN-004593
CHK-00414,APP-00190,REQ-0056,true,true,synthetic,SYN-004594
CHK-00415,APP-00190,REQ-0057,true,true,synthetic,SYN-004595
CHK-00416,APP-00191,REQ-0056,true,true,synthetic,SYN-004596
CHK-00417,APP-00191,REQ-0057,,true,synthetic,SYN-004597
CHK-00418,APP-00192,REQ-0056,true,true,synthetic,SYN-004598
CHK-00419,APP-00192,REQ-0057,true,true,synthetic,SYN-004599
CHK-00420,APP-00193,REQ-0056,true,false,synthetic,SYN-004600
CHK-00421,APP-00193,REQ-0057,true,true,synthetic,SYN-004601
CHK-00422,APP-00194,REQ-0056,true,true,synthetic,SYN-004602
CHK-00423,APP-00194,REQ-0057,true,true,synthetic,SYN-004603
CHK-00424,APP-00195,REQ-0058,true,true,synthetic,SYN-004604
CHK-00425,APP-00195,REQ-0059,true,true,synthetic,SYN-004605
CHK-00426,APP-00196,REQ-0058,true,true,synthetic,SYN-004606
CHK-00427,APP-00196,REQ-0059,true,true,synthetic,SYN-004607
CHK-00428,APP-00197,REQ-0058,true,true,synthetic,SYN-004608
CHK-00429,APP-00197,REQ-0059,true,false,synthetic,SYN-004609
CHK-00430,APP-00198,REQ-0058,true,true,synthetic,SYN-004610
CHK-00431,APP-00198,REQ-0059,true,true,synthetic,SYN-004611
CHK-00432,APP-00199,REQ-0060,true,true,synthetic,SYN-004612
CHK-00433,APP-00199,REQ-0061,true,true,synthetic,SYN-004613
CHK-00434,APP-00199,REQ-0062,true,true,synthetic,SYN-004614
CHK-00435,APP-00200,REQ-0060,true,true,synthetic,SYN-004615
CHK-00436,APP-00200,REQ-0061,true,true,synthetic,SYN-004616
CHK-00437,APP-00200,REQ-0062,true,true,synthetic,SYN-004617
CHK-00438,APP-00201,REQ-0060,true,false,synthetic,SYN-004618
CHK-00439,APP-00201,REQ-0061,true,true,synthetic,SYN-004619
CHK-00440,APP-00201,REQ-0062,true,true,synthetic,SYN-004620
CHK-00441,APP-00202,REQ-0060,true,false,synthetic,SYN-004621
CHK-00442,APP-00202,REQ-0061,true,true,synthetic,SYN-004622
CHK-00443,APP-00202,REQ-0062,true,true,synthetic,SYN-004623
CHK-00444,APP-00203,REQ-0060,true,true,synthetic,SYN-004624
CHK-00445,APP-00203,REQ-0061,true,true,synthetic,SYN-004625
CHK-00446,APP-00203,REQ-0062,true,true,synthetic,SYN-004626
CHK-00447,APP-00204,REQ-0060,true,true,synthetic,SYN-004627
CHK-00448,APP-00204,REQ-0061,true,true,synthetic,SYN-004628
CHK-00449,APP-00204,REQ-0062,true,false,synthetic,SYN-004629
CHK-00450,APP-00205,REQ-0060,true,false,synthetic,SYN-004630
CHK-00451,APP-00205,REQ-0061,true,true,synthetic,SYN-004631
CHK-00452,APP-00205,REQ-0062,true,true,synthetic,SYN-004632
CHK-00453,APP-00206,REQ-0060,true,false,synthetic,SYN-004633
CHK-00454,APP-00206,REQ-0061,true,true,synthetic,SYN-004634
CHK-00455,APP-00206,REQ-0062,true,false,synthetic,SYN-004635
CHK-00456,APP-00207,REQ-0063,true,true,synthetic,SYN-004636
CHK-00457,APP-00207,REQ-0064,true,true,synthetic,SYN-004637
CHK-00458,APP-00207,REQ-0065,true,true,synthetic,SYN-004638
CHK-00459,APP-00208,REQ-0063,true,true,synthetic,SYN-004639
CHK-00460,APP-00208,REQ-0064,true,true,synthetic,SYN-004640
CHK-00461,APP-00208,REQ-0065,true,false,synthetic,SYN-004641
CHK-00462,APP-00209,REQ-0063,true,true,synthetic,SYN-004642
CHK-00463,APP-00209,REQ-0064,true,true,synthetic,SYN-004643
CHK-00464,APP-00209,REQ-0065,true,true,synthetic,SYN-004644
CHK-00465,APP-00210,REQ-0063,true,true,synthetic,SYN-004645
CHK-00466,APP-00210,REQ-0064,,true,synthetic,SYN-004646
CHK-00467,APP-00210,REQ-0065,true,true,synthetic,SYN-004647
CHK-00468,APP-00211,REQ-0066,true,true,synthetic,SYN-004648
CHK-00469,APP-00211,REQ-0067,false,true,synthetic,SYN-004649
CHK-00470,APP-00212,REQ-0066,true,true,synthetic,SYN-004650
CHK-00471,APP-00212,REQ-0067,true,true,synthetic,SYN-004651
CHK-00472,APP-00213,REQ-0066,true,false,synthetic,SYN-004652
CHK-00473,APP-00213,REQ-0067,true,true,synthetic,SYN-004653
CHK-00474,APP-00214,REQ-0066,true,true,synthetic,SYN-004654
CHK-00475,APP-00214,REQ-0067,true,false,synthetic,SYN-004655
CHK-00476,APP-00215,REQ-0066,,true,synthetic,SYN-004656
CHK-00477,APP-00215,REQ-0067,true,true,synthetic,SYN-004657
CHK-00478,APP-00216,REQ-0066,true,true,synthetic,SYN-004658
CHK-00479,APP-00216,REQ-0067,true,true,synthetic,SYN-004659
CHK-00480,APP-00217,REQ-0066,true,true,synthetic,SYN-004660
CHK-00481,APP-00217,REQ-0067,true,true,synthetic,SYN-004661
CHK-00482,APP-00218,REQ-0066,true,true,synthetic,SYN-004662
CHK-00483,APP-00218,REQ-0067,true,true,synthetic,SYN-004663
CHK-00484,APP-00219,REQ-0066,true,true,synthetic,SYN-004664
CHK-00485,APP-00219,REQ-0067,true,true,synthetic,SYN-004665
CHK-00486,APP-00220,REQ-0066,true,true,synthetic,SYN-004666
CHK-00487,APP-00220,REQ-0067,true,true,synthetic,SYN-004667
CHK-00488,APP-00221,REQ-0066,true,true,synthetic,SYN-004668
CHK-00489,APP-00221,REQ-0067,false,true,synthetic,SYN-004669
CHK-00490,APP-00222,REQ-0066,true,true,synthetic,SYN-004670
CHK-00491,APP-00222,REQ-0067,true,true,synthetic,SYN-004671
CHK-00492,APP-00223,REQ-0066,true,true,synthetic,SYN-004672
CHK-00493,APP-00223,REQ-0067,true,true,synthetic,SYN-004673
CHK-00494,APP-00224,REQ-0068,true,true,synthetic,SYN-004674
CHK-00495,APP-00224,REQ-0069,true,true,synthetic,SYN-004675
CHK-00496,APP-00224,REQ-0070,true,true,synthetic,SYN-004676
CHK-00497,APP-00225,REQ-0068,false,true,synthetic,SYN-004677
CHK-00498,APP-00225,REQ-0069,,true,synthetic,SYN-004678
CHK-00499,APP-00225,REQ-0070,true,false,synthetic,SYN-004679
CHK-00500,APP-00226,REQ-0068,true,true,synthetic,SYN-004680
CHK-00501,APP-00226,REQ-0069,true,true,synthetic,SYN-004681
CHK-00502,APP-00226,REQ-0070,true,true,synthetic,SYN-004682
CHK-00503,APP-00227,REQ-0068,true,true,synthetic,SYN-004683
CHK-00504,APP-00227,REQ-0069,true,false,synthetic,SYN-004684
CHK-00505,APP-00227,REQ-0070,false,true,synthetic,SYN-004685
CHK-00506,APP-00228,REQ-0068,true,true,synthetic,SYN-004686
CHK-00507,APP-00228,REQ-0069,true,false,synthetic,SYN-004687
CHK-00508,APP-00228,REQ-0070,true,true,synthetic,SYN-004688
CHK-00509,APP-00229,REQ-0068,,true,synthetic,SYN-004689
CHK-00510,APP-00229,REQ-0069,true,false,synthetic,SYN-004690
CHK-00511,APP-00229,REQ-0070,false,true,synthetic,SYN-004691
CHK-00512,APP-00230,REQ-0068,true,true,synthetic,SYN-004692
CHK-00513,APP-00230,REQ-0069,true,false,synthetic,SYN-004693
CHK-00514,APP-00230,REQ-0070,true,true,synthetic,SYN-004694
CHK-00515,APP-00231,REQ-0068,true,true,synthetic,SYN-004695
CHK-00516,APP-00231,REQ-0069,true,true,synthetic,SYN-004696
CHK-00517,APP-00231,REQ-0070,true,true,synthetic,SYN-004697
CHK-00518,APP-00232,REQ-0068,true,true,synthetic,SYN-004698
CHK-00519,APP-00232,REQ-0069,true,true,synthetic,SYN-004699
CHK-00520,APP-00232,REQ-0070,false,true,synthetic,SYN-004700
CHK-00521,APP-00233,REQ-0068,true,false,synthetic,SYN-004701
CHK-00522,APP-00233,REQ-0069,false,true,synthetic,SYN-004702
CHK-00523,APP-00233,REQ-0070,true,true,synthetic,SYN-004703
CHK-00524,APP-00234,REQ-0071,true,true,synthetic,SYN-004704
CHK-00525,APP-00235,REQ-0071,true,true,synthetic,SYN-004705
CHK-00526,APP-00236,REQ-0071,true,true,synthetic,SYN-004706
CHK-00527,APP-00237,REQ-0071,true,true,synthetic,SYN-004707
CHK-00528,APP-00238,REQ-0071,true,true,synthetic,SYN-004708
CHK-00529,APP-00239,REQ-0071,,true,synthetic,SYN-004709
CHK-00530,APP-00240,REQ-0071,true,false,synthetic,SYN-004710
CHK-00531,APP-00241,REQ-0071,true,true,synthetic,SYN-004711
CHK-00532,APP-00242,REQ-0071,true,true,synthetic,SYN-004712
CHK-00533,APP-00243,REQ-0071,true,true,synthetic,SYN-004713
CHK-00534,APP-00244,REQ-0072,true,true,synthetic,SYN-004714
CHK-00535,APP-00244,REQ-0073,true,true,synthetic,SYN-004715
CHK-00536,APP-00244,REQ-0074,false,true,synthetic,SYN-004716
CHK-00537,APP-00245,REQ-0072,,true,synthetic,SYN-004717
CHK-00538,APP-00245,REQ-0073,,true,synthetic,SYN-004718
CHK-00539,APP-00245,REQ-0074,false,true,synthetic,SYN-004719
CHK-00540,APP-00246,REQ-0072,false,false,synthetic,SYN-004720
CHK-00541,APP-00246,REQ-0073,true,true,synthetic,SYN-004721
CHK-00542,APP-00246,REQ-0074,true,false,synthetic,SYN-004722
CHK-00543,APP-00247,REQ-0072,true,true,synthetic,SYN-004723
CHK-00544,APP-00247,REQ-0073,true,true,synthetic,SYN-004724
CHK-00545,APP-00247,REQ-0074,false,false,synthetic,SYN-004725
CHK-00546,APP-00248,REQ-0072,,true,synthetic,SYN-004726
CHK-00547,APP-00248,REQ-0073,true,true,synthetic,SYN-004727
CHK-00548,APP-00248,REQ-0074,true,false,synthetic,SYN-004728
CHK-00549,APP-00249,REQ-0072,true,true,synthetic,SYN-004729
CHK-00550,APP-00249,REQ-0073,true,true,synthetic,SYN-004730
CHK-00551,APP-00249,REQ-0074,true,true,synthetic,SYN-004731
CHK-00552,APP-00250,REQ-0072,false,true,synthetic,SYN-004732
CHK-00553,APP-00250,REQ-0073,false,true,synthetic,SYN-004733
CHK-00554,APP-00250,REQ-0074,true,true,synthetic,SYN-004734
CHK-00555,APP-00251,REQ-0075,true,true,synthetic,SYN-004735
CHK-00556,APP-00251,REQ-0076,true,false,synthetic,SYN-004736
CHK-00557,APP-00251,REQ-0077,true,false,synthetic,SYN-004737
CHK-00558,APP-00252,REQ-0075,true,true,synthetic,SYN-004738
CHK-00559,APP-00252,REQ-0076,true,false,synthetic,SYN-004739
CHK-00560,APP-00252,REQ-0077,true,false,synthetic,SYN-004740
CHK-00561,APP-00253,REQ-0075,true,false,synthetic,SYN-004741
CHK-00562,APP-00253,REQ-0076,true,true,synthetic,SYN-004742
CHK-00563,APP-00253,REQ-0077,true,false,synthetic,SYN-004743
CHK-00564,APP-00254,REQ-0075,true,false,synthetic,SYN-004744
CHK-00565,APP-00254,REQ-0076,true,true,synthetic,SYN-004745
CHK-00566,APP-00254,REQ-0077,,true,synthetic,SYN-004746
CHK-00567,APP-00255,REQ-0075,false,false,synthetic,SYN-004747
CHK-00568,APP-00255,REQ-0076,true,true,synthetic,SYN-004748
CHK-00569,APP-00255,REQ-0077,true,true,synthetic,SYN-004749
CHK-00570,APP-00256,REQ-0075,true,true,synthetic,SYN-004750
CHK-00571,APP-00256,REQ-0076,true,true,synthetic,SYN-004751
CHK-00572,APP-00256,REQ-0077,true,true,synthetic,SYN-004752
CHK-00573,APP-00257,REQ-0075,true,true,synthetic,SYN-004753
CHK-00574,APP-00257,REQ-0076,true,true,synthetic,SYN-004754
CHK-00575,APP-00257,REQ-0077,true,true,synthetic,SYN-004755
CHK-00576,APP-00258,REQ-0075,true,true,synthetic,SYN-004756
CHK-00577,APP-00258,REQ-0076,true,true,synthetic,SYN-004757
CHK-00578,APP-00258,REQ-0077,false,true,synthetic,SYN-004758
CHK-00579,APP-00259,REQ-0075,true,true,synthetic,SYN-004759
CHK-00580,APP-00259,REQ-0076,true,true,synthetic,SYN-004760
CHK-00581,APP-00259,REQ-0077,true,true,synthetic,SYN-004761
CHK-00582,APP-00260,REQ-0075,true,true,synthetic,SYN-004762
CHK-00583,APP-00260,REQ-0076,false,true,synthetic,SYN-004763
CHK-00584,APP-00260,REQ-0077,true,true,synthetic,SYN-004764
CHK-00585,APP-00261,REQ-0075,,true,synthetic,SYN-004765
CHK-00586,APP-00261,REQ-0076,true,true,synthetic,SYN-004766
CHK-00587,APP-00261,REQ-0077,true,true,synthetic,SYN-004767
CHK-00588,APP-00262,REQ-0078,false,true,synthetic,SYN-004768
CHK-00589,APP-00262,REQ-0079,,true,synthetic,SYN-004769
CHK-00590,APP-00262,REQ-0080,true,false,synthetic,SYN-004770
CHK-00591,APP-00263,REQ-0078,,true,synthetic,SYN-004771
CHK-00592,APP-00263,REQ-0079,true,true,synthetic,SYN-004772
CHK-00593,APP-00263,REQ-0080,true,false,synthetic,SYN-004773
CHK-00594,APP-00264,REQ-0078,true,true,synthetic,SYN-004774
CHK-00595,APP-00264,REQ-0079,true,true,synthetic,SYN-004775
CHK-00596,APP-00264,REQ-0080,true,true,synthetic,SYN-004776
CHK-00597,APP-00265,REQ-0081,true,true,synthetic,SYN-004777
CHK-00598,APP-00265,REQ-0082,true,true,synthetic,SYN-004778
CHK-00599,APP-00265,REQ-0083,true,false,synthetic,SYN-004779
CHK-00600,APP-00266,REQ-0081,true,true,synthetic,SYN-004780
CHK-00601,APP-00266,REQ-0082,true,true,synthetic,SYN-004781
CHK-00602,APP-00266,REQ-0083,true,true,synthetic,SYN-004782
CHK-00603,APP-00267,REQ-0081,true,true,synthetic,SYN-004783
CHK-00604,APP-00267,REQ-0082,true,true,synthetic,SYN-004784
CHK-00605,APP-00267,REQ-0083,false,true,synthetic,SYN-004785
CHK-00606,APP-00268,REQ-0081,true,false,synthetic,SYN-004786
CHK-00607,APP-00268,REQ-0082,true,true,synthetic,SYN-004787
CHK-00608,APP-00268,REQ-0083,true,true,synthetic,SYN-004788
CHK-00609,APP-00269,REQ-0081,true,true,synthetic,SYN-004789
CHK-00610,APP-00269,REQ-0082,true,true,synthetic,SYN-004790
CHK-00611,APP-00269,REQ-0083,true,true,synthetic,SYN-004791
CHK-00612,APP-00270,REQ-0081,false,true,synthetic,SYN-004792
CHK-00613,APP-00270,REQ-0082,true,true,synthetic,SYN-004793
CHK-00614,APP-00270,REQ-0083,true,false,synthetic,SYN-004794
CHK-00615,APP-00271,REQ-0081,true,true,synthetic,SYN-004795
CHK-00616,APP-00271,REQ-0082,true,true,synthetic,SYN-004796
CHK-00617,APP-00271,REQ-0083,true,false,synthetic,SYN-004797
CHK-00618,APP-00272,REQ-0081,true,true,synthetic,SYN-004798
CHK-00619,APP-00272,REQ-0082,true,false,synthetic,SYN-004799
CHK-00620,APP-00272,REQ-0083,true,false,synthetic,SYN-004800
CHK-00621,APP-00273,REQ-0081,true,false,synthetic,SYN-004801
CHK-00622,APP-00273,REQ-0082,true,true,synthetic,SYN-004802
CHK-00623,APP-00273,REQ-0083,true,true,synthetic,SYN-004803
CHK-00624,APP-00274,REQ-0084,true,true,synthetic,SYN-004804
CHK-00625,APP-00275,REQ-0084,false,true,synthetic,SYN-004805
CHK-00626,APP-00276,REQ-0084,false,true,synthetic,SYN-004806
CHK-00627,APP-00277,REQ-0084,true,true,synthetic,SYN-004807
CHK-00628,APP-00278,REQ-0084,false,true,synthetic,SYN-004808
CHK-00629,APP-00279,REQ-0085,true,true,synthetic,SYN-004809
CHK-00630,APP-00279,REQ-0086,true,true,synthetic,SYN-004810
CHK-00631,APP-00279,REQ-0087,true,true,synthetic,SYN-004811
CHK-00632,APP-00280,REQ-0085,true,true,synthetic,SYN-004812
CHK-00633,APP-00280,REQ-0086,,false,synthetic,SYN-004813
CHK-00634,APP-00280,REQ-0087,true,true,synthetic,SYN-004814
CHK-00635,APP-00281,REQ-0085,true,true,synthetic,SYN-004815
CHK-00636,APP-00281,REQ-0086,true,true,synthetic,SYN-004816
CHK-00637,APP-00281,REQ-0087,true,true,synthetic,SYN-004817
CHK-00638,APP-00282,REQ-0085,true,true,synthetic,SYN-004818
CHK-00639,APP-00282,REQ-0086,,true,synthetic,SYN-004819
CHK-00640,APP-00282,REQ-0087,false,true,synthetic,SYN-004820
CHK-00641,APP-00283,REQ-0085,true,true,synthetic,SYN-004821
CHK-00642,APP-00283,REQ-0086,true,true,synthetic,SYN-004822
CHK-00643,APP-00283,REQ-0087,true,true,synthetic,SYN-004823
CHK-00644,APP-00284,REQ-0085,true,true,synthetic,SYN-004824
CHK-00645,APP-00284,REQ-0086,true,true,synthetic,SYN-004825
CHK-00646,APP-00284,REQ-0087,true,false,synthetic,SYN-004826
CHK-00647,APP-00285,REQ-0085,true,true,synthetic,SYN-004827
CHK-00648,APP-00285,REQ-0086,true,false,synthetic,SYN-004828
CHK-00649,APP-00285,REQ-0087,true,true,synthetic,SYN-004829
CHK-00650,APP-00286,REQ-0085,,false,synthetic,SYN-004830
CHK-00651,APP-00286,REQ-0086,true,true,synthetic,SYN-004831
CHK-00652,APP-00286,REQ-0087,true,true,synthetic,SYN-004832
CHK-00653,APP-00287,REQ-0085,,true,synthetic,SYN-004833
CHK-00654,APP-00287,REQ-0086,true,true,synthetic,SYN-004834
CHK-00655,APP-00287,REQ-0087,true,true,synthetic,SYN-004835
CHK-00656,APP-00288,REQ-0085,true,true,synthetic,SYN-004836
CHK-00657,APP-00288,REQ-0086,true,true,synthetic,SYN-004837
CHK-00658,APP-00288,REQ-0087,false,true,synthetic,SYN-004838
CHK-00659,APP-00289,REQ-0085,false,true,synthetic,SYN-004839
CHK-00660,APP-00289,REQ-0086,true,true,synthetic,SYN-004840
CHK-00661,APP-00289,REQ-0087,true,true,synthetic,SYN-004841
CHK-00662,APP-00290,REQ-0085,true,true,synthetic,SYN-004842
CHK-00663,APP-00290,REQ-0086,true,true,synthetic,SYN-004843
CHK-00664,APP-00290,REQ-0087,false,true,synthetic,SYN-004844
CHK-00665,APP-00291,REQ-0085,true,true,synthetic,SYN-004845
CHK-00666,APP-00291,REQ-0086,true,false,synthetic,SYN-004846
CHK-00667,APP-00291,REQ-0087,true,false,synthetic,SYN-004847
CHK-00668,APP-00292,REQ-0085,true,true,synthetic,SYN-004848
CHK-00669,APP-00292,REQ-0086,true,true,synthetic,SYN-004849
CHK-00670,APP-00292,REQ-0087,true,true,synthetic,SYN-004850
CHK-00671,APP-00293,REQ-0088,true,true,synthetic,SYN-004851
CHK-00672,APP-00293,REQ-0089,true,true,synthetic,SYN-004852
CHK-00673,APP-00293,REQ-0090,true,true,synthetic,SYN-004853
CHK-00674,APP-00294,REQ-0088,true,true,synthetic,SYN-004854
CHK-00675,APP-00294,REQ-0089,true,true,synthetic,SYN-004855
CHK-00676,APP-00294,REQ-0090,true,false,synthetic,SYN-004856
CHK-00677,APP-00295,REQ-0088,true,true,synthetic,SYN-004857
CHK-00678,APP-00295,REQ-0089,true,true,synthetic,SYN-004858
CHK-00679,APP-00295,REQ-0090,true,true,synthetic,SYN-004859
CHK-00680,APP-00296,REQ-0088,true,true,synthetic,SYN-004860
CHK-00681,APP-00296,REQ-0089,true,true,synthetic,SYN-004861
CHK-00682,APP-00296,REQ-0090,true,true,synthetic,SYN-004862
CHK-00683,APP-00297,REQ-0088,true,true,synthetic,SYN-004863
CHK-00684,APP-00297,REQ-0089,true,true,synthetic,SYN-004864
CHK-00685,APP-00297,REQ-0090,true,false,synthetic,SYN-004865
CHK-00686,APP-00298,REQ-0088,true,true,synthetic,SYN-004866
CHK-00687,APP-00298,REQ-0089,true,true,synthetic,SYN-004867
CHK-00688,APP-00298,REQ-0090,true,true,synthetic,SYN-004868
CHK-00689,APP-00299,REQ-0088,true,true,synthetic,SYN-004869
CHK-00690,APP-00299,REQ-0089,true,false,synthetic,SYN-004870
CHK-00691,APP-00299,REQ-0090,false,true,synthetic,SYN-004871
CHK-00692,APP-00300,REQ-0088,true,true,synthetic,SYN-004872
CHK-00693,APP-00300,REQ-0089,false,true,synthetic,SYN-004873
CHK-00694,APP-00300,REQ-0090,true,true,synthetic,SYN-004874
CHK-00695,APP-00301,REQ-0088,true,true,synthetic,SYN-004875
CHK-00696,APP-00301,REQ-0089,true,true,synthetic,SYN-004876
CHK-00697,APP-00301,REQ-0090,true,true,synthetic,SYN-004877
CHK-00698,APP-00302,REQ-0088,true,true,synthetic,SYN-004878
CHK-00699,APP-00302,REQ-0089,true,false,synthetic,SYN-004879
CHK-00700,APP-00302,REQ-0090,true,true,synthetic,SYN-004880
CHK-00701,APP-00303,REQ-0088,true,true,synthetic,SYN-004881
CHK-00702,APP-00303,REQ-0089,true,true,synthetic,SYN-004882
CHK-00703,APP-00303,REQ-0090,true,true,synthetic,SYN-004883
CHK-00704,APP-00304,REQ-0088,true,false,synthetic,SYN-004884
CHK-00705,APP-00304,REQ-0089,true,true,synthetic,SYN-004885
CHK-00706,APP-00304,REQ-0090,false,true,synthetic,SYN-004886
CHK-00707,APP-00305,REQ-0088,true,true,synthetic,SYN-004887
CHK-00708,APP-00305,REQ-0089,true,true,synthetic,SYN-004888
CHK-00709,APP-00305,REQ-0090,true,false,synthetic,SYN-004889
CHK-00710,APP-00306,REQ-0091,true,true,synthetic,SYN-004890
CHK-00711,APP-00306,REQ-0092,true,true,synthetic,SYN-004891
CHK-00712,APP-00306,REQ-0093,true,true,synthetic,SYN-004892
CHK-00713,APP-00307,REQ-0091,false,true,synthetic,SYN-004893
CHK-00714,APP-00307,REQ-0092,true,true,synthetic,SYN-004894
CHK-00715,APP-00307,REQ-0093,true,true,synthetic,SYN-004895
CHK-00716,APP-00308,REQ-0091,true,true,synthetic,SYN-004896
CHK-00717,APP-00308,REQ-0092,false,true,synthetic,SYN-004897
CHK-00718,APP-00308,REQ-0093,false,false,synthetic,SYN-004898
CHK-00719,APP-00309,REQ-0091,true,true,synthetic,SYN-004899
CHK-00720,APP-00309,REQ-0092,true,true,synthetic,SYN-004900
CHK-00721,APP-00309,REQ-0093,true,true,synthetic,SYN-004901
CHK-00722,APP-00310,REQ-0091,true,true,synthetic,SYN-004902
CHK-00723,APP-00310,REQ-0092,true,true,synthetic,SYN-004903
CHK-00724,APP-00310,REQ-0093,,true,synthetic,SYN-004904
CHK-00725,APP-00311,REQ-0091,false,true,synthetic,SYN-004905
CHK-00726,APP-00311,REQ-0092,true,true,synthetic,SYN-004906
CHK-00727,APP-00311,REQ-0093,true,true,synthetic,SYN-004907
CHK-00728,APP-00312,REQ-0091,true,true,synthetic,SYN-004908
CHK-00729,APP-00312,REQ-0092,true,true,synthetic,SYN-004909
CHK-00730,APP-00312,REQ-0093,true,true,synthetic,SYN-004910
CHK-00731,APP-00313,REQ-0091,true,true,synthetic,SYN-004911
CHK-00732,APP-00313,REQ-0092,,true,synthetic,SYN-004912
CHK-00733,APP-00313,REQ-0093,true,true,synthetic,SYN-004913
CHK-00734,APP-00314,REQ-0091,,true,synthetic,SYN-004914
CHK-00735,APP-00314,REQ-0092,true,true,synthetic,SYN-004915
CHK-00736,APP-00314,REQ-0093,true,true,synthetic,SYN-004916
CHK-00737,APP-00315,REQ-0091,true,true,synthetic,SYN-004917
CHK-00738,APP-00315,REQ-0092,true,true,synthetic,SYN-004918
CHK-00739,APP-00315,REQ-0093,true,false,synthetic,SYN-004919
CHK-00740,APP-00316,REQ-0094,false,true,synthetic,SYN-004920
CHK-00741,APP-00316,REQ-0095,true,true,synthetic,SYN-004921
CHK-00742,APP-00316,REQ-0096,true,true,synthetic,SYN-004922
CHK-00743,APP-00317,REQ-0094,true,true,synthetic,SYN-004923
CHK-00744,APP-00317,REQ-0095,true,true,synthetic,SYN-004924
CHK-00745,APP-00317,REQ-0096,true,true,synthetic,SYN-004925
CHK-00746,APP-00318,REQ-0094,true,true,synthetic,SYN-004926
CHK-00747,APP-00318,REQ-0095,true,false,synthetic,SYN-004927
CHK-00748,APP-00318,REQ-0096,true,true,synthetic,SYN-004928
CHK-00749,APP-00319,REQ-0094,true,true,synthetic,SYN-004929
CHK-00750,APP-00319,REQ-0095,true,true,synthetic,SYN-004930
CHK-00751,APP-00319,REQ-0096,false,true,synthetic,SYN-004931
CHK-00752,APP-00320,REQ-0094,true,false,synthetic,SYN-004932
CHK-00753,APP-00320,REQ-0095,true,true,synthetic,SYN-004933
CHK-00754,APP-00320,REQ-0096,true,false,synthetic,SYN-004934
CHK-00755,APP-00321,REQ-0094,false,true,synthetic,SYN-004935
CHK-00756,APP-00321,REQ-0095,false,true,synthetic,SYN-004936
CHK-00757,APP-00321,REQ-0096,true,true,synthetic,SYN-004937
CHK-00758,APP-00322,REQ-0094,true,false,synthetic,SYN-004938
CHK-00759,APP-00322,REQ-0095,true,true,synthetic,SYN-004939
CHK-00760,APP-00322,REQ-0096,true,true,synthetic,SYN-004940
CHK-00761,APP-00323,REQ-0097,true,true,synthetic,SYN-004941
CHK-00762,APP-00323,REQ-0098,false,false,synthetic,SYN-004942
CHK-00763,APP-00324,REQ-0097,true,false,synthetic,SYN-004943
CHK-00764,APP-00324,REQ-0098,true,true,synthetic,SYN-004944
CHK-00765,APP-00325,REQ-0097,false,false,synthetic,SYN-004945
CHK-00766,APP-00325,REQ-0098,true,true,synthetic,SYN-004946
CHK-00767,APP-00326,REQ-0097,true,false,synthetic,SYN-004947
CHK-00768,APP-00326,REQ-0098,,true,synthetic,SYN-004948
CHK-00769,APP-00327,REQ-0097,true,true,synthetic,SYN-004949
CHK-00770,APP-00327,REQ-0098,,true,synthetic,SYN-004950
CHK-00771,APP-00328,REQ-0097,true,true,synthetic,SYN-004951
CHK-00772,APP-00328,REQ-0098,false,true,synthetic,SYN-004952
CHK-00773,APP-00329,REQ-0097,false,true,synthetic,SYN-004953
CHK-00774,APP-00329,REQ-0098,true,false,synthetic,SYN-004954
CHK-00775,APP-00330,REQ-0097,true,true,synthetic,SYN-004955
CHK-00776,APP-00330,REQ-0098,true,true,synthetic,SYN-004956
CHK-00777,APP-00331,REQ-0097,true,true,synthetic,SYN-004957
CHK-00778,APP-00331,REQ-0098,false,true,synthetic,SYN-004958
CHK-00779,APP-00332,REQ-0097,true,true,synthetic,SYN-004959
CHK-00780,APP-00332,REQ-0098,true,true,synthetic,SYN-004960
CHK-00781,APP-00333,REQ-0097,true,false,synthetic,SYN-004961
CHK-00782,APP-00333,REQ-0098,true,true,synthetic,SYN-004962
CHK-00783,APP-00334,REQ-0097,true,false,synthetic,SYN-004963
CHK-00784,APP-00334,REQ-0098,true,false,synthetic,SYN-004964
CHK-00785,APP-00335,REQ-0097,true,true,synthetic,SYN-004965
CHK-00786,APP-00335,REQ-0098,true,false,synthetic,SYN-004966
CHK-00787,APP-00336,REQ-0099,true,false,synthetic,SYN-004967
CHK-00788,APP-00336,REQ-0100,true,true,synthetic,SYN-004968
CHK-00789,APP-00337,REQ-0099,true,true,synthetic,SYN-004969
CHK-00790,APP-00337,REQ-0100,true,true,synthetic,SYN-004970
CHK-00791,APP-00338,REQ-0099,true,true,synthetic,SYN-004971
CHK-00792,APP-00338,REQ-0100,true,true,synthetic,SYN-004972
CHK-00793,APP-00339,REQ-0099,true,true,synthetic,SYN-004973
CHK-00794,APP-00339,REQ-0100,true,true,synthetic,SYN-004974
CHK-00795,APP-00340,REQ-0099,false,false,synthetic,SYN-004975
CHK-00796,APP-00340,REQ-0100,false,true,synthetic,SYN-004976
CHK-00797,APP-00341,REQ-0099,true,true,synthetic,SYN-004977
CHK-00798,APP-00341,REQ-0100,true,true,synthetic,SYN-004978
CHK-00799,APP-00342,REQ-0099,true,false,synthetic,SYN-004979
CHK-00800,APP-00342,REQ-0100,true,true,synthetic,SYN-004980
CHK-00801,APP-00343,REQ-0099,true,true,synthetic,SYN-004981
CHK-00802,APP-00343,REQ-0100,true,true,synthetic,SYN-004982
CHK-00803,APP-00344,REQ-0099,true,true,synthetic,SYN-004983
CHK-00804,APP-00344,REQ-0100,,true,synthetic,SYN-004984
CHK-00805,APP-00345,REQ-0101,true,true,synthetic,SYN-004985
CHK-00806,APP-00345,REQ-0102,true,true,synthetic,SYN-004986
CHK-00807,APP-00346,REQ-0101,true,true,synthetic,SYN-004987
CHK-00808,APP-00346,REQ-0102,true,false,synthetic,SYN-004988
CHK-00809,APP-00347,REQ-0101,true,true,synthetic,SYN-004989
CHK-00810,APP-00347,REQ-0102,true,false,synthetic,SYN-004990
CHK-00811,APP-00348,REQ-0101,true,true,synthetic,SYN-004991
CHK-00812,APP-00348,REQ-0102,true,true,synthetic,SYN-004992
CHK-00813,APP-00349,REQ-0101,true,true,synthetic,SYN-004993
CHK-00814,APP-00349,REQ-0102,true,true,synthetic,SYN-004994
CHK-00815,APP-00350,REQ-0101,,false,synthetic,SYN-004995
CHK-00816,APP-00350,REQ-0102,true,true,synthetic,SYN-004996
CHK-00817,APP-00351,REQ-0101,true,true,synthetic,SYN-004997
CHK-00818,APP-00351,REQ-0102,true,true,synthetic,SYN-004998
CHK-00819,APP-00352,REQ-0101,false,true,synthetic,SYN-004999
CHK-00820,APP-00352,REQ-0102,true,true,synthetic,SYN-005000
CHK-00821,APP-00353,REQ-0101,true,true,synthetic,SYN-005001
CHK-00822,APP-00353,REQ-0102,true,true,synthetic,SYN-005002
CHK-00823,APP-00354,REQ-0101,true,true,synthetic,SYN-005003
CHK-00824,APP-00354,REQ-0102,true,true,synthetic,SYN-005004
CHK-00825,APP-00355,REQ-0101,true,true,synthetic,SYN-005005
CHK-00826,APP-00355,REQ-0102,true,true,synthetic,SYN-005006
CHK-00827,APP-00356,REQ-0101,true,false,synthetic,SYN-005007
CHK-00828,APP-00356,REQ-0102,true,false,synthetic,SYN-005008
CHK-00829,APP-00357,REQ-0103,true,true,synthetic,SYN-005009
CHK-00830,APP-00357,REQ-0104,true,true,synthetic,SYN-005010
CHK-00831,APP-00358,REQ-0103,true,true,synthetic,SYN-005011
CHK-00832,APP-00358,REQ-0104,false,true,synthetic,SYN-005012
CHK-00833,APP-00359,REQ-0103,true,true,synthetic,SYN-005013
CHK-00834,APP-00359,REQ-0104,,true,synthetic,SYN-005014
CHK-00835,APP-00360,REQ-0103,,true,synthetic,SYN-005015
CHK-00836,APP-00360,REQ-0104,true,true,synthetic,SYN-005016
CHK-00837,APP-00361,REQ-0103,true,true,synthetic,SYN-005017
CHK-00838,APP-00361,REQ-0104,true,false,synthetic,SYN-005018
CHK-00839,APP-00362,REQ-0103,true,true,synthetic,SYN-005019
CHK-00840,APP-00362,REQ-0104,true,true,synthetic,SYN-005020
CHK-00841,APP-00363,REQ-0103,true,true,synthetic,SYN-005021
CHK-00842,APP-00363,REQ-0104,true,true,synthetic,SYN-005022
CHK-00843,APP-00364,REQ-0105,true,true,synthetic,SYN-005023
CHK-00844,APP-00364,REQ-0106,true,true,synthetic,SYN-005024
CHK-00845,APP-00364,REQ-0107,true,true,synthetic,SYN-005025
CHK-00846,APP-00365,REQ-0105,,true,synthetic,SYN-005026
CHK-00847,APP-00365,REQ-0106,,true,synthetic,SYN-005027
CHK-00848,APP-00365,REQ-0107,true,false,synthetic,SYN-005028
CHK-00849,APP-00366,REQ-0105,false,true,synthetic,SYN-005029
CHK-00850,APP-00366,REQ-0106,true,false,synthetic,SYN-005030
CHK-00851,APP-00366,REQ-0107,true,true,synthetic,SYN-005031
CHK-00852,APP-00367,REQ-0105,true,true,synthetic,SYN-005032
CHK-00853,APP-00367,REQ-0106,true,true,synthetic,SYN-005033
CHK-00854,APP-00367,REQ-0107,true,true,synthetic,SYN-005034
CHK-00855,APP-00368,REQ-0105,true,true,synthetic,SYN-005035
CHK-00856,APP-00368,REQ-0106,false,true,synthetic,SYN-005036
CHK-00857,APP-00368,REQ-0107,true,true,synthetic,SYN-005037
CHK-00858,APP-00369,REQ-0105,true,false,synthetic,SYN-005038
CHK-00859,APP-00369,REQ-0106,,true,synthetic,SYN-005039
CHK-00860,APP-00369,REQ-0107,true,true,synthetic,SYN-005040
CHK-00861,APP-00370,REQ-0105,true,true,synthetic,SYN-005041
CHK-00862,APP-00370,REQ-0106,true,true,synthetic,SYN-005042
CHK-00863,APP-00370,REQ-0107,true,true,synthetic,SYN-005043
CHK-00864,APP-00371,REQ-0105,true,true,synthetic,SYN-005044
CHK-00865,APP-00371,REQ-0106,true,true,synthetic,SYN-005045
CHK-00866,APP-00371,REQ-0107,true,true,synthetic,SYN-005046
CHK-00867,APP-00372,REQ-0105,true,true,synthetic,SYN-005047
CHK-00868,APP-00372,REQ-0106,true,true,synthetic,SYN-005048
CHK-00869,APP-00372,REQ-0107,true,true,synthetic,SYN-005049
CHK-00870,APP-00373,REQ-0105,true,false,synthetic,SYN-005050
CHK-00871,APP-00373,REQ-0106,true,true,synthetic,SYN-005051
CHK-00872,APP-00373,REQ-0107,,true,synthetic,SYN-005052
CHK-00873,APP-00374,REQ-0105,true,true,synthetic,SYN-005053
CHK-00874,APP-00374,REQ-0106,true,true,synthetic,SYN-005054
CHK-00875,APP-00374,REQ-0107,true,true,synthetic,SYN-005055
CHK-00876,APP-00375,REQ-0105,true,false,synthetic,SYN-005056
CHK-00877,APP-00375,REQ-0106,true,true,synthetic,SYN-005057
CHK-00878,APP-00375,REQ-0107,true,false,synthetic,SYN-005058
CHK-00879,APP-00376,REQ-0108,true,true,synthetic,SYN-005059
CHK-00880,APP-00376,REQ-0109,true,true,synthetic,SYN-005060
CHK-00881,APP-00376,REQ-0110,true,true,synthetic,SYN-005061
CHK-00882,APP-00377,REQ-0108,true,true,synthetic,SYN-005062
CHK-00883,APP-00377,REQ-0109,true,true,synthetic,SYN-005063
CHK-00884,APP-00377,REQ-0110,true,true,synthetic,SYN-005064
CHK-00885,APP-00378,REQ-0108,true,true,synthetic,SYN-005065
CHK-00886,APP-00378,REQ-0109,true,true,synthetic,SYN-005066
CHK-00887,APP-00378,REQ-0110,true,true,synthetic,SYN-005067
CHK-00888,APP-00379,REQ-0108,true,true,synthetic,SYN-005068
CHK-00889,APP-00379,REQ-0109,true,false,synthetic,SYN-005069
CHK-00890,APP-00379,REQ-0110,false,true,synthetic,SYN-005070
CHK-00891,APP-00380,REQ-0108,true,false,synthetic,SYN-005071
CHK-00892,APP-00380,REQ-0109,true,false,synthetic,SYN-005072
CHK-00893,APP-00380,REQ-0110,true,false,synthetic,SYN-005073
CHK-00894,APP-00381,REQ-0108,true,true,synthetic,SYN-005074
CHK-00895,APP-00381,REQ-0109,true,true,synthetic,SYN-005075
CHK-00896,APP-00381,REQ-0110,false,true,synthetic,SYN-005076
CHK-00897,APP-00382,REQ-0108,false,true,synthetic,SYN-005077
CHK-00898,APP-00382,REQ-0109,true,true,synthetic,SYN-005078
CHK-00899,APP-00382,REQ-0110,,true,synthetic,SYN-005079
CHK-00900,APP-00383,REQ-0111,true,true,synthetic,SYN-005080
CHK-00901,APP-00383,REQ-0112,true,true,synthetic,SYN-005081
CHK-00902,APP-00383,REQ-0113,true,false,synthetic,SYN-005082
CHK-00903,APP-00384,REQ-0111,true,true,synthetic,SYN-005083
CHK-00904,APP-00384,REQ-0112,true,true,synthetic,SYN-005084
CHK-00905,APP-00384,REQ-0113,true,true,synthetic,SYN-005085
CHK-00906,APP-00385,REQ-0111,true,true,synthetic,SYN-005086
CHK-00907,APP-00385,REQ-0112,true,true,synthetic,SYN-005087
CHK-00908,APP-00385,REQ-0113,false,true,synthetic,SYN-005088
CHK-00909,APP-00386,REQ-0111,false,true,synthetic,SYN-005089
CHK-00910,APP-00386,REQ-0112,true,true,synthetic,SYN-005090
CHK-00911,APP-00386,REQ-0113,true,true,synthetic,SYN-005091
CHK-00912,APP-00387,REQ-0111,false,true,synthetic,SYN-005092
CHK-00913,APP-00387,REQ-0112,true,true,synthetic,SYN-005093
CHK-00914,APP-00387,REQ-0113,true,false,synthetic,SYN-005094
CHK-00915,APP-00388,REQ-0111,true,true,synthetic,SYN-005095
CHK-00916,APP-00388,REQ-0112,true,true,synthetic,SYN-005096
CHK-00917,APP-00388,REQ-0113,,true,synthetic,SYN-005097
CHK-00918,APP-00389,REQ-0111,true,true,synthetic,SYN-005098
CHK-00919,APP-00389,REQ-0112,true,true,synthetic,SYN-005099
CHK-00920,APP-00389,REQ-0113,true,true,synthetic,SYN-005100
CHK-00921,APP-00390,REQ-0111,false,true,synthetic,SYN-005101
CHK-00922,APP-00390,REQ-0112,true,true,synthetic,SYN-005102
CHK-00923,APP-00390,REQ-0113,,true,synthetic,SYN-005103
CHK-00924,APP-00391,REQ-0114,true,false,synthetic,SYN-005104
CHK-00925,APP-00392,REQ-0114,true,true,synthetic,SYN-005105
CHK-00926,APP-00393,REQ-0114,true,true,synthetic,SYN-005106
CHK-00927,APP-00394,REQ-0114,true,false,synthetic,SYN-005107
CHK-00928,APP-00395,REQ-0114,true,true,synthetic,SYN-005108
CHK-00929,APP-00396,REQ-0114,true,true,synthetic,SYN-005109
CHK-00930,APP-00397,REQ-0114,true,true,synthetic,SYN-005110
CHK-00931,APP-00398,REQ-0114,true,true,synthetic,SYN-005111
CHK-00932,APP-00399,REQ-0114,true,true,synthetic,SYN-005112
CHK-00933,APP-00400,REQ-0114,true,true,synthetic,SYN-005113
CHK-00934,APP-00401,REQ-0114,true,true,synthetic,SYN-005114
CHK-00935,APP-00402,REQ-0114,true,false,synthetic,SYN-005115
CHK-00936,APP-00403,REQ-0115,true,true,synthetic,SYN-005116
CHK-00937,APP-00404,REQ-0115,false,true,synthetic,SYN-005117
CHK-00938,APP-00405,REQ-0115,true,true,synthetic,SYN-005118
CHK-00939,APP-00406,REQ-0116,true,false,synthetic,SYN-005119
CHK-00940,APP-00407,REQ-0116,true,true,synthetic,SYN-005120
CHK-00941,APP-00408,REQ-0116,true,true,synthetic,SYN-005121
CHK-00942,APP-00409,REQ-0116,true,false,synthetic,SYN-005122
CHK-00943,APP-00410,REQ-0116,true,true,synthetic,SYN-005123
CHK-00944,APP-00411,REQ-0116,true,true,synthetic,SYN-005124
CHK-00945,APP-00412,REQ-0116,true,true,synthetic,SYN-005125
CHK-00946,APP-00413,REQ-0116,true,true,synthetic,SYN-005126
CHK-00947,APP-00414,REQ-0116,false,true,synthetic,SYN-005127
CHK-00948,APP-00415,REQ-0116,true,true,synthetic,SYN-005128
CHK-00949,APP-00416,REQ-0116,true,true,synthetic,SYN-005129
CHK-00950,APP-00417,REQ-0116,,true,synthetic,SYN-005130
CHK-00951,APP-00418,REQ-0117,true,true,synthetic,SYN-005131
CHK-00952,APP-00418,REQ-0118,false,true,synthetic,SYN-005132
CHK-00953,APP-00418,REQ-0119,true,false,synthetic,SYN-005133
CHK-00954,APP-00419,REQ-0117,false,true,synthetic,SYN-005134
CHK-00955,APP-00419,REQ-0118,true,true,synthetic,SYN-005135
CHK-00956,APP-00419,REQ-0119,true,true,synthetic,SYN-005136
CHK-00957,APP-00420,REQ-0117,true,true,synthetic,SYN-005137
CHK-00958,APP-00420,REQ-0118,true,true,synthetic,SYN-005138
CHK-00959,APP-00420,REQ-0119,false,true,synthetic,SYN-005139
CHK-00960,APP-00421,REQ-0117,,true,synthetic,SYN-005140
CHK-00961,APP-00421,REQ-0118,true,true,synthetic,SYN-005141
CHK-00962,APP-00421,REQ-0119,true,true,synthetic,SYN-005142
CHK-00963,APP-00422,REQ-0117,true,true,synthetic,SYN-005143
CHK-00964,APP-00422,REQ-0118,true,true,synthetic,SYN-005144
CHK-00965,APP-00422,REQ-0119,true,true,synthetic,SYN-005145
CHK-00966,APP-00423,REQ-0117,true,true,synthetic,SYN-005146
CHK-00967,APP-00423,REQ-0118,true,true,synthetic,SYN-005147
CHK-00968,APP-00423,REQ-0119,true,false,synthetic,SYN-005148
CHK-00969,APP-00424,REQ-0117,true,true,synthetic,SYN-005149
CHK-00970,APP-00424,REQ-0118,true,true,synthetic,SYN-005150
CHK-00971,APP-00424,REQ-0119,true,true,synthetic,SYN-005151
CHK-00972,APP-00425,REQ-0117,true,true,synthetic,SYN-005152
CHK-00973,APP-00425,REQ-0118,true,true,synthetic,SYN-005153
CHK-00974,APP-00425,REQ-0119,true,true,synthetic,SYN-005154
CHK-00975,APP-00426,REQ-0117,true,true,synthetic,SYN-005155
CHK-00976,APP-00426,REQ-0118,true,true,synthetic,SYN-005156
CHK-00977,APP-00426,REQ-0119,true,true,synthetic,SYN-005157
CHK-00978,APP-00427,REQ-0117,true,true,synthetic,SYN-005158
CHK-00979,APP-00427,REQ-0118,,true,synthetic,SYN-005159
CHK-00980,APP-00427,REQ-0119,true,true,synthetic,SYN-005160
CHK-00981,APP-00428,REQ-0117,false,true,synthetic,SYN-005161
CHK-00982,APP-00428,REQ-0118,true,false,synthetic,SYN-005162
CHK-00983,APP-00428,REQ-0119,true,true,synthetic,SYN-005163
CHK-00984,APP-00429,REQ-0117,true,false,synthetic,SYN-005164
CHK-00985,APP-00429,REQ-0118,true,true,synthetic,SYN-005165
CHK-00986,APP-00429,REQ-0119,true,true,synthetic,SYN-005166
CHK-00987,APP-00430,REQ-0117,true,true,synthetic,SYN-005167
CHK-00988,APP-00430,REQ-0118,false,true,synthetic,SYN-005168
CHK-00989,APP-00430,REQ-0119,false,true,synthetic,SYN-005169
CHK-00990,APP-00431,REQ-0117,true,true,synthetic,SYN-005170
CHK-00991,APP-00431,REQ-0118,true,false,synthetic,SYN-005171
CHK-00992,APP-00431,REQ-0119,true,true,synthetic,SYN-005172
CHK-00993,APP-00432,REQ-0120,,true,synthetic,SYN-005173
CHK-00994,APP-00432,REQ-0121,false,true,synthetic,SYN-005174
CHK-00995,APP-00433,REQ-0120,false,true,synthetic,SYN-005175
CHK-00996,APP-00433,REQ-0121,true,true,synthetic,SYN-005176
CHK-00997,APP-00434,REQ-0120,true,true,synthetic,SYN-005177
CHK-00998,APP-00434,REQ-0121,true,true,synthetic,SYN-005178
CHK-00999,APP-00435,REQ-0120,true,true,synthetic,SYN-005179
CHK-01000,APP-00435,REQ-0121,true,true,synthetic,SYN-005180
CHK-01001,APP-00436,REQ-0120,false,true,synthetic,SYN-005181
CHK-01002,APP-00436,REQ-0121,true,true,synthetic,SYN-005182
CHK-01003,APP-00437,REQ-0120,true,true,synthetic,SYN-005183
CHK-01004,APP-00437,REQ-0121,,true,synthetic,SYN-005184
CHK-01005,APP-00438,REQ-0122,false,false,synthetic,SYN-005185
CHK-01006,APP-00439,REQ-0122,true,true,synthetic,SYN-005186
CHK-01007,APP-00440,REQ-0122,true,true,synthetic,SYN-005187
CHK-01008,APP-00441,REQ-0122,true,true,synthetic,SYN-005188
CHK-01009,APP-00442,REQ-0122,false,true,synthetic,SYN-005189
CHK-01010,APP-00443,REQ-0122,true,true,synthetic,SYN-005190
CHK-01011,APP-00444,REQ-0122,true,true,synthetic,SYN-005191
CHK-01012,APP-00445,REQ-0122,true,false,synthetic,SYN-005192
CHK-01013,APP-00446,REQ-0123,true,true,synthetic,SYN-005193
CHK-01014,APP-00446,REQ-0124,true,true,synthetic,SYN-005194
CHK-01015,APP-00447,REQ-0123,true,true,synthetic,SYN-005195
CHK-01016,APP-00447,REQ-0124,true,true,synthetic,SYN-005196
CHK-01017,APP-00448,REQ-0123,true,true,synthetic,SYN-005197
CHK-01018,APP-00448,REQ-0124,true,true,synthetic,SYN-005198
CHK-01019,APP-00449,REQ-0123,true,false,synthetic,SYN-005199
CHK-01020,APP-00449,REQ-0124,true,true,synthetic,SYN-005200
CHK-01021,APP-00450,REQ-0123,true,false,synthetic,SYN-005201
CHK-01022,APP-00450,REQ-0124,true,true,synthetic,SYN-005202
CHK-01023,APP-00451,REQ-0123,true,false,synthetic,SYN-005203
CHK-01024,APP-00451,REQ-0124,true,true,synthetic,SYN-005204
CHK-01025,APP-00452,REQ-0123,true,true,synthetic,SYN-005205
CHK-01026,APP-00452,REQ-0124,true,true,synthetic,SYN-005206
CHK-01027,APP-00453,REQ-0123,true,true,synthetic,SYN-005207
CHK-01028,APP-00453,REQ-0124,true,true,synthetic,SYN-005208
CHK-01029,APP-00454,REQ-0123,true,true,synthetic,SYN-005209
CHK-01030,APP-00454,REQ-0124,true,true,synthetic,SYN-005210
CHK-01031,APP-00455,REQ-0123,,true,synthetic,SYN-005211
CHK-01032,APP-00455,REQ-0124,true,true,synthetic,SYN-005212
CHK-01033,APP-00456,REQ-0123,false,true,synthetic,SYN-005213
CHK-01034,APP-00456,REQ-0124,,false,synthetic,SYN-005214
CHK-01035,APP-00457,REQ-0123,true,true,synthetic,SYN-005215
CHK-01036,APP-00457,REQ-0124,true,true,synthetic,SYN-005216
CHK-01037,APP-00458,REQ-0123,true,true,synthetic,SYN-005217
CHK-01038,APP-00458,REQ-0124,true,false,synthetic,SYN-005218
CHK-01039,APP-00459,REQ-0125,true,true,synthetic,SYN-005219
CHK-01040,APP-00460,REQ-0125,true,true,synthetic,SYN-005220
CHK-01041,APP-00461,REQ-0125,false,true,synthetic,SYN-005221
CHK-01042,APP-00462,REQ-0125,true,true,synthetic,SYN-005222
CHK-01043,APP-00463,REQ-0125,true,true,synthetic,SYN-005223
CHK-01044,APP-00464,REQ-0125,true,true,synthetic,SYN-005224
CHK-01045,APP-00465,REQ-0125,true,true,synthetic,SYN-005225
CHK-01046,APP-00466,REQ-0126,true,false,synthetic,SYN-005226
CHK-01047,APP-00466,REQ-0127,true,true,synthetic,SYN-005227
CHK-01048,APP-00467,REQ-0126,true,true,synthetic,SYN-005228
CHK-01049,APP-00467,REQ-0127,true,true,synthetic,SYN-005229
CHK-01050,APP-00468,REQ-0126,true,true,synthetic,SYN-005230
CHK-01051,APP-00468,REQ-0127,false,true,synthetic,SYN-005231
CHK-01052,APP-00469,REQ-0126,true,true,synthetic,SYN-005232
CHK-01053,APP-00469,REQ-0127,true,true,synthetic,SYN-005233
CHK-01054,APP-00470,REQ-0126,false,true,synthetic,SYN-005234
CHK-01055,APP-00470,REQ-0127,true,true,synthetic,SYN-005235
CHK-01056,APP-00471,REQ-0126,true,true,synthetic,SYN-005236
CHK-01057,APP-00471,REQ-0127,true,true,synthetic,SYN-005237
CHK-01058,APP-00472,REQ-0126,false,true,synthetic,SYN-005238
CHK-01059,APP-00472,REQ-0127,false,true,synthetic,SYN-005239
CHK-01060,APP-00473,REQ-0126,true,true,synthetic,SYN-005240
CHK-01061,APP-00473,REQ-0127,true,false,synthetic,SYN-005241
CHK-01062,APP-00474,REQ-0126,true,true,synthetic,SYN-005242
CHK-01063,APP-00474,REQ-0127,true,true,synthetic,SYN-005243
CHK-01064,APP-00475,REQ-0128,,true,synthetic,SYN-005244
CHK-01065,APP-00476,REQ-0128,true,true,synthetic,SYN-005245
CHK-01066,APP-00477,REQ-0128,true,true,synthetic,SYN-005246
CHK-01067,APP-00478,REQ-0128,true,false,synthetic,SYN-005247
CHK-01068,APP-00479,REQ-0128,true,true,synthetic,SYN-005248
CHK-01069,APP-00480,REQ-0128,true,true,synthetic,SYN-005249
CHK-01070,APP-00481,REQ-0128,true,false,synthetic,SYN-005250
CHK-01071,APP-00482,REQ-0128,true,true,synthetic,SYN-005251
CHK-01072,APP-00483,REQ-0128,false,true,synthetic,SYN-005252
CHK-01073,APP-00484,REQ-0128,true,true,synthetic,SYN-005253
CHK-01074,APP-00485,REQ-0129,true,true,synthetic,SYN-005254
CHK-01075,APP-00486,REQ-0129,true,true,synthetic,SYN-005255
CHK-01076,APP-00487,REQ-0129,true,true,synthetic,SYN-005256
CHK-01077,APP-00488,REQ-0129,,true,synthetic,SYN-005257
CHK-01078,APP-00489,REQ-0129,true,true,synthetic,SYN-005258
CHK-01079,APP-00490,REQ-0129,true,true,synthetic,SYN-005259
CHK-01080,APP-00491,REQ-0129,,true,synthetic,SYN-005260
CHK-01081,APP-00492,REQ-0129,true,true,synthetic,SYN-005261
CHK-01082,APP-00493,REQ-0130,true,true,synthetic,SYN-005262
CHK-01083,APP-00494,REQ-0130,true,false,synthetic,SYN-005263
CHK-01084,APP-00495,REQ-0130,,true,synthetic,SYN-005264
CHK-01085,APP-00496,REQ-0130,true,true,synthetic,SYN-005265
CHK-01086,APP-00497,REQ-0130,true,true,synthetic,SYN-005266
CHK-01087,APP-00498,REQ-0130,true,false,synthetic,SYN-005267
CHK-01088,APP-00499,REQ-0130,true,true,synthetic,SYN-005268
CHK-01089,APP-00500,REQ-0131,true,true,synthetic,SYN-005269
CHK-01090,APP-00500,REQ-0132,true,true,synthetic,SYN-005270
CHK-01091,APP-00500,REQ-0133,true,true,synthetic,SYN-005271
CHK-01092,APP-00501,REQ-0131,true,true,synthetic,SYN-005272
CHK-01093,APP-00501,REQ-0132,true,true,synthetic,SYN-005273
CHK-01094,APP-00501,REQ-0133,true,false,synthetic,SYN-005274
CHK-01095,APP-00502,REQ-0131,true,true,synthetic,SYN-005275
CHK-01096,APP-00502,REQ-0132,false,true,synthetic,SYN-005276
CHK-01097,APP-00502,REQ-0133,true,true,synthetic,SYN-005277
CHK-01098,APP-00503,REQ-0131,true,true,synthetic,SYN-005278
CHK-01099,APP-00503,REQ-0132,true,true,synthetic,SYN-005279
CHK-01100,APP-00503,REQ-0133,true,true,synthetic,SYN-005280
CHK-01101,APP-00504,REQ-0131,true,true,synthetic,SYN-005281
CHK-01102,APP-00504,REQ-0132,true,true,synthetic,SYN-005282
CHK-01103,APP-00504,REQ-0133,true,true,synthetic,SYN-005283
CHK-01104,APP-00505,REQ-0131,true,true,synthetic,SYN-005284
CHK-01105,APP-00505,REQ-0132,true,true,synthetic,SYN-005285
CHK-01106,APP-00505,REQ-0133,true,true,synthetic,SYN-005286
CHK-01107,APP-00506,REQ-0131,false,true,synthetic,SYN-005287
CHK-01108,APP-00506,REQ-0132,true,false,synthetic,SYN-005288
CHK-01109,APP-00506,REQ-0133,true,true,synthetic,SYN-005289
CHK-01110,APP-00507,REQ-0134,true,true,synthetic,SYN-005290
CHK-01111,APP-00507,REQ-0135,true,true,synthetic,SYN-005291
CHK-01112,APP-00508,REQ-0134,true,false,synthetic,SYN-005292
CHK-01113,APP-00508,REQ-0135,true,true,synthetic,SYN-005293
CHK-01114,APP-00509,REQ-0134,true,true,synthetic,SYN-005294
CHK-01115,APP-00509,REQ-0135,false,true,synthetic,SYN-005295
CHK-01116,APP-00510,REQ-0134,true,true,synthetic,SYN-005296
CHK-01117,APP-00510,REQ-0135,true,true,synthetic,SYN-005297
CHK-01118,APP-00511,REQ-0134,true,true,synthetic,SYN-005298
CHK-01119,APP-00511,REQ-0135,true,true,synthetic,SYN-005299
CHK-01120,APP-00512,REQ-0134,true,true,synthetic,SYN-005300
CHK-01121,APP-00512,REQ-0135,true,true,synthetic,SYN-005301
CHK-01122,APP-00513,REQ-0134,true,false,synthetic,SYN-005302
CHK-01123,APP-00513,REQ-0135,true,true,synthetic,SYN-005303
CHK-01124,APP-00514,REQ-0134,true,true,synthetic,SYN-005304
CHK-01125,APP-00514,REQ-0135,true,true,synthetic,SYN-005305
CHK-01126,APP-00515,REQ-0134,true,true,synthetic,SYN-005306
CHK-01127,APP-00515,REQ-0135,false,true,synthetic,SYN-005307
CHK-01128,APP-00516,REQ-0134,true,true,synthetic,SYN-005308
CHK-01129,APP-00516,REQ-0135,true,false,synthetic,SYN-005309
CHK-01130,APP-00517,REQ-0134,true,true,synthetic,SYN-005310
CHK-01131,APP-00517,REQ-0135,true,true,synthetic,SYN-005311
CHK-01132,APP-00518,REQ-0134,true,true,synthetic,SYN-005312
CHK-01133,APP-00518,REQ-0135,true,false,synthetic,SYN-005313
CHK-01134,APP-00519,REQ-0134,true,true,synthetic,SYN-005314
CHK-01135,APP-00519,REQ-0135,true,true,synthetic,SYN-005315
CHK-01136,APP-00520,REQ-0134,true,true,synthetic,SYN-005316
CHK-01137,APP-00520,REQ-0135,,true,synthetic,SYN-005317
CHK-01138,APP-00521,REQ-0136,false,true,synthetic,SYN-005318
CHK-01139,APP-00522,REQ-0136,false,true,synthetic,SYN-005319
CHK-01140,APP-00523,REQ-0136,true,true,synthetic,SYN-005320
CHK-01141,APP-00524,REQ-0137,true,false,synthetic,SYN-005321
CHK-01142,APP-00524,REQ-0138,true,true,synthetic,SYN-005322
CHK-01143,APP-00524,REQ-0139,true,true,synthetic,SYN-005323
CHK-01144,APP-00525,REQ-0137,true,true,synthetic,SYN-005324
CHK-01145,APP-00525,REQ-0138,true,true,synthetic,SYN-005325
CHK-01146,APP-00525,REQ-0139,true,true,synthetic,SYN-005326
CHK-01147,APP-00526,REQ-0137,true,true,synthetic,SYN-005327
CHK-01148,APP-00526,REQ-0138,true,false,synthetic,SYN-005328
CHK-01149,APP-00526,REQ-0139,true,true,synthetic,SYN-005329
CHK-01150,APP-00527,REQ-0137,true,false,synthetic,SYN-005330
CHK-01151,APP-00527,REQ-0138,false,true,synthetic,SYN-005331
CHK-01152,APP-00527,REQ-0139,true,true,synthetic,SYN-005332
CHK-01153,APP-00528,REQ-0137,true,true,synthetic,SYN-005333
CHK-01154,APP-00528,REQ-0138,true,true,synthetic,SYN-005334
CHK-01155,APP-00528,REQ-0139,true,true,synthetic,SYN-005335
CHK-01156,APP-00529,REQ-0137,false,false,synthetic,SYN-005336
CHK-01157,APP-00529,REQ-0138,true,true,synthetic,SYN-005337
CHK-01158,APP-00529,REQ-0139,true,true,synthetic,SYN-005338
CHK-01159,APP-00530,REQ-0137,true,true,synthetic,SYN-005339
CHK-01160,APP-00530,REQ-0138,true,true,synthetic,SYN-005340
CHK-01161,APP-00530,REQ-0139,true,true,synthetic,SYN-005341
CHK-01162,APP-00531,REQ-0137,true,true,synthetic,SYN-005342
CHK-01163,APP-00531,REQ-0138,true,false,synthetic,SYN-005343
CHK-01164,APP-00531,REQ-0139,true,false,synthetic,SYN-005344
CHK-01165,APP-00532,REQ-0137,true,false,synthetic,SYN-005345
CHK-01166,APP-00532,REQ-0138,true,true,synthetic,SYN-005346
CHK-01167,APP-00532,REQ-0139,false,true,synthetic,SYN-005347
CHK-01168,APP-00533,REQ-0137,true,false,synthetic,SYN-005348
CHK-01169,APP-00533,REQ-0138,true,true,synthetic,SYN-005349
CHK-01170,APP-00533,REQ-0139,true,true,synthetic,SYN-005350
CHK-01171,APP-00534,REQ-0137,false,true,synthetic,SYN-005351
CHK-01172,APP-00534,REQ-0138,true,true,synthetic,SYN-005352
CHK-01173,APP-00534,REQ-0139,true,true,synthetic,SYN-005353
CHK-01174,APP-00535,REQ-0140,true,true,synthetic,SYN-005354
CHK-01175,APP-00536,REQ-0140,true,true,synthetic,SYN-005355
CHK-01176,APP-00537,REQ-0140,true,false,synthetic,SYN-005356
CHK-01177,APP-00538,REQ-0140,false,true,synthetic,SYN-005357
CHK-01178,APP-00539,REQ-0140,true,true,synthetic,SYN-005358
CHK-01179,APP-00540,REQ-0140,true,true,synthetic,SYN-005359
CHK-01180,APP-00541,REQ-0141,,true,synthetic,SYN-005360
CHK-01181,APP-00541,REQ-0142,true,true,synthetic,SYN-005361
CHK-01182,APP-00542,REQ-0141,true,true,synthetic,SYN-005362
CHK-01183,APP-00542,REQ-0142,true,true,synthetic,SYN-005363
CHK-01184,APP-00543,REQ-0141,true,true,synthetic,SYN-005364
CHK-01185,APP-00543,REQ-0142,true,true,synthetic,SYN-005365
CHK-01186,APP-00544,REQ-0141,true,true,synthetic,SYN-005366
CHK-01187,APP-00544,REQ-0142,false,true,synthetic,SYN-005367
CHK-01188,APP-00545,REQ-0141,true,true,synthetic,SYN-005368
CHK-01189,APP-00545,REQ-0142,true,true,synthetic,SYN-005369
CHK-01190,APP-00546,REQ-0141,true,true,synthetic,SYN-005370
CHK-01191,APP-00546,REQ-0142,true,true,synthetic,SYN-005371
CHK-01192,APP-00547,REQ-0141,true,true,synthetic,SYN-005372
CHK-01193,APP-00547,REQ-0142,true,true,synthetic,SYN-005373
CHK-01194,APP-00548,REQ-0141,true,true,synthetic,SYN-005374
CHK-01195,APP-00548,REQ-0142,true,false,synthetic,SYN-005375
CHK-01196,APP-00549,REQ-0143,true,true,synthetic,SYN-005376
CHK-01197,APP-00549,REQ-0144,true,true,synthetic,SYN-005377
CHK-01198,APP-00550,REQ-0143,true,true,synthetic,SYN-005378
CHK-01199,APP-00550,REQ-0144,true,true,synthetic,SYN-005379
CHK-01200,APP-00551,REQ-0143,true,true,synthetic,SYN-005380
CHK-01201,APP-00551,REQ-0144,true,false,synthetic,SYN-005381
CHK-01202,APP-00552,REQ-0145,true,true,synthetic,SYN-005382
CHK-01203,APP-00552,REQ-0146,,true,synthetic,SYN-005383
CHK-01204,APP-00552,REQ-0147,true,true,synthetic,SYN-005384
CHK-01205,APP-00553,REQ-0145,true,true,synthetic,SYN-005385
CHK-01206,APP-00553,REQ-0146,true,true,synthetic,SYN-005386
CHK-01207,APP-00553,REQ-0147,true,true,synthetic,SYN-005387
CHK-01208,APP-00554,REQ-0145,false,true,synthetic,SYN-005388
CHK-01209,APP-00554,REQ-0146,true,true,synthetic,SYN-005389
CHK-01210,APP-00554,REQ-0147,true,true,synthetic,SYN-005390
CHK-01211,APP-00555,REQ-0145,false,true,synthetic,SYN-005391
CHK-01212,APP-00555,REQ-0146,true,true,synthetic,SYN-005392
CHK-01213,APP-00555,REQ-0147,true,true,synthetic,SYN-005393
CHK-01214,APP-00556,REQ-0145,true,true,synthetic,SYN-005394
CHK-01215,APP-00556,REQ-0146,true,false,synthetic,SYN-005395
CHK-01216,APP-00556,REQ-0147,true,true,synthetic,SYN-005396
CHK-01217,APP-00557,REQ-0148,true,true,synthetic,SYN-005397
CHK-01218,APP-00557,REQ-0149,true,true,synthetic,SYN-005398
CHK-01219,APP-00557,REQ-0150,true,false,synthetic,SYN-005399
CHK-01220,APP-00558,REQ-0148,false,true,synthetic,SYN-005400
CHK-01221,APP-00558,REQ-0149,true,true,synthetic,SYN-005401
CHK-01222,APP-00558,REQ-0150,true,true,synthetic,SYN-005402
CHK-01223,APP-00559,REQ-0148,,true,synthetic,SYN-005403
CHK-01224,APP-00559,REQ-0149,true,false,synthetic,SYN-005404
CHK-01225,APP-00559,REQ-0150,true,false,synthetic,SYN-005405
CHK-01226,APP-00560,REQ-0148,true,true,synthetic,SYN-005406
CHK-01227,APP-00560,REQ-0149,true,false,synthetic,SYN-005407
CHK-01228,APP-00560,REQ-0150,true,false,synthetic,SYN-005408
CHK-01229,APP-00561,REQ-0148,true,true,synthetic,SYN-005409
CHK-01230,APP-00561,REQ-0149,true,true,synthetic,SYN-005410
CHK-01231,APP-00561,REQ-0150,true,true,synthetic,SYN-005411
CHK-01232,APP-00562,REQ-0148,true,false,synthetic,SYN-005412
CHK-01233,APP-00562,REQ-0149,true,false,synthetic,SYN-005413
CHK-01234,APP-00562,REQ-0150,true,true,synthetic,SYN-005414
CHK-01235,APP-00563,REQ-0148,,true,synthetic,SYN-005415
CHK-01236,APP-00563,REQ-0149,true,true,synthetic,SYN-005416
CHK-01237,APP-00563,REQ-0150,true,false,synthetic,SYN-005417
CHK-01238,APP-00564,REQ-0148,true,true,synthetic,SYN-005418
CHK-01239,APP-00564,REQ-0149,true,false,synthetic,SYN-005419
CHK-01240,APP-00564,REQ-0150,true,false,synthetic,SYN-005420
CHK-01241,APP-00565,REQ-0148,true,false,synthetic,SYN-005421
CHK-01242,APP-00565,REQ-0149,true,true,synthetic,SYN-005422
CHK-01243,APP-00565,REQ-0150,true,true,synthetic,SYN-005423
CHK-01244,APP-00566,REQ-0151,true,true,synthetic,SYN-005424
CHK-01245,APP-00566,REQ-0152,true,true,synthetic,SYN-005425
CHK-01246,APP-00566,REQ-0153,true,true,synthetic,SYN-005426
CHK-01247,APP-00567,REQ-0151,true,true,synthetic,SYN-005427
CHK-01248,APP-00567,REQ-0152,false,true,synthetic,SYN-005428
CHK-01249,APP-00567,REQ-0153,true,true,synthetic,SYN-005429
CHK-01250,APP-00568,REQ-0151,true,true,synthetic,SYN-005430
CHK-01251,APP-00568,REQ-0152,true,false,synthetic,SYN-005431
CHK-01252,APP-00568,REQ-0153,true,true,synthetic,SYN-005432
CHK-01253,APP-00569,REQ-0151,true,true,synthetic,SYN-005433
CHK-01254,APP-00569,REQ-0152,,true,synthetic,SYN-005434
CHK-01255,APP-00569,REQ-0153,false,true,synthetic,SYN-005435
CHK-01256,APP-00570,REQ-0151,true,false,synthetic,SYN-005436
CHK-01257,APP-00570,REQ-0152,true,true,synthetic,SYN-005437
CHK-01258,APP-00570,REQ-0153,true,false,synthetic,SYN-005438
CHK-01259,APP-00571,REQ-0151,true,true,synthetic,SYN-005439
CHK-01260,APP-00571,REQ-0152,true,true,synthetic,SYN-005440
CHK-01261,APP-00571,REQ-0153,true,true,synthetic,SYN-005441
CHK-01262,APP-00572,REQ-0151,true,true,synthetic,SYN-005442
CHK-01263,APP-00572,REQ-0152,true,true,synthetic,SYN-005443
CHK-01264,APP-00572,REQ-0153,true,true,synthetic,SYN-005444
CHK-01265,APP-00573,REQ-0151,false,true,synthetic,SYN-005445
CHK-01266,APP-00573,REQ-0152,,true,synthetic,SYN-005446
CHK-01267,APP-00573,REQ-0153,true,false,synthetic,SYN-005447
CHK-01268,APP-00574,REQ-0151,true,false,synthetic,SYN-005448
CHK-01269,APP-00574,REQ-0152,true,true,synthetic,SYN-005449
CHK-01270,APP-00574,REQ-0153,true,true,synthetic,SYN-005450
CHK-01271,APP-00575,REQ-0151,true,true,synthetic,SYN-005451
CHK-01272,APP-00575,REQ-0152,true,true,synthetic,SYN-005452
CHK-01273,APP-00575,REQ-0153,false,false,synthetic,SYN-005453
CHK-01274,APP-00576,REQ-0151,true,true,synthetic,SYN-005454
CHK-01275,APP-00576,REQ-0152,true,true,synthetic,SYN-005455
CHK-01276,APP-00576,REQ-0153,,true,synthetic,SYN-005456
CHK-01277,APP-00577,REQ-0151,true,true,synthetic,SYN-005457
CHK-01278,APP-00577,REQ-0152,true,true,synthetic,SYN-005458
CHK-01279,APP-00577,REQ-0153,true,true,synthetic,SYN-005459
CHK-01280,APP-00578,REQ-0151,true,true,synthetic,SYN-005460
CHK-01281,APP-00578,REQ-0152,true,true,synthetic,SYN-005461
CHK-01282,APP-00578,REQ-0153,false,true,synthetic,SYN-005462
CHK-01283,APP-00579,REQ-0154,,false,synthetic,SYN-005463
CHK-01284,APP-00579,REQ-0155,true,true,synthetic,SYN-005464
CHK-01285,APP-00579,REQ-0156,true,true,synthetic,SYN-005465
CHK-01286,APP-00580,REQ-0154,,true,synthetic,SYN-005466
CHK-01287,APP-00580,REQ-0155,true,true,synthetic,SYN-005467
CHK-01288,APP-00580,REQ-0156,true,true,synthetic,SYN-005468
CHK-01289,APP-00581,REQ-0154,true,false,synthetic,SYN-005469
CHK-01290,APP-00581,REQ-0155,true,true,synthetic,SYN-005470
CHK-01291,APP-00581,REQ-0156,true,true,synthetic,SYN-005471
CHK-01292,APP-00582,REQ-0157,true,true,synthetic,SYN-005472
CHK-01293,APP-00582,REQ-0158,,true,synthetic,SYN-005473
CHK-01294,APP-00583,REQ-0157,false,true,synthetic,SYN-005474
CHK-01295,APP-00583,REQ-0158,true,false,synthetic,SYN-005475
CHK-01296,APP-00584,REQ-0157,true,true,synthetic,SYN-005476
CHK-01297,APP-00584,REQ-0158,true,true,synthetic,SYN-005477
CHK-01298,APP-00585,REQ-0157,false,true,synthetic,SYN-005478
CHK-01299,APP-00585,REQ-0158,true,true,synthetic,SYN-005479
CHK-01300,APP-00586,REQ-0157,true,true,synthetic,SYN-005480
CHK-01301,APP-00586,REQ-0158,true,true,synthetic,SYN-005481
CHK-01302,APP-00587,REQ-0157,false,true,synthetic,SYN-005482
CHK-01303,APP-00587,REQ-0158,false,true,synthetic,SYN-005483
CHK-01304,APP-00588,REQ-0157,true,true,synthetic,SYN-005484
CHK-01305,APP-00588,REQ-0158,true,true,synthetic,SYN-005485
CHK-01306,APP-00589,REQ-0157,true,true,synthetic,SYN-005486
CHK-01307,APP-00589,REQ-0158,true,true,synthetic,SYN-005487
CHK-01308,APP-00590,REQ-0157,true,true,synthetic,SYN-005488
CHK-01309,APP-00590,REQ-0158,true,false,synthetic,SYN-005489
CHK-01310,APP-00591,REQ-0159,false,true,synthetic,SYN-005490
CHK-01311,APP-00592,REQ-0159,true,true,synthetic,SYN-005491
CHK-01312,APP-00593,REQ-0159,true,true,synthetic,SYN-005492
CHK-01313,APP-00594,REQ-0159,true,true,synthetic,SYN-005493
CHK-01314,APP-00595,REQ-0159,true,true,synthetic,SYN-005494
CHK-01315,APP-00596,REQ-0159,true,true,synthetic,SYN-005495
CHK-01316,APP-00597,REQ-0159,true,true,synthetic,SYN-005496
CHK-01317,APP-00598,REQ-0159,false,true,synthetic,SYN-005497
CHK-01318,APP-00599,REQ-0159,true,true,synthetic,SYN-005498
CHK-01319,APP-00600,REQ-0159,true,true,synthetic,SYN-005499
CHK-01320,APP-00601,REQ-0160,true,true,synthetic,SYN-005500
CHK-01321,APP-00601,REQ-0161,true,false,synthetic,SYN-005501
CHK-01322,APP-00601,REQ-0162,true,true,synthetic,SYN-005502
CHK-01323,APP-00602,REQ-0160,true,true,synthetic,SYN-005503
CHK-01324,APP-00602,REQ-0161,true,true,synthetic,SYN-005504
CHK-01325,APP-00602,REQ-0162,true,true,synthetic,SYN-005505
CHK-01326,APP-00603,REQ-0163,true,true,synthetic,SYN-005506
CHK-01327,APP-00603,REQ-0164,true,true,synthetic,SYN-005507
CHK-01328,APP-00603,REQ-0165,true,true,synthetic,SYN-005508
CHK-01329,APP-00604,REQ-0163,false,true,synthetic,SYN-005509
CHK-01330,APP-00604,REQ-0164,true,true,synthetic,SYN-005510
CHK-01331,APP-00604,REQ-0165,true,true,synthetic,SYN-005511
CHK-01332,APP-00605,REQ-0163,true,true,synthetic,SYN-005512
CHK-01333,APP-00605,REQ-0164,true,true,synthetic,SYN-005513
CHK-01334,APP-00605,REQ-0165,true,true,synthetic,SYN-005514
CHK-01335,APP-00606,REQ-0163,true,true,synthetic,SYN-005515
CHK-01336,APP-00606,REQ-0164,true,true,synthetic,SYN-005516
CHK-01337,APP-00606,REQ-0165,true,true,synthetic,SYN-005517
CHK-01338,APP-00607,REQ-0163,true,true,synthetic,SYN-005518
CHK-01339,APP-00607,REQ-0164,true,true,synthetic,SYN-005519
CHK-01340,APP-00607,REQ-0165,true,true,synthetic,SYN-005520
CHK-01341,APP-00608,REQ-0163,true,true,synthetic,SYN-005521
CHK-01342,APP-00608,REQ-0164,true,false,synthetic,SYN-005522
CHK-01343,APP-00608,REQ-0165,,true,synthetic,SYN-005523
CHK-01344,APP-00609,REQ-0163,true,false,synthetic,SYN-005524
CHK-01345,APP-00609,REQ-0164,true,true,synthetic,SYN-005525
CHK-01346,APP-00609,REQ-0165,true,true,synthetic,SYN-005526
CHK-01347,APP-00610,REQ-0166,true,false,synthetic,SYN-005527
CHK-01348,APP-00610,REQ-0167,true,true,synthetic,SYN-005528
CHK-01349,APP-00611,REQ-0166,true,true,synthetic,SYN-005529
CHK-01350,APP-00611,REQ-0167,false,false,synthetic,SYN-005530
CHK-01351,APP-00612,REQ-0168,true,true,synthetic,SYN-005531
CHK-01352,APP-00612,REQ-0169,true,true,synthetic,SYN-005532
CHK-01353,APP-00613,REQ-0168,true,true,synthetic,SYN-005533
CHK-01354,APP-00613,REQ-0169,true,true,synthetic,SYN-005534
CHK-01355,APP-00614,REQ-0168,true,true,synthetic,SYN-005535
CHK-01356,APP-00614,REQ-0169,true,true,synthetic,SYN-005536
CHK-01357,APP-00615,REQ-0170,true,true,synthetic,SYN-005537
CHK-01358,APP-00615,REQ-0171,true,true,synthetic,SYN-005538
CHK-01359,APP-00615,REQ-0172,true,false,synthetic,SYN-005539
CHK-01360,APP-00616,REQ-0170,false,true,synthetic,SYN-005540
CHK-01361,APP-00616,REQ-0171,true,false,synthetic,SYN-005541
CHK-01362,APP-00616,REQ-0172,true,true,synthetic,SYN-005542
CHK-01363,APP-00617,REQ-0170,true,true,synthetic,SYN-005543
CHK-01364,APP-00617,REQ-0171,false,true,synthetic,SYN-005544
CHK-01365,APP-00617,REQ-0172,true,true,synthetic,SYN-005545
CHK-01366,APP-00618,REQ-0170,true,true,synthetic,SYN-005546
CHK-01367,APP-00618,REQ-0171,true,true,synthetic,SYN-005547
CHK-01368,APP-00618,REQ-0172,true,false,synthetic,SYN-005548
CHK-01369,APP-00619,REQ-0170,true,false,synthetic,SYN-005549
CHK-01370,APP-00619,REQ-0171,,true,synthetic,SYN-005550
CHK-01371,APP-00619,REQ-0172,true,true,synthetic,SYN-005551
CHK-01372,APP-00620,REQ-0170,,false,synthetic,SYN-005552
CHK-01373,APP-00620,REQ-0171,false,false,synthetic,SYN-005553
CHK-01374,APP-00620,REQ-0172,true,true,synthetic,SYN-005554
CHK-01375,APP-00621,REQ-0170,true,true,synthetic,SYN-005555
CHK-01376,APP-00621,REQ-0171,true,true,synthetic,SYN-005556
CHK-01377,APP-00621,REQ-0172,true,true,synthetic,SYN-005557
CHK-01378,APP-00622,REQ-0170,true,true,synthetic,SYN-005558
CHK-01379,APP-00622,REQ-0171,true,true,synthetic,SYN-005559
CHK-01380,APP-00622,REQ-0172,true,true,synthetic,SYN-005560
CHK-01381,APP-00623,REQ-0170,true,true,synthetic,SYN-005561
CHK-01382,APP-00623,REQ-0171,true,true,synthetic,SYN-005562
CHK-01383,APP-00623,REQ-0172,true,true,synthetic,SYN-005563
CHK-01384,APP-00624,REQ-0170,true,false,synthetic,SYN-005564
CHK-01385,APP-00624,REQ-0171,true,false,synthetic,SYN-005565
CHK-01386,APP-00624,REQ-0172,true,true,synthetic,SYN-005566
CHK-01387,APP-00625,REQ-0173,true,true,synthetic,SYN-005567
CHK-01388,APP-00626,REQ-0173,true,true,synthetic,SYN-005568
CHK-01389,APP-00627,REQ-0173,true,true,synthetic,SYN-005569
CHK-01390,APP-00628,REQ-0173,true,true,synthetic,SYN-005570
CHK-01391,APP-00629,REQ-0173,true,true,synthetic,SYN-005571
CHK-01392,APP-00630,REQ-0174,true,true,synthetic,SYN-005572
CHK-01393,APP-00630,REQ-0175,false,true,synthetic,SYN-005573
CHK-01394,APP-00630,REQ-0176,true,true,synthetic,SYN-005574
CHK-01395,APP-00631,REQ-0174,true,true,synthetic,SYN-005575
CHK-01396,APP-00631,REQ-0175,true,false,synthetic,SYN-005576
CHK-01397,APP-00631,REQ-0176,true,true,synthetic,SYN-005577
CHK-01398,APP-00632,REQ-0177,true,false,synthetic,SYN-005578
CHK-01399,APP-00633,REQ-0177,false,true,synthetic,SYN-005579
CHK-01400,APP-00634,REQ-0177,true,true,synthetic,SYN-005580
CHK-01401,APP-00635,REQ-0177,true,true,synthetic,SYN-005581
CHK-01402,APP-00636,REQ-0177,true,true,synthetic,SYN-005582
CHK-01403,APP-00637,REQ-0178,true,true,synthetic,SYN-005583
CHK-01404,APP-00638,REQ-0178,false,true,synthetic,SYN-005584
CHK-01405,APP-00639,REQ-0178,true,true,synthetic,SYN-005585
CHK-01406,APP-00640,REQ-0178,true,true,synthetic,SYN-005586
CHK-01407,APP-00641,REQ-0178,true,false,synthetic,SYN-005587
CHK-01408,APP-00642,REQ-0178,true,false,synthetic,SYN-005588
CHK-01409,APP-00643,REQ-0178,true,true,synthetic,SYN-005589
CHK-01410,APP-00644,REQ-0178,true,true,synthetic,SYN-005590
CHK-01411,APP-00645,REQ-0178,true,true,synthetic,SYN-005591
CHK-01412,APP-00646,REQ-0178,,true,synthetic,SYN-005592
CHK-01413,APP-00647,REQ-0178,true,true,synthetic,SYN-005593
CHK-01414,APP-00648,REQ-0178,true,true,synthetic,SYN-005594
CHK-01415,APP-00649,REQ-0178,true,true,synthetic,SYN-005595
CHK-01416,APP-00650,REQ-0178,,true,synthetic,SYN-005596
CHK-01417,APP-00651,REQ-0179,false,false,synthetic,SYN-005597
CHK-01418,APP-00652,REQ-0179,true,true,synthetic,SYN-005598
CHK-01419,APP-00653,REQ-0179,true,true,synthetic,SYN-005599
CHK-01420,APP-00654,REQ-0179,true,true,synthetic,SYN-005600
CHK-01421,APP-00655,REQ-0179,true,true,synthetic,SYN-005601
CHK-01422,APP-00656,REQ-0179,true,true,synthetic,SYN-005602
CHK-01423,APP-00657,REQ-0179,true,false,synthetic,SYN-005603
CHK-01424,APP-00658,REQ-0179,,true,synthetic,SYN-005604
CHK-01425,APP-00659,REQ-0179,true,true,synthetic,SYN-005605
CHK-01426,APP-00660,REQ-0179,true,true,synthetic,SYN-005606
CHK-01427,APP-00661,REQ-0180,false,true,synthetic,SYN-005607
CHK-01428,APP-00661,REQ-0181,true,true,synthetic,SYN-005608
CHK-01429,APP-00661,REQ-0182,true,true,synthetic,SYN-005609
CHK-01430,APP-00662,REQ-0180,true,true,synthetic,SYN-005610
CHK-01431,APP-00662,REQ-0181,true,true,synthetic,SYN-005611
CHK-01432,APP-00662,REQ-0182,true,true,synthetic,SYN-005612
CHK-01433,APP-00663,REQ-0180,false,true,synthetic,SYN-005613
CHK-01434,APP-00663,REQ-0181,true,true,synthetic,SYN-005614
CHK-01435,APP-00663,REQ-0182,true,true,synthetic,SYN-005615
CHK-01436,APP-00664,REQ-0180,,true,synthetic,SYN-005616
CHK-01437,APP-00664,REQ-0181,true,true,synthetic,SYN-005617
CHK-01438,APP-00664,REQ-0182,true,true,synthetic,SYN-005618
CHK-01439,APP-00665,REQ-0180,false,false,synthetic,SYN-005619
CHK-01440,APP-00665,REQ-0181,true,true,synthetic,SYN-005620
CHK-01441,APP-00665,REQ-0182,true,true,synthetic,SYN-005621
CHK-01442,APP-00666,REQ-0180,true,true,synthetic,SYN-005622
CHK-01443,APP-00666,REQ-0181,true,true,synthetic,SYN-005623
CHK-01444,APP-00666,REQ-0182,true,true,synthetic,SYN-005624
CHK-01445,APP-00667,REQ-0180,false,true,synthetic,SYN-005625
CHK-01446,APP-00667,REQ-0181,true,true,synthetic,SYN-005626
CHK-01447,APP-00667,REQ-0182,true,true,synthetic,SYN-005627
CHK-01448,APP-00668,REQ-0180,false,true,synthetic,SYN-005628
CHK-01449,APP-00668,REQ-0181,true,true,synthetic,SYN-005629
CHK-01450,APP-00668,REQ-0182,true,true,synthetic,SYN-005630
CHK-01451,APP-00669,REQ-0180,false,true,synthetic,SYN-005631
CHK-01452,APP-00669,REQ-0181,true,true,synthetic,SYN-005632
CHK-01453,APP-00669,REQ-0182,true,true,synthetic,SYN-005633
CHK-01454,APP-00670,REQ-0183,true,true,synthetic,SYN-005634
CHK-01455,APP-00671,REQ-0183,true,true,synthetic,SYN-005635
CHK-01456,APP-00672,REQ-0183,true,true,synthetic,SYN-005636
CHK-01457,APP-00673,REQ-0184,true,true,synthetic,SYN-005637
CHK-01458,APP-00673,REQ-0185,true,true,synthetic,SYN-005638
CHK-01459,APP-00673,REQ-0186,true,false,synthetic,SYN-005639
CHK-01460,APP-00674,REQ-0184,true,true,synthetic,SYN-005640
CHK-01461,APP-00674,REQ-0185,true,true,synthetic,SYN-005641
CHK-01462,APP-00674,REQ-0186,true,true,synthetic,SYN-005642
CHK-01463,APP-00675,REQ-0184,true,true,synthetic,SYN-005643
CHK-01464,APP-00675,REQ-0185,true,true,synthetic,SYN-005644
CHK-01465,APP-00675,REQ-0186,,true,synthetic,SYN-005645
CHK-01466,APP-00676,REQ-0184,true,true,synthetic,SYN-005646
CHK-01467,APP-00676,REQ-0185,false,true,synthetic,SYN-005647
CHK-01468,APP-00676,REQ-0186,true,false,synthetic,SYN-005648
CHK-01469,APP-00677,REQ-0184,true,true,synthetic,SYN-005649
CHK-01470,APP-00677,REQ-0185,true,true,synthetic,SYN-005650
CHK-01471,APP-00677,REQ-0186,true,true,synthetic,SYN-005651
CHK-01472,APP-00678,REQ-0187,false,true,synthetic,SYN-005652
CHK-01473,APP-00678,REQ-0188,true,true,synthetic,SYN-005653
CHK-01474,APP-00678,REQ-0189,false,true,synthetic,SYN-005654
CHK-01475,APP-00679,REQ-0187,true,true,synthetic,SYN-005655
CHK-01476,APP-00679,REQ-0188,true,false,synthetic,SYN-005656
CHK-01477,APP-00679,REQ-0189,false,false,synthetic,SYN-005657
CHK-01478,APP-00680,REQ-0187,true,true,synthetic,SYN-005658
CHK-01479,APP-00680,REQ-0188,false,true,synthetic,SYN-005659
CHK-01480,APP-00680,REQ-0189,true,true,synthetic,SYN-005660
CHK-01481,APP-00681,REQ-0187,true,true,synthetic,SYN-005661
CHK-01482,APP-00681,REQ-0188,true,true,synthetic,SYN-005662
CHK-01483,APP-00681,REQ-0189,true,true,synthetic,SYN-005663
CHK-01484,APP-00682,REQ-0187,true,true,synthetic,SYN-005664
CHK-01485,APP-00682,REQ-0188,true,true,synthetic,SYN-005665
CHK-01486,APP-00682,REQ-0189,true,true,synthetic,SYN-005666
CHK-01487,APP-00683,REQ-0187,true,true,synthetic,SYN-005667
CHK-01488,APP-00683,REQ-0188,true,true,synthetic,SYN-005668
CHK-01489,APP-00683,REQ-0189,true,false,synthetic,SYN-005669
CHK-01490,APP-00684,REQ-0187,true,false,synthetic,SYN-005670
CHK-01491,APP-00684,REQ-0188,true,true,synthetic,SYN-005671
CHK-01492,APP-00684,REQ-0189,true,true,synthetic,SYN-005672
CHK-01493,APP-00685,REQ-0187,true,true,synthetic,SYN-005673
CHK-01494,APP-00685,REQ-0188,true,true,synthetic,SYN-005674
CHK-01495,APP-00685,REQ-0189,true,true,synthetic,SYN-005675
CHK-01496,APP-00686,REQ-0190,false,true,synthetic,SYN-005676
CHK-01497,APP-00687,REQ-0190,true,true,synthetic,SYN-005677
CHK-01498,APP-00688,REQ-0190,,true,synthetic,SYN-005678
CHK-01499,APP-00689,REQ-0190,true,true,synthetic,SYN-005679
CHK-01500,APP-00690,REQ-0190,true,false,synthetic,SYN-005680
CHK-01501,APP-00691,REQ-0190,true,true,synthetic,SYN-005681
CHK-01502,APP-00692,REQ-0190,,true,synthetic,SYN-005682
CHK-01503,APP-00693,REQ-0190,true,true,synthetic,SYN-005683
CHK-01504,APP-00694,REQ-0191,true,true,synthetic,SYN-005684
CHK-01505,APP-00695,REQ-0191,false,true,synthetic,SYN-005685
CHK-01506,APP-00696,REQ-0191,true,true,synthetic,SYN-005686
CHK-01507,APP-00697,REQ-0191,true,true,synthetic,SYN-005687
CHK-01508,APP-00698,REQ-0191,true,true,synthetic,SYN-005688
CHK-01509,APP-00699,REQ-0191,true,true,synthetic,SYN-005689
CHK-01510,APP-00700,REQ-0191,true,true,synthetic,SYN-005690
CHK-01511,APP-00701,REQ-0191,true,true,synthetic,SYN-005691
CHK-01512,APP-00702,REQ-0192,,true,synthetic,SYN-005692
CHK-01513,APP-00702,REQ-0193,true,false,synthetic,SYN-005693
CHK-01514,APP-00702,REQ-0194,true,false,synthetic,SYN-005694
CHK-01515,APP-00703,REQ-0192,true,true,synthetic,SYN-005695
CHK-01516,APP-00703,REQ-0193,false,true,synthetic,SYN-005696
CHK-01517,APP-00703,REQ-0194,true,false,synthetic,SYN-005697
CHK-01518,APP-00704,REQ-0192,,true,synthetic,SYN-005698
CHK-01519,APP-00704,REQ-0193,true,false,synthetic,SYN-005699
CHK-01520,APP-00704,REQ-0194,true,false,synthetic,SYN-005700
CHK-01521,APP-00705,REQ-0192,true,true,synthetic,SYN-005701
CHK-01522,APP-00705,REQ-0193,true,true,synthetic,SYN-005702
CHK-01523,APP-00705,REQ-0194,true,true,synthetic,SYN-005703
CHK-01524,APP-00706,REQ-0192,false,true,synthetic,SYN-005704
CHK-01525,APP-00706,REQ-0193,true,true,synthetic,SYN-005705
CHK-01526,APP-00706,REQ-0194,true,false,synthetic,SYN-005706
CHK-01527,APP-00707,REQ-0192,,false,synthetic,SYN-005707
CHK-01528,APP-00707,REQ-0193,true,true,synthetic,SYN-005708
CHK-01529,APP-00707,REQ-0194,false,true,synthetic,SYN-005709
CHK-01530,APP-00708,REQ-0192,true,true,synthetic,SYN-005710
CHK-01531,APP-00708,REQ-0193,true,true,synthetic,SYN-005711
CHK-01532,APP-00708,REQ-0194,true,true,synthetic,SYN-005712
CHK-01533,APP-00709,REQ-0192,true,true,synthetic,SYN-005713
CHK-01534,APP-00709,REQ-0193,true,true,synthetic,SYN-005714
CHK-01535,APP-00709,REQ-0194,true,true,synthetic,SYN-005715
CHK-01536,APP-00710,REQ-0192,,false,synthetic,SYN-005716
CHK-01537,APP-00710,REQ-0193,true,true,synthetic,SYN-005717
CHK-01538,APP-00710,REQ-0194,true,true,synthetic,SYN-005718
CHK-01539,APP-00711,REQ-0192,true,true,synthetic,SYN-005719
CHK-01540,APP-00711,REQ-0193,true,true,synthetic,SYN-005720
CHK-01541,APP-00711,REQ-0194,true,false,synthetic,SYN-005721
CHK-01542,APP-00712,REQ-0192,true,false,synthetic,SYN-005722
CHK-01543,APP-00712,REQ-0193,true,true,synthetic,SYN-005723
CHK-01544,APP-00712,REQ-0194,true,false,synthetic,SYN-005724
CHK-01545,APP-00713,REQ-0192,true,true,synthetic,SYN-005725
CHK-01546,APP-00713,REQ-0193,true,true,synthetic,SYN-005726
CHK-01547,APP-00713,REQ-0194,true,true,synthetic,SYN-005727
CHK-01548,APP-00714,REQ-0192,false,true,synthetic,SYN-005728
CHK-01549,APP-00714,REQ-0193,true,true,synthetic,SYN-005729
CHK-01550,APP-00714,REQ-0194,true,true,synthetic,SYN-005730
CHK-01551,APP-00715,REQ-0195,true,true,synthetic,SYN-005731
CHK-01552,APP-00716,REQ-0195,true,true,synthetic,SYN-005732
CHK-01553,APP-00717,REQ-0195,true,true,synthetic,SYN-005733
CHK-01554,APP-00718,REQ-0196,true,true,synthetic,SYN-005734
CHK-01555,APP-00718,REQ-0197,true,true,synthetic,SYN-005735
CHK-01556,APP-00718,REQ-0198,true,true,synthetic,SYN-005736
CHK-01557,APP-00719,REQ-0196,true,true,synthetic,SYN-005737
CHK-01558,APP-00719,REQ-0197,true,true,synthetic,SYN-005738
CHK-01559,APP-00719,REQ-0198,true,true,synthetic,SYN-005739
CHK-01560,APP-00720,REQ-0196,true,true,synthetic,SYN-005740
CHK-01561,APP-00720,REQ-0197,true,true,synthetic,SYN-005741
CHK-01562,APP-00720,REQ-0198,false,true,synthetic,SYN-005742
CHK-01563,APP-00721,REQ-0199,false,false,synthetic,SYN-005743
CHK-01564,APP-00722,REQ-0199,true,true,synthetic,SYN-005744
CHK-01565,APP-00723,REQ-0199,true,true,synthetic,SYN-005745
CHK-01566,APP-00724,REQ-0199,true,false,synthetic,SYN-005746
CHK-01567,APP-00725,REQ-0199,false,true,synthetic,SYN-005747
CHK-01568,APP-00726,REQ-0199,true,true,synthetic,SYN-005748
CHK-01569,APP-00727,REQ-0199,true,true,synthetic,SYN-005749
CHK-01570,APP-00728,REQ-0199,true,true,synthetic,SYN-005750
CHK-01571,APP-00729,REQ-0199,false,true,synthetic,SYN-005751
CHK-01572,APP-00730,REQ-0199,true,false,synthetic,SYN-005752
CHK-01573,APP-00731,REQ-0199,true,true,synthetic,SYN-005753
CHK-01574,APP-00732,REQ-0199,true,false,synthetic,SYN-005754
CHK-01575,APP-00733,REQ-0199,true,true,synthetic,SYN-005755
CHK-01576,APP-00734,REQ-0200,true,true,synthetic,SYN-005756
CHK-01577,APP-00734,REQ-0201,,true,synthetic,SYN-005757
CHK-01578,APP-00734,REQ-0202,true,true,synthetic,SYN-005758
CHK-01579,APP-00735,REQ-0200,false,true,synthetic,SYN-005759
CHK-01580,APP-00735,REQ-0201,false,true,synthetic,SYN-005760
CHK-01581,APP-00735,REQ-0202,false,true,synthetic,SYN-005761
CHK-01582,APP-00736,REQ-0200,,true,synthetic,SYN-005762
CHK-01583,APP-00736,REQ-0201,true,true,synthetic,SYN-005763
CHK-01584,APP-00736,REQ-0202,false,true,synthetic,SYN-005764
CHK-01585,APP-00737,REQ-0200,true,true,synthetic,SYN-005765
CHK-01586,APP-00737,REQ-0201,true,false,synthetic,SYN-005766
CHK-01587,APP-00737,REQ-0202,true,true,synthetic,SYN-005767
CHK-01588,APP-00738,REQ-0200,false,false,synthetic,SYN-005768
CHK-01589,APP-00738,REQ-0201,false,true,synthetic,SYN-005769
CHK-01590,APP-00738,REQ-0202,true,true,synthetic,SYN-005770
CHK-01591,APP-00739,REQ-0200,false,true,synthetic,SYN-005771
CHK-01592,APP-00739,REQ-0201,true,true,synthetic,SYN-005772
CHK-01593,APP-00739,REQ-0202,false,true,synthetic,SYN-005773
CHK-01594,APP-00740,REQ-0200,false,true,synthetic,SYN-005774
CHK-01595,APP-00740,REQ-0201,true,true,synthetic,SYN-005775
CHK-01596,APP-00740,REQ-0202,true,true,synthetic,SYN-005776
CHK-01597,APP-00741,REQ-0200,true,true,synthetic,SYN-005777
CHK-01598,APP-00741,REQ-0201,true,true,synthetic,SYN-005778
CHK-01599,APP-00741,REQ-0202,true,false,synthetic,SYN-005779
CHK-01600,APP-00742,REQ-0200,true,false,synthetic,SYN-005780
CHK-01601,APP-00742,REQ-0201,false,true,synthetic,SYN-005781
CHK-01602,APP-00742,REQ-0202,true,true,synthetic,SYN-005782
CHK-01603,APP-00743,REQ-0200,true,true,synthetic,SYN-005783
CHK-01604,APP-00743,REQ-0201,true,true,synthetic,SYN-005784
CHK-01605,APP-00743,REQ-0202,true,true,synthetic,SYN-005785
CHK-01606,APP-00744,REQ-0200,true,true,synthetic,SYN-005786
CHK-01607,APP-00744,REQ-0201,true,true,synthetic,SYN-005787
CHK-01608,APP-00744,REQ-0202,true,true,synthetic,SYN-005788
CHK-01609,APP-00745,REQ-0200,false,true,synthetic,SYN-005789
CHK-01610,APP-00745,REQ-0201,true,true,synthetic,SYN-005790
CHK-01611,APP-00745,REQ-0202,true,true,synthetic,SYN-005791
CHK-01612,APP-00746,REQ-0200,true,true,synthetic,SYN-005792
CHK-01613,APP-00746,REQ-0201,,true,synthetic,SYN-005793
CHK-01614,APP-00746,REQ-0202,true,true,synthetic,SYN-005794
CHK-01615,APP-00747,REQ-0200,,false,synthetic,SYN-005795
CHK-01616,APP-00747,REQ-0201,true,true,synthetic,SYN-005796
CHK-01617,APP-00747,REQ-0202,true,false,synthetic,SYN-005797
CHK-01618,APP-00748,REQ-0203,true,false,synthetic,SYN-005798
CHK-01619,APP-00748,REQ-0204,true,true,synthetic,SYN-005799
CHK-01620,APP-00748,REQ-0205,true,true,synthetic,SYN-005800
CHK-01621,APP-00749,REQ-0203,false,true,synthetic,SYN-005801
CHK-01622,APP-00749,REQ-0204,,false,synthetic,SYN-005802
CHK-01623,APP-00749,REQ-0205,true,true,synthetic,SYN-005803
CHK-01624,APP-00750,REQ-0203,true,false,synthetic,SYN-005804
CHK-01625,APP-00750,REQ-0204,true,true,synthetic,SYN-005805
CHK-01626,APP-00750,REQ-0205,true,true,synthetic,SYN-005806
CHK-01627,APP-00751,REQ-0203,true,true,synthetic,SYN-005807
CHK-01628,APP-00751,REQ-0204,true,true,synthetic,SYN-005808
CHK-01629,APP-00751,REQ-0205,true,true,synthetic,SYN-005809
CHK-01630,APP-00752,REQ-0203,,true,synthetic,SYN-005810
CHK-01631,APP-00752,REQ-0204,true,true,synthetic,SYN-005811
CHK-01632,APP-00752,REQ-0205,true,true,synthetic,SYN-005812
CHK-01633,APP-00753,REQ-0203,true,true,synthetic,SYN-005813
CHK-01634,APP-00753,REQ-0204,,true,synthetic,SYN-005814
CHK-01635,APP-00753,REQ-0205,true,true,synthetic,SYN-005815
CHK-01636,APP-00754,REQ-0206,true,true,synthetic,SYN-005816
CHK-01637,APP-00754,REQ-0207,true,false,synthetic,SYN-005817
CHK-01638,APP-00754,REQ-0208,true,true,synthetic,SYN-005818
CHK-01639,APP-00755,REQ-0206,true,true,synthetic,SYN-005819
CHK-01640,APP-00755,REQ-0207,true,true,synthetic,SYN-005820
CHK-01641,APP-00755,REQ-0208,false,true,synthetic,SYN-005821
CHK-01642,APP-00756,REQ-0206,true,true,synthetic,SYN-005822
CHK-01643,APP-00756,REQ-0207,true,true,synthetic,SYN-005823
CHK-01644,APP-00756,REQ-0208,true,true,synthetic,SYN-005824
CHK-01645,APP-00757,REQ-0206,false,true,synthetic,SYN-005825
CHK-01646,APP-00757,REQ-0207,true,true,synthetic,SYN-005826
CHK-01647,APP-00757,REQ-0208,true,true,synthetic,SYN-005827
CHK-01648,APP-00758,REQ-0206,true,false,synthetic,SYN-005828
CHK-01649,APP-00758,REQ-0207,true,true,synthetic,SYN-005829
CHK-01650,APP-00758,REQ-0208,false,true,synthetic,SYN-005830
CHK-01651,APP-00759,REQ-0206,true,true,synthetic,SYN-005831
CHK-01652,APP-00759,REQ-0207,true,true,synthetic,SYN-005832
CHK-01653,APP-00759,REQ-0208,true,true,synthetic,SYN-005833
CHK-01654,APP-00760,REQ-0206,true,true,synthetic,SYN-005834
CHK-01655,APP-00760,REQ-0207,true,true,synthetic,SYN-005835
CHK-01656,APP-00760,REQ-0208,true,true,synthetic,SYN-005836
CHK-01657,APP-00761,REQ-0206,true,false,synthetic,SYN-005837
CHK-01658,APP-00761,REQ-0207,true,true,synthetic,SYN-005838
CHK-01659,APP-00761,REQ-0208,,true,synthetic,SYN-005839
CHK-01660,APP-00762,REQ-0206,false,true,synthetic,SYN-005840
CHK-01661,APP-00762,REQ-0207,true,true,synthetic,SYN-005841
CHK-01662,APP-00762,REQ-0208,true,true,synthetic,SYN-005842
CHK-01663,APP-00763,REQ-0206,true,true,synthetic,SYN-005843
CHK-01664,APP-00763,REQ-0207,false,true,synthetic,SYN-005844
CHK-01665,APP-00763,REQ-0208,false,false,synthetic,SYN-005845
CHK-01666,APP-00764,REQ-0206,true,true,synthetic,SYN-005846
CHK-01667,APP-00764,REQ-0207,false,true,synthetic,SYN-005847
CHK-01668,APP-00764,REQ-0208,true,true,synthetic,SYN-005848
CHK-01669,APP-00765,REQ-0206,true,false,synthetic,SYN-005849
CHK-01670,APP-00765,REQ-0207,true,true,synthetic,SYN-005850
CHK-01671,APP-00765,REQ-0208,true,true,synthetic,SYN-005851
CHK-01672,APP-00766,REQ-0206,true,true,synthetic,SYN-005852
CHK-01673,APP-00766,REQ-0207,true,false,synthetic,SYN-005853
CHK-01674,APP-00766,REQ-0208,true,true,synthetic,SYN-005854
CHK-01675,APP-00767,REQ-0206,true,true,synthetic,SYN-005855
CHK-01676,APP-00767,REQ-0207,true,false,synthetic,SYN-005856
CHK-01677,APP-00767,REQ-0208,,true,synthetic,SYN-005857
CHK-01678,APP-00768,REQ-0209,true,false,synthetic,SYN-005858
CHK-01679,APP-00768,REQ-0210,true,true,synthetic,SYN-005859
CHK-01680,APP-00769,REQ-0209,true,false,synthetic,SYN-005860
CHK-01681,APP-00769,REQ-0210,true,true,synthetic,SYN-005861
CHK-01682,APP-00770,REQ-0209,true,true,synthetic,SYN-005862
CHK-01683,APP-00770,REQ-0210,true,false,synthetic,SYN-005863
CHK-01684,APP-00771,REQ-0209,true,true,synthetic,SYN-005864
CHK-01685,APP-00771,REQ-0210,true,true,synthetic,SYN-005865
CHK-01686,APP-00772,REQ-0209,true,true,synthetic,SYN-005866
CHK-01687,APP-00772,REQ-0210,true,true,synthetic,SYN-005867
CHK-01688,APP-00773,REQ-0209,true,true,synthetic,SYN-005868
CHK-01689,APP-00773,REQ-0210,,true,synthetic,SYN-005869
CHK-01690,APP-00774,REQ-0209,true,false,synthetic,SYN-005870
CHK-01691,APP-00774,REQ-0210,,true,synthetic,SYN-005871
CHK-01692,APP-00775,REQ-0209,true,true,synthetic,SYN-005872
CHK-01693,APP-00775,REQ-0210,true,true,synthetic,SYN-005873
CHK-01694,APP-00776,REQ-0209,true,true,synthetic,SYN-005874
CHK-01695,APP-00776,REQ-0210,true,true,synthetic,SYN-005875
CHK-01696,APP-00777,REQ-0211,true,true,synthetic,SYN-005876
CHK-01697,APP-00777,REQ-0212,true,true,synthetic,SYN-005877
CHK-01698,APP-00778,REQ-0211,true,true,synthetic,SYN-005878
CHK-01699,APP-00778,REQ-0212,false,true,synthetic,SYN-005879
CHK-01700,APP-00779,REQ-0211,true,true,synthetic,SYN-005880
CHK-01701,APP-00779,REQ-0212,true,true,synthetic,SYN-005881
CHK-01702,APP-00780,REQ-0213,true,true,synthetic,SYN-005882
CHK-01703,APP-00781,REQ-0213,true,false,synthetic,SYN-005883
CHK-01704,APP-00782,REQ-0213,true,true,synthetic,SYN-005884
CHK-01705,APP-00783,REQ-0213,true,false,synthetic,SYN-005885
CHK-01706,APP-00784,REQ-0213,true,false,synthetic,SYN-005886
CHK-01707,APP-00785,REQ-0213,true,true,synthetic,SYN-005887
CHK-01708,APP-00786,REQ-0214,true,true,synthetic,SYN-005888
CHK-01709,APP-00787,REQ-0214,true,true,synthetic,SYN-005889
CHK-01710,APP-00788,REQ-0214,true,true,synthetic,SYN-005890
CHK-01711,APP-00789,REQ-0214,true,false,synthetic,SYN-005891
CHK-01712,APP-00790,REQ-0214,true,false,synthetic,SYN-005892
CHK-01713,APP-00791,REQ-0214,true,true,synthetic,SYN-005893
CHK-01714,APP-00792,REQ-0214,true,true,synthetic,SYN-005894
CHK-01715,APP-00793,REQ-0214,true,true,synthetic,SYN-005895
CHK-01716,APP-00794,REQ-0214,false,true,synthetic,SYN-005896
CHK-01717,APP-00795,REQ-0214,true,true,synthetic,SYN-005897
CHK-01718,APP-00796,REQ-0214,false,true,synthetic,SYN-005898
CHK-01719,APP-00797,REQ-0214,false,true,synthetic,SYN-005899
CHK-01720,APP-00798,REQ-0214,,true,synthetic,SYN-005900
CHK-01721,APP-00799,REQ-0214,true,false,synthetic,SYN-005901
CHK-01722,APP-00800,REQ-0215,true,false,synthetic,SYN-005902
CHK-01723,APP-00800,REQ-0216,true,false,synthetic,SYN-005903
CHK-01724,APP-00801,REQ-0215,true,true,synthetic,SYN-005904
CHK-01725,APP-00801,REQ-0216,true,true,synthetic,SYN-005905
CHK-01726,APP-00802,REQ-0215,true,true,synthetic,SYN-005906
CHK-01727,APP-00802,REQ-0216,true,true,synthetic,SYN-005907
CHK-01728,APP-00803,REQ-0215,true,true,synthetic,SYN-005908
CHK-01729,APP-00803,REQ-0216,true,true,synthetic,SYN-005909
CHK-01730,APP-00804,REQ-0215,true,false,synthetic,SYN-005910
CHK-01731,APP-00804,REQ-0216,,true,synthetic,SYN-005911
CHK-01732,APP-00805,REQ-0215,true,true,synthetic,SYN-005912
CHK-01733,APP-00805,REQ-0216,true,false,synthetic,SYN-005913
CHK-01734,APP-00806,REQ-0215,true,true,synthetic,SYN-005914
CHK-01735,APP-00806,REQ-0216,true,true,synthetic,SYN-005915
CHK-01736,APP-00807,REQ-0215,true,true,synthetic,SYN-005916
CHK-01737,APP-00807,REQ-0216,true,true,synthetic,SYN-005917
CHK-01738,APP-00808,REQ-0217,true,true,synthetic,SYN-005918
CHK-01739,APP-00808,REQ-0218,false,true,synthetic,SYN-005919
CHK-01740,APP-00809,REQ-0217,true,true,synthetic,SYN-005920
CHK-01741,APP-00809,REQ-0218,true,true,synthetic,SYN-005921
CHK-01742,APP-00810,REQ-0217,true,true,synthetic,SYN-005922
CHK-01743,APP-00810,REQ-0218,true,true,synthetic,SYN-005923
CHK-01744,APP-00811,REQ-0217,true,true,synthetic,SYN-005924
CHK-01745,APP-00811,REQ-0218,true,true,synthetic,SYN-005925
CHK-01746,APP-00812,REQ-0217,true,false,synthetic,SYN-005926
CHK-01747,APP-00812,REQ-0218,true,true,synthetic,SYN-005927
CHK-01748,APP-00813,REQ-0217,true,false,synthetic,SYN-005928
CHK-01749,APP-00813,REQ-0218,true,true,synthetic,SYN-005929
CHK-01750,APP-00814,REQ-0217,true,true,synthetic,SYN-005930
CHK-01751,APP-00814,REQ-0218,true,true,synthetic,SYN-005931
CHK-01752,APP-00815,REQ-0217,true,false,synthetic,SYN-005932
CHK-01753,APP-00815,REQ-0218,true,true,synthetic,SYN-005933
CHK-01754,APP-00816,REQ-0217,true,true,synthetic,SYN-005934
CHK-01755,APP-00816,REQ-0218,true,false,synthetic,SYN-005935
CHK-01756,APP-00817,REQ-0217,true,true,synthetic,SYN-005936
CHK-01757,APP-00817,REQ-0218,true,false,synthetic,SYN-005937
CHK-01758,APP-00818,REQ-0219,true,false,synthetic,SYN-005938
CHK-01759,APP-00818,REQ-0220,false,true,synthetic,SYN-005939
CHK-01760,APP-00818,REQ-0221,true,false,synthetic,SYN-005940
CHK-01761,APP-00819,REQ-0219,true,false,synthetic,SYN-005941
CHK-01762,APP-00819,REQ-0220,,true,synthetic,SYN-005942
CHK-01763,APP-00819,REQ-0221,true,true,synthetic,SYN-005943
CHK-01764,APP-00820,REQ-0219,true,true,synthetic,SYN-005944
CHK-01765,APP-00820,REQ-0220,true,true,synthetic,SYN-005945
CHK-01766,APP-00820,REQ-0221,true,true,synthetic,SYN-005946
CHK-01767,APP-00821,REQ-0219,true,true,synthetic,SYN-005947
CHK-01768,APP-00821,REQ-0220,true,false,synthetic,SYN-005948
CHK-01769,APP-00821,REQ-0221,true,true,synthetic,SYN-005949
CHK-01770,APP-00822,REQ-0219,true,true,synthetic,SYN-005950
CHK-01771,APP-00822,REQ-0220,true,true,synthetic,SYN-005951
CHK-01772,APP-00822,REQ-0221,true,false,synthetic,SYN-005952
CHK-01773,APP-00823,REQ-0219,false,true,synthetic,SYN-005953
CHK-01774,APP-00823,REQ-0220,true,true,synthetic,SYN-005954
CHK-01775,APP-00823,REQ-0221,true,true,synthetic,SYN-005955
CHK-01776,APP-00824,REQ-0219,true,true,synthetic,SYN-005956
CHK-01777,APP-00824,REQ-0220,true,true,synthetic,SYN-005957
CHK-01778,APP-00824,REQ-0221,true,true,synthetic,SYN-005958
CHK-01779,APP-00825,REQ-0219,true,true,synthetic,SYN-005959
CHK-01780,APP-00825,REQ-0220,true,true,synthetic,SYN-005960
CHK-01781,APP-00825,REQ-0221,true,false,synthetic,SYN-005961
CHK-01782,APP-00826,REQ-0222,true,true,synthetic,SYN-005962
CHK-01783,APP-00827,REQ-0222,true,true,synthetic,SYN-005963
CHK-01784,APP-00828,REQ-0222,true,false,synthetic,SYN-005964
CHK-01785,APP-00829,REQ-0222,true,true,synthetic,SYN-005965
CHK-01786,APP-00830,REQ-0222,true,true,synthetic,SYN-005966
CHK-01787,APP-00831,REQ-0223,false,true,synthetic,SYN-005967
CHK-01788,APP-00832,REQ-0223,true,true,synthetic,SYN-005968
CHK-01789,APP-00833,REQ-0223,true,false,synthetic,SYN-005969
CHK-01790,APP-00834,REQ-0223,true,true,synthetic,SYN-005970
CHK-01791,APP-00835,REQ-0223,true,true,synthetic,SYN-005971
CHK-01792,APP-00836,REQ-0223,true,true,synthetic,SYN-005972
CHK-01793,APP-00837,REQ-0223,true,true,synthetic,SYN-005973
CHK-01794,APP-00838,REQ-0223,true,true,synthetic,SYN-005974
CHK-01795,APP-00839,REQ-0223,true,true,synthetic,SYN-005975
CHK-01796,APP-00840,REQ-0223,true,true,synthetic,SYN-005976
CHK-01797,APP-00841,REQ-0223,true,true,synthetic,SYN-005977
CHK-01798,APP-00842,REQ-0223,true,true,synthetic,SYN-005978
CHK-01799,APP-00843,REQ-0223,true,true,synthetic,SYN-005979
CHK-01800,APP-00844,REQ-0223,true,true,synthetic,SYN-005980
CHK-01801,APP-00845,REQ-0224,true,true,synthetic,SYN-005981
CHK-01802,APP-00845,REQ-0225,true,true,synthetic,SYN-005982
CHK-01803,APP-00845,REQ-0226,true,true,synthetic,SYN-005983
CHK-01804,APP-00846,REQ-0224,true,false,synthetic,SYN-005984
CHK-01805,APP-00846,REQ-0225,true,false,synthetic,SYN-005985
CHK-01806,APP-00846,REQ-0226,true,true,synthetic,SYN-005986
CHK-01807,APP-00847,REQ-0227,true,true,synthetic,SYN-005987
CHK-01808,APP-00847,REQ-0228,true,false,synthetic,SYN-005988
CHK-01809,APP-00848,REQ-0227,true,true,synthetic,SYN-005989
CHK-01810,APP-00848,REQ-0228,true,true,synthetic,SYN-005990
CHK-01811,APP-00849,REQ-0229,,true,synthetic,SYN-005991
CHK-01812,APP-00849,REQ-0230,false,true,synthetic,SYN-005992
CHK-01813,APP-00850,REQ-0229,true,true,synthetic,SYN-005993
CHK-01814,APP-00850,REQ-0230,true,true,synthetic,SYN-005994
CHK-01815,APP-00851,REQ-0229,true,false,synthetic,SYN-005995
CHK-01816,APP-00851,REQ-0230,true,false,synthetic,SYN-005996
CHK-01817,APP-00852,REQ-0229,true,true,synthetic,SYN-005997
CHK-01818,APP-00852,REQ-0230,true,true,synthetic,SYN-005998
CHK-01819,APP-00853,REQ-0229,true,true,synthetic,SYN-005999
CHK-01820,APP-00853,REQ-0230,true,true,synthetic,SYN-006000
CHK-01821,APP-00854,REQ-0229,true,true,synthetic,SYN-006001
CHK-01822,APP-00854,REQ-0230,true,true,synthetic,SYN-006002
CHK-01823,APP-00855,REQ-0229,true,true,synthetic,SYN-006003
CHK-01824,APP-00855,REQ-0230,true,true,synthetic,SYN-006004
CHK-01825,APP-00856,REQ-0231,true,true,synthetic,SYN-006005
CHK-01826,APP-00856,REQ-0232,true,true,synthetic,SYN-006006
CHK-01827,APP-00857,REQ-0231,true,true,synthetic,SYN-006007
CHK-01828,APP-00857,REQ-0232,true,true,synthetic,SYN-006008
CHK-01829,APP-00858,REQ-0231,true,true,synthetic,SYN-006009
CHK-01830,APP-00858,REQ-0232,true,true,synthetic,SYN-006010
CHK-01831,APP-00859,REQ-0231,true,true,synthetic,SYN-006011
CHK-01832,APP-00859,REQ-0232,true,true,synthetic,SYN-006012
CHK-01833,APP-00860,REQ-0231,true,true,synthetic,SYN-006013
CHK-01834,APP-00860,REQ-0232,true,true,synthetic,SYN-006014
CHK-01835,APP-00861,REQ-0231,true,true,synthetic,SYN-006015
CHK-01836,APP-00861,REQ-0232,true,false,synthetic,SYN-006016
CHK-01837,APP-00862,REQ-0231,true,true,synthetic,SYN-006017
CHK-01838,APP-00862,REQ-0232,true,true,synthetic,SYN-006018
CHK-01839,APP-00863,REQ-0231,true,true,synthetic,SYN-006019
CHK-01840,APP-00863,REQ-0232,true,true,synthetic,SYN-006020
CHK-01841,APP-00864,REQ-0231,true,true,synthetic,SYN-006021
CHK-01842,APP-00864,REQ-0232,false,true,synthetic,SYN-006022
CHK-01843,APP-00865,REQ-0231,true,true,synthetic,SYN-006023
CHK-01844,APP-00865,REQ-0232,true,false,synthetic,SYN-006024
CHK-01845,APP-00866,REQ-0231,true,true,synthetic,SYN-006025
CHK-01846,APP-00866,REQ-0232,true,true,synthetic,SYN-006026
CHK-01847,APP-00867,REQ-0233,true,true,synthetic,SYN-006027
CHK-01848,APP-00867,REQ-0234,true,true,synthetic,SYN-006028
CHK-01849,APP-00868,REQ-0233,true,true,synthetic,SYN-006029
CHK-01850,APP-00868,REQ-0234,false,true,synthetic,SYN-006030
CHK-01851,APP-00869,REQ-0233,true,true,synthetic,SYN-006031
CHK-01852,APP-00869,REQ-0234,true,false,synthetic,SYN-006032
CHK-01853,APP-00870,REQ-0233,,true,synthetic,SYN-006033
CHK-01854,APP-00870,REQ-0234,true,true,synthetic,SYN-006034
CHK-01855,APP-00871,REQ-0235,,false,synthetic,SYN-006035
CHK-01856,APP-00871,REQ-0236,,true,synthetic,SYN-006036
CHK-01857,APP-00871,REQ-0237,true,true,synthetic,SYN-006037
CHK-01858,APP-00872,REQ-0235,true,false,synthetic,SYN-006038
CHK-01859,APP-00872,REQ-0236,false,false,synthetic,SYN-006039
CHK-01860,APP-00872,REQ-0237,true,true,synthetic,SYN-006040
CHK-01861,APP-00873,REQ-0235,true,true,synthetic,SYN-006041
CHK-01862,APP-00873,REQ-0236,true,true,synthetic,SYN-006042
CHK-01863,APP-00873,REQ-0237,true,true,synthetic,SYN-006043
CHK-01864,APP-00874,REQ-0235,true,true,synthetic,SYN-006044
CHK-01865,APP-00874,REQ-0236,true,true,synthetic,SYN-006045
CHK-01866,APP-00874,REQ-0237,false,true,synthetic,SYN-006046
CHK-01867,APP-00875,REQ-0235,true,true,synthetic,SYN-006047
CHK-01868,APP-00875,REQ-0236,false,true,synthetic,SYN-006048
CHK-01869,APP-00875,REQ-0237,true,true,synthetic,SYN-006049
CHK-01870,APP-00876,REQ-0235,true,true,synthetic,SYN-006050
CHK-01871,APP-00876,REQ-0236,false,true,synthetic,SYN-006051
CHK-01872,APP-00876,REQ-0237,true,true,synthetic,SYN-006052
CHK-01873,APP-00877,REQ-0235,false,true,synthetic,SYN-006053
CHK-01874,APP-00877,REQ-0236,true,false,synthetic,SYN-006054
CHK-01875,APP-00877,REQ-0237,false,true,synthetic,SYN-006055
CHK-01876,APP-00878,REQ-0235,false,true,synthetic,SYN-006056
CHK-01877,APP-00878,REQ-0236,true,true,synthetic,SYN-006057
CHK-01878,APP-00878,REQ-0237,true,true,synthetic,SYN-006058
CHK-01879,APP-00879,REQ-0235,true,true,synthetic,SYN-006059
CHK-01880,APP-00879,REQ-0236,true,true,synthetic,SYN-006060
CHK-01881,APP-00879,REQ-0237,true,true,synthetic,SYN-006061
CHK-01882,APP-00880,REQ-0235,false,true,synthetic,SYN-006062
CHK-01883,APP-00880,REQ-0236,true,true,synthetic,SYN-006063
CHK-01884,APP-00880,REQ-0237,true,true,synthetic,SYN-006064
CHK-01885,APP-00881,REQ-0238,true,true,synthetic,SYN-006065
CHK-01886,APP-00882,REQ-0238,true,true,synthetic,SYN-006066
CHK-01887,APP-00883,REQ-0238,true,false,synthetic,SYN-006067
CHK-01888,APP-00884,REQ-0238,false,true,synthetic,SYN-006068
CHK-01889,APP-00885,REQ-0238,true,true,synthetic,SYN-006069
CHK-01890,APP-00886,REQ-0238,true,true,synthetic,SYN-006070
CHK-01891,APP-00887,REQ-0238,,true,synthetic,SYN-006071
CHK-01892,APP-00888,REQ-0238,true,true,synthetic,SYN-006072
CHK-01893,APP-00889,REQ-0238,true,true,synthetic,SYN-006073
CHK-01894,APP-00890,REQ-0238,false,true,synthetic,SYN-006074
CHK-01895,APP-00891,REQ-0238,true,true,synthetic,SYN-006075
CHK-01896,APP-00892,REQ-0238,true,true,synthetic,SYN-006076
CHK-01897,APP-00893,REQ-0238,true,false,synthetic,SYN-006077
CHK-01898,APP-00894,REQ-0239,true,true,synthetic,SYN-006078
CHK-01899,APP-00894,REQ-0240,false,false,synthetic,SYN-006079
CHK-01900,APP-00894,REQ-0241,false,true,synthetic,SYN-006080
CHK-01901,APP-00895,REQ-0239,true,true,synthetic,SYN-006081
CHK-01902,APP-00895,REQ-0240,true,false,synthetic,SYN-006082
CHK-01903,APP-00895,REQ-0241,true,true,synthetic,SYN-006083
CHK-01904,APP-00896,REQ-0239,true,true,synthetic,SYN-006084
CHK-01905,APP-00896,REQ-0240,true,true,synthetic,SYN-006085
CHK-01906,APP-00896,REQ-0241,true,false,synthetic,SYN-006086
CHK-01907,APP-00897,REQ-0239,true,false,synthetic,SYN-006087
CHK-01908,APP-00897,REQ-0240,,true,synthetic,SYN-006088
CHK-01909,APP-00897,REQ-0241,true,true,synthetic,SYN-006089
CHK-01910,APP-00898,REQ-0239,,true,synthetic,SYN-006090
CHK-01911,APP-00898,REQ-0240,true,true,synthetic,SYN-006091
CHK-01912,APP-00898,REQ-0241,true,true,synthetic,SYN-006092
CHK-01913,APP-00899,REQ-0242,true,true,synthetic,SYN-006093
CHK-01914,APP-00899,REQ-0243,false,true,synthetic,SYN-006094
CHK-01915,APP-00900,REQ-0242,true,true,synthetic,SYN-006095
CHK-01916,APP-00900,REQ-0243,true,true,synthetic,SYN-006096
CHK-01917,APP-00901,REQ-0242,true,true,synthetic,SYN-006097
CHK-01918,APP-00901,REQ-0243,true,true,synthetic,SYN-006098
CHK-01919,APP-00902,REQ-0242,true,true,synthetic,SYN-006099
CHK-01920,APP-00902,REQ-0243,true,true,synthetic,SYN-006100
CHK-01921,APP-00903,REQ-0242,true,true,synthetic,SYN-006101
CHK-01922,APP-00903,REQ-0243,true,true,synthetic,SYN-006102
CHK-01923,APP-00904,REQ-0242,true,false,synthetic,SYN-006103
CHK-01924,APP-00904,REQ-0243,true,true,synthetic,SYN-006104
CHK-01925,APP-00905,REQ-0242,true,true,synthetic,SYN-006105
CHK-01926,APP-00905,REQ-0243,true,true,synthetic,SYN-006106
CHK-01927,APP-00906,REQ-0242,true,false,synthetic,SYN-006107
CHK-01928,APP-00906,REQ-0243,true,true,synthetic,SYN-006108
CHK-01929,APP-00907,REQ-0242,true,true,synthetic,SYN-006109
CHK-01930,APP-00907,REQ-0243,true,true,synthetic,SYN-006110
CHK-01931,APP-00908,REQ-0242,true,true,synthetic,SYN-006111
CHK-01932,APP-00908,REQ-0243,true,true,synthetic,SYN-006112
CHK-01933,APP-00909,REQ-0242,true,true,synthetic,SYN-006113
CHK-01934,APP-00909,REQ-0243,true,true,synthetic,SYN-006114
CHK-01935,APP-00910,REQ-0244,true,false,synthetic,SYN-006115
CHK-01936,APP-00911,REQ-0244,true,true,synthetic,SYN-006116
CHK-01937,APP-00912,REQ-0245,true,true,synthetic,SYN-006117
CHK-01938,APP-00912,REQ-0246,true,false,synthetic,SYN-006118
CHK-01939,APP-00913,REQ-0245,false,false,synthetic,SYN-006119
CHK-01940,APP-00913,REQ-0246,true,true,synthetic,SYN-006120
CHK-01941,APP-00914,REQ-0245,true,true,synthetic,SYN-006121
CHK-01942,APP-00914,REQ-0246,true,true,synthetic,SYN-006122
CHK-01943,APP-00915,REQ-0245,false,true,synthetic,SYN-006123
CHK-01944,APP-00915,REQ-0246,true,true,synthetic,SYN-006124
CHK-01945,APP-00916,REQ-0245,true,true,synthetic,SYN-006125
CHK-01946,APP-00916,REQ-0246,,true,synthetic,SYN-006126
CHK-01947,APP-00917,REQ-0245,true,true,synthetic,SYN-006127
CHK-01948,APP-00917,REQ-0246,,true,synthetic,SYN-006128
CHK-01949,APP-00918,REQ-0245,false,false,synthetic,SYN-006129
CHK-01950,APP-00918,REQ-0246,true,true,synthetic,SYN-006130
CHK-01951,APP-00919,REQ-0245,true,true,synthetic,SYN-006131
CHK-01952,APP-00919,REQ-0246,false,true,synthetic,SYN-006132
CHK-01953,APP-00920,REQ-0245,true,true,synthetic,SYN-006133
CHK-01954,APP-00920,REQ-0246,true,true,synthetic,SYN-006134
CHK-01955,APP-00921,REQ-0245,true,true,synthetic,SYN-006135
CHK-01956,APP-00921,REQ-0246,true,true,synthetic,SYN-006136
CHK-01957,APP-00922,REQ-0245,true,true,synthetic,SYN-006137
CHK-01958,APP-00922,REQ-0246,true,true,synthetic,SYN-006138
CHK-01959,APP-00923,REQ-0245,true,true,synthetic,SYN-006139
CHK-01960,APP-00923,REQ-0246,true,true,synthetic,SYN-006140
CHK-01961,APP-00924,REQ-0245,true,true,synthetic,SYN-006141
CHK-01962,APP-00924,REQ-0246,false,true,synthetic,SYN-006142
CHK-01963,APP-00925,REQ-0247,true,true,synthetic,SYN-006143
CHK-01964,APP-00926,REQ-0247,true,false,synthetic,SYN-006144
CHK-01965,APP-00927,REQ-0247,true,true,synthetic,SYN-006145
CHK-01966,APP-00928,REQ-0248,true,true,synthetic,SYN-006146
CHK-01967,APP-00928,REQ-0249,true,true,synthetic,SYN-006147
CHK-01968,APP-00928,REQ-0250,true,true,synthetic,SYN-006148
CHK-01969,APP-00929,REQ-0248,true,true,synthetic,SYN-006149
CHK-01970,APP-00929,REQ-0249,true,true,synthetic,SYN-006150
CHK-01971,APP-00929,REQ-0250,,true,synthetic,SYN-006151
CHK-01972,APP-00930,REQ-0248,true,true,synthetic,SYN-006152
CHK-01973,APP-00930,REQ-0249,true,true,synthetic,SYN-006153
CHK-01974,APP-00930,REQ-0250,true,true,synthetic,SYN-006154
CHK-01975,APP-00931,REQ-0248,true,true,synthetic,SYN-006155
CHK-01976,APP-00931,REQ-0249,true,true,synthetic,SYN-006156
CHK-01977,APP-00931,REQ-0250,true,true,synthetic,SYN-006157
CHK-01978,APP-00932,REQ-0251,true,true,synthetic,SYN-006158
CHK-01979,APP-00932,REQ-0252,true,true,synthetic,SYN-006159
CHK-01980,APP-00932,REQ-0253,true,true,synthetic,SYN-006160
CHK-01981,APP-00933,REQ-0251,true,false,synthetic,SYN-006161
CHK-01982,APP-00933,REQ-0252,true,true,synthetic,SYN-006162
CHK-01983,APP-00933,REQ-0253,true,true,synthetic,SYN-006163
CHK-01984,APP-00934,REQ-0251,true,true,synthetic,SYN-006164
CHK-01985,APP-00934,REQ-0252,true,true,synthetic,SYN-006165
CHK-01986,APP-00934,REQ-0253,true,true,synthetic,SYN-006166
CHK-01987,APP-00935,REQ-0251,true,true,synthetic,SYN-006167
CHK-01988,APP-00935,REQ-0252,true,true,synthetic,SYN-006168
CHK-01989,APP-00935,REQ-0253,true,false,synthetic,SYN-006169
CHK-01990,APP-00936,REQ-0251,true,true,synthetic,SYN-006170
CHK-01991,APP-00936,REQ-0252,true,true,synthetic,SYN-006171
CHK-01992,APP-00936,REQ-0253,true,true,synthetic,SYN-006172
CHK-01993,APP-00937,REQ-0251,true,true,synthetic,SYN-006173
CHK-01994,APP-00937,REQ-0252,true,true,synthetic,SYN-006174
CHK-01995,APP-00937,REQ-0253,true,true,synthetic,SYN-006175
CHK-01996,APP-00938,REQ-0251,true,true,synthetic,SYN-006176
CHK-01997,APP-00938,REQ-0252,true,true,synthetic,SYN-006177
CHK-01998,APP-00938,REQ-0253,true,true,synthetic,SYN-006178
CHK-01999,APP-00939,REQ-0251,true,true,synthetic,SYN-006179
CHK-02000,APP-00939,REQ-0252,true,true,synthetic,SYN-006180
CHK-02001,APP-00939,REQ-0253,true,true,synthetic,SYN-006181
CHK-02002,APP-00940,REQ-0251,true,true,synthetic,SYN-006182
CHK-02003,APP-00940,REQ-0252,false,true,synthetic,SYN-006183
CHK-02004,APP-00940,REQ-0253,true,true,synthetic,SYN-006184
