rubric_level_id,criterion_id,rubric_version,level,descriptor,rubric_points,source_type,synthetic_record_id
CRI-0001-L1,CRI-0001,RV-VAC-0001-1,1,[SINTÉTICO] Nivel 1 del criterio «Organización del trabajo»: descriptor conductual de ejemplo.,5,synthetic,SYN-000030
CRI-0001-L2,CRI-0001,RV-VAC-0001-1,2,[SINTÉTICO] Nivel 2 del criterio «Organización del trabajo»: descriptor conductual de ejemplo.,10,synthetic,SYN-000031
CRI-0001-L3,CRI-0001,RV-VAC-0001-1,3,[SINTÉTICO] Nivel 3 del criterio «Organización del trabajo»: descriptor conductual de ejemplo.,15,synthetic,SYN-000032
CRI-0001-L4,CRI-0001,RV-VAC-0001-1,4,[SINTÉTICO] Nivel 4 del criterio «Organización del trabajo»: descriptor conductual de ejemplo.,20,synthetic,SYN-000033
CRI-0002-L1,CRI-0002,RV-VAC-0001-1,1,[SINTÉTICO] Nivel 1 del criterio «Conducción del aprendizaje»: descriptor conductual de ejemplo.,5,synthetic,SYN-000035
CRI-0002-L2,CRI-0002,RV-VAC-0001-1,2,[SINTÉTICO] Nivel 2 del criterio «Conducción del aprendizaje»: descriptor conductual de ejemplo.,10,synthetic,SYN-000036
CRI-0002-L3,CRI-0002,RV-VAC-0001-1,3,[SINTÉTICO] Nivel 3 del criterio «Conducción del aprendizaje»: descriptor conductual de ejemplo.,15,synthetic,SYN-000037
CRI-0002-L4,CRI-0002,RV-VAC-0001-1,4,[SINTÉTICO] Nivel 4 del criterio «Conducción del aprendizaje»: descriptor conductual de ejemplo.,20,synthetic,SYN-000038
CRI-0003-L1,CRI-0003,RV-VAC-0001-1,1,[SINTÉTICO] Nivel 1 del criterio «Trabajo con familias y comunidad»: descriptor conductual de ejemplo.,5,synthetic,SYN-000040
CRI-0003-L2,CRI-0003,RV-VAC-0001-1,2,[SINTÉTICO] Nivel 2 del criterio «Trabajo con familias y comunidad»: descriptor conductual de ejemplo.,10,synthetic,SYN-000041
CRI-0003-L3,CRI-0003,RV-VAC-0001-1,3,[SINTÉTICO] Nivel 3 del criterio «Trabajo con familias y comunidad»: descriptor conductual de ejemplo.,15,synthetic,SYN-000042
CRI-0003-L4,CRI-0003,RV-VAC-0001-1,4,[SINTÉTICO] Nivel 4 del criterio «Trabajo con familias y comunidad»: descriptor conductual de ejemplo.,20,synthetic,SYN-000043
CRI-0004-L1,CRI-0004,RV-VAC-0001-1,1,[SINTÉTICO] Nivel 1 del criterio «Planificación de la enseñanza»: descriptor conductual de ejemplo.,5,synthetic,SYN-000045
CRI-0004-L2,CRI-0004,RV-VAC-0001-1,2,[SINTÉTICO] Nivel 2 del criterio «Planificación de la enseñanza»: descriptor conductual de ejemplo.,10,synthetic,SYN-000046
CRI-0004-L3,CRI-0004,RV-VAC-0001-1,3,[SINTÉTICO] Nivel 3 del criterio «Planificación de la enseñanza»: descriptor conductual de ejemplo.,15,synthetic,SYN-000047
CRI-0004-L4,CRI-0004,RV-VAC-0001-1,4,[SINTÉTICO] Nivel 4 del criterio «Planificación de la enseñanza»: descriptor conductual de ejemplo.,20,synthetic,SYN-000048
CRI-0005-L1,CRI-0005,RV-VAC-0001-1,1,[SINTÉTICO] Nivel 1 del criterio «Desarrollo profesional»: descriptor conductual de ejemplo.,5,synthetic,SYN-000050
CRI-0005-L2,CRI-0005,RV-VAC-0001-1,2,[SINTÉTICO] Nivel 2 del criterio «Desarrollo profesional»: descriptor conductual de ejemplo.,10,synthetic,SYN-000051
CRI-0005-L3,CRI-0005,RV-VAC-0001-1,3,[SINTÉTICO] Nivel 3 del criterio «Desarrollo profesional»: descriptor conductual de ejemplo.,15,synthetic,SYN-000052
CRI-0005-L4,CRI-0005,RV-VAC-0001-1,4,[SINTÉTICO] Nivel 4 del criterio «Desarrollo profesional»: descriptor conductual de ejemplo.,20,synthetic,SYN-000053
CRI-0006-L1,CRI-0006,RV-VAC-0001-1,1,[SINTÉTICO] Nivel 1 del criterio «Evaluación formativa»: descriptor conductual de ejemplo.,5,synthetic,SYN-000055
CRI-0006-L2,CRI-0006,RV-VAC-0001-1,2,[SINTÉTICO] Nivel 2 del criterio «Evaluación formativa»: descriptor conductual de ejemplo.,10,synthetic,SYN-000056
CRI-0006-L3,CRI-0006,RV-VAC-0001-1,3,[SINTÉTICO] Nivel 3 del criterio «Evaluación formativa»: descriptor conductual de ejemplo.,15,synthetic,SYN-000057
CRI-0006-L4,CRI-0006,RV-VAC-0001-1,4,[SINTÉTICO] Nivel 4 del criterio «Evaluación formativa»: descriptor conductual de ejemplo.,20,synthetic,SYN-000058
CRI-0007-L1,CRI-0007,RV-VAC-0002-1,1,[SINTÉTICO] Nivel 1 del criterio «Conducción del aprendizaje»: descriptor conductual de ejemplo.,5,synthetic,SYN-000062
CRI-0007-L2,CRI-0007,RV-VAC-0002-1,2,[SINTÉTICO] Nivel 2 del criterio «Conducción del aprendizaje»: descriptor conductual de ejemplo.,10,synthetic,SYN-000063
CRI-0007-L3,CRI-0007,RV-VAC-0002-1,3,[SINTÉTICO] Nivel 3 del criterio «Conducción del aprendizaje»: descriptor conductual de ejemplo.,15,synthetic,SYN-000064
CRI-0007-L4,CRI-0007,RV-VAC-0002-1,4,[SINTÉTICO] Nivel 4 del criterio «Conducción del aprendizaje»: descriptor conductual de ejemplo.,20,synthetic,SYN-000065
CRI-0008-L1,CRI-0008,RV-VAC-0002-1,1,[SINTÉTICO] Nivel 1 del criterio «Evaluación formativa»: descriptor conductual de ejemplo.,5,synthetic,SYN-000067
CRI-0008-L2,CRI-0008,RV-VAC-0002-1,2,[SINTÉTICO] Nivel 2 del criterio «Evaluación formativa»: descriptor conductual de ejemplo.,10,synthetic,SYN-000068
CRI-0008-L3,CRI-0008,RV-VAC-0002-1,3,[SINTÉTICO] Nivel 3 del criterio «Evaluación formativa»: descriptor conductual de ejemplo.,15,synthetic,SYN-000069
CRI-0008-L4,CRI-0008,RV-VAC-0002-1,4,[SINTÉTICO] Nivel 4 del criterio «Evaluación formativa»: descriptor conductual de ejemplo.,20,synthetic,SYN-000070
CRI-0009-L1,CRI-0009,RV-VAC-0002-1,1,[SINTÉTICO] Nivel 1 del criterio «Trabajo con familias y comunidad»: descriptor conductual de ejemplo.,5,synthetic,SYN-000072
CRI-0009-L2,CRI-0009,RV-VAC-0002-1,2,[SINTÉTICO] Nivel 2 del criterio «Trabajo con familias y comunidad»: descriptor conductual de ejemplo.,10,synthetic,SYN-000073
CRI-0009-L3,CRI-0009,RV-VAC-0002-1,3,[SINTÉTICO] Nivel 3 del criterio «Trabajo con familias y comunidad»: descriptor conductual de ejemplo.,15,synthetic,SYN-000074
CRI-0009-L4,CRI-0009,RV-VAC-0002-1,4,[SINTÉTICO] Nivel 4 del criterio «Trabajo con familias y comunidad»: descriptor conductual de ejemplo.,20,synthetic,SYN-000075
CRI-0010-L1,CRI-0010,RV-VAC-0002-1,1,[SINTÉTICO] Nivel 1 del criterio «Desarrollo profesional»: descriptor conductual de ejemplo.,5,synthetic,SYN-000077
CRI-0010-L2,CRI-0010,RV-VAC-0002-1,2,[SINTÉTICO] Nivel 2 del criterio «Desarrollo profesional»: descriptor conductual de ejemplo.,10,synthetic,SYN-000078
CRI-0010-L3,CRI-0010,RV-VAC-0002-1,3,[SINTÉTICO] Nivel 3 del criterio «Desarrollo profesional»: descriptor conductual de ejemplo.,15,synthetic,SYN-000079
CRI-0010-L4,CRI-0010,RV-VAC-0002-1,4,[SINTÉTICO] Nivel 4 del criterio «Desarrollo profesional»: descriptor conductual de ejemplo.,20,synthetic,SYN-000080
CRI-0011-L1,CRI-0011,RV-VAC-0003-1,1,[SINTÉTICO] Nivel 1 del criterio «Planificación de la enseñanza»: descriptor conductual de ejemplo.,5,synthetic,SYN-000085
CRI-0011-L2,CRI-0011,RV-VAC-0003-1,2,[SINTÉTICO] Nivel 2 del criterio «Planificación de la enseñanza»: descriptor conductual de ejemplo.,10,synthetic,SYN-000086
CRI-0011-L3,CRI-0011,RV-VAC-0003-1,3,[SINTÉTICO] Nivel 3 del criterio «Planificación de la enseñanza»: descriptor conductual de ejemplo.,15,synthetic,SYN-000087
CRI-0011-L4,CRI-0011,RV-VAC-0003-1,4,[SINTÉTICO] Nivel 4 del criterio «Planificación de la enseñanza»: descriptor conductual de ejemplo.,20,synthetic,SYN-000088
CRI-0012-L1,CRI-0012,RV-VAC-0003-1,1,[SINTÉTICO] Nivel 1 del criterio «Conducción del aprendizaje»: descriptor conductual de ejemplo.,5,synthetic,SYN-000090
CRI-0012-L2,CRI-0012,RV-VAC-0003-1,2,[SINTÉTICO] Nivel 2 del criterio «Conducción del aprendizaje»: descriptor conductual de ejemplo.,10,synthetic,SYN-000091
CRI-0012-L3,CRI-0012,RV-VAC-0003-1,3,[SINTÉTICO] Nivel 3 del criterio «Conducción del aprendizaje»: descriptor conductual de ejemplo.,15,synthetic,SYN-000092
CRI-0012-L4,CRI-0012,RV-VAC-0003-1,4,[SINTÉTICO] Nivel 4 del criterio «Conducción del aprendizaje»: descriptor conductual de ejemplo.,20,synthetic,SYN-000093
CRI-0013-L1,CRI-0013,RV-VAC-0003-1,1,[SINTÉTICO] Nivel 1 del criterio «Desarrollo profesional»: descriptor conductual de ejemplo.,5,synthetic,SYN-000095
CRI-0013-L2,CRI-0013,RV-VAC-0003-1,2,[SINTÉTICO] Nivel 2 del criterio «Desarrollo profesional»: descriptor conductual de ejemplo.,10,synthetic,SYN-000096
CRI-0013-L3,CRI-0013,RV-VAC-0003-1,3,[SINTÉTICO] Nivel 3 del criterio «Desarrollo profesional»: descriptor conductual de ejemplo.,15,synthetic,SYN-000097
CRI-0013-L4,CRI-0013,RV-VAC-0003-1,4,[SINTÉTICO] Nivel 4 del criterio «Desarrollo profesional»: descriptor conductual de ejemplo.,20,synthetic,SYN-000098
CRI-0014-L1,CRI-0014,RV-VAC-0003-1,1,[SINTÉTICO] Nivel 1 del criterio «Trabajo con familias y comunidad»: descriptor conductual de ejemplo.,5,synthetic,SYN-000100
CRI-0014-L2,CRI-0014,RV-VAC-0003-1,2,[SINTÉTICO] Nivel 2 del criterio «Trabajo con familias y comunidad»: descriptor conductual de ejemplo.,10,synthetic,SYN-000101
CRI-0014-L3,CRI-0014,RV-VAC-0003-1,3,[SINTÉTICO] Nivel 3 del criterio «Trabajo con familias y comunidad»: descriptor conductual de ejemplo.,15,synthetic,SYN-000102
CRI-0014-L4,CRI-0014,RV-VAC-0003-1,4,[SINTÉTICO] Nivel 4 del criterio «Trabajo con familias y comunidad»: descriptor conductual de ejemplo.,20,synthetic,SYN-000103
CRI-0015-L1,CRI-0015,RV-VAC-0003-1,1,[SINTÉTICO] Nivel 1 del criterio «Evaluación formativa»: descriptor conductual de ejemplo.,5,synthetic,SYN-000105
CRI-0015-L2,CRI-0015,RV-VAC-0003-1,2,[SINTÉTICO] Nivel 2 del criterio «Evaluación formativa»: descriptor conductual de ejemplo.,10,synthetic,SYN-000106
CRI-0015-L3,CRI-0015,RV-VAC-0003-1,3,[SINTÉTICO] Nivel 3 del criterio «Evaluación formativa»: descriptor conductual de ejemplo.,15,synthetic,SYN-000107
CRI-0015-L4,CRI-0015,RV-VAC-0003-1,4,[SINTÉTICO] Nivel 4 del criterio «Evaluación formativa»: descriptor conductual de ejemplo.,20,synthetic,SYN-000108
CRI-0016-L1,CRI-0016,RV-VAC-0004-1,1,[SINTÉTICO] Nivel 1 del criterio «Atención al usuario»: descriptor conductual de ejemplo.,5,synthetic,SYN-000112
CRI-0016-L2,CRI-0016,RV-VAC-0004-1,2,[SINTÉTICO] Nivel 2 del criterio «Atención al usuario»: descriptor conductual de ejemplo.,10,synthetic,SYN-000113
CRI-0016-L3,CRI-0016,RV-VAC-0004-1,3,[SINTÉTICO] Nivel 3 del criterio «Atención al usuario»: descriptor conductual de ejemplo.,15,synthetic,SYN-000114
CRI-0016-L4,CRI-0016,RV-VAC-0004-1,4,[SINTÉTICO] Nivel 4 del criterio «Atención al usuario»: descriptor conductual de ejemplo.,20,synthetic,SYN-000115
CRI-0017-L1,CRI-0017,RV-VAC-0004-1,1,[SINTÉTICO] Nivel 1 del criterio «Organización del trabajo»: descriptor conductual de ejemplo.,5,synthetic,SYN-000117
CRI-0017-L2,CRI-0017,RV-VAC-0004-1,2,[SINTÉTICO] Nivel 2 del criterio «Organización del trabajo»: descriptor conductual de ejemplo.,10,synthetic,SYN-000118
CRI-0017-L3,CRI-0017,RV-VAC-0004-1,3,[SINTÉTICO] Nivel 3 del criterio «Organización del trabajo»: descriptor conductual de ejemplo.,15,synthetic,SYN-000119
CRI-0017-L4,CRI-0017,RV-VAC-0004-1,4,[SINTÉTICO] Nivel 4 del criterio «Organización del trabajo»: descriptor conductual de ejemplo.,20,synthetic,SYN-000120
CRI-0018-L1,CRI-0018,RV-VAC-0004-1,1,[SINTÉTICO] Nivel 1 del criterio «Gestión administrativa»: descriptor conductual de ejemplo.,5,synthetic,SYN-000122
CRI-0018-L2,CRI-0018,RV-VAC-0004-1,2,[SINTÉTICO] Nivel 2 del criterio «Gestión administrativa»: descriptor conductual de ejemplo.,10,synthetic,SYN-000123
CRI-0018-L3,CRI-0018,RV-VAC-0004-1,3,[SINTÉTICO] Nivel 3 del criterio «Gestión administrativa»: descriptor conductual de ejemplo.,15,synthetic,SYN-000124
CRI-0018-L4,CRI-0018,RV-VAC-0004-1,4,[SINTÉTICO] Nivel 4 del criterio «Gestión administrativa»: descriptor conductual de ejemplo.,20,synthetic,SYN-000125
CRI-0019-L1,CRI-0019,RV-VAC-0004-1,1,[SINTÉTICO] Nivel 1 del criterio «Desarrollo profesional»: descriptor conductual de ejemplo.,5,synthetic,SYN-000127
CRI-0019-L2,CRI-0019,RV-VAC-0004-1,2,[SINTÉTICO] Nivel 2 del criterio «Desarrollo profesional»: descriptor conductual de ejemplo.,10,synthetic,SYN-000128
CRI-0019-L3,CRI-0019,RV-VAC-0004-1,3,[SINTÉTICO] Nivel 3 del criterio «Desarrollo profesional»: descriptor conductual de ejemplo.,15,synthetic,SYN-000129
CRI-0019-L4,CRI-0019,RV-VAC-0004-1,4,[SINTÉTICO] Nivel 4 del criterio «Desarrollo profesional»: descriptor conductual de ejemplo.,20,synthetic,SYN-000130
CRI-0020-L1,CRI-0020,RV-VAC-0005-1,1,[SINTÉTICO] Nivel 1 del criterio «Desarrollo profesional»: descriptor conductual de ejemplo.,5,synthetic,SYN-000136
CRI-0020-L2,CRI-0020,RV-VAC-0005-1,2,[SINTÉTICO] Nivel 2 del criterio «Desarrollo profesional»: descriptor conductual de ejemplo.,10,synthetic,SYN-000137
CRI-0020-L3,CRI-0020,RV-VAC-0005-1,3,[SINTÉTICO] Nivel 3 del criterio «Desarrollo profesional»: descriptor conductual de ejemplo.,15,synthetic,SYN-000138
CRI-0020-L4,CRI-0020,RV-VAC-0005-1,4,[SINTÉTICO] Nivel 4 del criterio «Desarrollo profesional»: descriptor conductual de ejemplo.,20,synthetic,SYN-000139
CRI-0021-L1,CRI-0021,RV-VAC-0005-1,1,[SINTÉTICO] Nivel 1 del criterio «Planificación de la enseñanza»: descriptor conductual de ejemplo.,5,synthetic,SYN-000141
CRI-0021-L2,CRI-0021,RV-VAC-0005-1,2,[SINTÉTICO] Nivel 2 del criterio «Planificación de la enseñanza»: descriptor conductual de ejemplo.,10,synthetic,SYN-000142
CRI-0021-L3,CRI-0021,RV-VAC-0005-1,3,[SINTÉTICO] Nivel 3 del criterio «Planificación de la enseñanza»: descriptor conductual de ejemplo.,15,synthetic,SYN-000143
CRI-0021-L4,CRI-0021,RV-VAC-0005-1,4,[SINTÉTICO] Nivel 4 del criterio «Planificación de la enseñanza»: descriptor conductual de ejemplo.,20,synthetic,SYN-000144
CRI-0022-L1,CRI-0022,RV-VAC-0005-1,1,[SINTÉTICO] Nivel 1 del criterio «Conducción del aprendizaje»: descriptor conductual de ejemplo.,5,synthetic,SYN-000146
CRI-0022-L2,CRI-0022,RV-VAC-0005-1,2,[SINTÉTICO] Nivel 2 del criterio «Conducción del aprendizaje»: descriptor conductual de ejemplo.,10,synthetic,SYN-000147
CRI-0022-L3,CRI-0022,RV-VAC-0005-1,3,[SINTÉTICO] Nivel 3 del criterio «Conducción del aprendizaje»: descriptor conductual de ejemplo.,15,synthetic,SYN-000148
CRI-0022-L4,CRI-0022,RV-VAC-0005-1,4,[SINTÉTICO] Nivel 4 del criterio «Conducción del aprendizaje»: descriptor conductual de ejemplo.,20,synthetic,SYN-000149
CRI-0023-L1,CRI-0023,RV-VAC-0005-1,1,[SINTÉTICO] Nivel 1 del criterio «Organización del trabajo»: descriptor conductual de ejemplo.,5,synthetic,SYN-000151
CRI-0023-L2,CRI-0023,RV-VAC-0005-1,2,[SINTÉTICO] Nivel 2 del criterio «Organización del trabajo»: descriptor conductual de ejemplo.,10,synthetic,SYN-000152
CRI-0023-L3,CRI-0023,RV-VAC-0005-1,3,[SINTÉTICO] Nivel 3 del criterio «Organización del trabajo»: descriptor conductual de ejemplo.,15,synthetic,SYN-000153
CRI-0023-L4,CRI-0023,RV-VAC-0005-1,4,[SINTÉTICO] Nivel 4 del criterio «Organización del trabajo»: descriptor conductual de ejemplo.,20,synthetic,SYN-000154
CRI-0024-L1,CRI-0024,RV-VAC-0005-1,1,[SINTÉTICO] Nivel 1 del criterio «Trabajo con familias y comunidad»: descriptor conductual de ejemplo.,5,synthetic,SYN-000156
CRI-0024-L2,CRI-0024,RV-VAC-0005-1,2,[SINTÉTICO] Nivel 2 del criterio «Trabajo con familias y comunidad»: descriptor conductual de ejemplo.,10,synthetic,SYN-000157
CRI-0024-L3,CRI-0024,RV-VAC-0005-1,3,[SINTÉTICO] Nivel 3 del criterio «Trabajo con familias y comunidad»: descriptor conductual de ejemplo.,15,synthetic,SYN-000158
CRI-0024-L4,CRI-0024,RV-VAC-0005-1,4,[SINTÉTICO] Nivel 4 del criterio «Trabajo con familias y comunidad»: descriptor conductual de ejemplo.,20,synthetic,SYN-000159
CRI-0025-L1,CRI-0025,RV-VAC-0005-1,1,[SINTÉTICO] Nivel 1 del criterio «Evaluación formativa»: descriptor conductual de ejemplo.,5,synthetic,SYN-000161
CRI-0025-L2,CRI-0025,RV-VAC-0005-1,2,[SINTÉTICO] Nivel 2 del criterio «Evaluación formativa»: descriptor conductual de ejemplo.,10,synthetic,SYN-000162
CRI-0025-L3,CRI-0025,RV-VAC-0005-1,3,[SINTÉTICO] Nivel 3 del criterio «Evaluación formativa»: descriptor conductual de ejemplo.,15,synthetic,SYN-000163
CRI-0025-L4,CRI-0025,RV-VAC-0005-1,4,[SINTÉTICO] Nivel 4 del criterio «Evaluación formativa»: descriptor conductual de ejemplo.,20,synthetic,SYN-000164
CRI-0026-L1,CRI-0026,RV-VAC-0006-1,1,[SINTÉTICO] Nivel 1 del criterio «Planificación de la enseñanza»: descriptor conductual de ejemplo.,5,synthetic,SYN-000170
CRI-0026-L2,CRI-0026,RV-VAC-0006-1,2,[SINTÉTICO] Nivel 2 del criterio «Planificación de la enseñanza»: descriptor conductual de ejemplo.,10,synthetic,SYN-000171
CRI-0026-L3,CRI-0026,RV-VAC-0006-1,3,[SINTÉTICO] Nivel 3 del criterio «Planificación de la enseñanza»: descriptor conductual de ejemplo.,15,synthetic,SYN-000172
CRI-0026-L4,CRI-0026,RV-VAC-0006-1,4,[SINTÉTICO] Nivel 4 del criterio «Planificación de la enseñanza»: descriptor conductual de ejemplo.,20,synthetic,SYN-000173
CRI-0027-L1,CRI-0027,RV-VAC-0006-1,1,[SINTÉTICO] Nivel 1 del criterio «Conducción del aprendizaje»: descriptor conductual de ejemplo.,5,synthetic,SYN-000175
CRI-0027-L2,CRI-0027,RV-VAC-0006-1,2,[SINTÉTICO] Nivel 2 del criterio «Conducción del aprendizaje»: descriptor conductual de ejemplo.,10,synthetic,SYN-000176
CRI-0027-L3,CRI-0027,RV-VAC-0006-1,3,[SINTÉTICO] Nivel 3 del criterio «Conducción del aprendizaje»: descriptor conductual de ejemplo.,15,synthetic,SYN-000177
CRI-0027-L4,CRI-0027,RV-VAC-0006-1,4,[SINTÉTICO] Nivel 4 del criterio «Conducción del aprendizaje»: descriptor conductual de ejemplo.,20,synthetic,SYN-000178
CRI-0028-L1,CRI-0028,RV-VAC-0006-1,1,[SINTÉTICO] Nivel 1 del criterio «Organización del trabajo»: descriptor conductual de ejemplo.,5,synthetic,SYN-000180
CRI-0028-L2,CRI-0028,RV-VAC-0006-1,2,[SINTÉTICO] Nivel 2 del criterio «Organización del trabajo»: descriptor conductual de ejemplo.,10,synthetic,SYN-000181
CRI-0028-L3,CRI-0028,RV-VAC-0006-1,3,[SINTÉTICO] Nivel 3 del criterio «Organización del trabajo»: descriptor conductual de ejemplo.,15,synthetic,SYN-000182
CRI-0028-L4,CRI-0028,RV-VAC-0006-1,4,[SINTÉTICO] Nivel 4 del criterio «Organización del trabajo»: descriptor conductual de ejemplo.,20,synthetic,SYN-000183
CRI-0029-L1,CRI-0029,RV-VAC-0006-1,1,[SINTÉTICO] Nivel 1 del criterio «Evaluación formativa»: descriptor conductual de ejemplo.,5,synthetic,SYN-000185
CRI-0029-L2,CRI-0029,RV-VAC-0006-1,2,[SINTÉTICO] Nivel 2 del criterio «Evaluación formativa»: descriptor conductual de ejemplo.,10,synthetic,SYN-000186
CRI-0029-L3,CRI-0029,RV-VAC-0006-1,3,[SINTÉTICO] Nivel 3 del criterio «Evaluación formativa»: descriptor conductual de ejemplo.,15,synthetic,SYN-000187
CRI-0029-L4,CRI-0029,RV-VAC-0006-1,4,[SINTÉTICO] Nivel 4 del criterio «Evaluación formativa»: descriptor conductual de ejemplo.,20,synthetic,SYN-000188
CRI-0030-L1,CRI-0030,RV-VAC-0007-1,1,[SINTÉTICO] Nivel 1 del criterio «Conducción del aprendizaje»: descriptor conductual de ejemplo.,5,synthetic,SYN-000192
CRI-0030-L2,CRI-0030,RV-VAC-0007-1,2,[SINTÉTICO] Nivel 2 del criterio «Conducción del aprendizaje»: descriptor conductual de ejemplo.,10,synthetic,SYN-000193
CRI-0030-L3,CRI-0030,RV-VAC-0007-1,3,[SINTÉTICO] Nivel 3 del criterio «Conducción del aprendizaje»: descriptor conductual de ejemplo.,15,synthetic,SYN-000194
CRI-0030-L4,CRI-0030,RV-VAC-0007-1,4,[SINTÉTICO] Nivel 4 del criterio «Conducción del aprendizaje»: descriptor conductual de ejemplo.,20,synthetic,SYN-000195
CRI-0031-L1,CRI-0031,RV-VAC-0007-1,1,[SINTÉTICO] Nivel 1 del criterio «Organización del trabajo»: descriptor conductual de ejemplo.,5,synthetic,SYN-000197
CRI-0031-L2,CRI-0031,RV-VAC-0007-1,2,[SINTÉTICO] Nivel 2 del criterio «Organización del trabajo»: descriptor conductual de ejemplo.,10,synthetic,SYN-000198
CRI-0031-L3,CRI-0031,RV-VAC-0007-1,3,[SINTÉTICO] Nivel 3 del criterio «Organización del trabajo»: descriptor conductual de ejemplo.,15,synthetic,SYN-000199
CRI-0031-L4,CRI-0031,RV-VAC-0007-1,4,[SINTÉTICO] Nivel 4 del criterio «Organización del trabajo»: descriptor conductual de ejemplo.,20,synthetic,SYN-000200
CRI-0032-L1,CRI-0032,RV-VAC-0007-1,1,[SINTÉTICO] Nivel 1 del criterio «Evaluación formativa»: descriptor conductual de ejemplo.,5,synthetic,SYN-000202
CRI-0032-L2,CRI-0032,RV-VAC-0007-1,2,[SINTÉTICO] Nivel 2 del criterio «Evaluación formativa»: descriptor conductual de ejemplo.,10,synthetic,SYN-000203
CRI-0032-L3,CRI-0032,RV-VAC-0007-1,3,[SINTÉTICO] Nivel 3 del criterio «Evaluación formativa»: descriptor conductual de ejemplo.,15,synthetic,SYN-000204
CRI-0032-L4,CRI-0032,RV-VAC-0007-1,4,[SINTÉTICO] Nivel 4 del criterio «Evaluación formativa»: descriptor conductual de ejemplo.,20,synthetic,SYN-000205
CRI-0033-L1,CRI-0033,RV-VAC-0007-1,1,[SINTÉTICO] Nivel 1 del criterio «Desarrollo profesional»: descriptor conductual de ejemplo.,5,synthetic,SYN-000207
CRI-0033-L2,CRI-0033,RV-VAC-0007-1,2,[SINTÉTICO] Nivel 2 del criterio «Desarrollo profesional»: descriptor conductual de ejemplo.,10,synthetic,SYN-000208
CRI-0033-L3,CRI-0033,RV-VAC-0007-1,3,[SINTÉTICO] Nivel 3 del criterio «Desarrollo profesional»: descriptor conductual de ejemplo.,15,synthetic,SYN-000209
CRI-0033-L4,CRI-0033,RV-VAC-0007-1,4,[SINTÉTICO] Nivel 4 del criterio «Desarrollo profesional»: descriptor conductual de ejemplo.,20,synthetic,SYN-000210
CRI-0034-L1,CRI-0034,RV-VAC-0007-1,1,[SINTÉTICO] Nivel 1 del criterio «Planificación de la enseñanza»: descriptor conductual de ejemplo.,5,synthetic,SYN-000212
CRI-0034-L2,CRI-0034,RV-VAC-0007-1,2,[SINTÉTICO] Nivel 2 del criterio «Planificación de la enseñanza»: descriptor conductual de ejemplo.,10,synthetic,SYN-000213
CRI-0034-L3,CRI-0034,RV-VAC-0007-1,3,[SINTÉTICO] Nivel 3 del criterio «Planificación de la enseñanza»: descriptor conductual de ejemplo.,15,synthetic,SYN-000214
CRI-0034-L4,CRI-0034,RV-VAC-0007-1,4,[SINTÉTICO] Nivel 4 del criterio «Planificación de la enseñanza»: descriptor conductual de ejemplo.,20,synthetic,SYN-000215
CRI-0035-L1,CRI-0035,RV-VAC-0008-1,1,[SINTÉTICO] Nivel 1 del criterio «Evaluación formativa»: descriptor conductual de ejemplo.,5,synthetic,SYN-000221
CRI-0035-L2,CRI-0035,RV-VAC-0008-1,2,[SINTÉTICO] Nivel 2 del criterio «Evaluación formativa»: descriptor conductual de ejemplo.,10,synthetic,SYN-000222
CRI-0035-L3,CRI-0035,RV-VAC-0008-1,3,[SINTÉTICO] Nivel 3 del criterio «Evaluación formativa»: descriptor conductual de ejemplo.,15,synthetic,SYN-000223
CRI-0035-L4,CRI-0035,RV-VAC-0008-1,4,[SINTÉTICO] Nivel 4 del criterio «Evaluación formativa»: descriptor conductual de ejemplo.,20,synthetic,SYN-000224
CRI-0036-L1,CRI-0036,RV-VAC-0008-1,1,[SINTÉTICO] Nivel 1 del criterio «Desarrollo profesional»: descriptor conductual de ejemplo.,5,synthetic,SYN-000226
CRI-0036-L2,CRI-0036,RV-VAC-0008-1,2,[SINTÉTICO] Nivel 2 del criterio «Desarrollo profesional»: descriptor conductual de ejemplo.,10,synthetic,SYN-000227
CRI-0036-L3,CRI-0036,RV-VAC-0008-1,3,[SINTÉTICO] Nivel 3 del criterio «Desarrollo profesional»: descriptor conductual de ejemplo.,15,synthetic,SYN-000228
CRI-0036-L4,CRI-0036,RV-VAC-0008-1,4,[SINTÉTICO] Nivel 4 del criterio «Desarrollo profesional»: descriptor conductual de ejemplo.,20,synthetic,SYN-000229
CRI-0037-L1,CRI-0037,RV-VAC-0008-1,1,[SINTÉTICO] Nivel 1 del criterio «Organización del trabajo»: descriptor conductual de ejemplo.,5,synthetic,SYN-000231
CRI-0037-L2,CRI-0037,RV-VAC-0008-1,2,[SINTÉTICO] Nivel 2 del criterio «Organización del trabajo»: descriptor conductual de ejemplo.,10,synthetic,SYN-000232
CRI-0037-L3,CRI-0037,RV-VAC-0008-1,3,[SINTÉTICO] Nivel 3 del criterio «Organización del trabajo»: descriptor conductual de ejemplo.,15,synthetic,SYN-000233
CRI-0037-L4,CRI-0037,RV-VAC-0008-1,4,[SINTÉTICO] Nivel 4 del criterio «Organización del trabajo»: descriptor conductual de ejemplo.,20,synthetic,SYN-000234
CRI-0038-L1,CRI-0038,RV-VAC-0008-1,1,[SINTÉTICO] Nivel 1 del criterio «Trabajo con familias y comunidad»: descriptor conductual de ejemplo.,5,synthetic,SYN-000236
CRI-0038-L2,CRI-0038,RV-VAC-0008-1,2,[SINTÉTICO] Nivel 2 del criterio «Trabajo con familias y comunidad»: descriptor conductual de ejemplo.,10,synthetic,SYN-000237
CRI-0038-L3,CRI-0038,RV-VAC-0008-1,3,[SINTÉTICO] Nivel 3 del criterio «Trabajo con familias y comunidad»: descriptor conductual de ejemplo.,15,synthetic,SYN-000238
CRI-0038-L4,CRI-0038,RV-VAC-0008-1,4,[SINTÉTICO] Nivel 4 del criterio «Trabajo con familias y comunidad»: descriptor conductual de ejemplo.,20,synthetic,SYN-000239
CRI-0039-L1,CRI-0039,RV-VAC-0008-1,1,[SINTÉTICO] Nivel 1 del criterio «Conducción del aprendizaje»: descriptor conductual de ejemplo.,5,synthetic,SYN-000241
CRI-0039-L2,CRI-0039,RV-VAC-0008-1,2,[SINTÉTICO] Nivel 2 del criterio «Conducción del aprendizaje»: descriptor conductual de ejemplo.,10,synthetic,SYN-000242
CRI-0039-L3,CRI-0039,RV-VAC-0008-1,3,[SINTÉTICO] Nivel 3 del criterio «Conducción del aprendizaje»: descriptor conductual de ejemplo.,15,synthetic,SYN-000243
CRI-0039-L4,CRI-0039,RV-VAC-0008-1,4,[SINTÉTICO] Nivel 4 del criterio «Conducción del aprendizaje»: descriptor conductual de ejemplo.,20,synthetic,SYN-000244
CRI-0040-L1,CRI-0040,RV-VAC-0008-1,1,[SINTÉTICO] Nivel 1 del criterio «Planificación de la enseñanza»: descriptor conductual de ejemplo.,5,synthetic,SYN-000246
CRI-0040-L2,CRI-0040,RV-VAC-0008-1,2,[SINTÉTICO] Nivel 2 del criterio «Planificación de la enseñanza»: descriptor conductual de ejemplo.,10,synthetic,SYN-000247
CRI-0040-L3,CRI-0040,RV-VAC-0008-1,3,[SINTÉTICO] Nivel 3 del criterio «Planificación de la enseñanza»: descriptor conductual de ejemplo.,15,synthetic,SYN-000248
CRI-0040-L4,CRI-0040,RV-VAC-0008-1,4,[SINTÉTICO] Nivel 4 del criterio «Planificación de la enseñanza»: descriptor conductual de ejemplo.,20,synthetic,SYN-000249
CRI-0041-L1,CRI-0041,RV-VAC-0009-1,1,[SINTÉTICO] Nivel 1 del criterio «Gestión administrativa»: descriptor conductual de ejemplo.,5,synthetic,SYN-000254
CRI-0041-L2,CRI-0041,RV-VAC-0009-1,2,[SINTÉTICO] Nivel 2 del criterio «Gestión administrativa»: descriptor conductual de ejemplo.,10,synthetic,SYN-000255
CRI-0041-L3,CRI-0041,RV-VAC-0009-1,3,[SINTÉTICO] Nivel 3 del criterio «Gestión administrativa»: descriptor conductual de ejemplo.,15,synthetic,SYN-000256
CRI-0041-L4,CRI-0041,RV-VAC-0009-1,4,[SINTÉTICO] Nivel 4 del criterio «Gestión administrativa»: descriptor conductual de ejemplo.,20,synthetic,SYN-000257
CRI-0042-L1,CRI-0042,RV-VAC-0009-1,1,[SINTÉTICO] Nivel 1 del criterio «Desarrollo profesional»: descriptor conductual de ejemplo.,5,synthetic,SYN-000259
CRI-0042-L2,CRI-0042,RV-VAC-0009-1,2,[SINTÉTICO] Nivel 2 del criterio «Desarrollo profesional»: descriptor conductual de ejemplo.,10,synthetic,SYN-000260
CRI-0042-L3,CRI-0042,RV-VAC-0009-1,3,[SINTÉTICO] Nivel 3 del criterio «Desarrollo profesional»: descriptor conductual de ejemplo.,15,synthetic,SYN-000261
CRI-0042-L4,CRI-0042,RV-VAC-0009-1,4,[SINTÉTICO] Nivel 4 del criterio «Desarrollo profesional»: descriptor conductual de ejemplo.,20,synthetic,SYN-000262
CRI-0043-L1,CRI-0043,RV-VAC-0009-1,1,[SINTÉTICO] Nivel 1 del criterio «Atención al usuario»: descriptor conductual de ejemplo.,5,synthetic,SYN-000264
CRI-0043-L2,CRI-0043,RV-VAC-0009-1,2,[SINTÉTICO] Nivel 2 del criterio «Atención al usuario»: descriptor conductual de ejemplo.,10,synthetic,SYN-000265
CRI-0043-L3,CRI-0043,RV-VAC-0009-1,3,[SINTÉTICO] Nivel 3 del criterio «Atención al usuario»: descriptor conductual de ejemplo.,15,synthetic,SYN-000266
CRI-0043-L4,CRI-0043,RV-VAC-0009-1,4,[SINTÉTICO] Nivel 4 del criterio «Atención al usuario»: descriptor conductual de ejemplo.,20,synthetic,SYN-000267
CRI-0044-L1,CRI-0044,RV-VAC-0009-1,1,[SINTÉTICO] Nivel 1 del criterio «Organización del trabajo»: descriptor conductual de ejemplo.,5,synthetic,SYN-000269
CRI-0044-L2,CRI-0044,RV-VAC-0009-1,2,[SINTÉTICO] Nivel 2 del criterio «Organización del trabajo»: descriptor conductual de ejemplo.,10,synthetic,SYN-000270
CRI-0044-L3,CRI-0044,RV-VAC-0009-1,3,[SINTÉTICO] Nivel 3 del criterio «Organización del trabajo»: descriptor conductual de ejemplo.,15,synthetic,SYN-000271
CRI-0044-L4,CRI-0044,RV-VAC-0009-1,4,[SINTÉTICO] Nivel 4 del criterio «Organización del trabajo»: descriptor conductual de ejemplo.,20,synthetic,SYN-000272
CRI-0045-L1,CRI-0045,RV-VAC-0010-1,1,[SINTÉTICO] Nivel 1 del criterio «Evaluación formativa»: descriptor conductual de ejemplo.,5,synthetic,SYN-000278
CRI-0045-L2,CRI-0045,RV-VAC-0010-1,2,[SINTÉTICO] Nivel 2 del criterio «Evaluación formativa»: descriptor conductual de ejemplo.,10,synthetic,SYN-000279
CRI-0045-L3,CRI-0045,RV-VAC-0010-1,3,[SINTÉTICO] Nivel 3 del criterio «Evaluación formativa»: descriptor conductual de ejemplo.,15,synthetic,SYN-000280
CRI-0045-L4,CRI-0045,RV-VAC-0010-1,4,[SINTÉTICO] Nivel 4 del criterio «Evaluación formativa»: descriptor conductual de ejemplo.,20,synthetic,SYN-000281
CRI-0046-L1,CRI-0046,RV-VAC-0010-1,1,[SINTÉTICO] Nivel 1 del criterio «Organización del trabajo»: descriptor conductual de ejemplo.,5,synthetic,SYN-000283
CRI-0046-L2,CRI-0046,RV-VAC-0010-1,2,[SINTÉTICO] Nivel 2 del criterio «Organización del trabajo»: descriptor conductual de ejemplo.,10,synthetic,SYN-000284
CRI-0046-L3,CRI-0046,RV-VAC-0010-1,3,[SINTÉTICO] Nivel 3 del criterio «Organización del trabajo»: descriptor conductual de ejemplo.,15,synthetic,SYN-000285
CRI-0046-L4,CRI-0046,RV-VAC-0010-1,4,[SINTÉTICO] Nivel 4 del criterio «Organización del trabajo»: descriptor conductual de ejemplo.,20,synthetic,SYN-000286
CRI-0047-L1,CRI-0047,RV-VAC-0010-1,1,[SINTÉTICO] Nivel 1 del criterio «Planificación de la enseñanza»: descriptor conductual de ejemplo.,5,synthetic,SYN-000288
CRI-0047-L2,CRI-0047,RV-VAC-0010-1,2,[SINTÉTICO] Nivel 2 del criterio «Planificación de la enseñanza»: descriptor conductual de ejemplo.,10,synthetic,SYN-000289
CRI-0047-L3,CRI-0047,RV-VAC-0010-1,3,[SINTÉTICO] Nivel 3 del criterio «Planificación de la enseñanza»: descriptor conductual de ejemplo.,15,synthetic,SYN-000290
CRI-0047-L4,CRI-0047,RV-VAC-0010-1,4,[SINTÉTICO] Nivel 4 del criterio «Planificación de la enseñanza»: descriptor conductual de ejemplo.,20,synthetic,SYN-000291
CRI-0048-L1,CRI-0048,RV-VAC-0010-1,1,[SINTÉTICO] Nivel 1 del criterio «Desarrollo profesional»: descriptor conductual de ejemplo.,5,synthetic,SYN-000293
CRI-0048-L2,CRI-0048,RV-VAC-0010-1,2,[SINTÉTICO] Nivel 2 del criterio «Desarrollo profesional»: descriptor conductual de ejemplo.,10,synthetic,SYN-000294
CRI-0048-L3,CRI-0048,RV-VAC-0010-1,3,[SINTÉTICO] Nivel 3 del criterio «Desarrollo profesional»: descriptor conductual de ejemplo.,15,synthetic,SYN-000295
CRI-0048-L4,CRI-0048,RV-VAC-0010-1,4,[SINTÉTICO] Nivel 4 del criterio «Desarrollo profesional»: descriptor conductual de ejemplo.,20,synthetic,SYN-000296
CRI-0049-L1,CRI-0049,RV-VAC-0011-1,1,[SINTÉTICO] Nivel 1 del criterio «Evaluación formativa»: descriptor conductual de ejemplo.,5,synthetic,SYN-000301
CRI-0049-L2,CRI-0049,RV-VAC-0011-1,2,[SINTÉTICO] Nivel 2 del criterio «Evaluación formativa»: descriptor conductual de ejemplo.,10,synthetic,SYN-000302
CRI-0049-L3,CRI-0049,RV-VAC-0011-1,3,[SINTÉTICO] Nivel 3 del criterio «Evaluación formativa»: descriptor conductual de ejemplo.,15,synthetic,SYN-000303
CRI-0049-L4,CRI-0049,RV-VAC-0011-1,4,[SINTÉTICO] Nivel 4 del criterio «Evaluación formativa»: descriptor conductual de ejemplo.,20,synthetic,SYN-000304
CRI-0050-L1,CRI-0050,RV-VAC-0011-1,1,[SINTÉTICO] Nivel 1 del criterio «Trabajo con familias y comunidad»: descriptor conductual de ejemplo.,5,synthetic,SYN-000306
CRI-0050-L2,CRI-0050,RV-VAC-0011-1,2,[SINTÉTICO] Nivel 2 del criterio «Trabajo con familias y comunidad»: descriptor conductual de ejemplo.,10,synthetic,SYN-000307
CRI-0050-L3,CRI-0050,RV-VAC-0011-1,3,[SINTÉTICO] Nivel 3 del criterio «Trabajo con familias y comunidad»: descriptor conductual de ejemplo.,15,synthetic,SYN-000308
CRI-0050-L4,CRI-0050,RV-VAC-0011-1,4,[SINTÉTICO] Nivel 4 del criterio «Trabajo con familias y comunidad»: descriptor conductual de ejemplo.,20,synthetic,SYN-000309
CRI-0051-L1,CRI-0051,RV-VAC-0011-1,1,[SINTÉTICO] Nivel 1 del criterio «Organización del trabajo»: descriptor conductual de ejemplo.,5,synthetic,SYN-000311
CRI-0051-L2,CRI-0051,RV-VAC-0011-1,2,[SINTÉTICO] Nivel 2 del criterio «Organización del trabajo»: descriptor conductual de ejemplo.,10,synthetic,SYN-000312
CRI-0051-L3,CRI-0051,RV-VAC-0011-1,3,[SINTÉTICO] Nivel 3 del criterio «Organización del trabajo»: descriptor conductual de ejemplo.,15,synthetic,SYN-000313
CRI-0051-L4,CRI-0051,RV-VAC-0011-1,4,[SINTÉTICO] Nivel 4 del criterio «Organización del trabajo»: descriptor conductual de ejemplo.,20,synthetic,SYN-000314
CRI-0052-L1,CRI-0052,RV-VAC-0011-1,1,[SINTÉTICO] Nivel 1 del criterio «Planificación de la enseñanza»: descriptor conductual de ejemplo.,5,synthetic,SYN-000316
CRI-0052-L2,CRI-0052,RV-VAC-0011-1,2,[SINTÉTICO] Nivel 2 del criterio «Planificación de la enseñanza»: descriptor conductual de ejemplo.,10,synthetic,SYN-000317
CRI-0052-L3,CRI-0052,RV-VAC-0011-1,3,[SINTÉTICO] Nivel 3 del criterio «Planificación de la enseñanza»: descriptor conductual de ejemplo.,15,synthetic,SYN-000318
CRI-0052-L4,CRI-0052,RV-VAC-0011-1,4,[SINTÉTICO] Nivel 4 del criterio «Planificación de la enseñanza»: descriptor conductual de ejemplo.,20,synthetic,SYN-000319
CRI-0053-L1,CRI-0053,RV-VAC-0011-1,1,[SINTÉTICO] Nivel 1 del criterio «Desarrollo profesional»: descriptor conductual de ejemplo.,5,synthetic,SYN-000321
CRI-0053-L2,CRI-0053,RV-VAC-0011-1,2,[SINTÉTICO] Nivel 2 del criterio «Desarrollo profesional»: descriptor conductual de ejemplo.,10,synthetic,SYN-000322
CRI-0053-L3,CRI-0053,RV-VAC-0011-1,3,[SINTÉTICO] Nivel 3 del criterio «Desarrollo profesional»: descriptor conductual de ejemplo.,15,synthetic,SYN-000323
CRI-0053-L4,CRI-0053,RV-VAC-0011-1,4,[SINTÉTICO] Nivel 4 del criterio «Desarrollo profesional»: descriptor conductual de ejemplo.,20,synthetic,SYN-000324
CRI-0054-L1,CRI-0054,RV-VAC-0012-1,1,[SINTÉTICO] Nivel 1 del criterio «Evaluación formativa»: descriptor conductual de ejemplo.,5,synthetic,SYN-000329
CRI-0054-L2,CRI-0054,RV-VAC-0012-1,2,[SINTÉTICO] Nivel 2 del criterio «Evaluación formativa»: descriptor conductual de ejemplo.,10,synthetic,SYN-000330
CRI-0054-L3,CRI-0054,RV-VAC-0012-1,3,[SINTÉTICO] Nivel 3 del criterio «Evaluación formativa»: descriptor conductual de ejemplo.,15,synthetic,SYN-000331
CRI-0054-L4,CRI-0054,RV-VAC-0012-1,4,[SINTÉTICO] Nivel 4 del criterio «Evaluación formativa»: descriptor conductual de ejemplo.,20,synthetic,SYN-000332
CRI-0055-L1,CRI-0055,RV-VAC-0012-1,1,[SINTÉTICO] Nivel 1 del criterio «Planificación de la enseñanza»: descriptor conductual de ejemplo.,5,synthetic,SYN-000334
CRI-0055-L2,CRI-0055,RV-VAC-0012-1,2,[SINTÉTICO] Nivel 2 del criterio «Planificación de la enseñanza»: descriptor conductual de ejemplo.,10,synthetic,SYN-000335
CRI-0055-L3,CRI-0055,RV-VAC-0012-1,3,[SINTÉTICO] Nivel 3 del criterio «Planificación de la enseñanza»: descriptor conductual de ejemplo.,15,synthetic,SYN-000336
CRI-0055-L4,CRI-0055,RV-VAC-0012-1,4,[SINTÉTICO] Nivel 4 del criterio «Planificación de la enseñanza»: descriptor conductual de ejemplo.,20,synthetic,SYN-000337
CRI-0056-L1,CRI-0056,RV-VAC-0012-1,1,[SINTÉTICO] Nivel 1 del criterio «Organización del trabajo»: descriptor conductual de ejemplo.,5,synthetic,SYN-000339
CRI-0056-L2,CRI-0056,RV-VAC-0012-1,2,[SINTÉTICO] Nivel 2 del criterio «Organización del trabajo»: descriptor conductual de ejemplo.,10,synthetic,SYN-000340
CRI-0056-L3,CRI-0056,RV-VAC-0012-1,3,[SINTÉTICO] Nivel 3 del criterio «Organización del trabajo»: descriptor conductual de ejemplo.,15,synthetic,SYN-000341
CRI-0056-L4,CRI-0056,RV-VAC-0012-1,4,[SINTÉTICO] Nivel 4 del criterio «Organización del trabajo»: descriptor conductual de ejemplo.,20,synthetic,SYN-000342
CRI-0057-L1,CRI-0057,RV-VAC-0012-1,1,[SINTÉTICO] Nivel 1 del criterio «Desarrollo profesional»: descriptor conductual de ejemplo.,5,synthetic,SYN-000344
CRI-0057-L2,CRI-0057,RV-VAC-0012-1,2,[SINTÉTICO] Nivel 2 del criterio «Desarrollo profesional»: descriptor conductual de ejemplo.,10,synthetic,SYN-000345
CRI-0057-L3,CRI-0057,RV-VAC-0012-1,3,[SINTÉTICO] Nivel 3 del criterio «Desarrollo profesional»: descriptor conductual de ejemplo.,15,synthetic,SYN-000346
CRI-0057-L4,CRI-0057,RV-VAC-0012-1,4,[SINTÉTICO] Nivel 4 del criterio «Desarrollo profesional»: descriptor conductual de ejemplo.,20,synthetic,SYN-000347
CRI-0058-L1,CRI-0058,RV-VAC-0012-1,1,[SINTÉTICO] Nivel 1 del criterio «Trabajo con familias y comunidad»: descriptor conductual de ejemplo.,5,synthetic,SYN-000349
CRI-0058-L2,CRI-0058,RV-VAC-0012-1,2,[SINTÉTICO] Nivel 2 del criterio «Trabajo con familias y comunidad»: descriptor conductual de ejemplo.,10,synthetic,SYN-000350
CRI-0058-L3,CRI-0058,RV-VAC-0012-1,3,[SINTÉTICO] Nivel 3 del criterio «Trabajo con familias y comunidad»: descriptor conductual de ejemplo.,15,synthetic,SYN-000351
CRI-0058-L4,CRI-0058,RV-VAC-0012-1,4,[SINTÉTICO] Nivel 4 del criterio «Trabajo con familias y comunidad»: descriptor conductual de ejemplo.,20,synthetic,SYN-000352
CRI-0059-L1,CRI-0059,RV-VAC-0012-1,1,[SINTÉTICO] Nivel 1 del criterio «Conducción del aprendizaje»: descriptor conductual de ejemplo.,5,synthetic,SYN-000354
CRI-0059-L2,CRI-0059,RV-VAC-0012-1,2,[SINTÉTICO] Nivel 2 del criterio «Conducción del aprendizaje»: descriptor conductual de ejemplo.,10,synthetic,SYN-000355
CRI-0059-L3,CRI-0059,RV-VAC-0012-1,3,[SINTÉTICO] Nivel 3 del criterio «Conducción del aprendizaje»: descriptor conductual de ejemplo.,15,synthetic,SYN-000356
CRI-0059-L4,CRI-0059,RV-VAC-0012-1,4,[SINTÉTICO] Nivel 4 del criterio «Conducción del aprendizaje»: descriptor conductual de ejemplo.,20,synthetic,SYN-000357
CRI-0060-L1,CRI-0060,RV-VAC-0013-1,1,[SINTÉTICO] Nivel 1 del criterio «Trabajo con familias y comunidad»: descriptor conductual de ejemplo.,5,synthetic,SYN-000363
CRI-0060-L2,CRI-0060,RV-VAC-0013-1,2,[SINTÉTICO] Nivel 2 del criterio «Trabajo con familias y comunidad»: descriptor conductual de ejemplo.,10,synthetic,SYN-000364
CRI-0060-L3,CRI-0060,RV-VAC-0013-1,3,[SINTÉTICO] Nivel 3 del criterio «Trabajo con familias y comunidad»: descriptor conductual de ejemplo.,15,synthetic,SYN-000365
CRI-0060-L4,CRI-0060,RV-VAC-0013-1,4,[SINTÉTICO] Nivel 4 del criterio «Trabajo con familias y comunidad»: descriptor conductual de ejemplo.,20,synthetic,SYN-000366
CRI-0061-L1,CRI-0061,RV-VAC-0013-1,1,[SINTÉTICO] Nivel 1 del criterio «Evaluación formativa»: descriptor conductual de ejemplo.,5,synthetic,SYN-000368
CRI-0061-L2,CRI-0061,RV-VAC-0013-1,2,[SINTÉTICO] Nivel 2 del criterio «Evaluación formativa»: descriptor conductual de ejemplo.,10,synthetic,SYN-000369
CRI-0061-L3,CRI-0061,RV-VAC-0013-1,3,[SINTÉTICO] Nivel 3 del criterio «Evaluación formativa»: descriptor conductual de ejemplo.,15,synthetic,SYN-000370
CRI-0061-L4,CRI-0061,RV-VAC-0013-1,4,[SINTÉTICO] Nivel 4 del criterio «Evaluación formativa»: descriptor conductual de ejemplo.,20,synthetic,SYN-000371
CRI-0062-L1,CRI-0062,RV-VAC-0013-1,1,[SINTÉTICO] Nivel 1 del criterio «Desarrollo profesional»: descriptor conductual de ejemplo.,5,synthetic,SYN-000373
CRI-0062-L2,CRI-0062,RV-VAC-0013-1,2,[SINTÉTICO] Nivel 2 del criterio «Desarrollo profesional»: descriptor conductual de ejemplo.,10,synthetic,SYN-000374
CRI-0062-L3,CRI-0062,RV-VAC-0013-1,3,[SINTÉTICO] Nivel 3 del criterio «Desarrollo profesional»: descriptor conductual de ejemplo.,15,synthetic,SYN-000375
CRI-0062-L4,CRI-0062,RV-VAC-0013-1,4,[SINTÉTICO] Nivel 4 del criterio «Desarrollo profesional»: descriptor conductual de ejemplo.,20,synthetic,SYN-000376
CRI-0063-L1,CRI-0063,RV-VAC-0013-1,1,[SINTÉTICO] Nivel 1 del criterio «Planificación de la enseñanza»: descriptor conductual de ejemplo.,5,synthetic,SYN-000378
CRI-0063-L2,CRI-0063,RV-VAC-0013-1,2,[SINTÉTICO] Nivel 2 del criterio «Planificación de la enseñanza»: descriptor conductual de ejemplo.,10,synthetic,SYN-000379
CRI-0063-L3,CRI-0063,RV-VAC-0013-1,3,[SINTÉTICO] Nivel 3 del criterio «Planificación de la enseñanza»: descriptor conductual de ejemplo.,15,synthetic,SYN-000380
CRI-0063-L4,CRI-0063,RV-VAC-0013-1,4,[SINTÉTICO] Nivel 4 del criterio «Planificación de la enseñanza»: descriptor conductual de ejemplo.,20,synthetic,SYN-000381
CRI-0064-L1,CRI-0064,RV-VAC-0013-1,1,[SINTÉTICO] Nivel 1 del criterio «Organización del trabajo»: descriptor conductual de ejemplo.,5,synthetic,SYN-000383
CRI-0064-L2,CRI-0064,RV-VAC-0013-1,2,[SINTÉTICO] Nivel 2 del criterio «Organización del trabajo»: descriptor conductual de ejemplo.,10,synthetic,SYN-000384
CRI-0064-L3,CRI-0064,RV-VAC-0013-1,3,[SINTÉTICO] Nivel 3 del criterio «Organización del trabajo»: descriptor conductual de ejemplo.,15,synthetic,SYN-000385
CRI-0064-L4,CRI-0064,RV-VAC-0013-1,4,[SINTÉTICO] Nivel 4 del criterio «Organización del trabajo»: descriptor conductual de ejemplo.,20,synthetic,SYN-000386
CRI-0065-L1,CRI-0065,RV-VAC-0014-1,1,[SINTÉTICO] Nivel 1 del criterio «Desarrollo profesional»: descriptor conductual de ejemplo.,5,synthetic,SYN-000392
CRI-0065-L2,CRI-0065,RV-VAC-0014-1,2,[SINTÉTICO] Nivel 2 del criterio «Desarrollo profesional»: descriptor conductual de ejemplo.,10,synthetic,SYN-000393
CRI-0065-L3,CRI-0065,RV-VAC-0014-1,3,[SINTÉTICO] Nivel 3 del criterio «Desarrollo profesional»: descriptor conductual de ejemplo.,15,synthetic,SYN-000394
CRI-0065-L4,CRI-0065,RV-VAC-0014-1,4,[SINTÉTICO] Nivel 4 del criterio «Desarrollo profesional»: descriptor conductual de ejemplo.,20,synthetic,SYN-000395
CRI-0066-L1,CRI-0066,RV-VAC-0014-1,1,[SINTÉTICO] Nivel 1 del criterio «Atención al usuario»: descriptor conductual de ejemplo.,5,synthetic,SYN-000397
CRI-0066-L2,CRI-0066,RV-VAC-0014-1,2,[SINTÉTICO] Nivel 2 del criterio «Atención al usuario»: descriptor conductual de ejemplo.,10,synthetic,SYN-000398
CRI-0066-L3,CRI-0066,RV-VAC-0014-1,3,[SINTÉTICO] Nivel 3 del criterio «Atención al usuario»: descriptor conductual de ejemplo.,15,synthetic,SYN-000399
CRI-0066-L4,CRI-0066,RV-VAC-0014-1,4,[SINTÉTICO] Nivel 4 del criterio «Atención al usuario»: descriptor conductual de ejemplo.,20,synthetic,SYN-000400
CRI-0067-L1,CRI-0067,RV-VAC-0014-1,1,[SINTÉTICO] Nivel 1 del criterio «Organización del trabajo»: descriptor conductual de ejemplo.,5,synthetic,SYN-000402
CRI-0067-L2,CRI-0067,RV-VAC-0014-1,2,[SINTÉTICO] Nivel 2 del criterio «Organización del trabajo»: descriptor conductual de ejemplo.,10,synthetic,SYN-000403
CRI-0067-L3,CRI-0067,RV-VAC-0014-1,3,[SINTÉTICO] Nivel 3 del criterio «Organización del trabajo»: descriptor conductual de ejemplo.,15,synthetic,SYN-000404
CRI-0067-L4,CRI-0067,RV-VAC-0014-1,4,[SINTÉTICO] Nivel 4 del criterio «Organización del trabajo»: descriptor conductual de ejemplo.,20,synthetic,SYN-000405
CRI-0068-L1,CRI-0068,RV-VAC-0014-1,1,[SINTÉTICO] Nivel 1 del criterio «Gestión administrativa»: descriptor conductual de ejemplo.,5,synthetic,SYN-000407
CRI-0068-L2,CRI-0068,RV-VAC-0014-1,2,[SINTÉTICO] Nivel 2 del criterio «Gestión administrativa»: descriptor conductual de ejemplo.,10,synthetic,SYN-000408
CRI-0068-L3,CRI-0068,RV-VAC-0014-1,3,[SINTÉTICO] Nivel 3 del criterio «Gestión administrativa»: descriptor conductual de ejemplo.,15,synthetic,SYN-000409
CRI-0068-L4,CRI-0068,RV-VAC-0014-1,4,[SINTÉTICO] Nivel 4 del criterio «Gestión administrativa»: descriptor conductual de ejemplo.,20,synthetic,SYN-000410
CRI-0069-L1,CRI-0069,RV-VAC-0015-1,1,[SINTÉTICO] Nivel 1 del criterio «Evaluación formativa»: descriptor conductual de ejemplo.,5,synthetic,SYN-000415
CRI-0069-L2,CRI-0069,RV-VAC-0015-1,2,[SINTÉTICO] Nivel 2 del criterio «Evaluación formativa»: descriptor conductual de ejemplo.,10,synthetic,SYN-000416
CRI-0069-L3,CRI-0069,RV-VAC-0015-1,3,[SINTÉTICO] Nivel 3 del criterio «Evaluación formativa»: descriptor conductual de ejemplo.,15,synthetic,SYN-000417
CRI-0069-L4,CRI-0069,RV-VAC-0015-1,4,[SINTÉTICO] Nivel 4 del criterio «Evaluación formativa»: descriptor conductual de ejemplo.,20,synthetic,SYN-000418
CRI-0070-L1,CRI-0070,RV-VAC-0015-1,1,[SINTÉTICO] Nivel 1 del criterio «Planificación de la enseñanza»: descriptor conductual de ejemplo.,5,synthetic,SYN-000420
CRI-0070-L2,CRI-0070,RV-VAC-0015-1,2,[SINTÉTICO] Nivel 2 del criterio «Planificación de la enseñanza»: descriptor conductual de ejemplo.,10,synthetic,SYN-000421
CRI-0070-L3,CRI-0070,RV-VAC-0015-1,3,[SINTÉTICO] Nivel 3 del criterio «Planificación de la enseñanza»: descriptor conductual de ejemplo.,15,synthetic,SYN-000422
CRI-0070-L4,CRI-0070,RV-VAC-0015-1,4,[SINTÉTICO] Nivel 4 del criterio «Planificación de la enseñanza»: descriptor conductual de ejemplo.,20,synthetic,SYN-000423
CRI-0071-L1,CRI-0071,RV-VAC-0015-1,1,[SINTÉTICO] Nivel 1 del criterio «Organización del trabajo»: descriptor conductual de ejemplo.,5,synthetic,SYN-000425
CRI-0071-L2,CRI-0071,RV-VAC-0015-1,2,[SINTÉTICO] Nivel 2 del criterio «Organización del trabajo»: descriptor conductual de ejemplo.,10,synthetic,SYN-000426
CRI-0071-L3,CRI-0071,RV-VAC-0015-1,3,[SINTÉTICO] Nivel 3 del criterio «Organización del trabajo»: descriptor conductual de ejemplo.,15,synthetic,SYN-000427
CRI-0071-L4,CRI-0071,RV-VAC-0015-1,4,[SINTÉTICO] Nivel 4 del criterio «Organización del trabajo»: descriptor conductual de ejemplo.,20,synthetic,SYN-000428
CRI-0072-L1,CRI-0072,RV-VAC-0015-1,1,[SINTÉTICO] Nivel 1 del criterio «Trabajo con familias y comunidad»: descriptor conductual de ejemplo.,5,synthetic,SYN-000430
CRI-0072-L2,CRI-0072,RV-VAC-0015-1,2,[SINTÉTICO] Nivel 2 del criterio «Trabajo con familias y comunidad»: descriptor conductual de ejemplo.,10,synthetic,SYN-000431
CRI-0072-L3,CRI-0072,RV-VAC-0015-1,3,[SINTÉTICO] Nivel 3 del criterio «Trabajo con familias y comunidad»: descriptor conductual de ejemplo.,15,synthetic,SYN-000432
CRI-0072-L4,CRI-0072,RV-VAC-0015-1,4,[SINTÉTICO] Nivel 4 del criterio «Trabajo con familias y comunidad»: descriptor conductual de ejemplo.,20,synthetic,SYN-000433
CRI-0073-L1,CRI-0073,RV-VAC-0015-1,1,[SINTÉTICO] Nivel 1 del criterio «Desarrollo profesional»: descriptor conductual de ejemplo.,5,synthetic,SYN-000435
CRI-0073-L2,CRI-0073,RV-VAC-0015-1,2,[SINTÉTICO] Nivel 2 del criterio «Desarrollo profesional»: descriptor conductual de ejemplo.,10,synthetic,SYN-000436
CRI-0073-L3,CRI-0073,RV-VAC-0015-1,3,[SINTÉTICO] Nivel 3 del criterio «Desarrollo profesional»: descriptor conductual de ejemplo.,15,synthetic,SYN-000437
CRI-0073-L4,CRI-0073,RV-VAC-0015-1,4,[SINTÉTICO] Nivel 4 del criterio «Desarrollo profesional»: descriptor conductual de ejemplo.,20,synthetic,SYN-000438
CRI-0074-L1,CRI-0074,RV-VAC-0016-1,1,[SINTÉTICO] Nivel 1 del criterio «Planificación de la enseñanza»: descriptor conductual de ejemplo.,5,synthetic,SYN-000444
CRI-0074-L2,CRI-0074,RV-VAC-0016-1,2,[SINTÉTICO] Nivel 2 del criterio «Planificación de la enseñanza»: descriptor conductual de ejemplo.,10,synthetic,SYN-000445
CRI-0074-L3,CRI-0074,RV-VAC-0016-1,3,[SINTÉTICO] Nivel 3 del criterio «Planificación de la enseñanza»: descriptor conductual de ejemplo.,15,synthetic,SYN-000446
CRI-0074-L4,CRI-0074,RV-VAC-0016-1,4,[SINTÉTICO] Nivel 4 del criterio «Planificación de la enseñanza»: descriptor conductual de ejemplo.,20,synthetic,SYN-000447
CRI-0075-L1,CRI-0075,RV-VAC-0016-1,1,[SINTÉTICO] Nivel 1 del criterio «Evaluación formativa»: descriptor conductual de ejemplo.,5,synthetic,SYN-000449
CRI-0075-L2,CRI-0075,RV-VAC-0016-1,2,[SINTÉTICO] Nivel 2 del criterio «Evaluación formativa»: descriptor conductual de ejemplo.,10,synthetic,SYN-000450
CRI-0075-L3,CRI-0075,RV-VAC-0016-1,3,[SINTÉTICO] Nivel 3 del criterio «Evaluación formativa»: descriptor conductual de ejemplo.,15,synthetic,SYN-000451
CRI-0075-L4,CRI-0075,RV-VAC-0016-1,4,[SINTÉTICO] Nivel 4 del criterio «Evaluación formativa»: descriptor conductual de ejemplo.,20,synthetic,SYN-000452
CRI-0076-L1,CRI-0076,RV-VAC-0016-1,1,[SINTÉTICO] Nivel 1 del criterio «Conducción del aprendizaje»: descriptor conductual de ejemplo.,5,synthetic,SYN-000454
CRI-0076-L2,CRI-0076,RV-VAC-0016-1,2,[SINTÉTICO] Nivel 2 del criterio «Conducción del aprendizaje»: descriptor conductual de ejemplo.,10,synthetic,SYN-000455
CRI-0076-L3,CRI-0076,RV-VAC-0016-1,3,[SINTÉTICO] Nivel 3 del criterio «Conducción del aprendizaje»: descriptor conductual de ejemplo.,15,synthetic,SYN-000456
CRI-0076-L4,CRI-0076,RV-VAC-0016-1,4,[SINTÉTICO] Nivel 4 del criterio «Conducción del aprendizaje»: descriptor conductual de ejemplo.,20,synthetic,SYN-000457
CRI-0077-L1,CRI-0077,RV-VAC-0016-1,1,[SINTÉTICO] Nivel 1 del criterio «Desarrollo profesional»: descriptor conductual de ejemplo.,5,synthetic,SYN-000459
CRI-0077-L2,CRI-0077,RV-VAC-0016-1,2,[SINTÉTICO] Nivel 2 del criterio «Desarrollo profesional»: descriptor conductual de ejemplo.,10,synthetic,SYN-000460
CRI-0077-L3,CRI-0077,RV-VAC-0016-1,3,[SINTÉTICO] Nivel 3 del criterio «Desarrollo profesional»: descriptor conductual de ejemplo.,15,synthetic,SYN-000461
CRI-0077-L4,CRI-0077,RV-VAC-0016-1,4,[SINTÉTICO] Nivel 4 del criterio «Desarrollo profesional»: descriptor conductual de ejemplo.,20,synthetic,SYN-000462
CRI-0078-L1,CRI-0078,RV-VAC-0016-1,1,[SINTÉTICO] Nivel 1 del criterio «Trabajo con familias y comunidad»: descriptor conductual de ejemplo.,5,synthetic,SYN-000464
CRI-0078-L2,CRI-0078,RV-VAC-0016-1,2,[SINTÉTICO] Nivel 2 del criterio «Trabajo con familias y comunidad»: descriptor conductual de ejemplo.,10,synthetic,SYN-000465
CRI-0078-L3,CRI-0078,RV-VAC-0016-1,3,[SINTÉTICO] Nivel 3 del criterio «Trabajo con familias y comunidad»: descriptor conductual de ejemplo.,15,synthetic,SYN-000466
CRI-0078-L4,CRI-0078,RV-VAC-0016-1,4,[SINTÉTICO] Nivel 4 del criterio «Trabajo con familias y comunidad»: descriptor conductual de ejemplo.,20,synthetic,SYN-000467
CRI-0079-L1,CRI-0079,RV-VAC-0016-1,1,[SINTÉTICO] Nivel 1 del criterio «Organización del trabajo»: descriptor conductual de ejemplo.,5,synthetic,SYN-000469
CRI-0079-L2,CRI-0079,RV-VAC-0016-1,2,[SINTÉTICO] Nivel 2 del criterio «Organización del trabajo»: descriptor conductual de ejemplo.,10,synthetic,SYN-000470
CRI-0079-L3,CRI-0079,RV-VAC-0016-1,3,[SINTÉTICO] Nivel 3 del criterio «Organización del trabajo»: descriptor conductual de ejemplo.,15,synthetic,SYN-000471
CRI-0079-L4,CRI-0079,RV-VAC-0016-1,4,[SINTÉTICO] Nivel 4 del criterio «Organización del trabajo»: descriptor conductual de ejemplo.,20,synthetic,SYN-000472
CRI-0080-L1,CRI-0080,RV-VAC-0017-1,1,[SINTÉTICO] Nivel 1 del criterio «Desarrollo profesional»: descriptor conductual de ejemplo.,5,synthetic,SYN-000477
CRI-0080-L2,CRI-0080,RV-VAC-0017-1,2,[SINTÉTICO] Nivel 2 del criterio «Desarrollo profesional»: descriptor conductual de ejemplo.,10,synthetic,SYN-000478
CRI-0080-L3,CRI-0080,RV-VAC-0017-1,3,[SINTÉTICO] Nivel 3 del criterio «Desarrollo profesional»: descriptor conductual de ejemplo.,15,synthetic,SYN-000479
CRI-0080-L4,CRI-0080,RV-VAC-0017-1,4,[SINTÉTICO] Nivel 4 del criterio «Desarrollo profesional»: descriptor conductual de ejemplo.,20,synthetic,SYN-000480
CRI-0081-L1,CRI-0081,RV-VAC-0017-1,1,[SINTÉTICO] Nivel 1 del criterio «Conducción del aprendizaje»: descriptor conductual de ejemplo.,5,synthetic,SYN-000482
CRI-0081-L2,CRI-0081,RV-VAC-0017-1,2,[SINTÉTICO] Nivel 2 del criterio «Conducción del aprendizaje»: descriptor conductual de ejemplo.,10,synthetic,SYN-000483
CRI-0081-L3,CRI-0081,RV-VAC-0017-1,3,[SINTÉTICO] Nivel 3 del criterio «Conducción del aprendizaje»: descriptor conductual de ejemplo.,15,synthetic,SYN-000484
CRI-0081-L4,CRI-0081,RV-VAC-0017-1,4,[SINTÉTICO] Nivel 4 del criterio «Conducción del aprendizaje»: descriptor conductual de ejemplo.,20,synthetic,SYN-000485
CRI-0082-L1,CRI-0082,RV-VAC-0017-1,1,[SINTÉTICO] Nivel 1 del criterio «Organización del trabajo»: descriptor conductual de ejemplo.,5,synthetic,SYN-000487
CRI-0082-L2,CRI-0082,RV-VAC-0017-1,2,[SINTÉTICO] Nivel 2 del criterio «Organización del trabajo»: descriptor conductual de ejemplo.,10,synthetic,SYN-000488
CRI-0082-L3,CRI-0082,RV-VAC-0017-1,3,[SINTÉTICO] Nivel 3 del criterio «Organización del trabajo»: descriptor conductual de ejemplo.,15,synthetic,SYN-000489
CRI-0082-L4,CRI-0082,RV-VAC-0017-1,4,[SINTÉTICO] Nivel 4 del criterio «Organización del trabajo»: descriptor conductual de ejemplo.,20,synthetic,SYN-000490
CRI-0083-L1,CRI-0083,RV-VAC-0017-1,1,[SINTÉTICO] Nivel 1 del criterio «Trabajo con familias y comunidad»: descriptor conductual de ejemplo.,5,synthetic,SYN-000492
CRI-0083-L2,CRI-0083,RV-VAC-0017-1,2,[SINTÉTICO] Nivel 2 del criterio «Trabajo con familias y comunidad»: descriptor conductual de ejemplo.,10,synthetic,SYN-000493
CRI-0083-L3,CRI-0083,RV-VAC-0017-1,3,[SINTÉTICO] Nivel 3 del criterio «Trabajo con familias y comunidad»: descriptor conductual de ejemplo.,15,synthetic,SYN-000494
CRI-0083-L4,CRI-0083,RV-VAC-0017-1,4,[SINTÉTICO] Nivel 4 del criterio «Trabajo con familias y comunidad»: descriptor conductual de ejemplo.,20,synthetic,SYN-000495
CRI-0084-L1,CRI-0084,RV-VAC-0017-1,1,[SINTÉTICO] Nivel 1 del criterio «Evaluación formativa»: descriptor conductual de ejemplo.,5,synthetic,SYN-000497
CRI-0084-L2,CRI-0084,RV-VAC-0017-1,2,[SINTÉTICO] Nivel 2 del criterio «Evaluación formativa»: descriptor conductual de ejemplo.,10,synthetic,SYN-000498
CRI-0084-L3,CRI-0084,RV-VAC-0017-1,3,[SINTÉTICO] Nivel 3 del criterio «Evaluación formativa»: descriptor conductual de ejemplo.,15,synthetic,SYN-000499
CRI-0084-L4,CRI-0084,RV-VAC-0017-1,4,[SINTÉTICO] Nivel 4 del criterio «Evaluación formativa»: descriptor conductual de ejemplo.,20,synthetic,SYN-000500
CRI-0085-L1,CRI-0085,RV-VAC-0017-1,1,[SINTÉTICO] Nivel 1 del criterio «Planificación de la enseñanza»: descriptor conductual de ejemplo.,5,synthetic,SYN-000502
CRI-0085-L2,CRI-0085,RV-VAC-0017-1,2,[SINTÉTICO] Nivel 2 del criterio «Planificación de la enseñanza»: descriptor conductual de ejemplo.,10,synthetic,SYN-000503
CRI-0085-L3,CRI-0085,RV-VAC-0017-1,3,[SINTÉTICO] Nivel 3 del criterio «Planificación de la enseñanza»: descriptor conductual de ejemplo.,15,synthetic,SYN-000504
CRI-0085-L4,CRI-0085,RV-VAC-0017-1,4,[SINTÉTICO] Nivel 4 del criterio «Planificación de la enseñanza»: descriptor conductual de ejemplo.,20,synthetic,SYN-000505
CRI-0086-L1,CRI-0086,RV-VAC-0018-1,1,[SINTÉTICO] Nivel 1 del criterio «Planificación de la enseñanza»: descriptor conductual de ejemplo.,5,synthetic,SYN-000511
CRI-0086-L2,CRI-0086,RV-VAC-0018-1,2,[SINTÉTICO] Nivel 2 del criterio «Planificación de la enseñanza»: descriptor conductual de ejemplo.,10,synthetic,SYN-000512
CRI-0086-L3,CRI-0086,RV-VAC-0018-1,3,[SINTÉTICO] Nivel 3 del criterio «Planificación de la enseñanza»: descriptor conductual de ejemplo.,15,synthetic,SYN-000513
CRI-0086-L4,CRI-0086,RV-VAC-0018-1,4,[SINTÉTICO] Nivel 4 del criterio «Planificación de la enseñanza»: descriptor conductual de ejemplo.,20,synthetic,SYN-000514
CRI-0087-L1,CRI-0087,RV-VAC-0018-1,1,[SINTÉTICO] Nivel 1 del criterio «Evaluación formativa»: descriptor conductual de ejemplo.,5,synthetic,SYN-000516
CRI-0087-L2,CRI-0087,RV-VAC-0018-1,2,[SINTÉTICO] Nivel 2 del criterio «Evaluación formativa»: descriptor conductual de ejemplo.,10,synthetic,SYN-000517
CRI-0087-L3,CRI-0087,RV-VAC-0018-1,3,[SINTÉTICO] Nivel 3 del criterio «Evaluación formativa»: descriptor conductual de ejemplo.,15,synthetic,SYN-000518
CRI-0087-L4,CRI-0087,RV-VAC-0018-1,4,[SINTÉTICO] Nivel 4 del criterio «Evaluación formativa»: descriptor conductual de ejemplo.,20,synthetic,SYN-000519
CRI-0088-L1,CRI-0088,RV-VAC-0018-1,1,[SINTÉTICO] Nivel 1 del criterio «Desarrollo profesional»: descriptor conductual de ejemplo.,5,synthetic,SYN-000521
CRI-0088-L2,CRI-0088,RV-VAC-0018-1,2,[SINTÉTICO] Nivel 2 del criterio «Desarrollo profesional»: descriptor conductual de ejemplo.,10,synthetic,SYN-000522
CRI-0088-L3,CRI-0088,RV-VAC-0018-1,3,[SINTÉTICO] Nivel 3 del criterio «Desarrollo profesional»: descriptor conductual de ejemplo.,15,synthetic,SYN-000523
CRI-0088-L4,CRI-0088,RV-VAC-0018-1,4,[SINTÉTICO] Nivel 4 del criterio «Desarrollo profesional»: descriptor conductual de ejemplo.,20,synthetic,SYN-000524
CRI-0089-L1,CRI-0089,RV-VAC-0018-1,1,[SINTÉTICO] Nivel 1 del criterio «Organización del trabajo»: descriptor conductual de ejemplo.,5,synthetic,SYN-000526
CRI-0089-L2,CRI-0089,RV-VAC-0018-1,2,[SINTÉTICO] Nivel 2 del criterio «Organización del trabajo»: descriptor conductual de ejemplo.,10,synthetic,SYN-000527
CRI-0089-L3,CRI-0089,RV-VAC-0018-1,3,[SINTÉTICO] Nivel 3 del criterio «Organización del trabajo»: descriptor conductual de ejemplo.,15,synthetic,SYN-000528
CRI-0089-L4,CRI-0089,RV-VAC-0018-1,4,[SINTÉTICO] Nivel 4 del criterio «Organización del trabajo»: descriptor conductual de ejemplo.,20,synthetic,SYN-000529
CRI-0090-L1,CRI-0090,RV-VAC-0019-1,1,[SINTÉTICO] Nivel 1 del criterio «Desarrollo profesional»: descriptor conductual de ejemplo.,5,synthetic,SYN-000535
CRI-0090-L2,CRI-0090,RV-VAC-0019-1,2,[SINTÉTICO] Nivel 2 del criterio «Desarrollo profesional»: descriptor conductual de ejemplo.,10,synthetic,SYN-000536
CRI-0090-L3,CRI-0090,RV-VAC-0019-1,3,[SINTÉTICO] Nivel 3 del criterio «Desarrollo profesional»: descriptor conductual de ejemplo.,15,synthetic,SYN-000537
CRI-0090-L4,CRI-0090,RV-VAC-0019-1,4,[SINTÉTICO] Nivel 4 del criterio «Desarrollo profesional»: descriptor conductual de ejemplo.,20,synthetic,SYN-000538
CRI-0091-L1,CRI-0091,RV-VAC-0019-1,1,[SINTÉTICO] Nivel 1 del criterio «Planificación de la enseñanza»: descriptor conductual de ejemplo.,5,synthetic,SYN-000540
CRI-0091-L2,CRI-0091,RV-VAC-0019-1,2,[SINTÉTICO] Nivel 2 del criterio «Planificación de la enseñanza»: descriptor conductual de ejemplo.,10,synthetic,SYN-000541
CRI-0091-L3,CRI-0091,RV-VAC-0019-1,3,[SINTÉTICO] Nivel 3 del criterio «Planificación de la enseñanza»: descriptor conductual de ejemplo.,15,synthetic,SYN-000542
CRI-0091-L4,CRI-0091,RV-VAC-0019-1,4,[SINTÉTICO] Nivel 4 del criterio «Planificación de la enseñanza»: descriptor conductual de ejemplo.,20,synthetic,SYN-000543
CRI-0092-L1,CRI-0092,RV-VAC-0019-1,1,[SINTÉTICO] Nivel 1 del criterio «Conducción del aprendizaje»: descriptor conductual de ejemplo.,5,synthetic,SYN-000545
CRI-0092-L2,CRI-0092,RV-VAC-0019-1,2,[SINTÉTICO] Nivel 2 del criterio «Conducción del aprendizaje»: descriptor conductual de ejemplo.,10,synthetic,SYN-000546
CRI-0092-L3,CRI-0092,RV-VAC-0019-1,3,[SINTÉTICO] Nivel 3 del criterio «Conducción del aprendizaje»: descriptor conductual de ejemplo.,15,synthetic,SYN-000547
CRI-0092-L4,CRI-0092,RV-VAC-0019-1,4,[SINTÉTICO] Nivel 4 del criterio «Conducción del aprendizaje»: descriptor conductual de ejemplo.,20,synthetic,SYN-000548
CRI-0093-L1,CRI-0093,RV-VAC-0019-1,1,[SINTÉTICO] Nivel 1 del criterio «Organización del trabajo»: descriptor conductual de ejemplo.,5,synthetic,SYN-000550
CRI-0093-L2,CRI-0093,RV-VAC-0019-1,2,[SINTÉTICO] Nivel 2 del criterio «Organización del trabajo»: descriptor conductual de ejemplo.,10,synthetic,SYN-000551
CRI-0093-L3,CRI-0093,RV-VAC-0019-1,3,[SINTÉTICO] Nivel 3 del criterio «Organización del trabajo»: descriptor conductual de ejemplo.,15,synthetic,SYN-000552
CRI-0093-L4,CRI-0093,RV-VAC-0019-1,4,[SINTÉTICO] Nivel 4 del criterio «Organización del trabajo»: descriptor conductual de ejemplo.,20,synthetic,SYN-000553
CRI-0094-L1,CRI-0094,RV-VAC-0019-1,1,[SINTÉTICO] Nivel 1 del criterio «Evaluación formativa»: descriptor conductual de ejemplo.,5,synthetic,SYN-000555
CRI-0094-L2,CRI-0094,RV-VAC-0019-1,2,[SINTÉTICO] Nivel 2 del criterio «Evaluación formativa»: descriptor conductual de ejemplo.,10,synthetic,SYN-000556
CRI-0094-L3,CRI-0094,RV-VAC-0019-1,3,[SINTÉTICO] Nivel 3 del criterio «Evaluación formativa»: descriptor conductual de ejemplo.,15,synthetic,SYN-000557
CRI-0094-L4,CRI-0094,RV-VAC-0019-1,4,[SINTÉTICO] Nivel 4 del criterio «Evaluación formativa»: descriptor conductual de ejemplo.,20,synthetic,SYN-000558
CRI-0095-L1,CRI-0095,RV-VAC-0020-1,1,[SINTÉTICO] Nivel 1 del criterio «Planificación de la enseñanza»: descriptor conductual de ejemplo.,5,synthetic,SYN-000562
CRI-0095-L2,CRI-0095,RV-VAC-0020-1,2,[SINTÉTICO] Nivel 2 del criterio «Planificación de la enseñanza»: descriptor conductual de ejemplo.,10,synthetic,SYN-000563
CRI-0095-L3,CRI-0095,RV-VAC-0020-1,3,[SINTÉTICO] Nivel 3 del criterio «Planificación de la enseñanza»: descriptor conductual de ejemplo.,15,synthetic,SYN-000564
CRI-0095-L4,CRI-0095,RV-VAC-0020-1,4,[SINTÉTICO] Nivel 4 del criterio «Planificación de la enseñanza»: descriptor conductual de ejemplo.,20,synthetic,SYN-000565
CRI-0096-L1,CRI-0096,RV-VAC-0020-1,1,[SINTÉTICO] Nivel 1 del criterio «Trabajo con familias y comunidad»: descriptor conductual de ejemplo.,5,synthetic,SYN-000567
CRI-0096-L2,CRI-0096,RV-VAC-0020-1,2,[SINTÉTICO] Nivel 2 del criterio «Trabajo con familias y comunidad»: descriptor conductual de ejemplo.,10,synthetic,SYN-000568
CRI-0096-L3,CRI-0096,RV-VAC-0020-1,3,[SINTÉTICO] Nivel 3 del criterio «Trabajo con familias y comunidad»: descriptor conductual de ejemplo.,15,synthetic,SYN-000569
CRI-0096-L4,CRI-0096,RV-VAC-0020-1,4,[SINTÉTICO] Nivel 4 del criterio «Trabajo con familias y comunidad»: descriptor conductual de ejemplo.,20,synthetic,SYN-000570
CRI-0097-L1,CRI-0097,RV-VAC-0020-1,1,[SINTÉTICO] Nivel 1 del criterio «Evaluación formativa»: descriptor conductual de ejemplo.,5,synthetic,SYN-000572
CRI-0097-L2,CRI-0097,RV-VAC-0020-1,2,[SINTÉTICO] Nivel 2 del criterio «Evaluación formativa»: descriptor conductual de ejemplo.,10,synthetic,SYN-000573
CRI-0097-L3,CRI-0097,RV-VAC-0020-1,3,[SINTÉTICO] Nivel 3 del criterio «Evaluación formativa»: descriptor conductual de ejemplo.,15,synthetic,SYN-000574
CRI-0097-L4,CRI-0097,RV-VAC-0020-1,4,[SINTÉTICO] Nivel 4 del criterio «Evaluación formativa»: descriptor conductual de ejemplo.,20,synthetic,SYN-000575
CRI-0098-L1,CRI-0098,RV-VAC-0020-1,1,[SINTÉTICO] Nivel 1 del criterio «Conducción del aprendizaje»: descriptor conductual de ejemplo.,5,synthetic,SYN-000577
CRI-0098-L2,CRI-0098,RV-VAC-0020-1,2,[SINTÉTICO] Nivel 2 del criterio «Conducción del aprendizaje»: descriptor conductual de ejemplo.,10,synthetic,SYN-000578
CRI-0098-L3,CRI-0098,RV-VAC-0020-1,3,[SINTÉTICO] Nivel 3 del criterio «Conducción del aprendizaje»: descriptor conductual de ejemplo.,15,synthetic,SYN-000579
CRI-0098-L4,CRI-0098,RV-VAC-0020-1,4,[SINTÉTICO] Nivel 4 del criterio «Conducción del aprendizaje»: descriptor conductual de ejemplo.,20,synthetic,SYN-000580
CRI-0099-L1,CRI-0099,RV-VAC-0020-1,1,[SINTÉTICO] Nivel 1 del criterio «Organización del trabajo»: descriptor conductual de ejemplo.,5,synthetic,SYN-000582
CRI-0099-L2,CRI-0099,RV-VAC-0020-1,2,[SINTÉTICO] Nivel 2 del criterio «Organización del trabajo»: descriptor conductual de ejemplo.,10,synthetic,SYN-000583
CRI-0099-L3,CRI-0099,RV-VAC-0020-1,3,[SINTÉTICO] Nivel 3 del criterio «Organización del trabajo»: descriptor conductual de ejemplo.,15,synthetic,SYN-000584
CRI-0099-L4,CRI-0099,RV-VAC-0020-1,4,[SINTÉTICO] Nivel 4 del criterio «Organización del trabajo»: descriptor conductual de ejemplo.,20,synthetic,SYN-000585
CRI-0100-L1,CRI-0100,RV-VAC-0021-1,1,[SINTÉTICO] Nivel 1 del criterio «Conducción del aprendizaje»: descriptor conductual de ejemplo.,5,synthetic,SYN-000589
CRI-0100-L2,CRI-0100,RV-VAC-0021-1,2,[SINTÉTICO] Nivel 2 del criterio «Conducción del aprendizaje»: descriptor conductual de ejemplo.,10,synthetic,SYN-000590
CRI-0100-L3,CRI-0100,RV-VAC-0021-1,3,[SINTÉTICO] Nivel 3 del criterio «Conducción del aprendizaje»: descriptor conductual de ejemplo.,15,synthetic,SYN-000591
CRI-0100-L4,CRI-0100,RV-VAC-0021-1,4,[SINTÉTICO] Nivel 4 del criterio «Conducción del aprendizaje»: descriptor conductual de ejemplo.,20,synthetic,SYN-000592
CRI-0101-L1,CRI-0101,RV-VAC-0021-1,1,[SINTÉTICO] Nivel 1 del criterio «Trabajo con familias y comunidad»: descriptor conductual de ejemplo.,5,synthetic,SYN-000594
CRI-0101-L2,CRI-0101,RV-VAC-0021-1,2,[SINTÉTICO] Nivel 2 del criterio «Trabajo con familias y comunidad»: descriptor conductual de ejemplo.,10,synthetic,SYN-000595
CRI-0101-L3,CRI-0101,RV-VAC-0021-1,3,[SINTÉTICO] Nivel 3 del criterio «Trabajo con familias y comunidad»: descriptor conductual de ejemplo.,15,synthetic,SYN-000596
CRI-0101-L4,CRI-0101,RV-VAC-0021-1,4,[SINTÉTICO] Nivel 4 del criterio «Trabajo con familias y comunidad»: descriptor conductual de ejemplo.,20,synthetic,SYN-000597
CRI-0102-L1,CRI-0102,RV-VAC-0021-1,1,[SINTÉTICO] Nivel 1 del criterio «Planificación de la enseñanza»: descriptor conductual de ejemplo.,5,synthetic,SYN-000599
CRI-0102-L2,CRI-0102,RV-VAC-0021-1,2,[SINTÉTICO] Nivel 2 del criterio «Planificación de la enseñanza»: descriptor conductual de ejemplo.,10,synthetic,SYN-000600
CRI-0102-L3,CRI-0102,RV-VAC-0021-1,3,[SINTÉTICO] Nivel 3 del criterio «Planificación de la enseñanza»: descriptor conductual de ejemplo.,15,synthetic,SYN-000601
CRI-0102-L4,CRI-0102,RV-VAC-0021-1,4,[SINTÉTICO] Nivel 4 del criterio «Planificación de la enseñanza»: descriptor conductual de ejemplo.,20,synthetic,SYN-000602
CRI-0103-L1,CRI-0103,RV-VAC-0021-1,1,[SINTÉTICO] Nivel 1 del criterio «Evaluación formativa»: descriptor conductual de ejemplo.,5,synthetic,SYN-000604
CRI-0103-L2,CRI-0103,RV-VAC-0021-1,2,[SINTÉTICO] Nivel 2 del criterio «Evaluación formativa»: descriptor conductual de ejemplo.,10,synthetic,SYN-000605
CRI-0103-L3,CRI-0103,RV-VAC-0021-1,3,[SINTÉTICO] Nivel 3 del criterio «Evaluación formativa»: descriptor conductual de ejemplo.,15,synthetic,SYN-000606
CRI-0103-L4,CRI-0103,RV-VAC-0021-1,4,[SINTÉTICO] Nivel 4 del criterio «Evaluación formativa»: descriptor conductual de ejemplo.,20,synthetic,SYN-000607
CRI-0104-L1,CRI-0104,RV-VAC-0021-1,1,[SINTÉTICO] Nivel 1 del criterio «Desarrollo profesional»: descriptor conductual de ejemplo.,5,synthetic,SYN-000609
CRI-0104-L2,CRI-0104,RV-VAC-0021-1,2,[SINTÉTICO] Nivel 2 del criterio «Desarrollo profesional»: descriptor conductual de ejemplo.,10,synthetic,SYN-000610
CRI-0104-L3,CRI-0104,RV-VAC-0021-1,3,[SINTÉTICO] Nivel 3 del criterio «Desarrollo profesional»: descriptor conductual de ejemplo.,15,synthetic,SYN-000611
CRI-0104-L4,CRI-0104,RV-VAC-0021-1,4,[SINTÉTICO] Nivel 4 del criterio «Desarrollo profesional»: descriptor conductual de ejemplo.,20,synthetic,SYN-000612
CRI-0105-L1,CRI-0105,RV-VAC-0022-1,1,[SINTÉTICO] Nivel 1 del criterio «Atención al usuario»: descriptor conductual de ejemplo.,5,synthetic,SYN-000616
CRI-0105-L2,CRI-0105,RV-VAC-0022-1,2,[SINTÉTICO] Nivel 2 del criterio «Atención al usuario»: descriptor conductual de ejemplo.,10,synthetic,SYN-000617
CRI-0105-L3,CRI-0105,RV-VAC-0022-1,3,[SINTÉTICO] Nivel 3 del criterio «Atención al usuario»: descriptor conductual de ejemplo.,15,synthetic,SYN-000618
CRI-0105-L4,CRI-0105,RV-VAC-0022-1,4,[SINTÉTICO] Nivel 4 del criterio «Atención al usuario»: descriptor conductual de ejemplo.,20,synthetic,SYN-000619
CRI-0106-L1,CRI-0106,RV-VAC-0022-1,1,[SINTÉTICO] Nivel 1 del criterio «Gestión administrativa»: descriptor conductual de ejemplo.,5,synthetic,SYN-000621
CRI-0106-L2,CRI-0106,RV-VAC-0022-1,2,[SINTÉTICO] Nivel 2 del criterio «Gestión administrativa»: descriptor conductual de ejemplo.,10,synthetic,SYN-000622
CRI-0106-L3,CRI-0106,RV-VAC-0022-1,3,[SINTÉTICO] Nivel 3 del criterio «Gestión administrativa»: descriptor conductual de ejemplo.,15,synthetic,SYN-000623
CRI-0106-L4,CRI-0106,RV-VAC-0022-1,4,[SINTÉTICO] Nivel 4 del criterio «Gestión administrativa»: descriptor conductual de ejemplo.,20,synthetic,SYN-000624
CRI-0107-L1,CRI-0107,RV-VAC-0022-1,1,[SINTÉTICO] Nivel 1 del criterio «Organización del trabajo»: descriptor conductual de ejemplo.,5,synthetic,SYN-000626
CRI-0107-L2,CRI-0107,RV-VAC-0022-1,2,[SINTÉTICO] Nivel 2 del criterio «Organización del trabajo»: descriptor conductual de ejemplo.,10,synthetic,SYN-000627
CRI-0107-L3,CRI-0107,RV-VAC-0022-1,3,[SINTÉTICO] Nivel 3 del criterio «Organización del trabajo»: descriptor conductual de ejemplo.,15,synthetic,SYN-000628
CRI-0107-L4,CRI-0107,RV-VAC-0022-1,4,[SINTÉTICO] Nivel 4 del criterio «Organización del trabajo»: descriptor conductual de ejemplo.,20,synthetic,SYN-000629
CRI-0108-L1,CRI-0108,RV-VAC-0022-1,1,[SINTÉTICO] Nivel 1 del criterio «Desarrollo profesional»: descriptor conductual de ejemplo.,5,synthetic,SYN-000631
CRI-0108-L2,CRI-0108,RV-VAC-0022-1,2,[SINTÉTICO] Nivel 2 del criterio «Desarrollo profesional»: descriptor conductual de ejemplo.,10,synthetic,SYN-000632
CRI-0108-L3,CRI-0108,RV-VAC-0022-1,3,[SINTÉTICO] Nivel 3 del criterio «Desarrollo profesional»: descriptor conductual de ejemplo.,15,synthetic,SYN-000633
CRI-0108-L4,CRI-0108,RV-VAC-0022-1,4,[SINTÉTICO] Nivel 4 del criterio «Desarrollo profesional»: descriptor conductual de ejemplo.,20,synthetic,SYN-000634
CRI-0109-L1,CRI-0109,RV-VAC-0023-1,1,[SINTÉTICO] Nivel 1 del criterio «Organización del trabajo»: descriptor conductual de ejemplo.,5,synthetic,SYN-000640
CRI-0109-L2,CRI-0109,RV-VAC-0023-1,2,[SINTÉTICO] Nivel 2 del criterio «Organización del trabajo»: descriptor conductual de ejemplo.,10,synthetic,SYN-000641
CRI-0109-L3,CRI-0109,RV-VAC-0023-1,3,[SINTÉTICO] Nivel 3 del criterio «Organización del trabajo»: descriptor conductual de ejemplo.,15,synthetic,SYN-000642
CRI-0109-L4,CRI-0109,RV-VAC-0023-1,4,[SINTÉTICO] Nivel 4 del criterio «Organización del trabajo»: descriptor conductual de ejemplo.,20,synthetic,SYN-000643
CRI-0110-L1,CRI-0110,RV-VAC-0023-1,1,[SINTÉTICO] Nivel 1 del criterio «Desarrollo profesional»: descriptor conductual de ejemplo.,5,synthetic,SYN-000645
CRI-0110-L2,CRI-0110,RV-VAC-0023-1,2,[SINTÉTICO] Nivel 2 del criterio «Desarrollo profesional»: descriptor conductual de ejemplo.,10,synthetic,SYN-000646
CRI-0110-L3,CRI-0110,RV-VAC-0023-1,3,[SINTÉTICO] Nivel 3 del criterio «Desarrollo profesional»: descriptor conductual de ejemplo.,15,synthetic,SYN-000647
CRI-0110-L4,CRI-0110,RV-VAC-0023-1,4,[SINTÉTICO] Nivel 4 del criterio «Desarrollo profesional»: descriptor conductual de ejemplo.,20,synthetic,SYN-000648
CRI-0111-L1,CRI-0111,RV-VAC-0023-1,1,[SINTÉTICO] Nivel 1 del criterio «Trabajo con familias y comunidad»: descriptor conductual de ejemplo.,5,synthetic,SYN-000650
CRI-0111-L2,CRI-0111,RV-VAC-0023-1,2,[SINTÉTICO] Nivel 2 del criterio «Trabajo con familias y comunidad»: descriptor conductual de ejemplo.,10,synthetic,SYN-000651
CRI-0111-L3,CRI-0111,RV-VAC-0023-1,3,[SINTÉTICO] Nivel 3 del criterio «Trabajo con familias y comunidad»: descriptor conductual de ejemplo.,15,synthetic,SYN-000652
CRI-0111-L4,CRI-0111,RV-VAC-0023-1,4,[SINTÉTICO] Nivel 4 del criterio «Trabajo con familias y comunidad»: descriptor conductual de ejemplo.,20,synthetic,SYN-000653
CRI-0112-L1,CRI-0112,RV-VAC-0023-1,1,[SINTÉTICO] Nivel 1 del criterio «Evaluación formativa»: descriptor conductual de ejemplo.,5,synthetic,SYN-000655
CRI-0112-L2,CRI-0112,RV-VAC-0023-1,2,[SINTÉTICO] Nivel 2 del criterio «Evaluación formativa»: descriptor conductual de ejemplo.,10,synthetic,SYN-000656
CRI-0112-L3,CRI-0112,RV-VAC-0023-1,3,[SINTÉTICO] Nivel 3 del criterio «Evaluación formativa»: descriptor conductual de ejemplo.,15,synthetic,SYN-000657
CRI-0112-L4,CRI-0112,RV-VAC-0023-1,4,[SINTÉTICO] Nivel 4 del criterio «Evaluación formativa»: descriptor conductual de ejemplo.,20,synthetic,SYN-000658
CRI-0113-L1,CRI-0113,RV-VAC-0023-1,1,[SINTÉTICO] Nivel 1 del criterio «Conducción del aprendizaje»: descriptor conductual de ejemplo.,5,synthetic,SYN-000660
CRI-0113-L2,CRI-0113,RV-VAC-0023-1,2,[SINTÉTICO] Nivel 2 del criterio «Conducción del aprendizaje»: descriptor conductual de ejemplo.,10,synthetic,SYN-000661
CRI-0113-L3,CRI-0113,RV-VAC-0023-1,3,[SINTÉTICO] Nivel 3 del criterio «Conducción del aprendizaje»: descriptor conductual de ejemplo.,15,synthetic,SYN-000662
CRI-0113-L4,CRI-0113,RV-VAC-0023-1,4,[SINTÉTICO] Nivel 4 del criterio «Conducción del aprendizaje»: descriptor conductual de ejemplo.,20,synthetic,SYN-000663
CRI-0114-L1,CRI-0114,RV-VAC-0023-1,1,[SINTÉTICO] Nivel 1 del criterio «Planificación de la enseñanza»: descriptor conductual de ejemplo.,5,synthetic,SYN-000665
CRI-0114-L2,CRI-0114,RV-VAC-0023-1,2,[SINTÉTICO] Nivel 2 del criterio «Planificación de la enseñanza»: descriptor conductual de ejemplo.,10,synthetic,SYN-000666
CRI-0114-L3,CRI-0114,RV-VAC-0023-1,3,[SINTÉTICO] Nivel 3 del criterio «Planificación de la enseñanza»: descriptor conductual de ejemplo.,15,synthetic,SYN-000667
CRI-0114-L4,CRI-0114,RV-VAC-0023-1,4,[SINTÉTICO] Nivel 4 del criterio «Planificación de la enseñanza»: descriptor conductual de ejemplo.,20,synthetic,SYN-000668
CRI-0115-L1,CRI-0115,RV-VAC-0024-1,1,[SINTÉTICO] Nivel 1 del criterio «Evaluación formativa»: descriptor conductual de ejemplo.,5,synthetic,SYN-000672
CRI-0115-L2,CRI-0115,RV-VAC-0024-1,2,[SINTÉTICO] Nivel 2 del criterio «Evaluación formativa»: descriptor conductual de ejemplo.,10,synthetic,SYN-000673
CRI-0115-L3,CRI-0115,RV-VAC-0024-1,3,[SINTÉTICO] Nivel 3 del criterio «Evaluación formativa»: descriptor conductual de ejemplo.,15,synthetic,SYN-000674
CRI-0115-L4,CRI-0115,RV-VAC-0024-1,4,[SINTÉTICO] Nivel 4 del criterio «Evaluación formativa»: descriptor conductual de ejemplo.,20,synthetic,SYN-000675
CRI-0116-L1,CRI-0116,RV-VAC-0024-1,1,[SINTÉTICO] Nivel 1 del criterio «Trabajo con familias y comunidad»: descriptor conductual de ejemplo.,5,synthetic,SYN-000677
CRI-0116-L2,CRI-0116,RV-VAC-0024-1,2,[SINTÉTICO] Nivel 2 del criterio «Trabajo con familias y comunidad»: descriptor conductual de ejemplo.,10,synthetic,SYN-000678
CRI-0116-L3,CRI-0116,RV-VAC-0024-1,3,[SINTÉTICO] Nivel 3 del criterio «Trabajo con familias y comunidad»: descriptor conductual de ejemplo.,15,synthetic,SYN-000679
CRI-0116-L4,CRI-0116,RV-VAC-0024-1,4,[SINTÉTICO] Nivel 4 del criterio «Trabajo con familias y comunidad»: descriptor conductual de ejemplo.,20,synthetic,SYN-000680
CRI-0117-L1,CRI-0117,RV-VAC-0024-1,1,[SINTÉTICO] Nivel 1 del criterio «Planificación de la enseñanza»: descriptor conductual de ejemplo.,5,synthetic,SYN-000682
CRI-0117-L2,CRI-0117,RV-VAC-0024-1,2,[SINTÉTICO] Nivel 2 del criterio «Planificación de la enseñanza»: descriptor conductual de ejemplo.,10,synthetic,SYN-000683
CRI-0117-L3,CRI-0117,RV-VAC-0024-1,3,[SINTÉTICO] Nivel 3 del criterio «Planificación de la enseñanza»: descriptor conductual de ejemplo.,15,synthetic,SYN-000684
CRI-0117-L4,CRI-0117,RV-VAC-0024-1,4,[SINTÉTICO] Nivel 4 del criterio «Planificación de la enseñanza»: descriptor conductual de ejemplo.,20,synthetic,SYN-000685
CRI-0118-L1,CRI-0118,RV-VAC-0024-1,1,[SINTÉTICO] Nivel 1 del criterio «Organización del trabajo»: descriptor conductual de ejemplo.,5,synthetic,SYN-000687
CRI-0118-L2,CRI-0118,RV-VAC-0024-1,2,[SINTÉTICO] Nivel 2 del criterio «Organización del trabajo»: descriptor conductual de ejemplo.,10,synthetic,SYN-000688
CRI-0118-L3,CRI-0118,RV-VAC-0024-1,3,[SINTÉTICO] Nivel 3 del criterio «Organización del trabajo»: descriptor conductual de ejemplo.,15,synthetic,SYN-000689
CRI-0118-L4,CRI-0118,RV-VAC-0024-1,4,[SINTÉTICO] Nivel 4 del criterio «Organización del trabajo»: descriptor conductual de ejemplo.,20,synthetic,SYN-000690
CRI-0119-L1,CRI-0119,RV-VAC-0024-1,1,[SINTÉTICO] Nivel 1 del criterio «Desarrollo profesional»: descriptor conductual de ejemplo.,5,synthetic,SYN-000692
CRI-0119-L2,CRI-0119,RV-VAC-0024-1,2,[SINTÉTICO] Nivel 2 del criterio «Desarrollo profesional»: descriptor conductual de ejemplo.,10,synthetic,SYN-000693
CRI-0119-L3,CRI-0119,RV-VAC-0024-1,3,[SINTÉTICO] Nivel 3 del criterio «Desarrollo profesional»: descriptor conductual de ejemplo.,15,synthetic,SYN-000694
CRI-0119-L4,CRI-0119,RV-VAC-0024-1,4,[SINTÉTICO] Nivel 4 del criterio «Desarrollo profesional»: descriptor conductual de ejemplo.,20,synthetic,SYN-000695
CRI-0120-L1,CRI-0120,RV-VAC-0024-1,1,[SINTÉTICO] Nivel 1 del criterio «Conducción del aprendizaje»: descriptor conductual de ejemplo.,5,synthetic,SYN-000697
CRI-0120-L2,CRI-0120,RV-VAC-0024-1,2,[SINTÉTICO] Nivel 2 del criterio «Conducción del aprendizaje»: descriptor conductual de ejemplo.,10,synthetic,SYN-000698
CRI-0120-L3,CRI-0120,RV-VAC-0024-1,3,[SINTÉTICO] Nivel 3 del criterio «Conducción del aprendizaje»: descriptor conductual de ejemplo.,15,synthetic,SYN-000699
CRI-0120-L4,CRI-0120,RV-VAC-0024-1,4,[SINTÉTICO] Nivel 4 del criterio «Conducción del aprendizaje»: descriptor conductual de ejemplo.,20,synthetic,SYN-000700
CRI-0121-L1,CRI-0121,RV-VAC-0025-1,1,[SINTÉTICO] Nivel 1 del criterio «Planificación de la enseñanza»: descriptor conductual de ejemplo.,5,synthetic,SYN-000705
CRI-0121-L2,CRI-0121,RV-VAC-0025-1,2,[SINTÉTICO] Nivel 2 del criterio «Planificación de la enseñanza»: descriptor conductual de ejemplo.,10,synthetic,SYN-000706
CRI-0121-L3,CRI-0121,RV-VAC-0025-1,3,[SINTÉTICO] Nivel 3 del criterio «Planificación de la enseñanza»: descriptor conductual de ejemplo.,15,synthetic,SYN-000707
CRI-0121-L4,CRI-0121,RV-VAC-0025-1,4,[SINTÉTICO] Nivel 4 del criterio «Planificación de la enseñanza»: descriptor conductual de ejemplo.,20,synthetic,SYN-000708
CRI-0122-L1,CRI-0122,RV-VAC-0025-1,1,[SINTÉTICO] Nivel 1 del criterio «Desarrollo profesional»: descriptor conductual de ejemplo.,5,synthetic,SYN-000710
CRI-0122-L2,CRI-0122,RV-VAC-0025-1,2,[SINTÉTICO] Nivel 2 del criterio «Desarrollo profesional»: descriptor conductual de ejemplo.,10,synthetic,SYN-000711
CRI-0122-L3,CRI-0122,RV-VAC-0025-1,3,[SINTÉTICO] Nivel 3 del criterio «Desarrollo profesional»: descriptor conductual de ejemplo.,15,synthetic,SYN-000712
CRI-0122-L4,CRI-0122,RV-VAC-0025-1,4,[SINTÉTICO] Nivel 4 del criterio «Desarrollo profesional»: descriptor conductual de ejemplo.,20,synthetic,SYN-000713
CRI-0123-L1,CRI-0123,RV-VAC-0025-1,1,[SINTÉTICO] Nivel 1 del criterio «Conducción del aprendizaje»: descriptor conductual de ejemplo.,5,synthetic,SYN-000715
CRI-0123-L2,CRI-0123,RV-VAC-0025-1,2,[SINTÉTICO] Nivel 2 del criterio «Conducción del aprendizaje»: descriptor conductual de ejemplo.,10,synthetic,SYN-000716
CRI-0123-L3,CRI-0123,RV-VAC-0025-1,3,[SINTÉTICO] Nivel 3 del criterio «Conducción del aprendizaje»: descriptor conductual de ejemplo.,15,synthetic,SYN-000717
CRI-0123-L4,CRI-0123,RV-VAC-0025-1,4,[SINTÉTICO] Nivel 4 del criterio «Conducción del aprendizaje»: descriptor conductual de ejemplo.,20,synthetic,SYN-000718
CRI-0124-L1,CRI-0124,RV-VAC-0025-1,1,[SINTÉTICO] Nivel 1 del criterio «Trabajo con familias y comunidad»: descriptor conductual de ejemplo.,5,synthetic,SYN-000720
CRI-0124-L2,CRI-0124,RV-VAC-0025-1,2,[SINTÉTICO] Nivel 2 del criterio «Trabajo con familias y comunidad»: descriptor conductual de ejemplo.,10,synthetic,SYN-000721
CRI-0124-L3,CRI-0124,RV-VAC-0025-1,3,[SINTÉTICO] Nivel 3 del criterio «Trabajo con familias y comunidad»: descriptor conductual de ejemplo.,15,synthetic,SYN-000722
CRI-0124-L4,CRI-0124,RV-VAC-0025-1,4,[SINTÉTICO] Nivel 4 del criterio «Trabajo con familias y comunidad»: descriptor conductual de ejemplo.,20,synthetic,SYN-000723
CRI-0125-L1,CRI-0125,RV-VAC-0025-1,1,[SINTÉTICO] Nivel 1 del criterio «Evaluación formativa»: descriptor conductual de ejemplo.,5,synthetic,SYN-000725
CRI-0125-L2,CRI-0125,RV-VAC-0025-1,2,[SINTÉTICO] Nivel 2 del criterio «Evaluación formativa»: descriptor conductual de ejemplo.,10,synthetic,SYN-000726
CRI-0125-L3,CRI-0125,RV-VAC-0025-1,3,[SINTÉTICO] Nivel 3 del criterio «Evaluación formativa»: descriptor conductual de ejemplo.,15,synthetic,SYN-000727
CRI-0125-L4,CRI-0125,RV-VAC-0025-1,4,[SINTÉTICO] Nivel 4 del criterio «Evaluación formativa»: descriptor conductual de ejemplo.,20,synthetic,SYN-000728
CRI-0126-L1,CRI-0126,RV-VAC-0025-1,1,[SINTÉTICO] Nivel 1 del criterio «Organización del trabajo»: descriptor conductual de ejemplo.,5,synthetic,SYN-000730
CRI-0126-L2,CRI-0126,RV-VAC-0025-1,2,[SINTÉTICO] Nivel 2 del criterio «Organización del trabajo»: descriptor conductual de ejemplo.,10,synthetic,SYN-000731
CRI-0126-L3,CRI-0126,RV-VAC-0025-1,3,[SINTÉTICO] Nivel 3 del criterio «Organización del trabajo»: descriptor conductual de ejemplo.,15,synthetic,SYN-000732
CRI-0126-L4,CRI-0126,RV-VAC-0025-1,4,[SINTÉTICO] Nivel 4 del criterio «Organización del trabajo»: descriptor conductual de ejemplo.,20,synthetic,SYN-000733
CRI-0127-L1,CRI-0127,RV-VAC-0026-1,1,[SINTÉTICO] Nivel 1 del criterio «Organización del trabajo»: descriptor conductual de ejemplo.,5,synthetic,SYN-000737
CRI-0127-L2,CRI-0127,RV-VAC-0026-1,2,[SINTÉTICO] Nivel 2 del criterio «Organización del trabajo»: descriptor conductual de ejemplo.,10,synthetic,SYN-000738
CRI-0127-L3,CRI-0127,RV-VAC-0026-1,3,[SINTÉTICO] Nivel 3 del criterio «Organización del trabajo»: descriptor conductual de ejemplo.,15,synthetic,SYN-000739
CRI-0127-L4,CRI-0127,RV-VAC-0026-1,4,[SINTÉTICO] Nivel 4 del criterio «Organización del trabajo»: descriptor conductual de ejemplo.,20,synthetic,SYN-000740
CRI-0128-L1,CRI-0128,RV-VAC-0026-1,1,[SINTÉTICO] Nivel 1 del criterio «Gestión administrativa»: descriptor conductual de ejemplo.,5,synthetic,SYN-000742
CRI-0128-L2,CRI-0128,RV-VAC-0026-1,2,[SINTÉTICO] Nivel 2 del criterio «Gestión administrativa»: descriptor conductual de ejemplo.,10,synthetic,SYN-000743
CRI-0128-L3,CRI-0128,RV-VAC-0026-1,3,[SINTÉTICO] Nivel 3 del criterio «Gestión administrativa»: descriptor conductual de ejemplo.,15,synthetic,SYN-000744
CRI-0128-L4,CRI-0128,RV-VAC-0026-1,4,[SINTÉTICO] Nivel 4 del criterio «Gestión administrativa»: descriptor conductual de ejemplo.,20,synthetic,SYN-000745
CRI-0129-L1,CRI-0129,RV-VAC-0026-1,1,[SINTÉTICO] Nivel 1 del criterio «Atención al usuario»: descriptor conductual de ejemplo.,5,synthetic,SYN-000747
CRI-0129-L2,CRI-0129,RV-VAC-0026-1,2,[SINTÉTICO] Nivel 2 del criterio «Atención al usuario»: descriptor conductual de ejemplo.,10,synthetic,SYN-000748
CRI-0129-L3,CRI-0129,RV-VAC-0026-1,3,[SINTÉTICO] Nivel 3 del criterio «Atención al usuario»: descriptor conductual de ejemplo.,15,synthetic,SYN-000749
CRI-0129-L4,CRI-0129,RV-VAC-0026-1,4,[SINTÉTICO] Nivel 4 del criterio «Atención al usuario»: descriptor conductual de ejemplo.,20,synthetic,SYN-000750
CRI-0130-L1,CRI-0130,RV-VAC-0026-1,1,[SINTÉTICO] Nivel 1 del criterio «Desarrollo profesional»: descriptor conductual de ejemplo.,5,synthetic,SYN-000752
CRI-0130-L2,CRI-0130,RV-VAC-0026-1,2,[SINTÉTICO] Nivel 2 del criterio «Desarrollo profesional»: descriptor conductual de ejemplo.,10,synthetic,SYN-000753
CRI-0130-L3,CRI-0130,RV-VAC-0026-1,3,[SINTÉTICO] Nivel 3 del criterio «Desarrollo profesional»: descriptor conductual de ejemplo.,15,synthetic,SYN-000754
CRI-0130-L4,CRI-0130,RV-VAC-0026-1,4,[SINTÉTICO] Nivel 4 del criterio «Desarrollo profesional»: descriptor conductual de ejemplo.,20,synthetic,SYN-000755
CRI-0131-L1,CRI-0131,RV-VAC-0027-1,1,[SINTÉTICO] Nivel 1 del criterio «Organización del trabajo»: descriptor conductual de ejemplo.,5,synthetic,SYN-000761
CRI-0131-L2,CRI-0131,RV-VAC-0027-1,2,[SINTÉTICO] Nivel 2 del criterio «Organización del trabajo»: descriptor conductual de ejemplo.,10,synthetic,SYN-000762
CRI-0131-L3,CRI-0131,RV-VAC-0027-1,3,[SINTÉTICO] Nivel 3 del criterio «Organización del trabajo»: descriptor conductual de ejemplo.,15,synthetic,SYN-000763
CRI-0131-L4,CRI-0131,RV-VAC-0027-1,4,[SINTÉTICO] Nivel 4 del criterio «Organización del trabajo»: descriptor conductual de ejemplo.,20,synthetic,SYN-000764
CRI-0132-L1,CRI-0132,RV-VAC-0027-1,1,[SINTÉTICO] Nivel 1 del criterio «Evaluación formativa»: descriptor conductual de ejemplo.,5,synthetic,SYN-000766
CRI-0132-L2,CRI-0132,RV-VAC-0027-1,2,[SINTÉTICO] Nivel 2 del criterio «Evaluación formativa»: descriptor conductual de ejemplo.,10,synthetic,SYN-000767
CRI-0132-L3,CRI-0132,RV-VAC-0027-1,3,[SINTÉTICO] Nivel 3 del criterio «Evaluación formativa»: descriptor conductual de ejemplo.,15,synthetic,SYN-000768
CRI-0132-L4,CRI-0132,RV-VAC-0027-1,4,[SINTÉTICO] Nivel 4 del criterio «Evaluación formativa»: descriptor conductual de ejemplo.,20,synthetic,SYN-000769
CRI-0133-L1,CRI-0133,RV-VAC-0027-1,1,[SINTÉTICO] Nivel 1 del criterio «Trabajo con familias y comunidad»: descriptor conductual de ejemplo.,5,synthetic,SYN-000771
CRI-0133-L2,CRI-0133,RV-VAC-0027-1,2,[SINTÉTICO] Nivel 2 del criterio «Trabajo con familias y comunidad»: descriptor conductual de ejemplo.,10,synthetic,SYN-000772
CRI-0133-L3,CRI-0133,RV-VAC-0027-1,3,[SINTÉTICO] Nivel 3 del criterio «Trabajo con familias y comunidad»: descriptor conductual de ejemplo.,15,synthetic,SYN-000773
CRI-0133-L4,CRI-0133,RV-VAC-0027-1,4,[SINTÉTICO] Nivel 4 del criterio «Trabajo con familias y comunidad»: descriptor conductual de ejemplo.,20,synthetic,SYN-000774
CRI-0134-L1,CRI-0134,RV-VAC-0027-1,1,[SINTÉTICO] Nivel 1 del criterio «Conducción del aprendizaje»: descriptor conductual de ejemplo.,5,synthetic,SYN-000776
CRI-0134-L2,CRI-0134,RV-VAC-0027-1,2,[SINTÉTICO] Nivel 2 del criterio «Conducción del aprendizaje»: descriptor conductual de ejemplo.,10,synthetic,SYN-000777
CRI-0134-L3,CRI-0134,RV-VAC-0027-1,3,[SINTÉTICO] Nivel 3 del criterio «Conducción del aprendizaje»: descriptor conductual de ejemplo.,15,synthetic,SYN-000778
CRI-0134-L4,CRI-0134,RV-VAC-0027-1,4,[SINTÉTICO] Nivel 4 del criterio «Conducción del aprendizaje»: descriptor conductual de ejemplo.,20,synthetic,SYN-000779
CRI-0135-L1,CRI-0135,RV-VAC-0027-1,1,[SINTÉTICO] Nivel 1 del criterio «Desarrollo profesional»: descriptor conductual de ejemplo.,5,synthetic,SYN-000781
CRI-0135-L2,CRI-0135,RV-VAC-0027-1,2,[SINTÉTICO] Nivel 2 del criterio «Desarrollo profesional»: descriptor conductual de ejemplo.,10,synthetic,SYN-000782
CRI-0135-L3,CRI-0135,RV-VAC-0027-1,3,[SINTÉTICO] Nivel 3 del criterio «Desarrollo profesional»: descriptor conductual de ejemplo.,15,synthetic,SYN-000783
CRI-0135-L4,CRI-0135,RV-VAC-0027-1,4,[SINTÉTICO] Nivel 4 del criterio «Desarrollo profesional»: descriptor conductual de ejemplo.,20,synthetic,SYN-000784
CRI-0136-L1,CRI-0136,RV-VAC-0027-1,1,[SINTÉTICO] Nivel 1 del criterio «Planificación de la enseñanza»: descriptor conductual de ejemplo.,5,synthetic,SYN-000786
CRI-0136-L2,CRI-0136,RV-VAC-0027-1,2,[SINTÉTICO] Nivel 2 del criterio «Planificación de la enseñanza»: descriptor conductual de ejemplo.,10,synthetic,SYN-000787
CRI-0136-L3,CRI-0136,RV-VAC-0027-1,3,[SINTÉTICO] Nivel 3 del criterio «Planificación de la enseñanza»: descriptor conductual de ejemplo.,15,synthetic,SYN-000788
CRI-0136-L4,CRI-0136,RV-VAC-0027-1,4,[SINTÉTICO] Nivel 4 del criterio «Planificación de la enseñanza»: descriptor conductual de ejemplo.,20,synthetic,SYN-000789
CRI-0137-L1,CRI-0137,RV-VAC-0028-1,1,[SINTÉTICO] Nivel 1 del criterio «Organización del trabajo»: descriptor conductual de ejemplo.,5,synthetic,SYN-000794
CRI-0137-L2,CRI-0137,RV-VAC-0028-1,2,[SINTÉTICO] Nivel 2 del criterio «Organización del trabajo»: descriptor conductual de ejemplo.,10,synthetic,SYN-000795
CRI-0137-L3,CRI-0137,RV-VAC-0028-1,3,[SINTÉTICO] Nivel 3 del criterio «Organización del trabajo»: descriptor conductual de ejemplo.,15,synthetic,SYN-000796
CRI-0137-L4,CRI-0137,RV-VAC-0028-1,4,[SINTÉTICO] Nivel 4 del criterio «Organización del trabajo»: descriptor conductual de ejemplo.,20,synthetic,SYN-000797
CRI-0138-L1,CRI-0138,RV-VAC-0028-1,1,[SINTÉTICO] Nivel 1 del criterio «Atención al usuario»: descriptor conductual de ejemplo.,5,synthetic,SYN-000799
CRI-0138-L2,CRI-0138,RV-VAC-0028-1,2,[SINTÉTICO] Nivel 2 del criterio «Atención al usuario»: descriptor conductual de ejemplo.,10,synthetic,SYN-000800
CRI-0138-L3,CRI-0138,RV-VAC-0028-1,3,[SINTÉTICO] Nivel 3 del criterio «Atención al usuario»: descriptor conductual de ejemplo.,15,synthetic,SYN-000801
CRI-0138-L4,CRI-0138,RV-VAC-0028-1,4,[SINTÉTICO] Nivel 4 del criterio «Atención al usuario»: descriptor conductual de ejemplo.,20,synthetic,SYN-000802
CRI-0139-L1,CRI-0139,RV-VAC-0028-1,1,[SINTÉTICO] Nivel 1 del criterio «Gestión administrativa»: descriptor conductual de ejemplo.,5,synthetic,SYN-000804
CRI-0139-L2,CRI-0139,RV-VAC-0028-1,2,[SINTÉTICO] Nivel 2 del criterio «Gestión administrativa»: descriptor conductual de ejemplo.,10,synthetic,SYN-000805
CRI-0139-L3,CRI-0139,RV-VAC-0028-1,3,[SINTÉTICO] Nivel 3 del criterio «Gestión administrativa»: descriptor conductual de ejemplo.,15,synthetic,SYN-000806
CRI-0139-L4,CRI-0139,RV-VAC-0028-1,4,[SINTÉTICO] Nivel 4 del criterio «Gestión administrativa»: descriptor conductual de ejemplo.,20,synthetic,SYN-000807
CRI-0140-L1,CRI-0140,RV-VAC-0028-1,1,[SINTÉTICO] Nivel 1 del criterio «Desarrollo profesional»: descriptor conductual de ejemplo.,5,synthetic,SYN-000809
CRI-0140-L2,CRI-0140,RV-VAC-0028-1,2,[SINTÉTICO] Nivel 2 del criterio «Desarrollo profesional»: descriptor conductual de ejemplo.,10,synthetic,SYN-000810
CRI-0140-L3,CRI-0140,RV-VAC-0028-1,3,[SINTÉTICO] Nivel 3 del criterio «Desarrollo profesional»: descriptor conductual de ejemplo.,15,synthetic,SYN-000811
CRI-0140-L4,CRI-0140,RV-VAC-0028-1,4,[SINTÉTICO] Nivel 4 del criterio «Desarrollo profesional»: descriptor conductual de ejemplo.,20,synthetic,SYN-000812
CRI-0141-L1,CRI-0141,RV-VAC-0029-1,1,[SINTÉTICO] Nivel 1 del criterio «Atención al usuario»: descriptor conductual de ejemplo.,5,synthetic,SYN-000817
CRI-0141-L2,CRI-0141,RV-VAC-0029-1,2,[SINTÉTICO] Nivel 2 del criterio «Atención al usuario»: descriptor conductual de ejemplo.,10,synthetic,SYN-000818
CRI-0141-L3,CRI-0141,RV-VAC-0029-1,3,[SINTÉTICO] Nivel 3 del criterio «Atención al usuario»: descriptor conductual de ejemplo.,15,synthetic,SYN-000819
CRI-0141-L4,CRI-0141,RV-VAC-0029-1,4,[SINTÉTICO] Nivel 4 del criterio «Atención al usuario»: descriptor conductual de ejemplo.,20,synthetic,SYN-000820
CRI-0142-L1,CRI-0142,RV-VAC-0029-1,1,[SINTÉTICO] Nivel 1 del criterio «Desarrollo profesional»: descriptor conductual de ejemplo.,5,synthetic,SYN-000822
CRI-0142-L2,CRI-0142,RV-VAC-0029-1,2,[SINTÉTICO] Nivel 2 del criterio «Desarrollo profesional»: descriptor conductual de ejemplo.,10,synthetic,SYN-000823
CRI-0142-L3,CRI-0142,RV-VAC-0029-1,3,[SINTÉTICO] Nivel 3 del criterio «Desarrollo profesional»: descriptor conductual de ejemplo.,15,synthetic,SYN-000824
CRI-0142-L4,CRI-0142,RV-VAC-0029-1,4,[SINTÉTICO] Nivel 4 del criterio «Desarrollo profesional»: descriptor conductual de ejemplo.,20,synthetic,SYN-000825
CRI-0143-L1,CRI-0143,RV-VAC-0029-1,1,[SINTÉTICO] Nivel 1 del criterio «Gestión administrativa»: descriptor conductual de ejemplo.,5,synthetic,SYN-000827
CRI-0143-L2,CRI-0143,RV-VAC-0029-1,2,[SINTÉTICO] Nivel 2 del criterio «Gestión administrativa»: descriptor conductual de ejemplo.,10,synthetic,SYN-000828
CRI-0143-L3,CRI-0143,RV-VAC-0029-1,3,[SINTÉTICO] Nivel 3 del criterio «Gestión administrativa»: descriptor conductual de ejemplo.,15,synthetic,SYN-000829
CRI-0143-L4,CRI-0143,RV-VAC-0029-1,4,[SINTÉTICO] Nivel 4 del criterio «Gestión administrativa»: descriptor conductual de ejemplo.,20,synthetic,SYN-000830
CRI-0144-L1,CRI-0144,RV-VAC-0029-1,1,[SINTÉTICO] Nivel 1 del criterio «Organización del trabajo»: descriptor conductual de ejemplo.,5,synthetic,SYN-000832
CRI-0144-L2,CRI-0144,RV-VAC-0029-1,2,[SINTÉTICO] Nivel 2 del criterio «Organización del trabajo»: descriptor conductual de ejemplo.,10,synthetic,SYN-000833
CRI-0144-L3,CRI-0144,RV-VAC-0029-1,3,[SINTÉTICO] Nivel 3 del criterio «Organización del trabajo»: descriptor conductual de ejemplo.,15,synthetic,SYN-000834
CRI-0144-L4,CRI-0144,RV-VAC-0029-1,4,[SINTÉTICO] Nivel 4 del criterio «Organización del trabajo»: descriptor conductual de ejemplo.,20,synthetic,SYN-000835
CRI-0145-L1,CRI-0145,RV-VAC-0030-1,1,[SINTÉTICO] Nivel 1 del criterio «Planificación de la enseñanza»: descriptor conductual de ejemplo.,5,synthetic,SYN-000841
CRI-0145-L2,CRI-0145,RV-VAC-0030-1,2,[SINTÉTICO] Nivel 2 del criterio «Planificación de la enseñanza»: descriptor conductual de ejemplo.,10,synthetic,SYN-000842
CRI-0145-L3,CRI-0145,RV-VAC-0030-1,3,[SINTÉTICO] Nivel 3 del criterio «Planificación de la enseñanza»: descriptor conductual de ejemplo.,15,synthetic,SYN-000843
CRI-0145-L4,CRI-0145,RV-VAC-0030-1,4,[SINTÉTICO] Nivel 4 del criterio «Planificación de la enseñanza»: descriptor conductual de ejemplo.,20,synthetic,SYN-000844
CRI-0146-L1,CRI-0146,RV-VAC-0030-1,1,[SINTÉTICO] Nivel 1 del criterio «Conducción del aprendizaje»: descriptor conductual de ejemplo.,5,synthetic,SYN-000846
CRI-0146-L2,CRI-0146,RV-VAC-0030-1,2,[SINTÉTICO] Nivel 2 del criterio «Conducción del aprendizaje»: descriptor conductual de ejemplo.,10,synthetic,SYN-000847
CRI-0146-L3,CRI-0146,RV-VAC-0030-1,3,[SINTÉTICO] Nivel 3 del criterio «Conducción del aprendizaje»: descriptor conductual de ejemplo.,15,synthetic,SYN-000848
CRI-0146-L4,CRI-0146,RV-VAC-0030-1,4,[SINTÉTICO] Nivel 4 del criterio «Conducción del aprendizaje»: descriptor conductual de ejemplo.,20,synthetic,SYN-000849
CRI-0147-L1,CRI-0147,RV-VAC-0030-1,1,[SINTÉTICO] Nivel 1 del criterio «Organización del trabajo»: descriptor conductual de ejemplo.,5,synthetic,SYN-000851
CRI-0147-L2,CRI-0147,RV-VAC-0030-1,2,[SINTÉTICO] Nivel 2 del criterio «Organización del trabajo»: descriptor conductual de ejemplo.,10,synthetic,SYN-000852
CRI-0147-L3,CRI-0147,RV-VAC-0030-1,3,[SINTÉTICO] Nivel 3 del criterio «Organización del trabajo»: descriptor conductual de ejemplo.,15,synthetic,SYN-000853
CRI-0147-L4,CRI-0147,RV-VAC-0030-1,4,[SINTÉTICO] Nivel 4 del criterio «Organización del trabajo»: descriptor conductual de ejemplo.,20,synthetic,SYN-000854
CRI-0148-L1,CRI-0148,RV-VAC-0030-1,1,[SINTÉTICO] Nivel 1 del criterio «Trabajo con familias y comunidad»: descriptor conductual de ejemplo.,5,synthetic,SYN-000856
CRI-0148-L2,CRI-0148,RV-VAC-0030-1,2,[SINTÉTICO] Nivel 2 del criterio «Trabajo con familias y comunidad»: descriptor conductual de ejemplo.,10,synthetic,SYN-000857
CRI-0148-L3,CRI-0148,RV-VAC-0030-1,3,[SINTÉTICO] Nivel 3 del criterio «Trabajo con familias y comunidad»: descriptor conductual de ejemplo.,15,synthetic,SYN-000858
CRI-0148-L4,CRI-0148,RV-VAC-0030-1,4,[SINTÉTICO] Nivel 4 del criterio «Trabajo con familias y comunidad»: descriptor conductual de ejemplo.,20,synthetic,SYN-000859
CRI-0149-L1,CRI-0149,RV-VAC-0030-1,1,[SINTÉTICO] Nivel 1 del criterio «Desarrollo profesional»: descriptor conductual de ejemplo.,5,synthetic,SYN-000861
CRI-0149-L2,CRI-0149,RV-VAC-0030-1,2,[SINTÉTICO] Nivel 2 del criterio «Desarrollo profesional»: descriptor conductual de ejemplo.,10,synthetic,SYN-000862
CRI-0149-L3,CRI-0149,RV-VAC-0030-1,3,[SINTÉTICO] Nivel 3 del criterio «Desarrollo profesional»: descriptor conductual de ejemplo.,15,synthetic,SYN-000863
CRI-0149-L4,CRI-0149,RV-VAC-0030-1,4,[SINTÉTICO] Nivel 4 del criterio «Desarrollo profesional»: descriptor conductual de ejemplo.,20,synthetic,SYN-000864
CRI-0150-L1,CRI-0150,RV-VAC-0031-1,1,[SINTÉTICO] Nivel 1 del criterio «Trabajo con familias y comunidad»: descriptor conductual de ejemplo.,5,synthetic,SYN-000870
CRI-0150-L2,CRI-0150,RV-VAC-0031-1,2,[SINTÉTICO] Nivel 2 del criterio «Trabajo con familias y comunidad»: descriptor conductual de ejemplo.,10,synthetic,SYN-000871
CRI-0150-L3,CRI-0150,RV-VAC-0031-1,3,[SINTÉTICO] Nivel 3 del criterio «Trabajo con familias y comunidad»: descriptor conductual de ejemplo.,15,synthetic,SYN-000872
CRI-0150-L4,CRI-0150,RV-VAC-0031-1,4,[SINTÉTICO] Nivel 4 del criterio «Trabajo con familias y comunidad»: descriptor conductual de ejemplo.,20,synthetic,SYN-000873
CRI-0151-L1,CRI-0151,RV-VAC-0031-1,1,[SINTÉTICO] Nivel 1 del criterio «Planificación de la enseñanza»: descriptor conductual de ejemplo.,5,synthetic,SYN-000875
CRI-0151-L2,CRI-0151,RV-VAC-0031-1,2,[SINTÉTICO] Nivel 2 del criterio «Planificación de la enseñanza»: descriptor conductual de ejemplo.,10,synthetic,SYN-000876
CRI-0151-L3,CRI-0151,RV-VAC-0031-1,3,[SINTÉTICO] Nivel 3 del criterio «Planificación de la enseñanza»: descriptor conductual de ejemplo.,15,synthetic,SYN-000877
CRI-0151-L4,CRI-0151,RV-VAC-0031-1,4,[SINTÉTICO] Nivel 4 del criterio «Planificación de la enseñanza»: descriptor conductual de ejemplo.,20,synthetic,SYN-000878
CRI-0152-L1,CRI-0152,RV-VAC-0031-1,1,[SINTÉTICO] Nivel 1 del criterio «Organización del trabajo»: descriptor conductual de ejemplo.,5,synthetic,SYN-000880
CRI-0152-L2,CRI-0152,RV-VAC-0031-1,2,[SINTÉTICO] Nivel 2 del criterio «Organización del trabajo»: descriptor conductual de ejemplo.,10,synthetic,SYN-000881
CRI-0152-L3,CRI-0152,RV-VAC-0031-1,3,[SINTÉTICO] Nivel 3 del criterio «Organización del trabajo»: descriptor conductual de ejemplo.,15,synthetic,SYN-000882
CRI-0152-L4,CRI-0152,RV-VAC-0031-1,4,[SINTÉTICO] Nivel 4 del criterio «Organización del trabajo»: descriptor conductual de ejemplo.,20,synthetic,SYN-000883
CRI-0153-L1,CRI-0153,RV-VAC-0031-1,1,[SINTÉTICO] Nivel 1 del criterio «Evaluación formativa»: descriptor conductual de ejemplo.,5,synthetic,SYN-000885
CRI-0153-L2,CRI-0153,RV-VAC-0031-1,2,[SINTÉTICO] Nivel 2 del criterio «Evaluación formativa»: descriptor conductual de ejemplo.,10,synthetic,SYN-000886
CRI-0153-L3,CRI-0153,RV-VAC-0031-1,3,[SINTÉTICO] Nivel 3 del criterio «Evaluación formativa»: descriptor conductual de ejemplo.,15,synthetic,SYN-000887
CRI-0153-L4,CRI-0153,RV-VAC-0031-1,4,[SINTÉTICO] Nivel 4 del criterio «Evaluación formativa»: descriptor conductual de ejemplo.,20,synthetic,SYN-000888
CRI-0154-L1,CRI-0154,RV-VAC-0031-1,1,[SINTÉTICO] Nivel 1 del criterio «Desarrollo profesional»: descriptor conductual de ejemplo.,5,synthetic,SYN-000890
CRI-0154-L2,CRI-0154,RV-VAC-0031-1,2,[SINTÉTICO] Nivel 2 del criterio «Desarrollo profesional»: descriptor conductual de ejemplo.,10,synthetic,SYN-000891
CRI-0154-L3,CRI-0154,RV-VAC-0031-1,3,[SINTÉTICO] Nivel 3 del criterio «Desarrollo profesional»: descriptor conductual de ejemplo.,15,synthetic,SYN-000892
CRI-0154-L4,CRI-0154,RV-VAC-0031-1,4,[SINTÉTICO] Nivel 4 del criterio «Desarrollo profesional»: descriptor conductual de ejemplo.,20,synthetic,SYN-000893
CRI-0155-L1,CRI-0155,RV-VAC-0032-1,1,[SINTÉTICO] Nivel 1 del criterio «Trabajo con familias y comunidad»: descriptor conductual de ejemplo.,5,synthetic,SYN-000898
CRI-0155-L2,CRI-0155,RV-VAC-0032-1,2,[SINTÉTICO] Nivel 2 del criterio «Trabajo con familias y comunidad»: descriptor conductual de ejemplo.,10,synthetic,SYN-000899
CRI-0155-L3,CRI-0155,RV-VAC-0032-1,3,[SINTÉTICO] Nivel 3 del criterio «Trabajo con familias y comunidad»: descriptor conductual de ejemplo.,15,synthetic,SYN-000900
CRI-0155-L4,CRI-0155,RV-VAC-0032-1,4,[SINTÉTICO] Nivel 4 del criterio «Trabajo con familias y comunidad»: descriptor conductual de ejemplo.,20,synthetic,SYN-000901
CRI-0156-L1,CRI-0156,RV-VAC-0032-1,1,[SINTÉTICO] Nivel 1 del criterio «Desarrollo profesional»: descriptor conductual de ejemplo.,5,synthetic,SYN-000903
CRI-0156-L2,CRI-0156,RV-VAC-0032-1,2,[SINTÉTICO] Nivel 2 del criterio «Desarrollo profesional»: descriptor conductual de ejemplo.,10,synthetic,SYN-000904
CRI-0156-L3,CRI-0156,RV-VAC-0032-1,3,[SINTÉTICO] Nivel 3 del criterio «Desarrollo profesional»: descriptor conductual de ejemplo.,15,synthetic,SYN-000905
CRI-0156-L4,CRI-0156,RV-VAC-0032-1,4,[SINTÉTICO] Nivel 4 del criterio «Desarrollo profesional»: descriptor conductual de ejemplo.,20,synthetic,SYN-000906
CRI-0157-L1,CRI-0157,RV-VAC-0032-1,1,[SINTÉTICO] Nivel 1 del criterio «Organización del trabajo»: descriptor conductual de ejemplo.,5,synthetic,SYN-000908
CRI-0157-L2,CRI-0157,RV-VAC-0032-1,2,[SINTÉTICO] Nivel 2 del criterio «Organización del trabajo»: descriptor conductual de ejemplo.,10,synthetic,SYN-000909
CRI-0157-L3,CRI-0157,RV-VAC-0032-1,3,[SINTÉTICO] Nivel 3 del criterio «Organización del trabajo»: descriptor conductual de ejemplo.,15,synthetic,SYN-000910
CRI-0157-L4,CRI-0157,RV-VAC-0032-1,4,[SINTÉTICO] Nivel 4 del criterio «Organización del trabajo»: descriptor conductual de ejemplo.,20,synthetic,SYN-000911
CRI-0158-L1,CRI-0158,RV-VAC-0032-1,1,[SINTÉTICO] Nivel 1 del criterio «Planificación de la enseñanza»: descriptor conductual de ejemplo.,5,synthetic,SYN-000913
CRI-0158-L2,CRI-0158,RV-VAC-0032-1,2,[SINTÉTICO] Nivel 2 del criterio «Planificación de la enseñanza»: descriptor conductual de ejemplo.,10,synthetic,SYN-000914
CRI-0158-L3,CRI-0158,RV-VAC-0032-1,3,[SINTÉTICO] Nivel 3 del criterio «Planificación de la enseñanza»: descriptor conductual de ejemplo.,15,synthetic,SYN-000915
CRI-0158-L4,CRI-0158,RV-VAC-0032-1,4,[SINTÉTICO] Nivel 4 del criterio «Planificación de la enseñanza»: descriptor conductual de ejemplo.,20,synthetic,SYN-000916
CRI-0159-L1,CRI-0159,RV-VAC-0032-1,1,[SINTÉTICO] Nivel 1 del criterio «Conducción del aprendizaje»: descriptor conductual de ejemplo.,5,synthetic,SYN-000918
CRI-0159-L2,CRI-0159,RV-VAC-0032-1,2,[SINTÉTICO] Nivel 2 del criterio «Conducción del aprendizaje»: descriptor conductual de ejemplo.,10,synthetic,SYN-000919
CRI-0159-L3,CRI-0159,RV-VAC-0032-1,3,[SINTÉTICO] Nivel 3 del criterio «Conducción del aprendizaje»: descriptor conductual de ejemplo.,15,synthetic,SYN-000920
CRI-0159-L4,CRI-0159,RV-VAC-0032-1,4,[SINTÉTICO] Nivel 4 del criterio «Conducción del aprendizaje»: descriptor conductual de ejemplo.,20,synthetic,SYN-000921
CRI-0160-L1,CRI-0160,RV-VAC-0032-1,1,[SINTÉTICO] Nivel 1 del criterio «Evaluación formativa»: descriptor conductual de ejemplo.,5,synthetic,SYN-000923
CRI-0160-L2,CRI-0160,RV-VAC-0032-1,2,[SINTÉTICO] Nivel 2 del criterio «Evaluación formativa»: descriptor conductual de ejemplo.,10,synthetic,SYN-000924
CRI-0160-L3,CRI-0160,RV-VAC-0032-1,3,[SINTÉTICO] Nivel 3 del criterio «Evaluación formativa»: descriptor conductual de ejemplo.,15,synthetic,SYN-000925
CRI-0160-L4,CRI-0160,RV-VAC-0032-1,4,[SINTÉTICO] Nivel 4 del criterio «Evaluación formativa»: descriptor conductual de ejemplo.,20,synthetic,SYN-000926
CRI-0161-L1,CRI-0161,RV-VAC-0033-1,1,[SINTÉTICO] Nivel 1 del criterio «Gestión administrativa»: descriptor conductual de ejemplo.,5,synthetic,SYN-000932
CRI-0161-L2,CRI-0161,RV-VAC-0033-1,2,[SINTÉTICO] Nivel 2 del criterio «Gestión administrativa»: descriptor conductual de ejemplo.,10,synthetic,SYN-000933
CRI-0161-L3,CRI-0161,RV-VAC-0033-1,3,[SINTÉTICO] Nivel 3 del criterio «Gestión administrativa»: descriptor conductual de ejemplo.,15,synthetic,SYN-000934
CRI-0161-L4,CRI-0161,RV-VAC-0033-1,4,[SINTÉTICO] Nivel 4 del criterio «Gestión administrativa»: descriptor conductual de ejemplo.,20,synthetic,SYN-000935
CRI-0162-L1,CRI-0162,RV-VAC-0033-1,1,[SINTÉTICO] Nivel 1 del criterio «Atención al usuario»: descriptor conductual de ejemplo.,5,synthetic,SYN-000937
CRI-0162-L2,CRI-0162,RV-VAC-0033-1,2,[SINTÉTICO] Nivel 2 del criterio «Atención al usuario»: descriptor conductual de ejemplo.,10,synthetic,SYN-000938
CRI-0162-L3,CRI-0162,RV-VAC-0033-1,3,[SINTÉTICO] Nivel 3 del criterio «Atención al usuario»: descriptor conductual de ejemplo.,15,synthetic,SYN-000939
CRI-0162-L4,CRI-0162,RV-VAC-0033-1,4,[SINTÉTICO] Nivel 4 del criterio «Atención al usuario»: descriptor conductual de ejemplo.,20,synthetic,SYN-000940
CRI-0163-L1,CRI-0163,RV-VAC-0033-1,1,[SINTÉTICO] Nivel 1 del criterio «Organización del trabajo»: descriptor conductual de ejemplo.,5,synthetic,SYN-000942
CRI-0163-L2,CRI-0163,RV-VAC-0033-1,2,[SINTÉTICO] Nivel 2 del criterio «Organización del trabajo»: descriptor conductual de ejemplo.,10,synthetic,SYN-000943
CRI-0163-L3,CRI-0163,RV-VAC-0033-1,3,[SINTÉTICO] Nivel 3 del criterio «Organización del trabajo»: descriptor conductual de ejemplo.,15,synthetic,SYN-000944
CRI-0163-L4,CRI-0163,RV-VAC-0033-1,4,[SINTÉTICO] Nivel 4 del criterio «Organización del trabajo»: descriptor conductual de ejemplo.,20,synthetic,SYN-000945
CRI-0164-L1,CRI-0164,RV-VAC-0033-1,1,[SINTÉTICO] Nivel 1 del criterio «Desarrollo profesional»: descriptor conductual de ejemplo.,5,synthetic,SYN-000947
CRI-0164-L2,CRI-0164,RV-VAC-0033-1,2,[SINTÉTICO] Nivel 2 del criterio «Desarrollo profesional»: descriptor conductual de ejemplo.,10,synthetic,SYN-000948
CRI-0164-L3,CRI-0164,RV-VAC-0033-1,3,[SINTÉTICO] Nivel 3 del criterio «Desarrollo profesional»: descriptor conductual de ejemplo.,15,synthetic,SYN-000949
CRI-0164-L4,CRI-0164,RV-VAC-0033-1,4,[SINTÉTICO] Nivel 4 del criterio «Desarrollo profesional»: descriptor conductual de ejemplo.,20,synthetic,SYN-000950
CRI-0165-L1,CRI-0165,RV-VAC-0034-1,1,[SINTÉTICO] Nivel 1 del criterio «Evaluación formativa»: descriptor conductual de ejemplo.,5,synthetic,SYN-000954
CRI-0165-L2,CRI-0165,RV-VAC-0034-1,2,[SINTÉTICO] Nivel 2 del criterio «Evaluación formativa»: descriptor conductual de ejemplo.,10,synthetic,SYN-000955
CRI-0165-L3,CRI-0165,RV-VAC-0034-1,3,[SINTÉTICO] Nivel 3 del criterio «Evaluación formativa»: descriptor conductual de ejemplo.,15,synthetic,SYN-000956
CRI-0165-L4,CRI-0165,RV-VAC-0034-1,4,[SINTÉTICO] Nivel 4 del criterio «Evaluación formativa»: descriptor conductual de ejemplo.,20,synthetic,SYN-000957
CRI-0166-L1,CRI-0166,RV-VAC-0034-1,1,[SINTÉTICO] Nivel 1 del criterio «Conducción del aprendizaje»: descriptor conductual de ejemplo.,5,synthetic,SYN-000959
CRI-0166-L2,CRI-0166,RV-VAC-0034-1,2,[SINTÉTICO] Nivel 2 del criterio «Conducción del aprendizaje»: descriptor conductual de ejemplo.,10,synthetic,SYN-000960
CRI-0166-L3,CRI-0166,RV-VAC-0034-1,3,[SINTÉTICO] Nivel 3 del criterio «Conducción del aprendizaje»: descriptor conductual de ejemplo.,15,synthetic,SYN-000961
CRI-0166-L4,CRI-0166,RV-VAC-0034-1,4,[SINTÉTICO] Nivel 4 del criterio «Conducción del aprendizaje»: descriptor conductual de ejemplo.,20,synthetic,SYN-000962
CRI-0167-L1,CRI-0167,RV-VAC-0034-1,1,[SINTÉTICO] Nivel 1 del criterio «Planificación de la enseñanza»: descriptor conductual de ejemplo.,5,synthetic,SYN-000964
CRI-0167-L2,CRI-0167,RV-VAC-0034-1,2,[SINTÉTICO] Nivel 2 del criterio «Planificación de la enseñanza»: descriptor conductual de ejemplo.,10,synthetic,SYN-000965
CRI-0167-L3,CRI-0167,RV-VAC-0034-1,3,[SINTÉTICO] Nivel 3 del criterio «Planificación de la enseñanza»: descriptor conductual de ejemplo.,15,synthetic,SYN-000966
CRI-0167-L4,CRI-0167,RV-VAC-0034-1,4,[SINTÉTICO] Nivel 4 del criterio «Planificación de la enseñanza»: descriptor conductual de ejemplo.,20,synthetic,SYN-000967
CRI-0168-L1,CRI-0168,RV-VAC-0034-1,1,[SINTÉTICO] Nivel 1 del criterio «Organización del trabajo»: descriptor conductual de ejemplo.,5,synthetic,SYN-000969
CRI-0168-L2,CRI-0168,RV-VAC-0034-1,2,[SINTÉTICO] Nivel 2 del criterio «Organización del trabajo»: descriptor conductual de ejemplo.,10,synthetic,SYN-000970
CRI-0168-L3,CRI-0168,RV-VAC-0034-1,3,[SINTÉTICO] Nivel 3 del criterio «Organización del trabajo»: descriptor conductual de ejemplo.,15,synthetic,SYN-000971
CRI-0168-L4,CRI-0168,RV-VAC-0034-1,4,[SINTÉTICO] Nivel 4 del criterio «Organización del trabajo»: descriptor conductual de ejemplo.,20,synthetic,SYN-000972
CRI-0169-L1,CRI-0169,RV-VAC-0034-1,1,[SINTÉTICO] Nivel 1 del criterio «Desarrollo profesional»: descriptor conductual de ejemplo.,5,synthetic,SYN-000974
CRI-0169-L2,CRI-0169,RV-VAC-0034-1,2,[SINTÉTICO] Nivel 2 del criterio «Desarrollo profesional»: descriptor conductual de ejemplo.,10,synthetic,SYN-000975
CRI-0169-L3,CRI-0169,RV-VAC-0034-1,3,[SINTÉTICO] Nivel 3 del criterio «Desarrollo profesional»: descriptor conductual de ejemplo.,15,synthetic,SYN-000976
CRI-0169-L4,CRI-0169,RV-VAC-0034-1,4,[SINTÉTICO] Nivel 4 del criterio «Desarrollo profesional»: descriptor conductual de ejemplo.,20,synthetic,SYN-000977
CRI-0170-L1,CRI-0170,RV-VAC-0035-1,1,[SINTÉTICO] Nivel 1 del criterio «Evaluación formativa»: descriptor conductual de ejemplo.,5,synthetic,SYN-000983
CRI-0170-L2,CRI-0170,RV-VAC-0035-1,2,[SINTÉTICO] Nivel 2 del criterio «Evaluación formativa»: descriptor conductual de ejemplo.,10,synthetic,SYN-000984
CRI-0170-L3,CRI-0170,RV-VAC-0035-1,3,[SINTÉTICO] Nivel 3 del criterio «Evaluación formativa»: descriptor conductual de ejemplo.,15,synthetic,SYN-000985
CRI-0170-L4,CRI-0170,RV-VAC-0035-1,4,[SINTÉTICO] Nivel 4 del criterio «Evaluación formativa»: descriptor conductual de ejemplo.,20,synthetic,SYN-000986
CRI-0171-L1,CRI-0171,RV-VAC-0035-1,1,[SINTÉTICO] Nivel 1 del criterio «Desarrollo profesional»: descriptor conductual de ejemplo.,5,synthetic,SYN-000988
CRI-0171-L2,CRI-0171,RV-VAC-0035-1,2,[SINTÉTICO] Nivel 2 del criterio «Desarrollo profesional»: descriptor conductual de ejemplo.,10,synthetic,SYN-000989
CRI-0171-L3,CRI-0171,RV-VAC-0035-1,3,[SINTÉTICO] Nivel 3 del criterio «Desarrollo profesional»: descriptor conductual de ejemplo.,15,synthetic,SYN-000990
CRI-0171-L4,CRI-0171,RV-VAC-0035-1,4,[SINTÉTICO] Nivel 4 del criterio «Desarrollo profesional»: descriptor conductual de ejemplo.,20,synthetic,SYN-000991
CRI-0172-L1,CRI-0172,RV-VAC-0035-1,1,[SINTÉTICO] Nivel 1 del criterio «Organización del trabajo»: descriptor conductual de ejemplo.,5,synthetic,SYN-000993
CRI-0172-L2,CRI-0172,RV-VAC-0035-1,2,[SINTÉTICO] Nivel 2 del criterio «Organización del trabajo»: descriptor conductual de ejemplo.,10,synthetic,SYN-000994
CRI-0172-L3,CRI-0172,RV-VAC-0035-1,3,[SINTÉTICO] Nivel 3 del criterio «Organización del trabajo»: descriptor conductual de ejemplo.,15,synthetic,SYN-000995
CRI-0172-L4,CRI-0172,RV-VAC-0035-1,4,[SINTÉTICO] Nivel 4 del criterio «Organización del trabajo»: descriptor conductual de ejemplo.,20,synthetic,SYN-000996
CRI-0173-L1,CRI-0173,RV-VAC-0035-1,1,[SINTÉTICO] Nivel 1 del criterio «Trabajo con familias y comunidad»: descriptor conductual de ejemplo.,5,synthetic,SYN-000998
CRI-0173-L2,CRI-0173,RV-VAC-0035-1,2,[SINTÉTICO] Nivel 2 del criterio «Trabajo con familias y comunidad»: descriptor conductual de ejemplo.,10,synthetic,SYN-000999
CRI-0173-L3,CRI-0173,RV-VAC-0035-1,3,[SINTÉTICO] Nivel 3 del criterio «Trabajo con familias y comunidad»: descriptor conductual de ejemplo.,15,synthetic,SYN-001000
CRI-0173-L4,CRI-0173,RV-VAC-0035-1,4,[SINTÉTICO] Nivel 4 del criterio «Trabajo con familias y comunidad»: descriptor conductual de ejemplo.,20,synthetic,SYN-001001
CRI-0174-L1,CRI-0174,RV-VAC-0035-1,1,[SINTÉTICO] Nivel 1 del criterio «Planificación de la enseñanza»: descriptor conductual de ejemplo.,5,synthetic,SYN-001003
CRI-0174-L2,CRI-0174,RV-VAC-0035-1,2,[SINTÉTICO] Nivel 2 del criterio «Planificación de la enseñanza»: descriptor conductual de ejemplo.,10,synthetic,SYN-001004
CRI-0174-L3,CRI-0174,RV-VAC-0035-1,3,[SINTÉTICO] Nivel 3 del criterio «Planificación de la enseñanza»: descriptor conductual de ejemplo.,15,synthetic,SYN-001005
CRI-0174-L4,CRI-0174,RV-VAC-0035-1,4,[SINTÉTICO] Nivel 4 del criterio «Planificación de la enseñanza»: descriptor conductual de ejemplo.,20,synthetic,SYN-001006
CRI-0175-L1,CRI-0175,RV-VAC-0036-1,1,[SINTÉTICO] Nivel 1 del criterio «Organización del trabajo»: descriptor conductual de ejemplo.,5,synthetic,SYN-001012
CRI-0175-L2,CRI-0175,RV-VAC-0036-1,2,[SINTÉTICO] Nivel 2 del criterio «Organización del trabajo»: descriptor conductual de ejemplo.,10,synthetic,SYN-001013
CRI-0175-L3,CRI-0175,RV-VAC-0036-1,3,[SINTÉTICO] Nivel 3 del criterio «Organización del trabajo»: descriptor conductual de ejemplo.,15,synthetic,SYN-001014
CRI-0175-L4,CRI-0175,RV-VAC-0036-1,4,[SINTÉTICO] Nivel 4 del criterio «Organización del trabajo»: descriptor conductual de ejemplo.,20,synthetic,SYN-001015
CRI-0176-L1,CRI-0176,RV-VAC-0036-1,1,[SINTÉTICO] Nivel 1 del criterio «Planificación de la enseñanza»: descriptor conductual de ejemplo.,5,synthetic,SYN-001017
CRI-0176-L2,CRI-0176,RV-VAC-0036-1,2,[SINTÉTICO] Nivel 2 del criterio «Planificación de la enseñanza»: descriptor conductual de ejemplo.,10,synthetic,SYN-001018
CRI-0176-L3,CRI-0176,RV-VAC-0036-1,3,[SINTÉTICO] Nivel 3 del criterio «Planificación de la enseñanza»: descriptor conductual de ejemplo.,15,synthetic,SYN-001019
CRI-0176-L4,CRI-0176,RV-VAC-0036-1,4,[SINTÉTICO] Nivel 4 del criterio «Planificación de la enseñanza»: descriptor conductual de ejemplo.,20,synthetic,SYN-001020
CRI-0177-L1,CRI-0177,RV-VAC-0036-1,1,[SINTÉTICO] Nivel 1 del criterio «Conducción del aprendizaje»: descriptor conductual de ejemplo.,5,synthetic,SYN-001022
CRI-0177-L2,CRI-0177,RV-VAC-0036-1,2,[SINTÉTICO] Nivel 2 del criterio «Conducción del aprendizaje»: descriptor conductual de ejemplo.,10,synthetic,SYN-001023
CRI-0177-L3,CRI-0177,RV-VAC-0036-1,3,[SINTÉTICO] Nivel 3 del criterio «Conducción del aprendizaje»: descriptor conductual de ejemplo.,15,synthetic,SYN-001024
CRI-0177-L4,CRI-0177,RV-VAC-0036-1,4,[SINTÉTICO] Nivel 4 del criterio «Conducción del aprendizaje»: descriptor conductual de ejemplo.,20,synthetic,SYN-001025
CRI-0178-L1,CRI-0178,RV-VAC-0036-1,1,[SINTÉTICO] Nivel 1 del criterio «Evaluación formativa»: descriptor conductual de ejemplo.,5,synthetic,SYN-001027
CRI-0178-L2,CRI-0178,RV-VAC-0036-1,2,[SINTÉTICO] Nivel 2 del criterio «Evaluación formativa»: descriptor conductual de ejemplo.,10,synthetic,SYN-001028
CRI-0178-L3,CRI-0178,RV-VAC-0036-1,3,[SINTÉTICO] Nivel 3 del criterio «Evaluación formativa»: descriptor conductual de ejemplo.,15,synthetic,SYN-001029
CRI-0178-L4,CRI-0178,RV-VAC-0036-1,4,[SINTÉTICO] Nivel 4 del criterio «Evaluación formativa»: descriptor conductual de ejemplo.,20,synthetic,SYN-001030
CRI-0179-L1,CRI-0179,RV-VAC-0036-1,1,[SINTÉTICO] Nivel 1 del criterio «Desarrollo profesional»: descriptor conductual de ejemplo.,5,synthetic,SYN-001032
CRI-0179-L2,CRI-0179,RV-VAC-0036-1,2,[SINTÉTICO] Nivel 2 del criterio «Desarrollo profesional»: descriptor conductual de ejemplo.,10,synthetic,SYN-001033
CRI-0179-L3,CRI-0179,RV-VAC-0036-1,3,[SINTÉTICO] Nivel 3 del criterio «Desarrollo profesional»: descriptor conductual de ejemplo.,15,synthetic,SYN-001034
CRI-0179-L4,CRI-0179,RV-VAC-0036-1,4,[SINTÉTICO] Nivel 4 del criterio «Desarrollo profesional»: descriptor conductual de ejemplo.,20,synthetic,SYN-001035
CRI-0180-L1,CRI-0180,RV-VAC-0036-1,1,[SINTÉTICO] Nivel 1 del criterio «Trabajo con familias y comunidad»: descriptor conductual de ejemplo.,5,synthetic,SYN-001037
CRI-0180-L2,CRI-0180,RV-VAC-0036-1,2,[SINTÉTICO] Nivel 2 del criterio «Trabajo con familias y comunidad»: descriptor conductual de ejemplo.,10,synthetic,SYN-001038
CRI-0180-L3,CRI-0180,RV-VAC-0036-1,3,[SINTÉTICO] Nivel 3 del criterio «Trabajo con familias y comunidad»: descriptor conductual de ejemplo.,15,synthetic,SYN-001039
CRI-0180-L4,CRI-0180,RV-VAC-0036-1,4,[SINTÉTICO] Nivel 4 del criterio «Trabajo con familias y comunidad»: descriptor conductual de ejemplo.,20,synthetic,SYN-001040
CRI-0181-L1,CRI-0181,RV-VAC-0037-1,1,[SINTÉTICO] Nivel 1 del criterio «Organización del trabajo»: descriptor conductual de ejemplo.,5,synthetic,SYN-001046
CRI-0181-L2,CRI-0181,RV-VAC-0037-1,2,[SINTÉTICO] Nivel 2 del criterio «Organización del trabajo»: descriptor conductual de ejemplo.,10,synthetic,SYN-001047
CRI-0181-L3,CRI-0181,RV-VAC-0037-1,3,[SINTÉTICO] Nivel 3 del criterio «Organización del trabajo»: descriptor conductual de ejemplo.,15,synthetic,SYN-001048
CRI-0181-L4,CRI-0181,RV-VAC-0037-1,4,[SINTÉTICO] Nivel 4 del criterio «Organización del trabajo»: descriptor conductual de ejemplo.,20,synthetic,SYN-001049
CRI-0182-L1,CRI-0182,RV-VAC-0037-1,1,[SINTÉTICO] Nivel 1 del criterio «Gestión administrativa»: descriptor conductual de ejemplo.,5,synthetic,SYN-001051
CRI-0182-L2,CRI-0182,RV-VAC-0037-1,2,[SINTÉTICO] Nivel 2 del criterio «Gestión administrativa»: descriptor conductual de ejemplo.,10,synthetic,SYN-001052
CRI-0182-L3,CRI-0182,RV-VAC-0037-1,3,[SINTÉTICO] Nivel 3 del criterio «Gestión administrativa»: descriptor conductual de ejemplo.,15,synthetic,SYN-001053
CRI-0182-L4,CRI-0182,RV-VAC-0037-1,4,[SINTÉTICO] Nivel 4 del criterio «Gestión administrativa»: descriptor conductual de ejemplo.,20,synthetic,SYN-001054
CRI-0183-L1,CRI-0183,RV-VAC-0037-1,1,[SINTÉTICO] Nivel 1 del criterio «Desarrollo profesional»: descriptor conductual de ejemplo.,5,synthetic,SYN-001056
CRI-0183-L2,CRI-0183,RV-VAC-0037-1,2,[SINTÉTICO] Nivel 2 del criterio «Desarrollo profesional»: descriptor conductual de ejemplo.,10,synthetic,SYN-001057
CRI-0183-L3,CRI-0183,RV-VAC-0037-1,3,[SINTÉTICO] Nivel 3 del criterio «Desarrollo profesional»: descriptor conductual de ejemplo.,15,synthetic,SYN-001058
CRI-0183-L4,CRI-0183,RV-VAC-0037-1,4,[SINTÉTICO] Nivel 4 del criterio «Desarrollo profesional»: descriptor conductual de ejemplo.,20,synthetic,SYN-001059
CRI-0184-L1,CRI-0184,RV-VAC-0037-1,1,[SINTÉTICO] Nivel 1 del criterio «Atención al usuario»: descriptor conductual de ejemplo.,5,synthetic,SYN-001061
CRI-0184-L2,CRI-0184,RV-VAC-0037-1,2,[SINTÉTICO] Nivel 2 del criterio «Atención al usuario»: descriptor conductual de ejemplo.,10,synthetic,SYN-001062
CRI-0184-L3,CRI-0184,RV-VAC-0037-1,3,[SINTÉTICO] Nivel 3 del criterio «Atención al usuario»: descriptor conductual de ejemplo.,15,synthetic,SYN-001063
CRI-0184-L4,CRI-0184,RV-VAC-0037-1,4,[SINTÉTICO] Nivel 4 del criterio «Atención al usuario»: descriptor conductual de ejemplo.,20,synthetic,SYN-001064
CRI-0185-L1,CRI-0185,RV-VAC-0038-1,1,[SINTÉTICO] Nivel 1 del criterio «Trabajo con familias y comunidad»: descriptor conductual de ejemplo.,5,synthetic,SYN-001070
CRI-0185-L2,CRI-0185,RV-VAC-0038-1,2,[SINTÉTICO] Nivel 2 del criterio «Trabajo con familias y comunidad»: descriptor conductual de ejemplo.,10,synthetic,SYN-001071
CRI-0185-L3,CRI-0185,RV-VAC-0038-1,3,[SINTÉTICO] Nivel 3 del criterio «Trabajo con familias y comunidad»: descriptor conductual de ejemplo.,15,synthetic,SYN-001072
CRI-0185-L4,CRI-0185,RV-VAC-0038-1,4,[SINTÉTICO] Nivel 4 del criterio «Trabajo con familias y comunidad»: descriptor conductual de ejemplo.,20,synthetic,SYN-001073
CRI-0186-L1,CRI-0186,RV-VAC-0038-1,1,[SINTÉTICO] Nivel 1 del criterio «Conducción del aprendizaje»: descriptor conductual de ejemplo.,5,synthetic,SYN-001075
CRI-0186-L2,CRI-0186,RV-VAC-0038-1,2,[SINTÉTICO] Nivel 2 del criterio «Conducción del aprendizaje»: descriptor conductual de ejemplo.,10,synthetic,SYN-001076
CRI-0186-L3,CRI-0186,RV-VAC-0038-1,3,[SINTÉTICO] Nivel 3 del criterio «Conducción del aprendizaje»: descriptor conductual de ejemplo.,15,synthetic,SYN-001077
CRI-0186-L4,CRI-0186,RV-VAC-0038-1,4,[SINTÉTICO] Nivel 4 del criterio «Conducción del aprendizaje»: descriptor conductual de ejemplo.,20,synthetic,SYN-001078
CRI-0187-L1,CRI-0187,RV-VAC-0038-1,1,[SINTÉTICO] Nivel 1 del criterio «Evaluación formativa»: descriptor conductual de ejemplo.,5,synthetic,SYN-001080
CRI-0187-L2,CRI-0187,RV-VAC-0038-1,2,[SINTÉTICO] Nivel 2 del criterio «Evaluación formativa»: descriptor conductual de ejemplo.,10,synthetic,SYN-001081
CRI-0187-L3,CRI-0187,RV-VAC-0038-1,3,[SINTÉTICO] Nivel 3 del criterio «Evaluación formativa»: descriptor conductual de ejemplo.,15,synthetic,SYN-001082
CRI-0187-L4,CRI-0187,RV-VAC-0038-1,4,[SINTÉTICO] Nivel 4 del criterio «Evaluación formativa»: descriptor conductual de ejemplo.,20,synthetic,SYN-001083
CRI-0188-L1,CRI-0188,RV-VAC-0038-1,1,[SINTÉTICO] Nivel 1 del criterio «Planificación de la enseñanza»: descriptor conductual de ejemplo.,5,synthetic,SYN-001085
CRI-0188-L2,CRI-0188,RV-VAC-0038-1,2,[SINTÉTICO] Nivel 2 del criterio «Planificación de la enseñanza»: descriptor conductual de ejemplo.,10,synthetic,SYN-001086
CRI-0188-L3,CRI-0188,RV-VAC-0038-1,3,[SINTÉTICO] Nivel 3 del criterio «Planificación de la enseñanza»: descriptor conductual de ejemplo.,15,synthetic,SYN-001087
CRI-0188-L4,CRI-0188,RV-VAC-0038-1,4,[SINTÉTICO] Nivel 4 del criterio «Planificación de la enseñanza»: descriptor conductual de ejemplo.,20,synthetic,SYN-001088
CRI-0189-L1,CRI-0189,RV-VAC-0038-1,1,[SINTÉTICO] Nivel 1 del criterio «Organización del trabajo»: descriptor conductual de ejemplo.,5,synthetic,SYN-001090
CRI-0189-L2,CRI-0189,RV-VAC-0038-1,2,[SINTÉTICO] Nivel 2 del criterio «Organización del trabajo»: descriptor conductual de ejemplo.,10,synthetic,SYN-001091
CRI-0189-L3,CRI-0189,RV-VAC-0038-1,3,[SINTÉTICO] Nivel 3 del criterio «Organización del trabajo»: descriptor conductual de ejemplo.,15,synthetic,SYN-001092
CRI-0189-L4,CRI-0189,RV-VAC-0038-1,4,[SINTÉTICO] Nivel 4 del criterio «Organización del trabajo»: descriptor conductual de ejemplo.,20,synthetic,SYN-001093
CRI-0190-L1,CRI-0190,RV-VAC-0039-1,1,[SINTÉTICO] Nivel 1 del criterio «Desarrollo profesional»: descriptor conductual de ejemplo.,5,synthetic,SYN-001097
CRI-0190-L2,CRI-0190,RV-VAC-0039-1,2,[SINTÉTICO] Nivel 2 del criterio «Desarrollo profesional»: descriptor conductual de ejemplo.,10,synthetic,SYN-001098
CRI-0190-L3,CRI-0190,RV-VAC-0039-1,3,[SINTÉTICO] Nivel 3 del criterio «Desarrollo profesional»: descriptor conductual de ejemplo.,15,synthetic,SYN-001099
CRI-0190-L4,CRI-0190,RV-VAC-0039-1,4,[SINTÉTICO] Nivel 4 del criterio «Desarrollo profesional»: descriptor conductual de ejemplo.,20,synthetic,SYN-001100
CRI-0191-L1,CRI-0191,RV-VAC-0039-1,1,[SINTÉTICO] Nivel 1 del criterio «Trabajo con familias y comunidad»: descriptor conductual de ejemplo.,5,synthetic,SYN-001102
CRI-0191-L2,CRI-0191,RV-VAC-0039-1,2,[SINTÉTICO] Nivel 2 del criterio «Trabajo con familias y comunidad»: descriptor conductual de ejemplo.,10,synthetic,SYN-001103
CRI-0191-L3,CRI-0191,RV-VAC-0039-1,3,[SINTÉTICO] Nivel 3 del criterio «Trabajo con familias y comunidad»: descriptor conductual de ejemplo.,15,synthetic,SYN-001104
CRI-0191-L4,CRI-0191,RV-VAC-0039-1,4,[SINTÉTICO] Nivel 4 del criterio «Trabajo con familias y comunidad»: descriptor conductual de ejemplo.,20,synthetic,SYN-001105
CRI-0192-L1,CRI-0192,RV-VAC-0039-1,1,[SINTÉTICO] Nivel 1 del criterio «Organización del trabajo»: descriptor conductual de ejemplo.,5,synthetic,SYN-001107
CRI-0192-L2,CRI-0192,RV-VAC-0039-1,2,[SINTÉTICO] Nivel 2 del criterio «Organización del trabajo»: descriptor conductual de ejemplo.,10,synthetic,SYN-001108
CRI-0192-L3,CRI-0192,RV-VAC-0039-1,3,[SINTÉTICO] Nivel 3 del criterio «Organización del trabajo»: descriptor conductual de ejemplo.,15,synthetic,SYN-001109
CRI-0192-L4,CRI-0192,RV-VAC-0039-1,4,[SINTÉTICO] Nivel 4 del criterio «Organización del trabajo»: descriptor conductual de ejemplo.,20,synthetic,SYN-001110
CRI-0193-L1,CRI-0193,RV-VAC-0039-1,1,[SINTÉTICO] Nivel 1 del criterio «Conducción del aprendizaje»: descriptor conductual de ejemplo.,5,synthetic,SYN-001112
CRI-0193-L2,CRI-0193,RV-VAC-0039-1,2,[SINTÉTICO] Nivel 2 del criterio «Conducción del aprendizaje»: descriptor conductual de ejemplo.,10,synthetic,SYN-001113
CRI-0193-L3,CRI-0193,RV-VAC-0039-1,3,[SINTÉTICO] Nivel 3 del criterio «Conducción del aprendizaje»: descriptor conductual de ejemplo.,15,synthetic,SYN-001114
CRI-0193-L4,CRI-0193,RV-VAC-0039-1,4,[SINTÉTICO] Nivel 4 del criterio «Conducción del aprendizaje»: descriptor conductual de ejemplo.,20,synthetic,SYN-001115
CRI-0194-L1,CRI-0194,RV-VAC-0039-1,1,[SINTÉTICO] Nivel 1 del criterio «Evaluación formativa»: descriptor conductual de ejemplo.,5,synthetic,SYN-001117
CRI-0194-L2,CRI-0194,RV-VAC-0039-1,2,[SINTÉTICO] Nivel 2 del criterio «Evaluación formativa»: descriptor conductual de ejemplo.,10,synthetic,SYN-001118
CRI-0194-L3,CRI-0194,RV-VAC-0039-1,3,[SINTÉTICO] Nivel 3 del criterio «Evaluación formativa»: descriptor conductual de ejemplo.,15,synthetic,SYN-001119
CRI-0194-L4,CRI-0194,RV-VAC-0039-1,4,[SINTÉTICO] Nivel 4 del criterio «Evaluación formativa»: descriptor conductual de ejemplo.,20,synthetic,SYN-001120
CRI-0195-L1,CRI-0195,RV-VAC-0039-1,1,[SINTÉTICO] Nivel 1 del criterio «Planificación de la enseñanza»: descriptor conductual de ejemplo.,5,synthetic,SYN-001122
CRI-0195-L2,CRI-0195,RV-VAC-0039-1,2,[SINTÉTICO] Nivel 2 del criterio «Planificación de la enseñanza»: descriptor conductual de ejemplo.,10,synthetic,SYN-001123
CRI-0195-L3,CRI-0195,RV-VAC-0039-1,3,[SINTÉTICO] Nivel 3 del criterio «Planificación de la enseñanza»: descriptor conductual de ejemplo.,15,synthetic,SYN-001124
CRI-0195-L4,CRI-0195,RV-VAC-0039-1,4,[SINTÉTICO] Nivel 4 del criterio «Planificación de la enseñanza»: descriptor conductual de ejemplo.,20,synthetic,SYN-001125
CRI-0196-L1,CRI-0196,RV-VAC-0040-1,1,[SINTÉTICO] Nivel 1 del criterio «Desarrollo profesional»: descriptor conductual de ejemplo.,5,synthetic,SYN-001131
CRI-0196-L2,CRI-0196,RV-VAC-0040-1,2,[SINTÉTICO] Nivel 2 del criterio «Desarrollo profesional»: descriptor conductual de ejemplo.,10,synthetic,SYN-001132
CRI-0196-L3,CRI-0196,RV-VAC-0040-1,3,[SINTÉTICO] Nivel 3 del criterio «Desarrollo profesional»: descriptor conductual de ejemplo.,15,synthetic,SYN-001133
CRI-0196-L4,CRI-0196,RV-VAC-0040-1,4,[SINTÉTICO] Nivel 4 del criterio «Desarrollo profesional»: descriptor conductual de ejemplo.,20,synthetic,SYN-001134
CRI-0197-L1,CRI-0197,RV-VAC-0040-1,1,[SINTÉTICO] Nivel 1 del criterio «Planificación de la enseñanza»: descriptor conductual de ejemplo.,5,synthetic,SYN-001136
CRI-0197-L2,CRI-0197,RV-VAC-0040-1,2,[SINTÉTICO] Nivel 2 del criterio «Planificación de la enseñanza»: descriptor conductual de ejemplo.,10,synthetic,SYN-001137
CRI-0197-L3,CRI-0197,RV-VAC-0040-1,3,[SINTÉTICO] Nivel 3 del criterio «Planificación de la enseñanza»: descriptor conductual de ejemplo.,15,synthetic,SYN-001138
CRI-0197-L4,CRI-0197,RV-VAC-0040-1,4,[SINTÉTICO] Nivel 4 del criterio «Planificación de la enseñanza»: descriptor conductual de ejemplo.,20,synthetic,SYN-001139
CRI-0198-L1,CRI-0198,RV-VAC-0040-1,1,[SINTÉTICO] Nivel 1 del criterio «Evaluación formativa»: descriptor conductual de ejemplo.,5,synthetic,SYN-001141
CRI-0198-L2,CRI-0198,RV-VAC-0040-1,2,[SINTÉTICO] Nivel 2 del criterio «Evaluación formativa»: descriptor conductual de ejemplo.,10,synthetic,SYN-001142
CRI-0198-L3,CRI-0198,RV-VAC-0040-1,3,[SINTÉTICO] Nivel 3 del criterio «Evaluación formativa»: descriptor conductual de ejemplo.,15,synthetic,SYN-001143
CRI-0198-L4,CRI-0198,RV-VAC-0040-1,4,[SINTÉTICO] Nivel 4 del criterio «Evaluación formativa»: descriptor conductual de ejemplo.,20,synthetic,SYN-001144
CRI-0199-L1,CRI-0199,RV-VAC-0040-1,1,[SINTÉTICO] Nivel 1 del criterio «Organización del trabajo»: descriptor conductual de ejemplo.,5,synthetic,SYN-001146
CRI-0199-L2,CRI-0199,RV-VAC-0040-1,2,[SINTÉTICO] Nivel 2 del criterio «Organización del trabajo»: descriptor conductual de ejemplo.,10,synthetic,SYN-001147
CRI-0199-L3,CRI-0199,RV-VAC-0040-1,3,[SINTÉTICO] Nivel 3 del criterio «Organización del trabajo»: descriptor conductual de ejemplo.,15,synthetic,SYN-001148
CRI-0199-L4,CRI-0199,RV-VAC-0040-1,4,[SINTÉTICO] Nivel 4 del criterio «Organización del trabajo»: descriptor conductual de ejemplo.,20,synthetic,SYN-001149
CRI-0200-L1,CRI-0200,RV-VAC-0041-1,1,[SINTÉTICO] Nivel 1 del criterio «Desarrollo profesional»: descriptor conductual de ejemplo.,5,synthetic,SYN-001155
CRI-0200-L2,CRI-0200,RV-VAC-0041-1,2,[SINTÉTICO] Nivel 2 del criterio «Desarrollo profesional»: descriptor conductual de ejemplo.,10,synthetic,SYN-001156
CRI-0200-L3,CRI-0200,RV-VAC-0041-1,3,[SINTÉTICO] Nivel 3 del criterio «Desarrollo profesional»: descriptor conductual de ejemplo.,15,synthetic,SYN-001157
CRI-0200-L4,CRI-0200,RV-VAC-0041-1,4,[SINTÉTICO] Nivel 4 del criterio «Desarrollo profesional»: descriptor conductual de ejemplo.,20,synthetic,SYN-001158
CRI-0201-L1,CRI-0201,RV-VAC-0041-1,1,[SINTÉTICO] Nivel 1 del criterio «Conducción del aprendizaje»: descriptor conductual de ejemplo.,5,synthetic,SYN-001160
CRI-0201-L2,CRI-0201,RV-VAC-0041-1,2,[SINTÉTICO] Nivel 2 del criterio «Conducción del aprendizaje»: descriptor conductual de ejemplo.,10,synthetic,SYN-001161
CRI-0201-L3,CRI-0201,RV-VAC-0041-1,3,[SINTÉTICO] Nivel 3 del criterio «Conducción del aprendizaje»: descriptor conductual de ejemplo.,15,synthetic,SYN-001162
CRI-0201-L4,CRI-0201,RV-VAC-0041-1,4,[SINTÉTICO] Nivel 4 del criterio «Conducción del aprendizaje»: descriptor conductual de ejemplo.,20,synthetic,SYN-001163
CRI-0202-L1,CRI-0202,RV-VAC-0041-1,1,[SINTÉTICO] Nivel 1 del criterio «Evaluación formativa»: descriptor conductual de ejemplo.,5,synthetic,SYN-001165
CRI-0202-L2,CRI-0202,RV-VAC-0041-1,2,[SINTÉTICO] Nivel 2 del criterio «Evaluación formativa»: descriptor conductual de ejemplo.,10,synthetic,SYN-001166
CRI-0202-L3,CRI-0202,RV-VAC-0041-1,3,[SINTÉTICO] Nivel 3 del criterio «Evaluación formativa»: descriptor conductual de ejemplo.,15,synthetic,SYN-001167
CRI-0202-L4,CRI-0202,RV-VAC-0041-1,4,[SINTÉTICO] Nivel 4 del criterio «Evaluación formativa»: descriptor conductual de ejemplo.,20,synthetic,SYN-001168
CRI-0203-L1,CRI-0203,RV-VAC-0041-1,1,[SINTÉTICO] Nivel 1 del criterio «Trabajo con familias y comunidad»: descriptor conductual de ejemplo.,5,synthetic,SYN-001170
CRI-0203-L2,CRI-0203,RV-VAC-0041-1,2,[SINTÉTICO] Nivel 2 del criterio «Trabajo con familias y comunidad»: descriptor conductual de ejemplo.,10,synthetic,SYN-001171
CRI-0203-L3,CRI-0203,RV-VAC-0041-1,3,[SINTÉTICO] Nivel 3 del criterio «Trabajo con familias y comunidad»: descriptor conductual de ejemplo.,15,synthetic,SYN-001172
CRI-0203-L4,CRI-0203,RV-VAC-0041-1,4,[SINTÉTICO] Nivel 4 del criterio «Trabajo con familias y comunidad»: descriptor conductual de ejemplo.,20,synthetic,SYN-001173
CRI-0204-L1,CRI-0204,RV-VAC-0041-1,1,[SINTÉTICO] Nivel 1 del criterio «Organización del trabajo»: descriptor conductual de ejemplo.,5,synthetic,SYN-001175
CRI-0204-L2,CRI-0204,RV-VAC-0041-1,2,[SINTÉTICO] Nivel 2 del criterio «Organización del trabajo»: descriptor conductual de ejemplo.,10,synthetic,SYN-001176
CRI-0204-L3,CRI-0204,RV-VAC-0041-1,3,[SINTÉTICO] Nivel 3 del criterio «Organización del trabajo»: descriptor conductual de ejemplo.,15,synthetic,SYN-001177
CRI-0204-L4,CRI-0204,RV-VAC-0041-1,4,[SINTÉTICO] Nivel 4 del criterio «Organización del trabajo»: descriptor conductual de ejemplo.,20,synthetic,SYN-001178
CRI-0205-L1,CRI-0205,RV-VAC-0041-1,1,[SINTÉTICO] Nivel 1 del criterio «Planificación de la enseñanza»: descriptor conductual de ejemplo.,5,synthetic,SYN-001180
CRI-0205-L2,CRI-0205,RV-VAC-0041-1,2,[SINTÉTICO] Nivel 2 del criterio «Planificación de la enseñanza»: descriptor conductual de ejemplo.,10,synthetic,SYN-001181
CRI-0205-L3,CRI-0205,RV-VAC-0041-1,3,[SINTÉTICO] Nivel 3 del criterio «Planificación de la enseñanza»: descriptor conductual de ejemplo.,15,synthetic,SYN-001182
CRI-0205-L4,CRI-0205,RV-VAC-0041-1,4,[SINTÉTICO] Nivel 4 del criterio «Planificación de la enseñanza»: descriptor conductual de ejemplo.,20,synthetic,SYN-001183
CRI-0206-L1,CRI-0206,RV-VAC-0042-1,1,[SINTÉTICO] Nivel 1 del criterio «Conducción del aprendizaje»: descriptor conductual de ejemplo.,5,synthetic,SYN-001189
CRI-0206-L2,CRI-0206,RV-VAC-0042-1,2,[SINTÉTICO] Nivel 2 del criterio «Conducción del aprendizaje»: descriptor conductual de ejemplo.,10,synthetic,SYN-001190
CRI-0206-L3,CRI-0206,RV-VAC-0042-1,3,[SINTÉTICO] Nivel 3 del criterio «Conducción del aprendizaje»: descriptor conductual de ejemplo.,15,synthetic,SYN-001191
CRI-0206-L4,CRI-0206,RV-VAC-0042-1,4,[SINTÉTICO] Nivel 4 del criterio «Conducción del aprendizaje»: descriptor conductual de ejemplo.,20,synthetic,SYN-001192
CRI-0207-L1,CRI-0207,RV-VAC-0042-1,1,[SINTÉTICO] Nivel 1 del criterio «Evaluación formativa»: descriptor conductual de ejemplo.,5,synthetic,SYN-001194
CRI-0207-L2,CRI-0207,RV-VAC-0042-1,2,[SINTÉTICO] Nivel 2 del criterio «Evaluación formativa»: descriptor conductual de ejemplo.,10,synthetic,SYN-001195
CRI-0207-L3,CRI-0207,RV-VAC-0042-1,3,[SINTÉTICO] Nivel 3 del criterio «Evaluación formativa»: descriptor conductual de ejemplo.,15,synthetic,SYN-001196
CRI-0207-L4,CRI-0207,RV-VAC-0042-1,4,[SINTÉTICO] Nivel 4 del criterio «Evaluación formativa»: descriptor conductual de ejemplo.,20,synthetic,SYN-001197
CRI-0208-L1,CRI-0208,RV-VAC-0042-1,1,[SINTÉTICO] Nivel 1 del criterio «Organización del trabajo»: descriptor conductual de ejemplo.,5,synthetic,SYN-001199
CRI-0208-L2,CRI-0208,RV-VAC-0042-1,2,[SINTÉTICO] Nivel 2 del criterio «Organización del trabajo»: descriptor conductual de ejemplo.,10,synthetic,SYN-001200
CRI-0208-L3,CRI-0208,RV-VAC-0042-1,3,[SINTÉTICO] Nivel 3 del criterio «Organización del trabajo»: descriptor conductual de ejemplo.,15,synthetic,SYN-001201
CRI-0208-L4,CRI-0208,RV-VAC-0042-1,4,[SINTÉTICO] Nivel 4 del criterio «Organización del trabajo»: descriptor conductual de ejemplo.,20,synthetic,SYN-001202
CRI-0209-L1,CRI-0209,RV-VAC-0042-1,1,[SINTÉTICO] Nivel 1 del criterio «Desarrollo profesional»: descriptor conductual de ejemplo.,5,synthetic,SYN-001204
CRI-0209-L2,CRI-0209,RV-VAC-0042-1,2,[SINTÉTICO] Nivel 2 del criterio «Desarrollo profesional»: descriptor conductual de ejemplo.,10,synthetic,SYN-001205
CRI-0209-L3,CRI-0209,RV-VAC-0042-1,3,[SINTÉTICO] Nivel 3 del criterio «Desarrollo profesional»: descriptor conductual de ejemplo.,15,synthetic,SYN-001206
CRI-0209-L4,CRI-0209,RV-VAC-0042-1,4,[SINTÉTICO] Nivel 4 del criterio «Desarrollo profesional»: descriptor conductual de ejemplo.,20,synthetic,SYN-001207
CRI-0210-L1,CRI-0210,RV-VAC-0042-1,1,[SINTÉTICO] Nivel 1 del criterio «Trabajo con familias y comunidad»: descriptor conductual de ejemplo.,5,synthetic,SYN-001209
CRI-0210-L2,CRI-0210,RV-VAC-0042-1,2,[SINTÉTICO] Nivel 2 del criterio «Trabajo con familias y comunidad»: descriptor conductual de ejemplo.,10,synthetic,SYN-001210
CRI-0210-L3,CRI-0210,RV-VAC-0042-1,3,[SINTÉTICO] Nivel 3 del criterio «Trabajo con familias y comunidad»: descriptor conductual de ejemplo.,15,synthetic,SYN-001211
CRI-0210-L4,CRI-0210,RV-VAC-0042-1,4,[SINTÉTICO] Nivel 4 del criterio «Trabajo con familias y comunidad»: descriptor conductual de ejemplo.,20,synthetic,SYN-001212
CRI-0211-L1,CRI-0211,RV-VAC-0042-1,1,[SINTÉTICO] Nivel 1 del criterio «Planificación de la enseñanza»: descriptor conductual de ejemplo.,5,synthetic,SYN-001214
CRI-0211-L2,CRI-0211,RV-VAC-0042-1,2,[SINTÉTICO] Nivel 2 del criterio «Planificación de la enseñanza»: descriptor conductual de ejemplo.,10,synthetic,SYN-001215
CRI-0211-L3,CRI-0211,RV-VAC-0042-1,3,[SINTÉTICO] Nivel 3 del criterio «Planificación de la enseñanza»: descriptor conductual de ejemplo.,15,synthetic,SYN-001216
CRI-0211-L4,CRI-0211,RV-VAC-0042-1,4,[SINTÉTICO] Nivel 4 del criterio «Planificación de la enseñanza»: descriptor conductual de ejemplo.,20,synthetic,SYN-001217
CRI-0212-L1,CRI-0212,RV-VAC-0043-1,1,[SINTÉTICO] Nivel 1 del criterio «Planificación de la enseñanza»: descriptor conductual de ejemplo.,5,synthetic,SYN-001223
CRI-0212-L2,CRI-0212,RV-VAC-0043-1,2,[SINTÉTICO] Nivel 2 del criterio «Planificación de la enseñanza»: descriptor conductual de ejemplo.,10,synthetic,SYN-001224
CRI-0212-L3,CRI-0212,RV-VAC-0043-1,3,[SINTÉTICO] Nivel 3 del criterio «Planificación de la enseñanza»: descriptor conductual de ejemplo.,15,synthetic,SYN-001225
CRI-0212-L4,CRI-0212,RV-VAC-0043-1,4,[SINTÉTICO] Nivel 4 del criterio «Planificación de la enseñanza»: descriptor conductual de ejemplo.,20,synthetic,SYN-001226
CRI-0213-L1,CRI-0213,RV-VAC-0043-1,1,[SINTÉTICO] Nivel 1 del criterio «Organización del trabajo»: descriptor conductual de ejemplo.,5,synthetic,SYN-001228
CRI-0213-L2,CRI-0213,RV-VAC-0043-1,2,[SINTÉTICO] Nivel 2 del criterio «Organización del trabajo»: descriptor conductual de ejemplo.,10,synthetic,SYN-001229
CRI-0213-L3,CRI-0213,RV-VAC-0043-1,3,[SINTÉTICO] Nivel 3 del criterio «Organización del trabajo»: descriptor conductual de ejemplo.,15,synthetic,SYN-001230
CRI-0213-L4,CRI-0213,RV-VAC-0043-1,4,[SINTÉTICO] Nivel 4 del criterio «Organización del trabajo»: descriptor conductual de ejemplo.,20,synthetic,SYN-001231
CRI-0214-L1,CRI-0214,RV-VAC-0043-1,1,[SINTÉTICO] Nivel 1 del criterio «Desarrollo profesional»: descriptor conductual de ejemplo.,5,synthetic,SYN-001233
CRI-0214-L2,CRI-0214,RV-VAC-0043-1,2,[SINTÉTICO] Nivel 2 del criterio «Desarrollo profesional»: descriptor conductual de ejemplo.,10,synthetic,SYN-001234
CRI-0214-L3,CRI-0214,RV-VAC-0043-1,3,[SINTÉTICO] Nivel 3 del criterio «Desarrollo profesional»: descriptor conductual de ejemplo.,15,synthetic,SYN-001235
CRI-0214-L4,CRI-0214,RV-VAC-0043-1,4,[SINTÉTICO] Nivel 4 del criterio «Desarrollo profesional»: descriptor conductual de ejemplo.,20,synthetic,SYN-001236
CRI-0215-L1,CRI-0215,RV-VAC-0043-1,1,[SINTÉTICO] Nivel 1 del criterio «Trabajo con familias y comunidad»: descriptor conductual de ejemplo.,5,synthetic,SYN-001238
CRI-0215-L2,CRI-0215,RV-VAC-0043-1,2,[SINTÉTICO] Nivel 2 del criterio «Trabajo con familias y comunidad»: descriptor conductual de ejemplo.,10,synthetic,SYN-001239
CRI-0215-L3,CRI-0215,RV-VAC-0043-1,3,[SINTÉTICO] Nivel 3 del criterio «Trabajo con familias y comunidad»: descriptor conductual de ejemplo.,15,synthetic,SYN-001240
CRI-0215-L4,CRI-0215,RV-VAC-0043-1,4,[SINTÉTICO] Nivel 4 del criterio «Trabajo con familias y comunidad»: descriptor conductual de ejemplo.,20,synthetic,SYN-001241
CRI-0216-L1,CRI-0216,RV-VAC-0044-1,1,[SINTÉTICO] Nivel 1 del criterio «Gestión administrativa»: descriptor conductual de ejemplo.,5,synthetic,SYN-001246
CRI-0216-L2,CRI-0216,RV-VAC-0044-1,2,[SINTÉTICO] Nivel 2 del criterio «Gestión administrativa»: descriptor conductual de ejemplo.,10,synthetic,SYN-001247
CRI-0216-L3,CRI-0216,RV-VAC-0044-1,3,[SINTÉTICO] Nivel 3 del criterio «Gestión administrativa»: descriptor conductual de ejemplo.,15,synthetic,SYN-001248
CRI-0216-L4,CRI-0216,RV-VAC-0044-1,4,[SINTÉTICO] Nivel 4 del criterio «Gestión administrativa»: descriptor conductual de ejemplo.,20,synthetic,SYN-001249
CRI-0217-L1,CRI-0217,RV-VAC-0044-1,1,[SINTÉTICO] Nivel 1 del criterio «Desarrollo profesional»: descriptor conductual de ejemplo.,5,synthetic,SYN-001251
CRI-0217-L2,CRI-0217,RV-VAC-0044-1,2,[SINTÉTICO] Nivel 2 del criterio «Desarrollo profesional»: descriptor conductual de ejemplo.,10,synthetic,SYN-001252
CRI-0217-L3,CRI-0217,RV-VAC-0044-1,3,[SINTÉTICO] Nivel 3 del criterio «Desarrollo profesional»: descriptor conductual de ejemplo.,15,synthetic,SYN-001253
CRI-0217-L4,CRI-0217,RV-VAC-0044-1,4,[SINTÉTICO] Nivel 4 del criterio «Desarrollo profesional»: descriptor conductual de ejemplo.,20,synthetic,SYN-001254
CRI-0218-L1,CRI-0218,RV-VAC-0044-1,1,[SINTÉTICO] Nivel 1 del criterio «Atención al usuario»: descriptor conductual de ejemplo.,5,synthetic,SYN-001256
CRI-0218-L2,CRI-0218,RV-VAC-0044-1,2,[SINTÉTICO] Nivel 2 del criterio «Atención al usuario»: descriptor conductual de ejemplo.,10,synthetic,SYN-001257
CRI-0218-L3,CRI-0218,RV-VAC-0044-1,3,[SINTÉTICO] Nivel 3 del criterio «Atención al usuario»: descriptor conductual de ejemplo.,15,synthetic,SYN-001258
CRI-0218-L4,CRI-0218,RV-VAC-0044-1,4,[SINTÉTICO] Nivel 4 del criterio «Atención al usuario»: descriptor conductual de ejemplo.,20,synthetic,SYN-001259
CRI-0219-L1,CRI-0219,RV-VAC-0044-1,1,[SINTÉTICO] Nivel 1 del criterio «Organización del trabajo»: descriptor conductual de ejemplo.,5,synthetic,SYN-001261
CRI-0219-L2,CRI-0219,RV-VAC-0044-1,2,[SINTÉTICO] Nivel 2 del criterio «Organización del trabajo»: descriptor conductual de ejemplo.,10,synthetic,SYN-001262
CRI-0219-L3,CRI-0219,RV-VAC-0044-1,3,[SINTÉTICO] Nivel 3 del criterio «Organización del trabajo»: descriptor conductual de ejemplo.,15,synthetic,SYN-001263
CRI-0219-L4,CRI-0219,RV-VAC-0044-1,4,[SINTÉTICO] Nivel 4 del criterio «Organización del trabajo»: descriptor conductual de ejemplo.,20,synthetic,SYN-001264
CRI-0220-L1,CRI-0220,RV-VAC-0045-1,1,[SINTÉTICO] Nivel 1 del criterio «Conducción del aprendizaje»: descriptor conductual de ejemplo.,5,synthetic,SYN-001269
CRI-0220-L2,CRI-0220,RV-VAC-0045-1,2,[SINTÉTICO] Nivel 2 del criterio «Conducción del aprendizaje»: descriptor conductual de ejemplo.,10,synthetic,SYN-001270
CRI-0220-L3,CRI-0220,RV-VAC-0045-1,3,[SINTÉTICO] Nivel 3 del criterio «Conducción del aprendizaje»: descriptor conductual de ejemplo.,15,synthetic,SYN-001271
CRI-0220-L4,CRI-0220,RV-VAC-0045-1,4,[SINTÉTICO] Nivel 4 del criterio «Conducción del aprendizaje»: descriptor conductual de ejemplo.,20,synthetic,SYN-001272
CRI-0221-L1,CRI-0221,RV-VAC-0045-1,1,[SINTÉTICO] Nivel 1 del criterio «Planificación de la enseñanza»: descriptor conductual de ejemplo.,5,synthetic,SYN-001274
CRI-0221-L2,CRI-0221,RV-VAC-0045-1,2,[SINTÉTICO] Nivel 2 del criterio «Planificación de la enseñanza»: descriptor conductual de ejemplo.,10,synthetic,SYN-001275
CRI-0221-L3,CRI-0221,RV-VAC-0045-1,3,[SINTÉTICO] Nivel 3 del criterio «Planificación de la enseñanza»: descriptor conductual de ejemplo.,15,synthetic,SYN-001276
CRI-0221-L4,CRI-0221,RV-VAC-0045-1,4,[SINTÉTICO] Nivel 4 del criterio «Planificación de la enseñanza»: descriptor conductual de ejemplo.,20,synthetic,SYN-001277
CRI-0222-L1,CRI-0222,RV-VAC-0045-1,1,[SINTÉTICO] Nivel 1 del criterio «Desarrollo profesional»: descriptor conductual de ejemplo.,5,synthetic,SYN-001279
CRI-0222-L2,CRI-0222,RV-VAC-0045-1,2,[SINTÉTICO] Nivel 2 del criterio «Desarrollo profesional»: descriptor conductual de ejemplo.,10,synthetic,SYN-001280
CRI-0222-L3,CRI-0222,RV-VAC-0045-1,3,[SINTÉTICO] Nivel 3 del criterio «Desarrollo profesional»: descriptor conductual de ejemplo.,15,synthetic,SYN-001281
CRI-0222-L4,CRI-0222,RV-VAC-0045-1,4,[SINTÉTICO] Nivel 4 del criterio «Desarrollo profesional»: descriptor conductual de ejemplo.,20,synthetic,SYN-001282
CRI-0223-L1,CRI-0223,RV-VAC-0045-1,1,[SINTÉTICO] Nivel 1 del criterio «Trabajo con familias y comunidad»: descriptor conductual de ejemplo.,5,synthetic,SYN-001284
CRI-0223-L2,CRI-0223,RV-VAC-0045-1,2,[SINTÉTICO] Nivel 2 del criterio «Trabajo con familias y comunidad»: descriptor conductual de ejemplo.,10,synthetic,SYN-001285
CRI-0223-L3,CRI-0223,RV-VAC-0045-1,3,[SINTÉTICO] Nivel 3 del criterio «Trabajo con familias y comunidad»: descriptor conductual de ejemplo.,15,synthetic,SYN-001286
CRI-0223-L4,CRI-0223,RV-VAC-0045-1,4,[SINTÉTICO] Nivel 4 del criterio «Trabajo con familias y comunidad»: descriptor conductual de ejemplo.,20,synthetic,SYN-001287
CRI-0224-L1,CRI-0224,RV-VAC-0045-1,1,[SINTÉTICO] Nivel 1 del criterio «Organización del trabajo»: descriptor conductual de ejemplo.,5,synthetic,SYN-001289
CRI-0224-L2,CRI-0224,RV-VAC-0045-1,2,[SINTÉTICO] Nivel 2 del criterio «Organización del trabajo»: descriptor conductual de ejemplo.,10,synthetic,SYN-001290
CRI-0224-L3,CRI-0224,RV-VAC-0045-1,3,[SINTÉTICO] Nivel 3 del criterio «Organización del trabajo»: descriptor conductual de ejemplo.,15,synthetic,SYN-001291
CRI-0224-L4,CRI-0224,RV-VAC-0045-1,4,[SINTÉTICO] Nivel 4 del criterio «Organización del trabajo»: descriptor conductual de ejemplo.,20,synthetic,SYN-001292
CRI-0225-L1,CRI-0225,RV-VAC-0045-1,1,[SINTÉTICO] Nivel 1 del criterio «Evaluación formativa»: descriptor conductual de ejemplo.,5,synthetic,SYN-001294
CRI-0225-L2,CRI-0225,RV-VAC-0045-1,2,[SINTÉTICO] Nivel 2 del criterio «Evaluación formativa»: descriptor conductual de ejemplo.,10,synthetic,SYN-001295
CRI-0225-L3,CRI-0225,RV-VAC-0045-1,3,[SINTÉTICO] Nivel 3 del criterio «Evaluación formativa»: descriptor conductual de ejemplo.,15,synthetic,SYN-001296
CRI-0225-L4,CRI-0225,RV-VAC-0045-1,4,[SINTÉTICO] Nivel 4 del criterio «Evaluación formativa»: descriptor conductual de ejemplo.,20,synthetic,SYN-001297
CRI-0226-L1,CRI-0226,RV-VAC-0046-1,1,[SINTÉTICO] Nivel 1 del criterio «Desarrollo profesional»: descriptor conductual de ejemplo.,5,synthetic,SYN-001302
CRI-0226-L2,CRI-0226,RV-VAC-0046-1,2,[SINTÉTICO] Nivel 2 del criterio «Desarrollo profesional»: descriptor conductual de ejemplo.,10,synthetic,SYN-001303
CRI-0226-L3,CRI-0226,RV-VAC-0046-1,3,[SINTÉTICO] Nivel 3 del criterio «Desarrollo profesional»: descriptor conductual de ejemplo.,15,synthetic,SYN-001304
CRI-0226-L4,CRI-0226,RV-VAC-0046-1,4,[SINTÉTICO] Nivel 4 del criterio «Desarrollo profesional»: descriptor conductual de ejemplo.,20,synthetic,SYN-001305
CRI-0227-L1,CRI-0227,RV-VAC-0046-1,1,[SINTÉTICO] Nivel 1 del criterio «Evaluación formativa»: descriptor conductual de ejemplo.,5,synthetic,SYN-001307
CRI-0227-L2,CRI-0227,RV-VAC-0046-1,2,[SINTÉTICO] Nivel 2 del criterio «Evaluación formativa»: descriptor conductual de ejemplo.,10,synthetic,SYN-001308
CRI-0227-L3,CRI-0227,RV-VAC-0046-1,3,[SINTÉTICO] Nivel 3 del criterio «Evaluación formativa»: descriptor conductual de ejemplo.,15,synthetic,SYN-001309
CRI-0227-L4,CRI-0227,RV-VAC-0046-1,4,[SINTÉTICO] Nivel 4 del criterio «Evaluación formativa»: descriptor conductual de ejemplo.,20,synthetic,SYN-001310
CRI-0228-L1,CRI-0228,RV-VAC-0046-1,1,[SINTÉTICO] Nivel 1 del criterio «Planificación de la enseñanza»: descriptor conductual de ejemplo.,5,synthetic,SYN-001312
CRI-0228-L2,CRI-0228,RV-VAC-0046-1,2,[SINTÉTICO] Nivel 2 del criterio «Planificación de la enseñanza»: descriptor conductual de ejemplo.,10,synthetic,SYN-001313
CRI-0228-L3,CRI-0228,RV-VAC-0046-1,3,[SINTÉTICO] Nivel 3 del criterio «Planificación de la enseñanza»: descriptor conductual de ejemplo.,15,synthetic,SYN-001314
CRI-0228-L4,CRI-0228,RV-VAC-0046-1,4,[SINTÉTICO] Nivel 4 del criterio «Planificación de la enseñanza»: descriptor conductual de ejemplo.,20,synthetic,SYN-001315
CRI-0229-L1,CRI-0229,RV-VAC-0046-1,1,[SINTÉTICO] Nivel 1 del criterio «Trabajo con familias y comunidad»: descriptor conductual de ejemplo.,5,synthetic,SYN-001317
CRI-0229-L2,CRI-0229,RV-VAC-0046-1,2,[SINTÉTICO] Nivel 2 del criterio «Trabajo con familias y comunidad»: descriptor conductual de ejemplo.,10,synthetic,SYN-001318
CRI-0229-L3,CRI-0229,RV-VAC-0046-1,3,[SINTÉTICO] Nivel 3 del criterio «Trabajo con familias y comunidad»: descriptor conductual de ejemplo.,15,synthetic,SYN-001319
CRI-0229-L4,CRI-0229,RV-VAC-0046-1,4,[SINTÉTICO] Nivel 4 del criterio «Trabajo con familias y comunidad»: descriptor conductual de ejemplo.,20,synthetic,SYN-001320
CRI-0230-L1,CRI-0230,RV-VAC-0047-1,1,[SINTÉTICO] Nivel 1 del criterio «Organización del trabajo»: descriptor conductual de ejemplo.,5,synthetic,SYN-001325
CRI-0230-L2,CRI-0230,RV-VAC-0047-1,2,[SINTÉTICO] Nivel 2 del criterio «Organización del trabajo»: descriptor conductual de ejemplo.,10,synthetic,SYN-001326
CRI-0230-L3,CRI-0230,RV-VAC-0047-1,3,[SINTÉTICO] Nivel 3 del criterio «Organización del trabajo»: descriptor conductual de ejemplo.,15,synthetic,SYN-001327
CRI-0230-L4,CRI-0230,RV-VAC-0047-1,4,[SINTÉTICO] Nivel 4 del criterio «Organización del trabajo»: descriptor conductual de ejemplo.,20,synthetic,SYN-001328
CRI-0231-L1,CRI-0231,RV-VAC-0047-1,1,[SINTÉTICO] Nivel 1 del criterio «Conducción del aprendizaje»: descriptor conductual de ejemplo.,5,synthetic,SYN-001330
CRI-0231-L2,CRI-0231,RV-VAC-0047-1,2,[SINTÉTICO] Nivel 2 del criterio «Conducción del aprendizaje»: descriptor conductual de ejemplo.,10,synthetic,SYN-001331
CRI-0231-L3,CRI-0231,RV-VAC-0047-1,3,[SINTÉTICO] Nivel 3 del criterio «Conducción del aprendizaje»: descriptor conductual de ejemplo.,15,synthetic,SYN-001332
CRI-0231-L4,CRI-0231,RV-VAC-0047-1,4,[SINTÉTICO] Nivel 4 del criterio «Conducción del aprendizaje»: descriptor conductual de ejemplo.,20,synthetic,SYN-001333
CRI-0232-L1,CRI-0232,RV-VAC-0047-1,1,[SINTÉTICO] Nivel 1 del criterio «Planificación de la enseñanza»: descriptor conductual de ejemplo.,5,synthetic,SYN-001335
CRI-0232-L2,CRI-0232,RV-VAC-0047-1,2,[SINTÉTICO] Nivel 2 del criterio «Planificación de la enseñanza»: descriptor conductual de ejemplo.,10,synthetic,SYN-001336
CRI-0232-L3,CRI-0232,RV-VAC-0047-1,3,[SINTÉTICO] Nivel 3 del criterio «Planificación de la enseñanza»: descriptor conductual de ejemplo.,15,synthetic,SYN-001337
CRI-0232-L4,CRI-0232,RV-VAC-0047-1,4,[SINTÉTICO] Nivel 4 del criterio «Planificación de la enseñanza»: descriptor conductual de ejemplo.,20,synthetic,SYN-001338
CRI-0233-L1,CRI-0233,RV-VAC-0047-1,1,[SINTÉTICO] Nivel 1 del criterio «Evaluación formativa»: descriptor conductual de ejemplo.,5,synthetic,SYN-001340
CRI-0233-L2,CRI-0233,RV-VAC-0047-1,2,[SINTÉTICO] Nivel 2 del criterio «Evaluación formativa»: descriptor conductual de ejemplo.,10,synthetic,SYN-001341
CRI-0233-L3,CRI-0233,RV-VAC-0047-1,3,[SINTÉTICO] Nivel 3 del criterio «Evaluación formativa»: descriptor conductual de ejemplo.,15,synthetic,SYN-001342
CRI-0233-L4,CRI-0233,RV-VAC-0047-1,4,[SINTÉTICO] Nivel 4 del criterio «Evaluación formativa»: descriptor conductual de ejemplo.,20,synthetic,SYN-001343
CRI-0234-L1,CRI-0234,RV-VAC-0047-1,1,[SINTÉTICO] Nivel 1 del criterio «Desarrollo profesional»: descriptor conductual de ejemplo.,5,synthetic,SYN-001345
CRI-0234-L2,CRI-0234,RV-VAC-0047-1,2,[SINTÉTICO] Nivel 2 del criterio «Desarrollo profesional»: descriptor conductual de ejemplo.,10,synthetic,SYN-001346
CRI-0234-L3,CRI-0234,RV-VAC-0047-1,3,[SINTÉTICO] Nivel 3 del criterio «Desarrollo profesional»: descriptor conductual de ejemplo.,15,synthetic,SYN-001347
CRI-0234-L4,CRI-0234,RV-VAC-0047-1,4,[SINTÉTICO] Nivel 4 del criterio «Desarrollo profesional»: descriptor conductual de ejemplo.,20,synthetic,SYN-001348
CRI-0235-L1,CRI-0235,RV-VAC-0047-1,1,[SINTÉTICO] Nivel 1 del criterio «Trabajo con familias y comunidad»: descriptor conductual de ejemplo.,5,synthetic,SYN-001350
CRI-0235-L2,CRI-0235,RV-VAC-0047-1,2,[SINTÉTICO] Nivel 2 del criterio «Trabajo con familias y comunidad»: descriptor conductual de ejemplo.,10,synthetic,SYN-001351
CRI-0235-L3,CRI-0235,RV-VAC-0047-1,3,[SINTÉTICO] Nivel 3 del criterio «Trabajo con familias y comunidad»: descriptor conductual de ejemplo.,15,synthetic,SYN-001352
CRI-0235-L4,CRI-0235,RV-VAC-0047-1,4,[SINTÉTICO] Nivel 4 del criterio «Trabajo con familias y comunidad»: descriptor conductual de ejemplo.,20,synthetic,SYN-001353
CRI-0236-L1,CRI-0236,RV-VAC-0048-1,1,[SINTÉTICO] Nivel 1 del criterio «Gestión administrativa»: descriptor conductual de ejemplo.,5,synthetic,SYN-001359
CRI-0236-L2,CRI-0236,RV-VAC-0048-1,2,[SINTÉTICO] Nivel 2 del criterio «Gestión administrativa»: descriptor conductual de ejemplo.,10,synthetic,SYN-001360
CRI-0236-L3,CRI-0236,RV-VAC-0048-1,3,[SINTÉTICO] Nivel 3 del criterio «Gestión administrativa»: descriptor conductual de ejemplo.,15,synthetic,SYN-001361
CRI-0236-L4,CRI-0236,RV-VAC-0048-1,4,[SINTÉTICO] Nivel 4 del criterio «Gestión administrativa»: descriptor conductual de ejemplo.,20,synthetic,SYN-001362
CRI-0237-L1,CRI-0237,RV-VAC-0048-1,1,[SINTÉTICO] Nivel 1 del criterio «Desarrollo profesional»: descriptor conductual de ejemplo.,5,synthetic,SYN-001364
CRI-0237-L2,CRI-0237,RV-VAC-0048-1,2,[SINTÉTICO] Nivel 2 del criterio «Desarrollo profesional»: descriptor conductual de ejemplo.,10,synthetic,SYN-001365
CRI-0237-L3,CRI-0237,RV-VAC-0048-1,3,[SINTÉTICO] Nivel 3 del criterio «Desarrollo profesional»: descriptor conductual de ejemplo.,15,synthetic,SYN-001366
CRI-0237-L4,CRI-0237,RV-VAC-0048-1,4,[SINTÉTICO] Nivel 4 del criterio «Desarrollo profesional»: descriptor conductual de ejemplo.,20,synthetic,SYN-001367
CRI-0238-L1,CRI-0238,RV-VAC-0048-1,1,[SINTÉTICO] Nivel 1 del criterio «Organización del trabajo»: descriptor conductual de ejemplo.,5,synthetic,SYN-001369
CRI-0238-L2,CRI-0238,RV-VAC-0048-1,2,[SINTÉTICO] Nivel 2 del criterio «Organización del trabajo»: descriptor conductual de ejemplo.,10,synthetic,SYN-001370
CRI-0238-L3,CRI-0238,RV-VAC-0048-1,3,[SINTÉTICO] Nivel 3 del criterio «Organización del trabajo»: descriptor conductual de ejemplo.,15,synthetic,SYN-001371
CRI-0238-L4,CRI-0238,RV-VAC-0048-1,4,[SINTÉTICO] Nivel 4 del criterio «Organización del trabajo»: descriptor conductual de ejemplo.,20,synthetic,SYN-001372
CRI-0239-L1,CRI-0239,RV-VAC-0048-1,1,[SINTÉTICO] Nivel 1 del criterio «Atención al usuario»: descriptor conductual de ejemplo.,5,synthetic,SYN-001374
CRI-0239-L2,CRI-0239,RV-VAC-0048-1,2,[SINTÉTICO] Nivel 2 del criterio «Atención al usuario»: descriptor conductual de ejemplo.,10,synthetic,SYN-001375
CRI-0239-L3,CRI-0239,RV-VAC-0048-1,3,[SINTÉTICO] Nivel 3 del criterio «Atención al usuario»: descriptor conductual de ejemplo.,15,synthetic,SYN-001376
CRI-0239-L4,CRI-0239,RV-VAC-0048-1,4,[SINTÉTICO] Nivel 4 del criterio «Atención al usuario»: descriptor conductual de ejemplo.,20,synthetic,SYN-001377
CRI-0240-L1,CRI-0240,RV-VAC-0049-1,1,[SINTÉTICO] Nivel 1 del criterio «Desarrollo profesional»: descriptor conductual de ejemplo.,5,synthetic,SYN-001383
CRI-0240-L2,CRI-0240,RV-VAC-0049-1,2,[SINTÉTICO] Nivel 2 del criterio «Desarrollo profesional»: descriptor conductual de ejemplo.,10,synthetic,SYN-001384
CRI-0240-L3,CRI-0240,RV-VAC-0049-1,3,[SINTÉTICO] Nivel 3 del criterio «Desarrollo profesional»: descriptor conductual de ejemplo.,15,synthetic,SYN-001385
CRI-0240-L4,CRI-0240,RV-VAC-0049-1,4,[SINTÉTICO] Nivel 4 del criterio «Desarrollo profesional»: descriptor conductual de ejemplo.,20,synthetic,SYN-001386
CRI-0241-L1,CRI-0241,RV-VAC-0049-1,1,[SINTÉTICO] Nivel 1 del criterio «Organización del trabajo»: descriptor conductual de ejemplo.,5,synthetic,SYN-001388
CRI-0241-L2,CRI-0241,RV-VAC-0049-1,2,[SINTÉTICO] Nivel 2 del criterio «Organización del trabajo»: descriptor conductual de ejemplo.,10,synthetic,SYN-001389
CRI-0241-L3,CRI-0241,RV-VAC-0049-1,3,[SINTÉTICO] Nivel 3 del criterio «Organización del trabajo»: descriptor conductual de ejemplo.,15,synthetic,SYN-001390
CRI-0241-L4,CRI-0241,RV-VAC-0049-1,4,[SINTÉTICO] Nivel 4 del criterio «Organización del trabajo»: descriptor conductual de ejemplo.,20,synthetic,SYN-001391
CRI-0242-L1,CRI-0242,RV-VAC-0049-1,1,[SINTÉTICO] Nivel 1 del criterio «Gestión administrativa»: descriptor conductual de ejemplo.,5,synthetic,SYN-001393
CRI-0242-L2,CRI-0242,RV-VAC-0049-1,2,[SINTÉTICO] Nivel 2 del criterio «Gestión administrativa»: descriptor conductual de ejemplo.,10,synthetic,SYN-001394
CRI-0242-L3,CRI-0242,RV-VAC-0049-1,3,[SINTÉTICO] Nivel 3 del criterio «Gestión administrativa»: descriptor conductual de ejemplo.,15,synthetic,SYN-001395
CRI-0242-L4,CRI-0242,RV-VAC-0049-1,4,[SINTÉTICO] Nivel 4 del criterio «Gestión administrativa»: descriptor conductual de ejemplo.,20,synthetic,SYN-001396
CRI-0243-L1,CRI-0243,RV-VAC-0049-1,1,[SINTÉTICO] Nivel 1 del criterio «Atención al usuario»: descriptor conductual de ejemplo.,5,synthetic,SYN-001398
CRI-0243-L2,CRI-0243,RV-VAC-0049-1,2,[SINTÉTICO] Nivel 2 del criterio «Atención al usuario»: descriptor conductual de ejemplo.,10,synthetic,SYN-001399
CRI-0243-L3,CRI-0243,RV-VAC-0049-1,3,[SINTÉTICO] Nivel 3 del criterio «Atención al usuario»: descriptor conductual de ejemplo.,15,synthetic,SYN-001400
CRI-0243-L4,CRI-0243,RV-VAC-0049-1,4,[SINTÉTICO] Nivel 4 del criterio «Atención al usuario»: descriptor conductual de ejemplo.,20,synthetic,SYN-001401
CRI-0244-L1,CRI-0244,RV-VAC-0050-1,1,[SINTÉTICO] Nivel 1 del criterio «Planificación de la enseñanza»: descriptor conductual de ejemplo.,5,synthetic,SYN-001407
CRI-0244-L2,CRI-0244,RV-VAC-0050-1,2,[SINTÉTICO] Nivel 2 del criterio «Planificación de la enseñanza»: descriptor conductual de ejemplo.,10,synthetic,SYN-001408
CRI-0244-L3,CRI-0244,RV-VAC-0050-1,3,[SINTÉTICO] Nivel 3 del criterio «Planificación de la enseñanza»: descriptor conductual de ejemplo.,15,synthetic,SYN-001409
CRI-0244-L4,CRI-0244,RV-VAC-0050-1,4,[SINTÉTICO] Nivel 4 del criterio «Planificación de la enseñanza»: descriptor conductual de ejemplo.,20,synthetic,SYN-001410
CRI-0245-L1,CRI-0245,RV-VAC-0050-1,1,[SINTÉTICO] Nivel 1 del criterio «Desarrollo profesional»: descriptor conductual de ejemplo.,5,synthetic,SYN-001412
CRI-0245-L2,CRI-0245,RV-VAC-0050-1,2,[SINTÉTICO] Nivel 2 del criterio «Desarrollo profesional»: descriptor conductual de ejemplo.,10,synthetic,SYN-001413
CRI-0245-L3,CRI-0245,RV-VAC-0050-1,3,[SINTÉTICO] Nivel 3 del criterio «Desarrollo profesional»: descriptor conductual de ejemplo.,15,synthetic,SYN-001414
CRI-0245-L4,CRI-0245,RV-VAC-0050-1,4,[SINTÉTICO] Nivel 4 del criterio «Desarrollo profesional»: descriptor conductual de ejemplo.,20,synthetic,SYN-001415
CRI-0246-L1,CRI-0246,RV-VAC-0050-1,1,[SINTÉTICO] Nivel 1 del criterio «Organización del trabajo»: descriptor conductual de ejemplo.,5,synthetic,SYN-001417
CRI-0246-L2,CRI-0246,RV-VAC-0050-1,2,[SINTÉTICO] Nivel 2 del criterio «Organización del trabajo»: descriptor conductual de ejemplo.,10,synthetic,SYN-001418
CRI-0246-L3,CRI-0246,RV-VAC-0050-1,3,[SINTÉTICO] Nivel 3 del criterio «Organización del trabajo»: descriptor conductual de ejemplo.,15,synthetic,SYN-001419
CRI-0246-L4,CRI-0246,RV-VAC-0050-1,4,[SINTÉTICO] Nivel 4 del criterio «Organización del trabajo»: descriptor conductual de ejemplo.,20,synthetic,SYN-001420
CRI-0247-L1,CRI-0247,RV-VAC-0050-1,1,[SINTÉTICO] Nivel 1 del criterio «Trabajo con familias y comunidad»: descriptor conductual de ejemplo.,5,synthetic,SYN-001422
CRI-0247-L2,CRI-0247,RV-VAC-0050-1,2,[SINTÉTICO] Nivel 2 del criterio «Trabajo con familias y comunidad»: descriptor conductual de ejemplo.,10,synthetic,SYN-001423
CRI-0247-L3,CRI-0247,RV-VAC-0050-1,3,[SINTÉTICO] Nivel 3 del criterio «Trabajo con familias y comunidad»: descriptor conductual de ejemplo.,15,synthetic,SYN-001424
CRI-0247-L4,CRI-0247,RV-VAC-0050-1,4,[SINTÉTICO] Nivel 4 del criterio «Trabajo con familias y comunidad»: descriptor conductual de ejemplo.,20,synthetic,SYN-001425
CRI-0248-L1,CRI-0248,RV-VAC-0051-1,1,[SINTÉTICO] Nivel 1 del criterio «Evaluación formativa»: descriptor conductual de ejemplo.,5,synthetic,SYN-001429
CRI-0248-L2,CRI-0248,RV-VAC-0051-1,2,[SINTÉTICO] Nivel 2 del criterio «Evaluación formativa»: descriptor conductual de ejemplo.,10,synthetic,SYN-001430
CRI-0248-L3,CRI-0248,RV-VAC-0051-1,3,[SINTÉTICO] Nivel 3 del criterio «Evaluación formativa»: descriptor conductual de ejemplo.,15,synthetic,SYN-001431
CRI-0248-L4,CRI-0248,RV-VAC-0051-1,4,[SINTÉTICO] Nivel 4 del criterio «Evaluación formativa»: descriptor conductual de ejemplo.,20,synthetic,SYN-001432
CRI-0249-L1,CRI-0249,RV-VAC-0051-1,1,[SINTÉTICO] Nivel 1 del criterio «Planificación de la enseñanza»: descriptor conductual de ejemplo.,5,synthetic,SYN-001434
CRI-0249-L2,CRI-0249,RV-VAC-0051-1,2,[SINTÉTICO] Nivel 2 del criterio «Planificación de la enseñanza»: descriptor conductual de ejemplo.,10,synthetic,SYN-001435
CRI-0249-L3,CRI-0249,RV-VAC-0051-1,3,[SINTÉTICO] Nivel 3 del criterio «Planificación de la enseñanza»: descriptor conductual de ejemplo.,15,synthetic,SYN-001436
CRI-0249-L4,CRI-0249,RV-VAC-0051-1,4,[SINTÉTICO] Nivel 4 del criterio «Planificación de la enseñanza»: descriptor conductual de ejemplo.,20,synthetic,SYN-001437
CRI-0250-L1,CRI-0250,RV-VAC-0051-1,1,[SINTÉTICO] Nivel 1 del criterio «Trabajo con familias y comunidad»: descriptor conductual de ejemplo.,5,synthetic,SYN-001439
CRI-0250-L2,CRI-0250,RV-VAC-0051-1,2,[SINTÉTICO] Nivel 2 del criterio «Trabajo con familias y comunidad»: descriptor conductual de ejemplo.,10,synthetic,SYN-001440
CRI-0250-L3,CRI-0250,RV-VAC-0051-1,3,[SINTÉTICO] Nivel 3 del criterio «Trabajo con familias y comunidad»: descriptor conductual de ejemplo.,15,synthetic,SYN-001441
CRI-0250-L4,CRI-0250,RV-VAC-0051-1,4,[SINTÉTICO] Nivel 4 del criterio «Trabajo con familias y comunidad»: descriptor conductual de ejemplo.,20,synthetic,SYN-001442
CRI-0251-L1,CRI-0251,RV-VAC-0051-1,1,[SINTÉTICO] Nivel 1 del criterio «Desarrollo profesional»: descriptor conductual de ejemplo.,5,synthetic,SYN-001444
CRI-0251-L2,CRI-0251,RV-VAC-0051-1,2,[SINTÉTICO] Nivel 2 del criterio «Desarrollo profesional»: descriptor conductual de ejemplo.,10,synthetic,SYN-001445
CRI-0251-L3,CRI-0251,RV-VAC-0051-1,3,[SINTÉTICO] Nivel 3 del criterio «Desarrollo profesional»: descriptor conductual de ejemplo.,15,synthetic,SYN-001446
CRI-0251-L4,CRI-0251,RV-VAC-0051-1,4,[SINTÉTICO] Nivel 4 del criterio «Desarrollo profesional»: descriptor conductual de ejemplo.,20,synthetic,SYN-001447
CRI-0252-L1,CRI-0252,RV-VAC-0051-1,1,[SINTÉTICO] Nivel 1 del criterio «Organización del trabajo»: descriptor conductual de ejemplo.,5,synthetic,SYN-001449
CRI-0252-L2,CRI-0252,RV-VAC-0051-1,2,[SINTÉTICO] Nivel 2 del criterio «Organización del trabajo»: descriptor conductual de ejemplo.,10,synthetic,SYN-001450
CRI-0252-L3,CRI-0252,RV-VAC-0051-1,3,[SINTÉTICO] Nivel 3 del criterio «Organización del trabajo»: descriptor conductual de ejemplo.,15,synthetic,SYN-001451
CRI-0252-L4,CRI-0252,RV-VAC-0051-1,4,[SINTÉTICO] Nivel 4 del criterio «Organización del trabajo»: descriptor conductual de ejemplo.,20,synthetic,SYN-001452
CRI-0253-L1,CRI-0253,RV-VAC-0052-1,1,[SINTÉTICO] Nivel 1 del criterio «Organización del trabajo»: descriptor conductual de ejemplo.,5,synthetic,SYN-001456
CRI-0253-L2,CRI-0253,RV-VAC-0052-1,2,[SINTÉTICO] Nivel 2 del criterio «Organización del trabajo»: descriptor conductual de ejemplo.,10,synthetic,SYN-001457
CRI-0253-L3,CRI-0253,RV-VAC-0052-1,3,[SINTÉTICO] Nivel 3 del criterio «Organización del trabajo»: descriptor conductual de ejemplo.,15,synthetic,SYN-001458
CRI-0253-L4,CRI-0253,RV-VAC-0052-1,4,[SINTÉTICO] Nivel 4 del criterio «Organización del trabajo»: descriptor conductual de ejemplo.,20,synthetic,SYN-001459
CRI-0254-L1,CRI-0254,RV-VAC-0052-1,1,[SINTÉTICO] Nivel 1 del criterio «Desarrollo profesional»: descriptor conductual de ejemplo.,5,synthetic,SYN-001461
CRI-0254-L2,CRI-0254,RV-VAC-0052-1,2,[SINTÉTICO] Nivel 2 del criterio «Desarrollo profesional»: descriptor conductual de ejemplo.,10,synthetic,SYN-001462
CRI-0254-L3,CRI-0254,RV-VAC-0052-1,3,[SINTÉTICO] Nivel 3 del criterio «Desarrollo profesional»: descriptor conductual de ejemplo.,15,synthetic,SYN-001463
CRI-0254-L4,CRI-0254,RV-VAC-0052-1,4,[SINTÉTICO] Nivel 4 del criterio «Desarrollo profesional»: descriptor conductual de ejemplo.,20,synthetic,SYN-001464
CRI-0255-L1,CRI-0255,RV-VAC-0052-1,1,[SINTÉTICO] Nivel 1 del criterio «Trabajo con familias y comunidad»: descriptor conductual de ejemplo.,5,synthetic,SYN-001466
CRI-0255-L2,CRI-0255,RV-VAC-0052-1,2,[SINTÉTICO] Nivel 2 del criterio «Trabajo con familias y comunidad»: descriptor conductual de ejemplo.,10,synthetic,SYN-001467
CRI-0255-L3,CRI-0255,RV-VAC-0052-1,3,[SINTÉTICO] Nivel 3 del criterio «Trabajo con familias y comunidad»: descriptor conductual de ejemplo.,15,synthetic,SYN-001468
CRI-0255-L4,CRI-0255,RV-VAC-0052-1,4,[SINTÉTICO] Nivel 4 del criterio «Trabajo con familias y comunidad»: descriptor conductual de ejemplo.,20,synthetic,SYN-001469
CRI-0256-L1,CRI-0256,RV-VAC-0052-1,1,[SINTÉTICO] Nivel 1 del criterio «Conducción del aprendizaje»: descriptor conductual de ejemplo.,5,synthetic,SYN-001471
CRI-0256-L2,CRI-0256,RV-VAC-0052-1,2,[SINTÉTICO] Nivel 2 del criterio «Conducción del aprendizaje»: descriptor conductual de ejemplo.,10,synthetic,SYN-001472
CRI-0256-L3,CRI-0256,RV-VAC-0052-1,3,[SINTÉTICO] Nivel 3 del criterio «Conducción del aprendizaje»: descriptor conductual de ejemplo.,15,synthetic,SYN-001473
CRI-0256-L4,CRI-0256,RV-VAC-0052-1,4,[SINTÉTICO] Nivel 4 del criterio «Conducción del aprendizaje»: descriptor conductual de ejemplo.,20,synthetic,SYN-001474
CRI-0257-L1,CRI-0257,RV-VAC-0053-1,1,[SINTÉTICO] Nivel 1 del criterio «Desarrollo profesional»: descriptor conductual de ejemplo.,5,synthetic,SYN-001478
CRI-0257-L2,CRI-0257,RV-VAC-0053-1,2,[SINTÉTICO] Nivel 2 del criterio «Desarrollo profesional»: descriptor conductual de ejemplo.,10,synthetic,SYN-001479
CRI-0257-L3,CRI-0257,RV-VAC-0053-1,3,[SINTÉTICO] Nivel 3 del criterio «Desarrollo profesional»: descriptor conductual de ejemplo.,15,synthetic,SYN-001480
CRI-0257-L4,CRI-0257,RV-VAC-0053-1,4,[SINTÉTICO] Nivel 4 del criterio «Desarrollo profesional»: descriptor conductual de ejemplo.,20,synthetic,SYN-001481
CRI-0258-L1,CRI-0258,RV-VAC-0053-1,1,[SINTÉTICO] Nivel 1 del criterio «Organización del trabajo»: descriptor conductual de ejemplo.,5,synthetic,SYN-001483
CRI-0258-L2,CRI-0258,RV-VAC-0053-1,2,[SINTÉTICO] Nivel 2 del criterio «Organización del trabajo»: descriptor conductual de ejemplo.,10,synthetic,SYN-001484
CRI-0258-L3,CRI-0258,RV-VAC-0053-1,3,[SINTÉTICO] Nivel 3 del criterio «Organización del trabajo»: descriptor conductual de ejemplo.,15,synthetic,SYN-001485
CRI-0258-L4,CRI-0258,RV-VAC-0053-1,4,[SINTÉTICO] Nivel 4 del criterio «Organización del trabajo»: descriptor conductual de ejemplo.,20,synthetic,SYN-001486
CRI-0259-L1,CRI-0259,RV-VAC-0053-1,1,[SINTÉTICO] Nivel 1 del criterio «Atención al usuario»: descriptor conductual de ejemplo.,5,synthetic,SYN-001488
CRI-0259-L2,CRI-0259,RV-VAC-0053-1,2,[SINTÉTICO] Nivel 2 del criterio «Atención al usuario»: descriptor conductual de ejemplo.,10,synthetic,SYN-001489
CRI-0259-L3,CRI-0259,RV-VAC-0053-1,3,[SINTÉTICO] Nivel 3 del criterio «Atención al usuario»: descriptor conductual de ejemplo.,15,synthetic,SYN-001490
CRI-0259-L4,CRI-0259,RV-VAC-0053-1,4,[SINTÉTICO] Nivel 4 del criterio «Atención al usuario»: descriptor conductual de ejemplo.,20,synthetic,SYN-001491
CRI-0260-L1,CRI-0260,RV-VAC-0053-1,1,[SINTÉTICO] Nivel 1 del criterio «Gestión administrativa»: descriptor conductual de ejemplo.,5,synthetic,SYN-001493
CRI-0260-L2,CRI-0260,RV-VAC-0053-1,2,[SINTÉTICO] Nivel 2 del criterio «Gestión administrativa»: descriptor conductual de ejemplo.,10,synthetic,SYN-001494
CRI-0260-L3,CRI-0260,RV-VAC-0053-1,3,[SINTÉTICO] Nivel 3 del criterio «Gestión administrativa»: descriptor conductual de ejemplo.,15,synthetic,SYN-001495
CRI-0260-L4,CRI-0260,RV-VAC-0053-1,4,[SINTÉTICO] Nivel 4 del criterio «Gestión administrativa»: descriptor conductual de ejemplo.,20,synthetic,SYN-001496
CRI-0261-L1,CRI-0261,RV-VAC-0054-1,1,[SINTÉTICO] Nivel 1 del criterio «Desarrollo profesional»: descriptor conductual de ejemplo.,5,synthetic,SYN-001502
CRI-0261-L2,CRI-0261,RV-VAC-0054-1,2,[SINTÉTICO] Nivel 2 del criterio «Desarrollo profesional»: descriptor conductual de ejemplo.,10,synthetic,SYN-001503
CRI-0261-L3,CRI-0261,RV-VAC-0054-1,3,[SINTÉTICO] Nivel 3 del criterio «Desarrollo profesional»: descriptor conductual de ejemplo.,15,synthetic,SYN-001504
CRI-0261-L4,CRI-0261,RV-VAC-0054-1,4,[SINTÉTICO] Nivel 4 del criterio «Desarrollo profesional»: descriptor conductual de ejemplo.,20,synthetic,SYN-001505
CRI-0262-L1,CRI-0262,RV-VAC-0054-1,1,[SINTÉTICO] Nivel 1 del criterio «Trabajo con familias y comunidad»: descriptor conductual de ejemplo.,5,synthetic,SYN-001507
CRI-0262-L2,CRI-0262,RV-VAC-0054-1,2,[SINTÉTICO] Nivel 2 del criterio «Trabajo con familias y comunidad»: descriptor conductual de ejemplo.,10,synthetic,SYN-001508
CRI-0262-L3,CRI-0262,RV-VAC-0054-1,3,[SINTÉTICO] Nivel 3 del criterio «Trabajo con familias y comunidad»: descriptor conductual de ejemplo.,15,synthetic,SYN-001509
CRI-0262-L4,CRI-0262,RV-VAC-0054-1,4,[SINTÉTICO] Nivel 4 del criterio «Trabajo con familias y comunidad»: descriptor conductual de ejemplo.,20,synthetic,SYN-001510
CRI-0263-L1,CRI-0263,RV-VAC-0054-1,1,[SINTÉTICO] Nivel 1 del criterio «Organización del trabajo»: descriptor conductual de ejemplo.,5,synthetic,SYN-001512
CRI-0263-L2,CRI-0263,RV-VAC-0054-1,2,[SINTÉTICO] Nivel 2 del criterio «Organización del trabajo»: descriptor conductual de ejemplo.,10,synthetic,SYN-001513
CRI-0263-L3,CRI-0263,RV-VAC-0054-1,3,[SINTÉTICO] Nivel 3 del criterio «Organización del trabajo»: descriptor conductual de ejemplo.,15,synthetic,SYN-001514
CRI-0263-L4,CRI-0263,RV-VAC-0054-1,4,[SINTÉTICO] Nivel 4 del criterio «Organización del trabajo»: descriptor conductual de ejemplo.,20,synthetic,SYN-001515
CRI-0264-L1,CRI-0264,RV-VAC-0054-1,1,[SINTÉTICO] Nivel 1 del criterio «Evaluación formativa»: descriptor conductual de ejemplo.,5,synthetic,SYN-001517
CRI-0264-L2,CRI-0264,RV-VAC-0054-1,2,[SINTÉTICO] Nivel 2 del criterio «Evaluación formativa»: descriptor conductual de ejemplo.,10,synthetic,SYN-001518
CRI-0264-L3,CRI-0264,RV-VAC-0054-1,3,[SINTÉTICO] Nivel 3 del criterio «Evaluación formativa»: descriptor conductual de ejemplo.,15,synthetic,SYN-001519
CRI-0264-L4,CRI-0264,RV-VAC-0054-1,4,[SINTÉTICO] Nivel 4 del criterio «Evaluación formativa»: descriptor conductual de ejemplo.,20,synthetic,SYN-001520
CRI-0265-L1,CRI-0265,RV-VAC-0055-1,1,[SINTÉTICO] Nivel 1 del criterio «Trabajo con familias y comunidad»: descriptor conductual de ejemplo.,5,synthetic,SYN-001525
CRI-0265-L2,CRI-0265,RV-VAC-0055-1,2,[SINTÉTICO] Nivel 2 del criterio «Trabajo con familias y comunidad»: descriptor conductual de ejemplo.,10,synthetic,SYN-001526
CRI-0265-L3,CRI-0265,RV-VAC-0055-1,3,[SINTÉTICO] Nivel 3 del criterio «Trabajo con familias y comunidad»: descriptor conductual de ejemplo.,15,synthetic,SYN-001527
CRI-0265-L4,CRI-0265,RV-VAC-0055-1,4,[SINTÉTICO] Nivel 4 del criterio «Trabajo con familias y comunidad»: descriptor conductual de ejemplo.,20,synthetic,SYN-001528
CRI-0266-L1,CRI-0266,RV-VAC-0055-1,1,[SINTÉTICO] Nivel 1 del criterio «Desarrollo profesional»: descriptor conductual de ejemplo.,5,synthetic,SYN-001530
CRI-0266-L2,CRI-0266,RV-VAC-0055-1,2,[SINTÉTICO] Nivel 2 del criterio «Desarrollo profesional»: descriptor conductual de ejemplo.,10,synthetic,SYN-001531
CRI-0266-L3,CRI-0266,RV-VAC-0055-1,3,[SINTÉTICO] Nivel 3 del criterio «Desarrollo profesional»: descriptor conductual de ejemplo.,15,synthetic,SYN-001532
CRI-0266-L4,CRI-0266,RV-VAC-0055-1,4,[SINTÉTICO] Nivel 4 del criterio «Desarrollo profesional»: descriptor conductual de ejemplo.,20,synthetic,SYN-001533
CRI-0267-L1,CRI-0267,RV-VAC-0055-1,1,[SINTÉTICO] Nivel 1 del criterio «Planificación de la enseñanza»: descriptor conductual de ejemplo.,5,synthetic,SYN-001535
CRI-0267-L2,CRI-0267,RV-VAC-0055-1,2,[SINTÉTICO] Nivel 2 del criterio «Planificación de la enseñanza»: descriptor conductual de ejemplo.,10,synthetic,SYN-001536
CRI-0267-L3,CRI-0267,RV-VAC-0055-1,3,[SINTÉTICO] Nivel 3 del criterio «Planificación de la enseñanza»: descriptor conductual de ejemplo.,15,synthetic,SYN-001537
CRI-0267-L4,CRI-0267,RV-VAC-0055-1,4,[SINTÉTICO] Nivel 4 del criterio «Planificación de la enseñanza»: descriptor conductual de ejemplo.,20,synthetic,SYN-001538
CRI-0268-L1,CRI-0268,RV-VAC-0055-1,1,[SINTÉTICO] Nivel 1 del criterio «Conducción del aprendizaje»: descriptor conductual de ejemplo.,5,synthetic,SYN-001540
CRI-0268-L2,CRI-0268,RV-VAC-0055-1,2,[SINTÉTICO] Nivel 2 del criterio «Conducción del aprendizaje»: descriptor conductual de ejemplo.,10,synthetic,SYN-001541
CRI-0268-L3,CRI-0268,RV-VAC-0055-1,3,[SINTÉTICO] Nivel 3 del criterio «Conducción del aprendizaje»: descriptor conductual de ejemplo.,15,synthetic,SYN-001542
CRI-0268-L4,CRI-0268,RV-VAC-0055-1,4,[SINTÉTICO] Nivel 4 del criterio «Conducción del aprendizaje»: descriptor conductual de ejemplo.,20,synthetic,SYN-001543
CRI-0269-L1,CRI-0269,RV-VAC-0055-1,1,[SINTÉTICO] Nivel 1 del criterio «Organización del trabajo»: descriptor conductual de ejemplo.,5,synthetic,SYN-001545
CRI-0269-L2,CRI-0269,RV-VAC-0055-1,2,[SINTÉTICO] Nivel 2 del criterio «Organización del trabajo»: descriptor conductual de ejemplo.,10,synthetic,SYN-001546
CRI-0269-L3,CRI-0269,RV-VAC-0055-1,3,[SINTÉTICO] Nivel 3 del criterio «Organización del trabajo»: descriptor conductual de ejemplo.,15,synthetic,SYN-001547
CRI-0269-L4,CRI-0269,RV-VAC-0055-1,4,[SINTÉTICO] Nivel 4 del criterio «Organización del trabajo»: descriptor conductual de ejemplo.,20,synthetic,SYN-001548
CRI-0270-L1,CRI-0270,RV-VAC-0056-1,1,[SINTÉTICO] Nivel 1 del criterio «Trabajo con familias y comunidad»: descriptor conductual de ejemplo.,5,synthetic,SYN-001552
CRI-0270-L2,CRI-0270,RV-VAC-0056-1,2,[SINTÉTICO] Nivel 2 del criterio «Trabajo con familias y comunidad»: descriptor conductual de ejemplo.,10,synthetic,SYN-001553
CRI-0270-L3,CRI-0270,RV-VAC-0056-1,3,[SINTÉTICO] Nivel 3 del criterio «Trabajo con familias y comunidad»: descriptor conductual de ejemplo.,15,synthetic,SYN-001554
CRI-0270-L4,CRI-0270,RV-VAC-0056-1,4,[SINTÉTICO] Nivel 4 del criterio «Trabajo con familias y comunidad»: descriptor conductual de ejemplo.,20,synthetic,SYN-001555
CRI-0271-L1,CRI-0271,RV-VAC-0056-1,1,[SINTÉTICO] Nivel 1 del criterio «Organización del trabajo»: descriptor conductual de ejemplo.,5,synthetic,SYN-001557
CRI-0271-L2,CRI-0271,RV-VAC-0056-1,2,[SINTÉTICO] Nivel 2 del criterio «Organización del trabajo»: descriptor conductual de ejemplo.,10,synthetic,SYN-001558
CRI-0271-L3,CRI-0271,RV-VAC-0056-1,3,[SINTÉTICO] Nivel 3 del criterio «Organización del trabajo»: descriptor conductual de ejemplo.,15,synthetic,SYN-001559
CRI-0271-L4,CRI-0271,RV-VAC-0056-1,4,[SINTÉTICO] Nivel 4 del criterio «Organización del trabajo»: descriptor conductual de ejemplo.,20,synthetic,SYN-001560
CRI-0272-L1,CRI-0272,RV-VAC-0056-1,1,[SINTÉTICO] Nivel 1 del criterio «Desarrollo profesional»: descriptor conductual de ejemplo.,5,synthetic,SYN-001562
CRI-0272-L2,CRI-0272,RV-VAC-0056-1,2,[SINTÉTICO] Nivel 2 del criterio «Desarrollo profesional»: descriptor conductual de ejemplo.,10,synthetic,SYN-001563
CRI-0272-L3,CRI-0272,RV-VAC-0056-1,3,[SINTÉTICO] Nivel 3 del criterio «Desarrollo profesional»: descriptor conductual de ejemplo.,15,synthetic,SYN-001564
CRI-0272-L4,CRI-0272,RV-VAC-0056-1,4,[SINTÉTICO] Nivel 4 del criterio «Desarrollo profesional»: descriptor conductual de ejemplo.,20,synthetic,SYN-001565
CRI-0273-L1,CRI-0273,RV-VAC-0056-1,1,[SINTÉTICO] Nivel 1 del criterio «Planificación de la enseñanza»: descriptor conductual de ejemplo.,5,synthetic,SYN-001567
CRI-0273-L2,CRI-0273,RV-VAC-0056-1,2,[SINTÉTICO] Nivel 2 del criterio «Planificación de la enseñanza»: descriptor conductual de ejemplo.,10,synthetic,SYN-001568
CRI-0273-L3,CRI-0273,RV-VAC-0056-1,3,[SINTÉTICO] Nivel 3 del criterio «Planificación de la enseñanza»: descriptor conductual de ejemplo.,15,synthetic,SYN-001569
CRI-0273-L4,CRI-0273,RV-VAC-0056-1,4,[SINTÉTICO] Nivel 4 del criterio «Planificación de la enseñanza»: descriptor conductual de ejemplo.,20,synthetic,SYN-001570
CRI-0274-L1,CRI-0274,RV-VAC-0056-1,1,[SINTÉTICO] Nivel 1 del criterio «Conducción del aprendizaje»: descriptor conductual de ejemplo.,5,synthetic,SYN-001572
CRI-0274-L2,CRI-0274,RV-VAC-0056-1,2,[SINTÉTICO] Nivel 2 del criterio «Conducción del aprendizaje»: descriptor conductual de ejemplo.,10,synthetic,SYN-001573
CRI-0274-L3,CRI-0274,RV-VAC-0056-1,3,[SINTÉTICO] Nivel 3 del criterio «Conducción del aprendizaje»: descriptor conductual de ejemplo.,15,synthetic,SYN-001574
CRI-0274-L4,CRI-0274,RV-VAC-0056-1,4,[SINTÉTICO] Nivel 4 del criterio «Conducción del aprendizaje»: descriptor conductual de ejemplo.,20,synthetic,SYN-001575
CRI-0275-L1,CRI-0275,RV-VAC-0056-1,1,[SINTÉTICO] Nivel 1 del criterio «Evaluación formativa»: descriptor conductual de ejemplo.,5,synthetic,SYN-001577
CRI-0275-L2,CRI-0275,RV-VAC-0056-1,2,[SINTÉTICO] Nivel 2 del criterio «Evaluación formativa»: descriptor conductual de ejemplo.,10,synthetic,SYN-001578
CRI-0275-L3,CRI-0275,RV-VAC-0056-1,3,[SINTÉTICO] Nivel 3 del criterio «Evaluación formativa»: descriptor conductual de ejemplo.,15,synthetic,SYN-001579
CRI-0275-L4,CRI-0275,RV-VAC-0056-1,4,[SINTÉTICO] Nivel 4 del criterio «Evaluación formativa»: descriptor conductual de ejemplo.,20,synthetic,SYN-001580
CRI-0276-L1,CRI-0276,RV-VAC-0057-1,1,[SINTÉTICO] Nivel 1 del criterio «Organización del trabajo»: descriptor conductual de ejemplo.,5,synthetic,SYN-001585
CRI-0276-L2,CRI-0276,RV-VAC-0057-1,2,[SINTÉTICO] Nivel 2 del criterio «Organización del trabajo»: descriptor conductual de ejemplo.,10,synthetic,SYN-001586
CRI-0276-L3,CRI-0276,RV-VAC-0057-1,3,[SINTÉTICO] Nivel 3 del criterio «Organización del trabajo»: descriptor conductual de ejemplo.,15,synthetic,SYN-001587
CRI-0276-L4,CRI-0276,RV-VAC-0057-1,4,[SINTÉTICO] Nivel 4 del criterio «Organización del trabajo»: descriptor conductual de ejemplo.,20,synthetic,SYN-001588
CRI-0277-L1,CRI-0277,RV-VAC-0057-1,1,[SINTÉTICO] Nivel 1 del criterio «Desarrollo profesional»: descriptor conductual de ejemplo.,5,synthetic,SYN-001590
CRI-0277-L2,CRI-0277,RV-VAC-0057-1,2,[SINTÉTICO] Nivel 2 del criterio «Desarrollo profesional»: descriptor conductual de ejemplo.,10,synthetic,SYN-001591
CRI-0277-L3,CRI-0277,RV-VAC-0057-1,3,[SINTÉTICO] Nivel 3 del criterio «Desarrollo profesional»: descriptor conductual de ejemplo.,15,synthetic,SYN-001592
CRI-0277-L4,CRI-0277,RV-VAC-0057-1,4,[SINTÉTICO] Nivel 4 del criterio «Desarrollo profesional»: descriptor conductual de ejemplo.,20,synthetic,SYN-001593
CRI-0278-L1,CRI-0278,RV-VAC-0057-1,1,[SINTÉTICO] Nivel 1 del criterio «Gestión administrativa»: descriptor conductual de ejemplo.,5,synthetic,SYN-001595
CRI-0278-L2,CRI-0278,RV-VAC-0057-1,2,[SINTÉTICO] Nivel 2 del criterio «Gestión administrativa»: descriptor conductual de ejemplo.,10,synthetic,SYN-001596
CRI-0278-L3,CRI-0278,RV-VAC-0057-1,3,[SINTÉTICO] Nivel 3 del criterio «Gestión administrativa»: descriptor conductual de ejemplo.,15,synthetic,SYN-001597
CRI-0278-L4,CRI-0278,RV-VAC-0057-1,4,[SINTÉTICO] Nivel 4 del criterio «Gestión administrativa»: descriptor conductual de ejemplo.,20,synthetic,SYN-001598
CRI-0279-L1,CRI-0279,RV-VAC-0057-1,1,[SINTÉTICO] Nivel 1 del criterio «Atención al usuario»: descriptor conductual de ejemplo.,5,synthetic,SYN-001600
CRI-0279-L2,CRI-0279,RV-VAC-0057-1,2,[SINTÉTICO] Nivel 2 del criterio «Atención al usuario»: descriptor conductual de ejemplo.,10,synthetic,SYN-001601
CRI-0279-L3,CRI-0279,RV-VAC-0057-1,3,[SINTÉTICO] Nivel 3 del criterio «Atención al usuario»: descriptor conductual de ejemplo.,15,synthetic,SYN-001602
CRI-0279-L4,CRI-0279,RV-VAC-0057-1,4,[SINTÉTICO] Nivel 4 del criterio «Atención al usuario»: descriptor conductual de ejemplo.,20,synthetic,SYN-001603
CRI-0280-L1,CRI-0280,RV-VAC-0058-1,1,[SINTÉTICO] Nivel 1 del criterio «Atención al usuario»: descriptor conductual de ejemplo.,5,synthetic,SYN-001607
CRI-0280-L2,CRI-0280,RV-VAC-0058-1,2,[SINTÉTICO] Nivel 2 del criterio «Atención al usuario»: descriptor conductual de ejemplo.,10,synthetic,SYN-001608
CRI-0280-L3,CRI-0280,RV-VAC-0058-1,3,[SINTÉTICO] Nivel 3 del criterio «Atención al usuario»: descriptor conductual de ejemplo.,15,synthetic,SYN-001609
CRI-0280-L4,CRI-0280,RV-VAC-0058-1,4,[SINTÉTICO] Nivel 4 del criterio «Atención al usuario»: descriptor conductual de ejemplo.,20,synthetic,SYN-001610
CRI-0281-L1,CRI-0281,RV-VAC-0058-1,1,[SINTÉTICO] Nivel 1 del criterio «Organización del trabajo»: descriptor conductual de ejemplo.,5,synthetic,SYN-001612
CRI-0281-L2,CRI-0281,RV-VAC-0058-1,2,[SINTÉTICO] Nivel 2 del criterio «Organización del trabajo»: descriptor conductual de ejemplo.,10,synthetic,SYN-001613
CRI-0281-L3,CRI-0281,RV-VAC-0058-1,3,[SINTÉTICO] Nivel 3 del criterio «Organización del trabajo»: descriptor conductual de ejemplo.,15,synthetic,SYN-001614
CRI-0281-L4,CRI-0281,RV-VAC-0058-1,4,[SINTÉTICO] Nivel 4 del criterio «Organización del trabajo»: descriptor conductual de ejemplo.,20,synthetic,SYN-001615
CRI-0282-L1,CRI-0282,RV-VAC-0058-1,1,[SINTÉTICO] Nivel 1 del criterio «Gestión administrativa»: descriptor conductual de ejemplo.,5,synthetic,SYN-001617
CRI-0282-L2,CRI-0282,RV-VAC-0058-1,2,[SINTÉTICO] Nivel 2 del criterio «Gestión administrativa»: descriptor conductual de ejemplo.,10,synthetic,SYN-001618
CRI-0282-L3,CRI-0282,RV-VAC-0058-1,3,[SINTÉTICO] Nivel 3 del criterio «Gestión administrativa»: descriptor conductual de ejemplo.,15,synthetic,SYN-001619
CRI-0282-L4,CRI-0282,RV-VAC-0058-1,4,[SINTÉTICO] Nivel 4 del criterio «Gestión administrativa»: descriptor conductual de ejemplo.,20,synthetic,SYN-001620
CRI-0283-L1,CRI-0283,RV-VAC-0058-1,1,[SINTÉTICO] Nivel 1 del criterio «Desarrollo profesional»: descriptor conductual de ejemplo.,5,synthetic,SYN-001622
CRI-0283-L2,CRI-0283,RV-VAC-0058-1,2,[SINTÉTICO] Nivel 2 del criterio «Desarrollo profesional»: descriptor conductual de ejemplo.,10,synthetic,SYN-001623
CRI-0283-L3,CRI-0283,RV-VAC-0058-1,3,[SINTÉTICO] Nivel 3 del criterio «Desarrollo profesional»: descriptor conductual de ejemplo.,15,synthetic,SYN-001624
CRI-0283-L4,CRI-0283,RV-VAC-0058-1,4,[SINTÉTICO] Nivel 4 del criterio «Desarrollo profesional»: descriptor conductual de ejemplo.,20,synthetic,SYN-001625
CRI-0284-L1,CRI-0284,RV-VAC-0059-1,1,[SINTÉTICO] Nivel 1 del criterio «Desarrollo profesional»: descriptor conductual de ejemplo.,5,synthetic,SYN-001630
CRI-0284-L2,CRI-0284,RV-VAC-0059-1,2,[SINTÉTICO] Nivel 2 del criterio «Desarrollo profesional»: descriptor conductual de ejemplo.,10,synthetic,SYN-001631
CRI-0284-L3,CRI-0284,RV-VAC-0059-1,3,[SINTÉTICO] Nivel 3 del criterio «Desarrollo profesional»: descriptor conductual de ejemplo.,15,synthetic,SYN-001632
CRI-0284-L4,CRI-0284,RV-VAC-0059-1,4,[SINTÉTICO] Nivel 4 del criterio «Desarrollo profesional»: descriptor conductual de ejemplo.,20,synthetic,SYN-001633
CRI-0285-L1,CRI-0285,RV-VAC-0059-1,1,[SINTÉTICO] Nivel 1 del criterio «Organización del trabajo»: descriptor conductual de ejemplo.,5,synthetic,SYN-001635
CRI-0285-L2,CRI-0285,RV-VAC-0059-1,2,[SINTÉTICO] Nivel 2 del criterio «Organización del trabajo»: descriptor conductual de ejemplo.,10,synthetic,SYN-001636
CRI-0285-L3,CRI-0285,RV-VAC-0059-1,3,[SINTÉTICO] Nivel 3 del criterio «Organización del trabajo»: descriptor conductual de ejemplo.,15,synthetic,SYN-001637
CRI-0285-L4,CRI-0285,RV-VAC-0059-1,4,[SINTÉTICO] Nivel 4 del criterio «Organización del trabajo»: descriptor conductual de ejemplo.,20,synthetic,SYN-001638
CRI-0286-L1,CRI-0286,RV-VAC-0059-1,1,[SINTÉTICO] Nivel 1 del criterio «Trabajo con familias y comunidad»: descriptor conductual de ejemplo.,5,synthetic,SYN-001640
CRI-0286-L2,CRI-0286,RV-VAC-0059-1,2,[SINTÉTICO] Nivel 2 del criterio «Trabajo con familias y comunidad»: descriptor conductual de ejemplo.,10,synthetic,SYN-001641
CRI-0286-L3,CRI-0286,RV-VAC-0059-1,3,[SINTÉTICO] Nivel 3 del criterio «Trabajo con familias y comunidad»: descriptor conductual de ejemplo.,15,synthetic,SYN-001642
CRI-0286-L4,CRI-0286,RV-VAC-0059-1,4,[SINTÉTICO] Nivel 4 del criterio «Trabajo con familias y comunidad»: descriptor conductual de ejemplo.,20,synthetic,SYN-001643
CRI-0287-L1,CRI-0287,RV-VAC-0059-1,1,[SINTÉTICO] Nivel 1 del criterio «Conducción del aprendizaje»: descriptor conductual de ejemplo.,5,synthetic,SYN-001645
CRI-0287-L2,CRI-0287,RV-VAC-0059-1,2,[SINTÉTICO] Nivel 2 del criterio «Conducción del aprendizaje»: descriptor conductual de ejemplo.,10,synthetic,SYN-001646
CRI-0287-L3,CRI-0287,RV-VAC-0059-1,3,[SINTÉTICO] Nivel 3 del criterio «Conducción del aprendizaje»: descriptor conductual de ejemplo.,15,synthetic,SYN-001647
CRI-0287-L4,CRI-0287,RV-VAC-0059-1,4,[SINTÉTICO] Nivel 4 del criterio «Conducción del aprendizaje»: descriptor conductual de ejemplo.,20,synthetic,SYN-001648
CRI-0288-L1,CRI-0288,RV-VAC-0059-1,1,[SINTÉTICO] Nivel 1 del criterio «Evaluación formativa»: descriptor conductual de ejemplo.,5,synthetic,SYN-001650
CRI-0288-L2,CRI-0288,RV-VAC-0059-1,2,[SINTÉTICO] Nivel 2 del criterio «Evaluación formativa»: descriptor conductual de ejemplo.,10,synthetic,SYN-001651
CRI-0288-L3,CRI-0288,RV-VAC-0059-1,3,[SINTÉTICO] Nivel 3 del criterio «Evaluación formativa»: descriptor conductual de ejemplo.,15,synthetic,SYN-001652
CRI-0288-L4,CRI-0288,RV-VAC-0059-1,4,[SINTÉTICO] Nivel 4 del criterio «Evaluación formativa»: descriptor conductual de ejemplo.,20,synthetic,SYN-001653
CRI-0289-L1,CRI-0289,RV-VAC-0060-1,1,[SINTÉTICO] Nivel 1 del criterio «Organización del trabajo»: descriptor conductual de ejemplo.,5,synthetic,SYN-001657
CRI-0289-L2,CRI-0289,RV-VAC-0060-1,2,[SINTÉTICO] Nivel 2 del criterio «Organización del trabajo»: descriptor conductual de ejemplo.,10,synthetic,SYN-001658
CRI-0289-L3,CRI-0289,RV-VAC-0060-1,3,[SINTÉTICO] Nivel 3 del criterio «Organización del trabajo»: descriptor conductual de ejemplo.,15,synthetic,SYN-001659
CRI-0289-L4,CRI-0289,RV-VAC-0060-1,4,[SINTÉTICO] Nivel 4 del criterio «Organización del trabajo»: descriptor conductual de ejemplo.,20,synthetic,SYN-001660
CRI-0290-L1,CRI-0290,RV-VAC-0060-1,1,[SINTÉTICO] Nivel 1 del criterio «Gestión administrativa»: descriptor conductual de ejemplo.,5,synthetic,SYN-001662
CRI-0290-L2,CRI-0290,RV-VAC-0060-1,2,[SINTÉTICO] Nivel 2 del criterio «Gestión administrativa»: descriptor conductual de ejemplo.,10,synthetic,SYN-001663
CRI-0290-L3,CRI-0290,RV-VAC-0060-1,3,[SINTÉTICO] Nivel 3 del criterio «Gestión administrativa»: descriptor conductual de ejemplo.,15,synthetic,SYN-001664
CRI-0290-L4,CRI-0290,RV-VAC-0060-1,4,[SINTÉTICO] Nivel 4 del criterio «Gestión administrativa»: descriptor conductual de ejemplo.,20,synthetic,SYN-001665
CRI-0291-L1,CRI-0291,RV-VAC-0060-1,1,[SINTÉTICO] Nivel 1 del criterio «Atención al usuario»: descriptor conductual de ejemplo.,5,synthetic,SYN-001667
CRI-0291-L2,CRI-0291,RV-VAC-0060-1,2,[SINTÉTICO] Nivel 2 del criterio «Atención al usuario»: descriptor conductual de ejemplo.,10,synthetic,SYN-001668
CRI-0291-L3,CRI-0291,RV-VAC-0060-1,3,[SINTÉTICO] Nivel 3 del criterio «Atención al usuario»: descriptor conductual de ejemplo.,15,synthetic,SYN-001669
CRI-0291-L4,CRI-0291,RV-VAC-0060-1,4,[SINTÉTICO] Nivel 4 del criterio «Atención al usuario»: descriptor conductual de ejemplo.,20,synthetic,SYN-001670
CRI-0292-L1,CRI-0292,RV-VAC-0060-1,1,[SINTÉTICO] Nivel 1 del criterio «Desarrollo profesional»: descriptor conductual de ejemplo.,5,synthetic,SYN-001672
CRI-0292-L2,CRI-0292,RV-VAC-0060-1,2,[SINTÉTICO] Nivel 2 del criterio «Desarrollo profesional»: descriptor conductual de ejemplo.,10,synthetic,SYN-001673
CRI-0292-L3,CRI-0292,RV-VAC-0060-1,3,[SINTÉTICO] Nivel 3 del criterio «Desarrollo profesional»: descriptor conductual de ejemplo.,15,synthetic,SYN-001674
CRI-0292-L4,CRI-0292,RV-VAC-0060-1,4,[SINTÉTICO] Nivel 4 del criterio «Desarrollo profesional»: descriptor conductual de ejemplo.,20,synthetic,SYN-001675
CRI-0293-L1,CRI-0293,RV-VAC-0061-1,1,[SINTÉTICO] Nivel 1 del criterio «Evaluación formativa»: descriptor conductual de ejemplo.,5,synthetic,SYN-001679
CRI-0293-L2,CRI-0293,RV-VAC-0061-1,2,[SINTÉTICO] Nivel 2 del criterio «Evaluación formativa»: descriptor conductual de ejemplo.,10,synthetic,SYN-001680
CRI-0293-L3,CRI-0293,RV-VAC-0061-1,3,[SINTÉTICO] Nivel 3 del criterio «Evaluación formativa»: descriptor conductual de ejemplo.,15,synthetic,SYN-001681
CRI-0293-L4,CRI-0293,RV-VAC-0061-1,4,[SINTÉTICO] Nivel 4 del criterio «Evaluación formativa»: descriptor conductual de ejemplo.,20,synthetic,SYN-001682
CRI-0294-L1,CRI-0294,RV-VAC-0061-1,1,[SINTÉTICO] Nivel 1 del criterio «Planificación de la enseñanza»: descriptor conductual de ejemplo.,5,synthetic,SYN-001684
CRI-0294-L2,CRI-0294,RV-VAC-0061-1,2,[SINTÉTICO] Nivel 2 del criterio «Planificación de la enseñanza»: descriptor conductual de ejemplo.,10,synthetic,SYN-001685
CRI-0294-L3,CRI-0294,RV-VAC-0061-1,3,[SINTÉTICO] Nivel 3 del criterio «Planificación de la enseñanza»: descriptor conductual de ejemplo.,15,synthetic,SYN-001686
CRI-0294-L4,CRI-0294,RV-VAC-0061-1,4,[SINTÉTICO] Nivel 4 del criterio «Planificación de la enseñanza»: descriptor conductual de ejemplo.,20,synthetic,SYN-001687
CRI-0295-L1,CRI-0295,RV-VAC-0061-1,1,[SINTÉTICO] Nivel 1 del criterio «Trabajo con familias y comunidad»: descriptor conductual de ejemplo.,5,synthetic,SYN-001689
CRI-0295-L2,CRI-0295,RV-VAC-0061-1,2,[SINTÉTICO] Nivel 2 del criterio «Trabajo con familias y comunidad»: descriptor conductual de ejemplo.,10,synthetic,SYN-001690
CRI-0295-L3,CRI-0295,RV-VAC-0061-1,3,[SINTÉTICO] Nivel 3 del criterio «Trabajo con familias y comunidad»: descriptor conductual de ejemplo.,15,synthetic,SYN-001691
CRI-0295-L4,CRI-0295,RV-VAC-0061-1,4,[SINTÉTICO] Nivel 4 del criterio «Trabajo con familias y comunidad»: descriptor conductual de ejemplo.,20,synthetic,SYN-001692
CRI-0296-L1,CRI-0296,RV-VAC-0061-1,1,[SINTÉTICO] Nivel 1 del criterio «Organización del trabajo»: descriptor conductual de ejemplo.,5,synthetic,SYN-001694
CRI-0296-L2,CRI-0296,RV-VAC-0061-1,2,[SINTÉTICO] Nivel 2 del criterio «Organización del trabajo»: descriptor conductual de ejemplo.,10,synthetic,SYN-001695
CRI-0296-L3,CRI-0296,RV-VAC-0061-1,3,[SINTÉTICO] Nivel 3 del criterio «Organización del trabajo»: descriptor conductual de ejemplo.,15,synthetic,SYN-001696
CRI-0296-L4,CRI-0296,RV-VAC-0061-1,4,[SINTÉTICO] Nivel 4 del criterio «Organización del trabajo»: descriptor conductual de ejemplo.,20,synthetic,SYN-001697
CRI-0297-L1,CRI-0297,RV-VAC-0061-1,1,[SINTÉTICO] Nivel 1 del criterio «Conducción del aprendizaje»: descriptor conductual de ejemplo.,5,synthetic,SYN-001699
CRI-0297-L2,CRI-0297,RV-VAC-0061-1,2,[SINTÉTICO] Nivel 2 del criterio «Conducción del aprendizaje»: descriptor conductual de ejemplo.,10,synthetic,SYN-001700
CRI-0297-L3,CRI-0297,RV-VAC-0061-1,3,[SINTÉTICO] Nivel 3 del criterio «Conducción del aprendizaje»: descriptor conductual de ejemplo.,15,synthetic,SYN-001701
CRI-0297-L4,CRI-0297,RV-VAC-0061-1,4,[SINTÉTICO] Nivel 4 del criterio «Conducción del aprendizaje»: descriptor conductual de ejemplo.,20,synthetic,SYN-001702
CRI-0298-L1,CRI-0298,RV-VAC-0061-1,1,[SINTÉTICO] Nivel 1 del criterio «Desarrollo profesional»: descriptor conductual de ejemplo.,5,synthetic,SYN-001704
CRI-0298-L2,CRI-0298,RV-VAC-0061-1,2,[SINTÉTICO] Nivel 2 del criterio «Desarrollo profesional»: descriptor conductual de ejemplo.,10,synthetic,SYN-001705
CRI-0298-L3,CRI-0298,RV-VAC-0061-1,3,[SINTÉTICO] Nivel 3 del criterio «Desarrollo profesional»: descriptor conductual de ejemplo.,15,synthetic,SYN-001706
CRI-0298-L4,CRI-0298,RV-VAC-0061-1,4,[SINTÉTICO] Nivel 4 del criterio «Desarrollo profesional»: descriptor conductual de ejemplo.,20,synthetic,SYN-001707
CRI-0299-L1,CRI-0299,RV-VAC-0062-1,1,[SINTÉTICO] Nivel 1 del criterio «Gestión administrativa»: descriptor conductual de ejemplo.,5,synthetic,SYN-001711
CRI-0299-L2,CRI-0299,RV-VAC-0062-1,2,[SINTÉTICO] Nivel 2 del criterio «Gestión administrativa»: descriptor conductual de ejemplo.,10,synthetic,SYN-001712
CRI-0299-L3,CRI-0299,RV-VAC-0062-1,3,[SINTÉTICO] Nivel 3 del criterio «Gestión administrativa»: descriptor conductual de ejemplo.,15,synthetic,SYN-001713
CRI-0299-L4,CRI-0299,RV-VAC-0062-1,4,[SINTÉTICO] Nivel 4 del criterio «Gestión administrativa»: descriptor conductual de ejemplo.,20,synthetic,SYN-001714
CRI-0300-L1,CRI-0300,RV-VAC-0062-1,1,[SINTÉTICO] Nivel 1 del criterio «Atención al usuario»: descriptor conductual de ejemplo.,5,synthetic,SYN-001716
CRI-0300-L2,CRI-0300,RV-VAC-0062-1,2,[SINTÉTICO] Nivel 2 del criterio «Atención al usuario»: descriptor conductual de ejemplo.,10,synthetic,SYN-001717
CRI-0300-L3,CRI-0300,RV-VAC-0062-1,3,[SINTÉTICO] Nivel 3 del criterio «Atención al usuario»: descriptor conductual de ejemplo.,15,synthetic,SYN-001718
CRI-0300-L4,CRI-0300,RV-VAC-0062-1,4,[SINTÉTICO] Nivel 4 del criterio «Atención al usuario»: descriptor conductual de ejemplo.,20,synthetic,SYN-001719
CRI-0301-L1,CRI-0301,RV-VAC-0062-1,1,[SINTÉTICO] Nivel 1 del criterio «Desarrollo profesional»: descriptor conductual de ejemplo.,5,synthetic,SYN-001721
CRI-0301-L2,CRI-0301,RV-VAC-0062-1,2,[SINTÉTICO] Nivel 2 del criterio «Desarrollo profesional»: descriptor conductual de ejemplo.,10,synthetic,SYN-001722
CRI-0301-L3,CRI-0301,RV-VAC-0062-1,3,[SINTÉTICO] Nivel 3 del criterio «Desarrollo profesional»: descriptor conductual de ejemplo.,15,synthetic,SYN-001723
CRI-0301-L4,CRI-0301,RV-VAC-0062-1,4,[SINTÉTICO] Nivel 4 del criterio «Desarrollo profesional»: descriptor conductual de ejemplo.,20,synthetic,SYN-001724
CRI-0302-L1,CRI-0302,RV-VAC-0062-1,1,[SINTÉTICO] Nivel 1 del criterio «Organización del trabajo»: descriptor conductual de ejemplo.,5,synthetic,SYN-001726
CRI-0302-L2,CRI-0302,RV-VAC-0062-1,2,[SINTÉTICO] Nivel 2 del criterio «Organización del trabajo»: descriptor conductual de ejemplo.,10,synthetic,SYN-001727
CRI-0302-L3,CRI-0302,RV-VAC-0062-1,3,[SINTÉTICO] Nivel 3 del criterio «Organización del trabajo»: descriptor conductual de ejemplo.,15,synthetic,SYN-001728
CRI-0302-L4,CRI-0302,RV-VAC-0062-1,4,[SINTÉTICO] Nivel 4 del criterio «Organización del trabajo»: descriptor conductual de ejemplo.,20,synthetic,SYN-001729
CRI-0303-L1,CRI-0303,RV-VAC-0063-1,1,[SINTÉTICO] Nivel 1 del criterio «Desarrollo profesional»: descriptor conductual de ejemplo.,5,synthetic,SYN-001735
CRI-0303-L2,CRI-0303,RV-VAC-0063-1,2,[SINTÉTICO] Nivel 2 del criterio «Desarrollo profesional»: descriptor conductual de ejemplo.,10,synthetic,SYN-001736
CRI-0303-L3,CRI-0303,RV-VAC-0063-1,3,[SINTÉTICO] Nivel 3 del criterio «Desarrollo profesional»: descriptor conductual de ejemplo.,15,synthetic,SYN-001737
CRI-0303-L4,CRI-0303,RV-VAC-0063-1,4,[SINTÉTICO] Nivel 4 del criterio «Desarrollo profesional»: descriptor conductual de ejemplo.,20,synthetic,SYN-001738
CRI-0304-L1,CRI-0304,RV-VAC-0063-1,1,[SINTÉTICO] Nivel 1 del criterio «Planificación de la enseñanza»: descriptor conductual de ejemplo.,5,synthetic,SYN-001740
CRI-0304-L2,CRI-0304,RV-VAC-0063-1,2,[SINTÉTICO] Nivel 2 del criterio «Planificación de la enseñanza»: descriptor conductual de ejemplo.,10,synthetic,SYN-001741
CRI-0304-L3,CRI-0304,RV-VAC-0063-1,3,[SINTÉTICO] Nivel 3 del criterio «Planificación de la enseñanza»: descriptor conductual de ejemplo.,15,synthetic,SYN-001742
CRI-0304-L4,CRI-0304,RV-VAC-0063-1,4,[SINTÉTICO] Nivel 4 del criterio «Planificación de la enseñanza»: descriptor conductual de ejemplo.,20,synthetic,SYN-001743
CRI-0305-L1,CRI-0305,RV-VAC-0063-1,1,[SINTÉTICO] Nivel 1 del criterio «Organización del trabajo»: descriptor conductual de ejemplo.,5,synthetic,SYN-001745
CRI-0305-L2,CRI-0305,RV-VAC-0063-1,2,[SINTÉTICO] Nivel 2 del criterio «Organización del trabajo»: descriptor conductual de ejemplo.,10,synthetic,SYN-001746
CRI-0305-L3,CRI-0305,RV-VAC-0063-1,3,[SINTÉTICO] Nivel 3 del criterio «Organización del trabajo»: descriptor conductual de ejemplo.,15,synthetic,SYN-001747
CRI-0305-L4,CRI-0305,RV-VAC-0063-1,4,[SINTÉTICO] Nivel 4 del criterio «Organización del trabajo»: descriptor conductual de ejemplo.,20,synthetic,SYN-001748
CRI-0306-L1,CRI-0306,RV-VAC-0063-1,1,[SINTÉTICO] Nivel 1 del criterio «Conducción del aprendizaje»: descriptor conductual de ejemplo.,5,synthetic,SYN-001750
CRI-0306-L2,CRI-0306,RV-VAC-0063-1,2,[SINTÉTICO] Nivel 2 del criterio «Conducción del aprendizaje»: descriptor conductual de ejemplo.,10,synthetic,SYN-001751
CRI-0306-L3,CRI-0306,RV-VAC-0063-1,3,[SINTÉTICO] Nivel 3 del criterio «Conducción del aprendizaje»: descriptor conductual de ejemplo.,15,synthetic,SYN-001752
CRI-0306-L4,CRI-0306,RV-VAC-0063-1,4,[SINTÉTICO] Nivel 4 del criterio «Conducción del aprendizaje»: descriptor conductual de ejemplo.,20,synthetic,SYN-001753
CRI-0307-L1,CRI-0307,RV-VAC-0063-1,1,[SINTÉTICO] Nivel 1 del criterio «Trabajo con familias y comunidad»: descriptor conductual de ejemplo.,5,synthetic,SYN-001755
CRI-0307-L2,CRI-0307,RV-VAC-0063-1,2,[SINTÉTICO] Nivel 2 del criterio «Trabajo con familias y comunidad»: descriptor conductual de ejemplo.,10,synthetic,SYN-001756
CRI-0307-L3,CRI-0307,RV-VAC-0063-1,3,[SINTÉTICO] Nivel 3 del criterio «Trabajo con familias y comunidad»: descriptor conductual de ejemplo.,15,synthetic,SYN-001757
CRI-0307-L4,CRI-0307,RV-VAC-0063-1,4,[SINTÉTICO] Nivel 4 del criterio «Trabajo con familias y comunidad»: descriptor conductual de ejemplo.,20,synthetic,SYN-001758
CRI-0308-L1,CRI-0308,RV-VAC-0064-1,1,[SINTÉTICO] Nivel 1 del criterio «Organización del trabajo»: descriptor conductual de ejemplo.,5,synthetic,SYN-001763
CRI-0308-L2,CRI-0308,RV-VAC-0064-1,2,[SINTÉTICO] Nivel 2 del criterio «Organización del trabajo»: descriptor conductual de ejemplo.,10,synthetic,SYN-001764
CRI-0308-L3,CRI-0308,RV-VAC-0064-1,3,[SINTÉTICO] Nivel 3 del criterio «Organización del trabajo»: descriptor conductual de ejemplo.,15,synthetic,SYN-001765
CRI-0308-L4,CRI-0308,RV-VAC-0064-1,4,[SINTÉTICO] Nivel 4 del criterio «Organización del trabajo»: descriptor conductual de ejemplo.,20,synthetic,SYN-001766
CRI-0309-L1,CRI-0309,RV-VAC-0064-1,1,[SINTÉTICO] Nivel 1 del criterio «Trabajo con familias y comunidad»: descriptor conductual de ejemplo.,5,synthetic,SYN-001768
CRI-0309-L2,CRI-0309,RV-VAC-0064-1,2,[SINTÉTICO] Nivel 2 del criterio «Trabajo con familias y comunidad»: descriptor conductual de ejemplo.,10,synthetic,SYN-001769
CRI-0309-L3,CRI-0309,RV-VAC-0064-1,3,[SINTÉTICO] Nivel 3 del criterio «Trabajo con familias y comunidad»: descriptor conductual de ejemplo.,15,synthetic,SYN-001770
CRI-0309-L4,CRI-0309,RV-VAC-0064-1,4,[SINTÉTICO] Nivel 4 del criterio «Trabajo con familias y comunidad»: descriptor conductual de ejemplo.,20,synthetic,SYN-001771
CRI-0310-L1,CRI-0310,RV-VAC-0064-1,1,[SINTÉTICO] Nivel 1 del criterio «Conducción del aprendizaje»: descriptor conductual de ejemplo.,5,synthetic,SYN-001773
CRI-0310-L2,CRI-0310,RV-VAC-0064-1,2,[SINTÉTICO] Nivel 2 del criterio «Conducción del aprendizaje»: descriptor conductual de ejemplo.,10,synthetic,SYN-001774
CRI-0310-L3,CRI-0310,RV-VAC-0064-1,3,[SINTÉTICO] Nivel 3 del criterio «Conducción del aprendizaje»: descriptor conductual de ejemplo.,15,synthetic,SYN-001775
CRI-0310-L4,CRI-0310,RV-VAC-0064-1,4,[SINTÉTICO] Nivel 4 del criterio «Conducción del aprendizaje»: descriptor conductual de ejemplo.,20,synthetic,SYN-001776
CRI-0311-L1,CRI-0311,RV-VAC-0064-1,1,[SINTÉTICO] Nivel 1 del criterio «Planificación de la enseñanza»: descriptor conductual de ejemplo.,5,synthetic,SYN-001778
CRI-0311-L2,CRI-0311,RV-VAC-0064-1,2,[SINTÉTICO] Nivel 2 del criterio «Planificación de la enseñanza»: descriptor conductual de ejemplo.,10,synthetic,SYN-001779
CRI-0311-L3,CRI-0311,RV-VAC-0064-1,3,[SINTÉTICO] Nivel 3 del criterio «Planificación de la enseñanza»: descriptor conductual de ejemplo.,15,synthetic,SYN-001780
CRI-0311-L4,CRI-0311,RV-VAC-0064-1,4,[SINTÉTICO] Nivel 4 del criterio «Planificación de la enseñanza»: descriptor conductual de ejemplo.,20,synthetic,SYN-001781
CRI-0312-L1,CRI-0312,RV-VAC-0065-1,1,[SINTÉTICO] Nivel 1 del criterio «Atención al usuario»: descriptor conductual de ejemplo.,5,synthetic,SYN-001785
CRI-0312-L2,CRI-0312,RV-VAC-0065-1,2,[SINTÉTICO] Nivel 2 del criterio «Atención al usuario»: descriptor conductual de ejemplo.,10,synthetic,SYN-001786
CRI-0312-L3,CRI-0312,RV-VAC-0065-1,3,[SINTÉTICO] Nivel 3 del criterio «Atención al usuario»: descriptor conductual de ejemplo.,15,synthetic,SYN-001787
CRI-0312-L4,CRI-0312,RV-VAC-0065-1,4,[SINTÉTICO] Nivel 4 del criterio «Atención al usuario»: descriptor conductual de ejemplo.,20,synthetic,SYN-001788
CRI-0313-L1,CRI-0313,RV-VAC-0065-1,1,[SINTÉTICO] Nivel 1 del criterio «Gestión administrativa»: descriptor conductual de ejemplo.,5,synthetic,SYN-001790
CRI-0313-L2,CRI-0313,RV-VAC-0065-1,2,[SINTÉTICO] Nivel 2 del criterio «Gestión administrativa»: descriptor conductual de ejemplo.,10,synthetic,SYN-001791
CRI-0313-L3,CRI-0313,RV-VAC-0065-1,3,[SINTÉTICO] Nivel 3 del criterio «Gestión administrativa»: descriptor conductual de ejemplo.,15,synthetic,SYN-001792
CRI-0313-L4,CRI-0313,RV-VAC-0065-1,4,[SINTÉTICO] Nivel 4 del criterio «Gestión administrativa»: descriptor conductual de ejemplo.,20,synthetic,SYN-001793
CRI-0314-L1,CRI-0314,RV-VAC-0065-1,1,[SINTÉTICO] Nivel 1 del criterio «Desarrollo profesional»: descriptor conductual de ejemplo.,5,synthetic,SYN-001795
CRI-0314-L2,CRI-0314,RV-VAC-0065-1,2,[SINTÉTICO] Nivel 2 del criterio «Desarrollo profesional»: descriptor conductual de ejemplo.,10,synthetic,SYN-001796
CRI-0314-L3,CRI-0314,RV-VAC-0065-1,3,[SINTÉTICO] Nivel 3 del criterio «Desarrollo profesional»: descriptor conductual de ejemplo.,15,synthetic,SYN-001797
CRI-0314-L4,CRI-0314,RV-VAC-0065-1,4,[SINTÉTICO] Nivel 4 del criterio «Desarrollo profesional»: descriptor conductual de ejemplo.,20,synthetic,SYN-001798
CRI-0315-L1,CRI-0315,RV-VAC-0065-1,1,[SINTÉTICO] Nivel 1 del criterio «Organización del trabajo»: descriptor conductual de ejemplo.,5,synthetic,SYN-001800
CRI-0315-L2,CRI-0315,RV-VAC-0065-1,2,[SINTÉTICO] Nivel 2 del criterio «Organización del trabajo»: descriptor conductual de ejemplo.,10,synthetic,SYN-001801
CRI-0315-L3,CRI-0315,RV-VAC-0065-1,3,[SINTÉTICO] Nivel 3 del criterio «Organización del trabajo»: descriptor conductual de ejemplo.,15,synthetic,SYN-001802
CRI-0315-L4,CRI-0315,RV-VAC-0065-1,4,[SINTÉTICO] Nivel 4 del criterio «Organización del trabajo»: descriptor conductual de ejemplo.,20,synthetic,SYN-001803
CRI-0316-L1,CRI-0316,RV-VAC-0066-1,1,[SINTÉTICO] Nivel 1 del criterio «Organización del trabajo»: descriptor conductual de ejemplo.,5,synthetic,SYN-001809
CRI-0316-L2,CRI-0316,RV-VAC-0066-1,2,[SINTÉTICO] Nivel 2 del criterio «Organización del trabajo»: descriptor conductual de ejemplo.,10,synthetic,SYN-001810
CRI-0316-L3,CRI-0316,RV-VAC-0066-1,3,[SINTÉTICO] Nivel 3 del criterio «Organización del trabajo»: descriptor conductual de ejemplo.,15,synthetic,SYN-001811
CRI-0316-L4,CRI-0316,RV-VAC-0066-1,4,[SINTÉTICO] Nivel 4 del criterio «Organización del trabajo»: descriptor conductual de ejemplo.,20,synthetic,SYN-001812
CRI-0317-L1,CRI-0317,RV-VAC-0066-1,1,[SINTÉTICO] Nivel 1 del criterio «Desarrollo profesional»: descriptor conductual de ejemplo.,5,synthetic,SYN-001814
CRI-0317-L2,CRI-0317,RV-VAC-0066-1,2,[SINTÉTICO] Nivel 2 del criterio «Desarrollo profesional»: descriptor conductual de ejemplo.,10,synthetic,SYN-001815
CRI-0317-L3,CRI-0317,RV-VAC-0066-1,3,[SINTÉTICO] Nivel 3 del criterio «Desarrollo profesional»: descriptor conductual de ejemplo.,15,synthetic,SYN-001816
CRI-0317-L4,CRI-0317,RV-VAC-0066-1,4,[SINTÉTICO] Nivel 4 del criterio «Desarrollo profesional»: descriptor conductual de ejemplo.,20,synthetic,SYN-001817
CRI-0318-L1,CRI-0318,RV-VAC-0066-1,1,[SINTÉTICO] Nivel 1 del criterio «Atención al usuario»: descriptor conductual de ejemplo.,5,synthetic,SYN-001819
CRI-0318-L2,CRI-0318,RV-VAC-0066-1,2,[SINTÉTICO] Nivel 2 del criterio «Atención al usuario»: descriptor conductual de ejemplo.,10,synthetic,SYN-001820
CRI-0318-L3,CRI-0318,RV-VAC-0066-1,3,[SINTÉTICO] Nivel 3 del criterio «Atención al usuario»: descriptor conductual de ejemplo.,15,synthetic,SYN-001821
CRI-0318-L4,CRI-0318,RV-VAC-0066-1,4,[SINTÉTICO] Nivel 4 del criterio «Atención al usuario»: descriptor conductual de ejemplo.,20,synthetic,SYN-001822
CRI-0319-L1,CRI-0319,RV-VAC-0066-1,1,[SINTÉTICO] Nivel 1 del criterio «Gestión administrativa»: descriptor conductual de ejemplo.,5,synthetic,SYN-001824
CRI-0319-L2,CRI-0319,RV-VAC-0066-1,2,[SINTÉTICO] Nivel 2 del criterio «Gestión administrativa»: descriptor conductual de ejemplo.,10,synthetic,SYN-001825
CRI-0319-L3,CRI-0319,RV-VAC-0066-1,3,[SINTÉTICO] Nivel 3 del criterio «Gestión administrativa»: descriptor conductual de ejemplo.,15,synthetic,SYN-001826
CRI-0319-L4,CRI-0319,RV-VAC-0066-1,4,[SINTÉTICO] Nivel 4 del criterio «Gestión administrativa»: descriptor conductual de ejemplo.,20,synthetic,SYN-001827
CRI-0320-L1,CRI-0320,RV-VAC-0067-1,1,[SINTÉTICO] Nivel 1 del criterio «Planificación de la enseñanza»: descriptor conductual de ejemplo.,5,synthetic,SYN-001831
CRI-0320-L2,CRI-0320,RV-VAC-0067-1,2,[SINTÉTICO] Nivel 2 del criterio «Planificación de la enseñanza»: descriptor conductual de ejemplo.,10,synthetic,SYN-001832
CRI-0320-L3,CRI-0320,RV-VAC-0067-1,3,[SINTÉTICO] Nivel 3 del criterio «Planificación de la enseñanza»: descriptor conductual de ejemplo.,15,synthetic,SYN-001833
CRI-0320-L4,CRI-0320,RV-VAC-0067-1,4,[SINTÉTICO] Nivel 4 del criterio «Planificación de la enseñanza»: descriptor conductual de ejemplo.,20,synthetic,SYN-001834
CRI-0321-L1,CRI-0321,RV-VAC-0067-1,1,[SINTÉTICO] Nivel 1 del criterio «Evaluación formativa»: descriptor conductual de ejemplo.,5,synthetic,SYN-001836
CRI-0321-L2,CRI-0321,RV-VAC-0067-1,2,[SINTÉTICO] Nivel 2 del criterio «Evaluación formativa»: descriptor conductual de ejemplo.,10,synthetic,SYN-001837
CRI-0321-L3,CRI-0321,RV-VAC-0067-1,3,[SINTÉTICO] Nivel 3 del criterio «Evaluación formativa»: descriptor conductual de ejemplo.,15,synthetic,SYN-001838
CRI-0321-L4,CRI-0321,RV-VAC-0067-1,4,[SINTÉTICO] Nivel 4 del criterio «Evaluación formativa»: descriptor conductual de ejemplo.,20,synthetic,SYN-001839
CRI-0322-L1,CRI-0322,RV-VAC-0067-1,1,[SINTÉTICO] Nivel 1 del criterio «Trabajo con familias y comunidad»: descriptor conductual de ejemplo.,5,synthetic,SYN-001841
CRI-0322-L2,CRI-0322,RV-VAC-0067-1,2,[SINTÉTICO] Nivel 2 del criterio «Trabajo con familias y comunidad»: descriptor conductual de ejemplo.,10,synthetic,SYN-001842
CRI-0322-L3,CRI-0322,RV-VAC-0067-1,3,[SINTÉTICO] Nivel 3 del criterio «Trabajo con familias y comunidad»: descriptor conductual de ejemplo.,15,synthetic,SYN-001843
CRI-0322-L4,CRI-0322,RV-VAC-0067-1,4,[SINTÉTICO] Nivel 4 del criterio «Trabajo con familias y comunidad»: descriptor conductual de ejemplo.,20,synthetic,SYN-001844
CRI-0323-L1,CRI-0323,RV-VAC-0067-1,1,[SINTÉTICO] Nivel 1 del criterio «Desarrollo profesional»: descriptor conductual de ejemplo.,5,synthetic,SYN-001846
CRI-0323-L2,CRI-0323,RV-VAC-0067-1,2,[SINTÉTICO] Nivel 2 del criterio «Desarrollo profesional»: descriptor conductual de ejemplo.,10,synthetic,SYN-001847
CRI-0323-L3,CRI-0323,RV-VAC-0067-1,3,[SINTÉTICO] Nivel 3 del criterio «Desarrollo profesional»: descriptor conductual de ejemplo.,15,synthetic,SYN-001848
CRI-0323-L4,CRI-0323,RV-VAC-0067-1,4,[SINTÉTICO] Nivel 4 del criterio «Desarrollo profesional»: descriptor conductual de ejemplo.,20,synthetic,SYN-001849
CRI-0324-L1,CRI-0324,RV-VAC-0068-1,1,[SINTÉTICO] Nivel 1 del criterio «Gestión administrativa»: descriptor conductual de ejemplo.,5,synthetic,SYN-001854
CRI-0324-L2,CRI-0324,RV-VAC-0068-1,2,[SINTÉTICO] Nivel 2 del criterio «Gestión administrativa»: descriptor conductual de ejemplo.,10,synthetic,SYN-001855
CRI-0324-L3,CRI-0324,RV-VAC-0068-1,3,[SINTÉTICO] Nivel 3 del criterio «Gestión administrativa»: descriptor conductual de ejemplo.,15,synthetic,SYN-001856
CRI-0324-L4,CRI-0324,RV-VAC-0068-1,4,[SINTÉTICO] Nivel 4 del criterio «Gestión administrativa»: descriptor conductual de ejemplo.,20,synthetic,SYN-001857
CRI-0325-L1,CRI-0325,RV-VAC-0068-1,1,[SINTÉTICO] Nivel 1 del criterio «Organización del trabajo»: descriptor conductual de ejemplo.,5,synthetic,SYN-001859
CRI-0325-L2,CRI-0325,RV-VAC-0068-1,2,[SINTÉTICO] Nivel 2 del criterio «Organización del trabajo»: descriptor conductual de ejemplo.,10,synthetic,SYN-001860
CRI-0325-L3,CRI-0325,RV-VAC-0068-1,3,[SINTÉTICO] Nivel 3 del criterio «Organización del trabajo»: descriptor conductual de ejemplo.,15,synthetic,SYN-001861
CRI-0325-L4,CRI-0325,RV-VAC-0068-1,4,[SINTÉTICO] Nivel 4 del criterio «Organización del trabajo»: descriptor conductual de ejemplo.,20,synthetic,SYN-001862
CRI-0326-L1,CRI-0326,RV-VAC-0068-1,1,[SINTÉTICO] Nivel 1 del criterio «Atención al usuario»: descriptor conductual de ejemplo.,5,synthetic,SYN-001864
CRI-0326-L2,CRI-0326,RV-VAC-0068-1,2,[SINTÉTICO] Nivel 2 del criterio «Atención al usuario»: descriptor conductual de ejemplo.,10,synthetic,SYN-001865
CRI-0326-L3,CRI-0326,RV-VAC-0068-1,3,[SINTÉTICO] Nivel 3 del criterio «Atención al usuario»: descriptor conductual de ejemplo.,15,synthetic,SYN-001866
CRI-0326-L4,CRI-0326,RV-VAC-0068-1,4,[SINTÉTICO] Nivel 4 del criterio «Atención al usuario»: descriptor conductual de ejemplo.,20,synthetic,SYN-001867
CRI-0327-L1,CRI-0327,RV-VAC-0068-1,1,[SINTÉTICO] Nivel 1 del criterio «Desarrollo profesional»: descriptor conductual de ejemplo.,5,synthetic,SYN-001869
CRI-0327-L2,CRI-0327,RV-VAC-0068-1,2,[SINTÉTICO] Nivel 2 del criterio «Desarrollo profesional»: descriptor conductual de ejemplo.,10,synthetic,SYN-001870
CRI-0327-L3,CRI-0327,RV-VAC-0068-1,3,[SINTÉTICO] Nivel 3 del criterio «Desarrollo profesional»: descriptor conductual de ejemplo.,15,synthetic,SYN-001871
CRI-0327-L4,CRI-0327,RV-VAC-0068-1,4,[SINTÉTICO] Nivel 4 del criterio «Desarrollo profesional»: descriptor conductual de ejemplo.,20,synthetic,SYN-001872
CRI-0328-L1,CRI-0328,RV-VAC-0069-1,1,[SINTÉTICO] Nivel 1 del criterio «Planificación de la enseñanza»: descriptor conductual de ejemplo.,5,synthetic,SYN-001877
CRI-0328-L2,CRI-0328,RV-VAC-0069-1,2,[SINTÉTICO] Nivel 2 del criterio «Planificación de la enseñanza»: descriptor conductual de ejemplo.,10,synthetic,SYN-001878
CRI-0328-L3,CRI-0328,RV-VAC-0069-1,3,[SINTÉTICO] Nivel 3 del criterio «Planificación de la enseñanza»: descriptor conductual de ejemplo.,15,synthetic,SYN-001879
CRI-0328-L4,CRI-0328,RV-VAC-0069-1,4,[SINTÉTICO] Nivel 4 del criterio «Planificación de la enseñanza»: descriptor conductual de ejemplo.,20,synthetic,SYN-001880
CRI-0329-L1,CRI-0329,RV-VAC-0069-1,1,[SINTÉTICO] Nivel 1 del criterio «Trabajo con familias y comunidad»: descriptor conductual de ejemplo.,5,synthetic,SYN-001882
CRI-0329-L2,CRI-0329,RV-VAC-0069-1,2,[SINTÉTICO] Nivel 2 del criterio «Trabajo con familias y comunidad»: descriptor conductual de ejemplo.,10,synthetic,SYN-001883
CRI-0329-L3,CRI-0329,RV-VAC-0069-1,3,[SINTÉTICO] Nivel 3 del criterio «Trabajo con familias y comunidad»: descriptor conductual de ejemplo.,15,synthetic,SYN-001884
CRI-0329-L4,CRI-0329,RV-VAC-0069-1,4,[SINTÉTICO] Nivel 4 del criterio «Trabajo con familias y comunidad»: descriptor conductual de ejemplo.,20,synthetic,SYN-001885
CRI-0330-L1,CRI-0330,RV-VAC-0069-1,1,[SINTÉTICO] Nivel 1 del criterio «Desarrollo profesional»: descriptor conductual de ejemplo.,5,synthetic,SYN-001887
CRI-0330-L2,CRI-0330,RV-VAC-0069-1,2,[SINTÉTICO] Nivel 2 del criterio «Desarrollo profesional»: descriptor conductual de ejemplo.,10,synthetic,SYN-001888
CRI-0330-L3,CRI-0330,RV-VAC-0069-1,3,[SINTÉTICO] Nivel 3 del criterio «Desarrollo profesional»: descriptor conductual de ejemplo.,15,synthetic,SYN-001889
CRI-0330-L4,CRI-0330,RV-VAC-0069-1,4,[SINTÉTICO] Nivel 4 del criterio «Desarrollo profesional»: descriptor conductual de ejemplo.,20,synthetic,SYN-001890
CRI-0331-L1,CRI-0331,RV-VAC-0069-1,1,[SINTÉTICO] Nivel 1 del criterio «Conducción del aprendizaje»: descriptor conductual de ejemplo.,5,synthetic,SYN-001892
CRI-0331-L2,CRI-0331,RV-VAC-0069-1,2,[SINTÉTICO] Nivel 2 del criterio «Conducción del aprendizaje»: descriptor conductual de ejemplo.,10,synthetic,SYN-001893
CRI-0331-L3,CRI-0331,RV-VAC-0069-1,3,[SINTÉTICO] Nivel 3 del criterio «Conducción del aprendizaje»: descriptor conductual de ejemplo.,15,synthetic,SYN-001894
CRI-0331-L4,CRI-0331,RV-VAC-0069-1,4,[SINTÉTICO] Nivel 4 del criterio «Conducción del aprendizaje»: descriptor conductual de ejemplo.,20,synthetic,SYN-001895
CRI-0332-L1,CRI-0332,RV-VAC-0070-1,1,[SINTÉTICO] Nivel 1 del criterio «Atención al usuario»: descriptor conductual de ejemplo.,5,synthetic,SYN-001901
CRI-0332-L2,CRI-0332,RV-VAC-0070-1,2,[SINTÉTICO] Nivel 2 del criterio «Atención al usuario»: descriptor conductual de ejemplo.,10,synthetic,SYN-001902
CRI-0332-L3,CRI-0332,RV-VAC-0070-1,3,[SINTÉTICO] Nivel 3 del criterio «Atención al usuario»: descriptor conductual de ejemplo.,15,synthetic,SYN-001903
CRI-0332-L4,CRI-0332,RV-VAC-0070-1,4,[SINTÉTICO] Nivel 4 del criterio «Atención al usuario»: descriptor conductual de ejemplo.,20,synthetic,SYN-001904
CRI-0333-L1,CRI-0333,RV-VAC-0070-1,1,[SINTÉTICO] Nivel 1 del criterio «Organización del trabajo»: descriptor conductual de ejemplo.,5,synthetic,SYN-001906
CRI-0333-L2,CRI-0333,RV-VAC-0070-1,2,[SINTÉTICO] Nivel 2 del criterio «Organización del trabajo»: descriptor conductual de ejemplo.,10,synthetic,SYN-001907
CRI-0333-L3,CRI-0333,RV-VAC-0070-1,3,[SINTÉTICO] Nivel 3 del criterio «Organización del trabajo»: descriptor conductual de ejemplo.,15,synthetic,SYN-001908
CRI-0333-L4,CRI-0333,RV-VAC-0070-1,4,[SINTÉTICO] Nivel 4 del criterio «Organización del trabajo»: descriptor conductual de ejemplo.,20,synthetic,SYN-001909
CRI-0334-L1,CRI-0334,RV-VAC-0070-1,1,[SINTÉTICO] Nivel 1 del criterio «Desarrollo profesional»: descriptor conductual de ejemplo.,5,synthetic,SYN-001911
CRI-0334-L2,CRI-0334,RV-VAC-0070-1,2,[SINTÉTICO] Nivel 2 del criterio «Desarrollo profesional»: descriptor conductual de ejemplo.,10,synthetic,SYN-001912
CRI-0334-L3,CRI-0334,RV-VAC-0070-1,3,[SINTÉTICO] Nivel 3 del criterio «Desarrollo profesional»: descriptor conductual de ejemplo.,15,synthetic,SYN-001913
CRI-0334-L4,CRI-0334,RV-VAC-0070-1,4,[SINTÉTICO] Nivel 4 del criterio «Desarrollo profesional»: descriptor conductual de ejemplo.,20,synthetic,SYN-001914
CRI-0335-L1,CRI-0335,RV-VAC-0070-1,1,[SINTÉTICO] Nivel 1 del criterio «Gestión administrativa»: descriptor conductual de ejemplo.,5,synthetic,SYN-001916
CRI-0335-L2,CRI-0335,RV-VAC-0070-1,2,[SINTÉTICO] Nivel 2 del criterio «Gestión administrativa»: descriptor conductual de ejemplo.,10,synthetic,SYN-001917
CRI-0335-L3,CRI-0335,RV-VAC-0070-1,3,[SINTÉTICO] Nivel 3 del criterio «Gestión administrativa»: descriptor conductual de ejemplo.,15,synthetic,SYN-001918
CRI-0335-L4,CRI-0335,RV-VAC-0070-1,4,[SINTÉTICO] Nivel 4 del criterio «Gestión administrativa»: descriptor conductual de ejemplo.,20,synthetic,SYN-001919
CRI-0336-L1,CRI-0336,RV-VAC-0071-1,1,[SINTÉTICO] Nivel 1 del criterio «Planificación de la enseñanza»: descriptor conductual de ejemplo.,5,synthetic,SYN-001925
CRI-0336-L2,CRI-0336,RV-VAC-0071-1,2,[SINTÉTICO] Nivel 2 del criterio «Planificación de la enseñanza»: descriptor conductual de ejemplo.,10,synthetic,SYN-001926
CRI-0336-L3,CRI-0336,RV-VAC-0071-1,3,[SINTÉTICO] Nivel 3 del criterio «Planificación de la enseñanza»: descriptor conductual de ejemplo.,15,synthetic,SYN-001927
CRI-0336-L4,CRI-0336,RV-VAC-0071-1,4,[SINTÉTICO] Nivel 4 del criterio «Planificación de la enseñanza»: descriptor conductual de ejemplo.,20,synthetic,SYN-001928
CRI-0337-L1,CRI-0337,RV-VAC-0071-1,1,[SINTÉTICO] Nivel 1 del criterio «Conducción del aprendizaje»: descriptor conductual de ejemplo.,5,synthetic,SYN-001930
CRI-0337-L2,CRI-0337,RV-VAC-0071-1,2,[SINTÉTICO] Nivel 2 del criterio «Conducción del aprendizaje»: descriptor conductual de ejemplo.,10,synthetic,SYN-001931
CRI-0337-L3,CRI-0337,RV-VAC-0071-1,3,[SINTÉTICO] Nivel 3 del criterio «Conducción del aprendizaje»: descriptor conductual de ejemplo.,15,synthetic,SYN-001932
CRI-0337-L4,CRI-0337,RV-VAC-0071-1,4,[SINTÉTICO] Nivel 4 del criterio «Conducción del aprendizaje»: descriptor conductual de ejemplo.,20,synthetic,SYN-001933
CRI-0338-L1,CRI-0338,RV-VAC-0071-1,1,[SINTÉTICO] Nivel 1 del criterio «Desarrollo profesional»: descriptor conductual de ejemplo.,5,synthetic,SYN-001935
CRI-0338-L2,CRI-0338,RV-VAC-0071-1,2,[SINTÉTICO] Nivel 2 del criterio «Desarrollo profesional»: descriptor conductual de ejemplo.,10,synthetic,SYN-001936
CRI-0338-L3,CRI-0338,RV-VAC-0071-1,3,[SINTÉTICO] Nivel 3 del criterio «Desarrollo profesional»: descriptor conductual de ejemplo.,15,synthetic,SYN-001937
CRI-0338-L4,CRI-0338,RV-VAC-0071-1,4,[SINTÉTICO] Nivel 4 del criterio «Desarrollo profesional»: descriptor conductual de ejemplo.,20,synthetic,SYN-001938
CRI-0339-L1,CRI-0339,RV-VAC-0071-1,1,[SINTÉTICO] Nivel 1 del criterio «Trabajo con familias y comunidad»: descriptor conductual de ejemplo.,5,synthetic,SYN-001940
CRI-0339-L2,CRI-0339,RV-VAC-0071-1,2,[SINTÉTICO] Nivel 2 del criterio «Trabajo con familias y comunidad»: descriptor conductual de ejemplo.,10,synthetic,SYN-001941
CRI-0339-L3,CRI-0339,RV-VAC-0071-1,3,[SINTÉTICO] Nivel 3 del criterio «Trabajo con familias y comunidad»: descriptor conductual de ejemplo.,15,synthetic,SYN-001942
CRI-0339-L4,CRI-0339,RV-VAC-0071-1,4,[SINTÉTICO] Nivel 4 del criterio «Trabajo con familias y comunidad»: descriptor conductual de ejemplo.,20,synthetic,SYN-001943
CRI-0340-L1,CRI-0340,RV-VAC-0071-1,1,[SINTÉTICO] Nivel 1 del criterio «Organización del trabajo»: descriptor conductual de ejemplo.,5,synthetic,SYN-001945
CRI-0340-L2,CRI-0340,RV-VAC-0071-1,2,[SINTÉTICO] Nivel 2 del criterio «Organización del trabajo»: descriptor conductual de ejemplo.,10,synthetic,SYN-001946
CRI-0340-L3,CRI-0340,RV-VAC-0071-1,3,[SINTÉTICO] Nivel 3 del criterio «Organización del trabajo»: descriptor conductual de ejemplo.,15,synthetic,SYN-001947
CRI-0340-L4,CRI-0340,RV-VAC-0071-1,4,[SINTÉTICO] Nivel 4 del criterio «Organización del trabajo»: descriptor conductual de ejemplo.,20,synthetic,SYN-001948
CRI-0341-L1,CRI-0341,RV-VAC-0071-1,1,[SINTÉTICO] Nivel 1 del criterio «Evaluación formativa»: descriptor conductual de ejemplo.,5,synthetic,SYN-001950
CRI-0341-L2,CRI-0341,RV-VAC-0071-1,2,[SINTÉTICO] Nivel 2 del criterio «Evaluación formativa»: descriptor conductual de ejemplo.,10,synthetic,SYN-001951
CRI-0341-L3,CRI-0341,RV-VAC-0071-1,3,[SINTÉTICO] Nivel 3 del criterio «Evaluación formativa»: descriptor conductual de ejemplo.,15,synthetic,SYN-001952
CRI-0341-L4,CRI-0341,RV-VAC-0071-1,4,[SINTÉTICO] Nivel 4 del criterio «Evaluación formativa»: descriptor conductual de ejemplo.,20,synthetic,SYN-001953
CRI-0342-L1,CRI-0342,RV-VAC-0072-1,1,[SINTÉTICO] Nivel 1 del criterio «Gestión administrativa»: descriptor conductual de ejemplo.,5,synthetic,SYN-001959
CRI-0342-L2,CRI-0342,RV-VAC-0072-1,2,[SINTÉTICO] Nivel 2 del criterio «Gestión administrativa»: descriptor conductual de ejemplo.,10,synthetic,SYN-001960
CRI-0342-L3,CRI-0342,RV-VAC-0072-1,3,[SINTÉTICO] Nivel 3 del criterio «Gestión administrativa»: descriptor conductual de ejemplo.,15,synthetic,SYN-001961
CRI-0342-L4,CRI-0342,RV-VAC-0072-1,4,[SINTÉTICO] Nivel 4 del criterio «Gestión administrativa»: descriptor conductual de ejemplo.,20,synthetic,SYN-001962
CRI-0343-L1,CRI-0343,RV-VAC-0072-1,1,[SINTÉTICO] Nivel 1 del criterio «Atención al usuario»: descriptor conductual de ejemplo.,5,synthetic,SYN-001964
CRI-0343-L2,CRI-0343,RV-VAC-0072-1,2,[SINTÉTICO] Nivel 2 del criterio «Atención al usuario»: descriptor conductual de ejemplo.,10,synthetic,SYN-001965
CRI-0343-L3,CRI-0343,RV-VAC-0072-1,3,[SINTÉTICO] Nivel 3 del criterio «Atención al usuario»: descriptor conductual de ejemplo.,15,synthetic,SYN-001966
CRI-0343-L4,CRI-0343,RV-VAC-0072-1,4,[SINTÉTICO] Nivel 4 del criterio «Atención al usuario»: descriptor conductual de ejemplo.,20,synthetic,SYN-001967
CRI-0344-L1,CRI-0344,RV-VAC-0072-1,1,[SINTÉTICO] Nivel 1 del criterio «Organización del trabajo»: descriptor conductual de ejemplo.,5,synthetic,SYN-001969
CRI-0344-L2,CRI-0344,RV-VAC-0072-1,2,[SINTÉTICO] Nivel 2 del criterio «Organización del trabajo»: descriptor conductual de ejemplo.,10,synthetic,SYN-001970
CRI-0344-L3,CRI-0344,RV-VAC-0072-1,3,[SINTÉTICO] Nivel 3 del criterio «Organización del trabajo»: descriptor conductual de ejemplo.,15,synthetic,SYN-001971
CRI-0344-L4,CRI-0344,RV-VAC-0072-1,4,[SINTÉTICO] Nivel 4 del criterio «Organización del trabajo»: descriptor conductual de ejemplo.,20,synthetic,SYN-001972
CRI-0345-L1,CRI-0345,RV-VAC-0072-1,1,[SINTÉTICO] Nivel 1 del criterio «Desarrollo profesional»: descriptor conductual de ejemplo.,5,synthetic,SYN-001974
CRI-0345-L2,CRI-0345,RV-VAC-0072-1,2,[SINTÉTICO] Nivel 2 del criterio «Desarrollo profesional»: descriptor conductual de ejemplo.,10,synthetic,SYN-001975
CRI-0345-L3,CRI-0345,RV-VAC-0072-1,3,[SINTÉTICO] Nivel 3 del criterio «Desarrollo profesional»: descriptor conductual de ejemplo.,15,synthetic,SYN-001976
CRI-0345-L4,CRI-0345,RV-VAC-0072-1,4,[SINTÉTICO] Nivel 4 del criterio «Desarrollo profesional»: descriptor conductual de ejemplo.,20,synthetic,SYN-001977
CRI-0346-L1,CRI-0346,RV-VAC-0073-1,1,[SINTÉTICO] Nivel 1 del criterio «Trabajo con familias y comunidad»: descriptor conductual de ejemplo.,5,synthetic,SYN-001983
CRI-0346-L2,CRI-0346,RV-VAC-0073-1,2,[SINTÉTICO] Nivel 2 del criterio «Trabajo con familias y comunidad»: descriptor conductual de ejemplo.,10,synthetic,SYN-001984
CRI-0346-L3,CRI-0346,RV-VAC-0073-1,3,[SINTÉTICO] Nivel 3 del criterio «Trabajo con familias y comunidad»: descriptor conductual de ejemplo.,15,synthetic,SYN-001985
CRI-0346-L4,CRI-0346,RV-VAC-0073-1,4,[SINTÉTICO] Nivel 4 del criterio «Trabajo con familias y comunidad»: descriptor conductual de ejemplo.,20,synthetic,SYN-001986
CRI-0347-L1,CRI-0347,RV-VAC-0073-1,1,[SINTÉTICO] Nivel 1 del criterio «Organización del trabajo»: descriptor conductual de ejemplo.,5,synthetic,SYN-001988
CRI-0347-L2,CRI-0347,RV-VAC-0073-1,2,[SINTÉTICO] Nivel 2 del criterio «Organización del trabajo»: descriptor conductual de ejemplo.,10,synthetic,SYN-001989
CRI-0347-L3,CRI-0347,RV-VAC-0073-1,3,[SINTÉTICO] Nivel 3 del criterio «Organización del trabajo»: descriptor conductual de ejemplo.,15,synthetic,SYN-001990
CRI-0347-L4,CRI-0347,RV-VAC-0073-1,4,[SINTÉTICO] Nivel 4 del criterio «Organización del trabajo»: descriptor conductual de ejemplo.,20,synthetic,SYN-001991
CRI-0348-L1,CRI-0348,RV-VAC-0073-1,1,[SINTÉTICO] Nivel 1 del criterio «Desarrollo profesional»: descriptor conductual de ejemplo.,5,synthetic,SYN-001993
CRI-0348-L2,CRI-0348,RV-VAC-0073-1,2,[SINTÉTICO] Nivel 2 del criterio «Desarrollo profesional»: descriptor conductual de ejemplo.,10,synthetic,SYN-001994
CRI-0348-L3,CRI-0348,RV-VAC-0073-1,3,[SINTÉTICO] Nivel 3 del criterio «Desarrollo profesional»: descriptor conductual de ejemplo.,15,synthetic,SYN-001995
CRI-0348-L4,CRI-0348,RV-VAC-0073-1,4,[SINTÉTICO] Nivel 4 del criterio «Desarrollo profesional»: descriptor conductual de ejemplo.,20,synthetic,SYN-001996
CRI-0349-L1,CRI-0349,RV-VAC-0073-1,1,[SINTÉTICO] Nivel 1 del criterio «Planificación de la enseñanza»: descriptor conductual de ejemplo.,5,synthetic,SYN-001998
CRI-0349-L2,CRI-0349,RV-VAC-0073-1,2,[SINTÉTICO] Nivel 2 del criterio «Planificación de la enseñanza»: descriptor conductual de ejemplo.,10,synthetic,SYN-001999
CRI-0349-L3,CRI-0349,RV-VAC-0073-1,3,[SINTÉTICO] Nivel 3 del criterio «Planificación de la enseñanza»: descriptor conductual de ejemplo.,15,synthetic,SYN-002000
CRI-0349-L4,CRI-0349,RV-VAC-0073-1,4,[SINTÉTICO] Nivel 4 del criterio «Planificación de la enseñanza»: descriptor conductual de ejemplo.,20,synthetic,SYN-002001
CRI-0350-L1,CRI-0350,RV-VAC-0073-1,1,[SINTÉTICO] Nivel 1 del criterio «Conducción del aprendizaje»: descriptor conductual de ejemplo.,5,synthetic,SYN-002003
CRI-0350-L2,CRI-0350,RV-VAC-0073-1,2,[SINTÉTICO] Nivel 2 del criterio «Conducción del aprendizaje»: descriptor conductual de ejemplo.,10,synthetic,SYN-002004
CRI-0350-L3,CRI-0350,RV-VAC-0073-1,3,[SINTÉTICO] Nivel 3 del criterio «Conducción del aprendizaje»: descriptor conductual de ejemplo.,15,synthetic,SYN-002005
CRI-0350-L4,CRI-0350,RV-VAC-0073-1,4,[SINTÉTICO] Nivel 4 del criterio «Conducción del aprendizaje»: descriptor conductual de ejemplo.,20,synthetic,SYN-002006
CRI-0351-L1,CRI-0351,RV-VAC-0074-1,1,[SINTÉTICO] Nivel 1 del criterio «Evaluación formativa»: descriptor conductual de ejemplo.,5,synthetic,SYN-002011
CRI-0351-L2,CRI-0351,RV-VAC-0074-1,2,[SINTÉTICO] Nivel 2 del criterio «Evaluación formativa»: descriptor conductual de ejemplo.,10,synthetic,SYN-002012
CRI-0351-L3,CRI-0351,RV-VAC-0074-1,3,[SINTÉTICO] Nivel 3 del criterio «Evaluación formativa»: descriptor conductual de ejemplo.,15,synthetic,SYN-002013
CRI-0351-L4,CRI-0351,RV-VAC-0074-1,4,[SINTÉTICO] Nivel 4 del criterio «Evaluación formativa»: descriptor conductual de ejemplo.,20,synthetic,SYN-002014
CRI-0352-L1,CRI-0352,RV-VAC-0074-1,1,[SINTÉTICO] Nivel 1 del criterio «Conducción del aprendizaje»: descriptor conductual de ejemplo.,5,synthetic,SYN-002016
CRI-0352-L2,CRI-0352,RV-VAC-0074-1,2,[SINTÉTICO] Nivel 2 del criterio «Conducción del aprendizaje»: descriptor conductual de ejemplo.,10,synthetic,SYN-002017
CRI-0352-L3,CRI-0352,RV-VAC-0074-1,3,[SINTÉTICO] Nivel 3 del criterio «Conducción del aprendizaje»: descriptor conductual de ejemplo.,15,synthetic,SYN-002018
CRI-0352-L4,CRI-0352,RV-VAC-0074-1,4,[SINTÉTICO] Nivel 4 del criterio «Conducción del aprendizaje»: descriptor conductual de ejemplo.,20,synthetic,SYN-002019
CRI-0353-L1,CRI-0353,RV-VAC-0074-1,1,[SINTÉTICO] Nivel 1 del criterio «Organización del trabajo»: descriptor conductual de ejemplo.,5,synthetic,SYN-002021
CRI-0353-L2,CRI-0353,RV-VAC-0074-1,2,[SINTÉTICO] Nivel 2 del criterio «Organización del trabajo»: descriptor conductual de ejemplo.,10,synthetic,SYN-002022
CRI-0353-L3,CRI-0353,RV-VAC-0074-1,3,[SINTÉTICO] Nivel 3 del criterio «Organización del trabajo»: descriptor conductual de ejemplo.,15,synthetic,SYN-002023
CRI-0353-L4,CRI-0353,RV-VAC-0074-1,4,[SINTÉTICO] Nivel 4 del criterio «Organización del trabajo»: descriptor conductual de ejemplo.,20,synthetic,SYN-002024
CRI-0354-L1,CRI-0354,RV-VAC-0074-1,1,[SINTÉTICO] Nivel 1 del criterio «Planificación de la enseñanza»: descriptor conductual de ejemplo.,5,synthetic,SYN-002026
CRI-0354-L2,CRI-0354,RV-VAC-0074-1,2,[SINTÉTICO] Nivel 2 del criterio «Planificación de la enseñanza»: descriptor conductual de ejemplo.,10,synthetic,SYN-002027
CRI-0354-L3,CRI-0354,RV-VAC-0074-1,3,[SINTÉTICO] Nivel 3 del criterio «Planificación de la enseñanza»: descriptor conductual de ejemplo.,15,synthetic,SYN-002028
CRI-0354-L4,CRI-0354,RV-VAC-0074-1,4,[SINTÉTICO] Nivel 4 del criterio «Planificación de la enseñanza»: descriptor conductual de ejemplo.,20,synthetic,SYN-002029
CRI-0355-L1,CRI-0355,RV-VAC-0074-1,1,[SINTÉTICO] Nivel 1 del criterio «Desarrollo profesional»: descriptor conductual de ejemplo.,5,synthetic,SYN-002031
CRI-0355-L2,CRI-0355,RV-VAC-0074-1,2,[SINTÉTICO] Nivel 2 del criterio «Desarrollo profesional»: descriptor conductual de ejemplo.,10,synthetic,SYN-002032
CRI-0355-L3,CRI-0355,RV-VAC-0074-1,3,[SINTÉTICO] Nivel 3 del criterio «Desarrollo profesional»: descriptor conductual de ejemplo.,15,synthetic,SYN-002033
CRI-0355-L4,CRI-0355,RV-VAC-0074-1,4,[SINTÉTICO] Nivel 4 del criterio «Desarrollo profesional»: descriptor conductual de ejemplo.,20,synthetic,SYN-002034
CRI-0356-L1,CRI-0356,RV-VAC-0075-1,1,[SINTÉTICO] Nivel 1 del criterio «Planificación de la enseñanza»: descriptor conductual de ejemplo.,5,synthetic,SYN-002038
CRI-0356-L2,CRI-0356,RV-VAC-0075-1,2,[SINTÉTICO] Nivel 2 del criterio «Planificación de la enseñanza»: descriptor conductual de ejemplo.,10,synthetic,SYN-002039
CRI-0356-L3,CRI-0356,RV-VAC-0075-1,3,[SINTÉTICO] Nivel 3 del criterio «Planificación de la enseñanza»: descriptor conductual de ejemplo.,15,synthetic,SYN-002040
CRI-0356-L4,CRI-0356,RV-VAC-0075-1,4,[SINTÉTICO] Nivel 4 del criterio «Planificación de la enseñanza»: descriptor conductual de ejemplo.,20,synthetic,SYN-002041
CRI-0357-L1,CRI-0357,RV-VAC-0075-1,1,[SINTÉTICO] Nivel 1 del criterio «Desarrollo profesional»: descriptor conductual de ejemplo.,5,synthetic,SYN-002043
CRI-0357-L2,CRI-0357,RV-VAC-0075-1,2,[SINTÉTICO] Nivel 2 del criterio «Desarrollo profesional»: descriptor conductual de ejemplo.,10,synthetic,SYN-002044
CRI-0357-L3,CRI-0357,RV-VAC-0075-1,3,[SINTÉTICO] Nivel 3 del criterio «Desarrollo profesional»: descriptor conductual de ejemplo.,15,synthetic,SYN-002045
CRI-0357-L4,CRI-0357,RV-VAC-0075-1,4,[SINTÉTICO] Nivel 4 del criterio «Desarrollo profesional»: descriptor conductual de ejemplo.,20,synthetic,SYN-002046
CRI-0358-L1,CRI-0358,RV-VAC-0075-1,1,[SINTÉTICO] Nivel 1 del criterio «Organización del trabajo»: descriptor conductual de ejemplo.,5,synthetic,SYN-002048
CRI-0358-L2,CRI-0358,RV-VAC-0075-1,2,[SINTÉTICO] Nivel 2 del criterio «Organización del trabajo»: descriptor conductual de ejemplo.,10,synthetic,SYN-002049
CRI-0358-L3,CRI-0358,RV-VAC-0075-1,3,[SINTÉTICO] Nivel 3 del criterio «Organización del trabajo»: descriptor conductual de ejemplo.,15,synthetic,SYN-002050
CRI-0358-L4,CRI-0358,RV-VAC-0075-1,4,[SINTÉTICO] Nivel 4 del criterio «Organización del trabajo»: descriptor conductual de ejemplo.,20,synthetic,SYN-002051
CRI-0359-L1,CRI-0359,RV-VAC-0075-1,1,[SINTÉTICO] Nivel 1 del criterio «Trabajo con familias y comunidad»: descriptor conductual de ejemplo.,5,synthetic,SYN-002053
CRI-0359-L2,CRI-0359,RV-VAC-0075-1,2,[SINTÉTICO] Nivel 2 del criterio «Trabajo con familias y comunidad»: descriptor conductual de ejemplo.,10,synthetic,SYN-002054
CRI-0359-L3,CRI-0359,RV-VAC-0075-1,3,[SINTÉTICO] Nivel 3 del criterio «Trabajo con familias y comunidad»: descriptor conductual de ejemplo.,15,synthetic,SYN-002055
CRI-0359-L4,CRI-0359,RV-VAC-0075-1,4,[SINTÉTICO] Nivel 4 del criterio «Trabajo con familias y comunidad»: descriptor conductual de ejemplo.,20,synthetic,SYN-002056
CRI-0360-L1,CRI-0360,RV-VAC-0075-1,1,[SINTÉTICO] Nivel 1 del criterio «Conducción del aprendizaje»: descriptor conductual de ejemplo.,5,synthetic,SYN-002058
CRI-0360-L2,CRI-0360,RV-VAC-0075-1,2,[SINTÉTICO] Nivel 2 del criterio «Conducción del aprendizaje»: descriptor conductual de ejemplo.,10,synthetic,SYN-002059
CRI-0360-L3,CRI-0360,RV-VAC-0075-1,3,[SINTÉTICO] Nivel 3 del criterio «Conducción del aprendizaje»: descriptor conductual de ejemplo.,15,synthetic,SYN-002060
CRI-0360-L4,CRI-0360,RV-VAC-0075-1,4,[SINTÉTICO] Nivel 4 del criterio «Conducción del aprendizaje»: descriptor conductual de ejemplo.,20,synthetic,SYN-002061
CRI-0361-L1,CRI-0361,RV-VAC-0076-1,1,[SINTÉTICO] Nivel 1 del criterio «Atención al usuario»: descriptor conductual de ejemplo.,5,synthetic,SYN-002067
CRI-0361-L2,CRI-0361,RV-VAC-0076-1,2,[SINTÉTICO] Nivel 2 del criterio «Atención al usuario»: descriptor conductual de ejemplo.,10,synthetic,SYN-002068
CRI-0361-L3,CRI-0361,RV-VAC-0076-1,3,[SINTÉTICO] Nivel 3 del criterio «Atención al usuario»: descriptor conductual de ejemplo.,15,synthetic,SYN-002069
CRI-0361-L4,CRI-0361,RV-VAC-0076-1,4,[SINTÉTICO] Nivel 4 del criterio «Atención al usuario»: descriptor conductual de ejemplo.,20,synthetic,SYN-002070
CRI-0362-L1,CRI-0362,RV-VAC-0076-1,1,[SINTÉTICO] Nivel 1 del criterio «Desarrollo profesional»: descriptor conductual de ejemplo.,5,synthetic,SYN-002072
CRI-0362-L2,CRI-0362,RV-VAC-0076-1,2,[SINTÉTICO] Nivel 2 del criterio «Desarrollo profesional»: descriptor conductual de ejemplo.,10,synthetic,SYN-002073
CRI-0362-L3,CRI-0362,RV-VAC-0076-1,3,[SINTÉTICO] Nivel 3 del criterio «Desarrollo profesional»: descriptor conductual de ejemplo.,15,synthetic,SYN-002074
CRI-0362-L4,CRI-0362,RV-VAC-0076-1,4,[SINTÉTICO] Nivel 4 del criterio «Desarrollo profesional»: descriptor conductual de ejemplo.,20,synthetic,SYN-002075
CRI-0363-L1,CRI-0363,RV-VAC-0076-1,1,[SINTÉTICO] Nivel 1 del criterio «Organización del trabajo»: descriptor conductual de ejemplo.,5,synthetic,SYN-002077
CRI-0363-L2,CRI-0363,RV-VAC-0076-1,2,[SINTÉTICO] Nivel 2 del criterio «Organización del trabajo»: descriptor conductual de ejemplo.,10,synthetic,SYN-002078
CRI-0363-L3,CRI-0363,RV-VAC-0076-1,3,[SINTÉTICO] Nivel 3 del criterio «Organización del trabajo»: descriptor conductual de ejemplo.,15,synthetic,SYN-002079
CRI-0363-L4,CRI-0363,RV-VAC-0076-1,4,[SINTÉTICO] Nivel 4 del criterio «Organización del trabajo»: descriptor conductual de ejemplo.,20,synthetic,SYN-002080
CRI-0364-L1,CRI-0364,RV-VAC-0076-1,1,[SINTÉTICO] Nivel 1 del criterio «Gestión administrativa»: descriptor conductual de ejemplo.,5,synthetic,SYN-002082
CRI-0364-L2,CRI-0364,RV-VAC-0076-1,2,[SINTÉTICO] Nivel 2 del criterio «Gestión administrativa»: descriptor conductual de ejemplo.,10,synthetic,SYN-002083
CRI-0364-L3,CRI-0364,RV-VAC-0076-1,3,[SINTÉTICO] Nivel 3 del criterio «Gestión administrativa»: descriptor conductual de ejemplo.,15,synthetic,SYN-002084
CRI-0364-L4,CRI-0364,RV-VAC-0076-1,4,[SINTÉTICO] Nivel 4 del criterio «Gestión administrativa»: descriptor conductual de ejemplo.,20,synthetic,SYN-002085
CRI-0365-L1,CRI-0365,RV-VAC-0077-1,1,[SINTÉTICO] Nivel 1 del criterio «Atención al usuario»: descriptor conductual de ejemplo.,5,synthetic,SYN-002091
CRI-0365-L2,CRI-0365,RV-VAC-0077-1,2,[SINTÉTICO] Nivel 2 del criterio «Atención al usuario»: descriptor conductual de ejemplo.,10,synthetic,SYN-002092
CRI-0365-L3,CRI-0365,RV-VAC-0077-1,3,[SINTÉTICO] Nivel 3 del criterio «Atención al usuario»: descriptor conductual de ejemplo.,15,synthetic,SYN-002093
CRI-0365-L4,CRI-0365,RV-VAC-0077-1,4,[SINTÉTICO] Nivel 4 del criterio «Atención al usuario»: descriptor conductual de ejemplo.,20,synthetic,SYN-002094
CRI-0366-L1,CRI-0366,RV-VAC-0077-1,1,[SINTÉTICO] Nivel 1 del criterio «Gestión administrativa»: descriptor conductual de ejemplo.,5,synthetic,SYN-002096
CRI-0366-L2,CRI-0366,RV-VAC-0077-1,2,[SINTÉTICO] Nivel 2 del criterio «Gestión administrativa»: descriptor conductual de ejemplo.,10,synthetic,SYN-002097
CRI-0366-L3,CRI-0366,RV-VAC-0077-1,3,[SINTÉTICO] Nivel 3 del criterio «Gestión administrativa»: descriptor conductual de ejemplo.,15,synthetic,SYN-002098
CRI-0366-L4,CRI-0366,RV-VAC-0077-1,4,[SINTÉTICO] Nivel 4 del criterio «Gestión administrativa»: descriptor conductual de ejemplo.,20,synthetic,SYN-002099
CRI-0367-L1,CRI-0367,RV-VAC-0077-1,1,[SINTÉTICO] Nivel 1 del criterio «Desarrollo profesional»: descriptor conductual de ejemplo.,5,synthetic,SYN-002101
CRI-0367-L2,CRI-0367,RV-VAC-0077-1,2,[SINTÉTICO] Nivel 2 del criterio «Desarrollo profesional»: descriptor conductual de ejemplo.,10,synthetic,SYN-002102
CRI-0367-L3,CRI-0367,RV-VAC-0077-1,3,[SINTÉTICO] Nivel 3 del criterio «Desarrollo profesional»: descriptor conductual de ejemplo.,15,synthetic,SYN-002103
CRI-0367-L4,CRI-0367,RV-VAC-0077-1,4,[SINTÉTICO] Nivel 4 del criterio «Desarrollo profesional»: descriptor conductual de ejemplo.,20,synthetic,SYN-002104
CRI-0368-L1,CRI-0368,RV-VAC-0077-1,1,[SINTÉTICO] Nivel 1 del criterio «Organización del trabajo»: descriptor conductual de ejemplo.,5,synthetic,SYN-002106
CRI-0368-L2,CRI-0368,RV-VAC-0077-1,2,[SINTÉTICO] Nivel 2 del criterio «Organización del trabajo»: descriptor conductual de ejemplo.,10,synthetic,SYN-002107
CRI-0368-L3,CRI-0368,RV-VAC-0077-1,3,[SINTÉTICO] Nivel 3 del criterio «Organización del trabajo»: descriptor conductual de ejemplo.,15,synthetic,SYN-002108
CRI-0368-L4,CRI-0368,RV-VAC-0077-1,4,[SINTÉTICO] Nivel 4 del criterio «Organización del trabajo»: descriptor conductual de ejemplo.,20,synthetic,SYN-002109
CRI-0369-L1,CRI-0369,RV-VAC-0078-1,1,[SINTÉTICO] Nivel 1 del criterio «Organización del trabajo»: descriptor conductual de ejemplo.,5,synthetic,SYN-002114
CRI-0369-L2,CRI-0369,RV-VAC-0078-1,2,[SINTÉTICO] Nivel 2 del criterio «Organización del trabajo»: descriptor conductual de ejemplo.,10,synthetic,SYN-002115
CRI-0369-L3,CRI-0369,RV-VAC-0078-1,3,[SINTÉTICO] Nivel 3 del criterio «Organización del trabajo»: descriptor conductual de ejemplo.,15,synthetic,SYN-002116
CRI-0369-L4,CRI-0369,RV-VAC-0078-1,4,[SINTÉTICO] Nivel 4 del criterio «Organización del trabajo»: descriptor conductual de ejemplo.,20,synthetic,SYN-002117
CRI-0370-L1,CRI-0370,RV-VAC-0078-1,1,[SINTÉTICO] Nivel 1 del criterio «Conducción del aprendizaje»: descriptor conductual de ejemplo.,5,synthetic,SYN-002119
CRI-0370-L2,CRI-0370,RV-VAC-0078-1,2,[SINTÉTICO] Nivel 2 del criterio «Conducción del aprendizaje»: descriptor conductual de ejemplo.,10,synthetic,SYN-002120
CRI-0370-L3,CRI-0370,RV-VAC-0078-1,3,[SINTÉTICO] Nivel 3 del criterio «Conducción del aprendizaje»: descriptor conductual de ejemplo.,15,synthetic,SYN-002121
CRI-0370-L4,CRI-0370,RV-VAC-0078-1,4,[SINTÉTICO] Nivel 4 del criterio «Conducción del aprendizaje»: descriptor conductual de ejemplo.,20,synthetic,SYN-002122
CRI-0371-L1,CRI-0371,RV-VAC-0078-1,1,[SINTÉTICO] Nivel 1 del criterio «Trabajo con familias y comunidad»: descriptor conductual de ejemplo.,5,synthetic,SYN-002124
CRI-0371-L2,CRI-0371,RV-VAC-0078-1,2,[SINTÉTICO] Nivel 2 del criterio «Trabajo con familias y comunidad»: descriptor conductual de ejemplo.,10,synthetic,SYN-002125
CRI-0371-L3,CRI-0371,RV-VAC-0078-1,3,[SINTÉTICO] Nivel 3 del criterio «Trabajo con familias y comunidad»: descriptor conductual de ejemplo.,15,synthetic,SYN-002126
CRI-0371-L4,CRI-0371,RV-VAC-0078-1,4,[SINTÉTICO] Nivel 4 del criterio «Trabajo con familias y comunidad»: descriptor conductual de ejemplo.,20,synthetic,SYN-002127
CRI-0372-L1,CRI-0372,RV-VAC-0078-1,1,[SINTÉTICO] Nivel 1 del criterio «Evaluación formativa»: descriptor conductual de ejemplo.,5,synthetic,SYN-002129
CRI-0372-L2,CRI-0372,RV-VAC-0078-1,2,[SINTÉTICO] Nivel 2 del criterio «Evaluación formativa»: descriptor conductual de ejemplo.,10,synthetic,SYN-002130
CRI-0372-L3,CRI-0372,RV-VAC-0078-1,3,[SINTÉTICO] Nivel 3 del criterio «Evaluación formativa»: descriptor conductual de ejemplo.,15,synthetic,SYN-002131
CRI-0372-L4,CRI-0372,RV-VAC-0078-1,4,[SINTÉTICO] Nivel 4 del criterio «Evaluación formativa»: descriptor conductual de ejemplo.,20,synthetic,SYN-002132
CRI-0373-L1,CRI-0373,RV-VAC-0079-1,1,[SINTÉTICO] Nivel 1 del criterio «Evaluación formativa»: descriptor conductual de ejemplo.,5,synthetic,SYN-002137
CRI-0373-L2,CRI-0373,RV-VAC-0079-1,2,[SINTÉTICO] Nivel 2 del criterio «Evaluación formativa»: descriptor conductual de ejemplo.,10,synthetic,SYN-002138
CRI-0373-L3,CRI-0373,RV-VAC-0079-1,3,[SINTÉTICO] Nivel 3 del criterio «Evaluación formativa»: descriptor conductual de ejemplo.,15,synthetic,SYN-002139
CRI-0373-L4,CRI-0373,RV-VAC-0079-1,4,[SINTÉTICO] Nivel 4 del criterio «Evaluación formativa»: descriptor conductual de ejemplo.,20,synthetic,SYN-002140
CRI-0374-L1,CRI-0374,RV-VAC-0079-1,1,[SINTÉTICO] Nivel 1 del criterio «Planificación de la enseñanza»: descriptor conductual de ejemplo.,5,synthetic,SYN-002142
CRI-0374-L2,CRI-0374,RV-VAC-0079-1,2,[SINTÉTICO] Nivel 2 del criterio «Planificación de la enseñanza»: descriptor conductual de ejemplo.,10,synthetic,SYN-002143
CRI-0374-L3,CRI-0374,RV-VAC-0079-1,3,[SINTÉTICO] Nivel 3 del criterio «Planificación de la enseñanza»: descriptor conductual de ejemplo.,15,synthetic,SYN-002144
CRI-0374-L4,CRI-0374,RV-VAC-0079-1,4,[SINTÉTICO] Nivel 4 del criterio «Planificación de la enseñanza»: descriptor conductual de ejemplo.,20,synthetic,SYN-002145
CRI-0375-L1,CRI-0375,RV-VAC-0079-1,1,[SINTÉTICO] Nivel 1 del criterio «Organización del trabajo»: descriptor conductual de ejemplo.,5,synthetic,SYN-002147
CRI-0375-L2,CRI-0375,RV-VAC-0079-1,2,[SINTÉTICO] Nivel 2 del criterio «Organización del trabajo»: descriptor conductual de ejemplo.,10,synthetic,SYN-002148
CRI-0375-L3,CRI-0375,RV-VAC-0079-1,3,[SINTÉTICO] Nivel 3 del criterio «Organización del trabajo»: descriptor conductual de ejemplo.,15,synthetic,SYN-002149
CRI-0375-L4,CRI-0375,RV-VAC-0079-1,4,[SINTÉTICO] Nivel 4 del criterio «Organización del trabajo»: descriptor conductual de ejemplo.,20,synthetic,SYN-002150
CRI-0376-L1,CRI-0376,RV-VAC-0079-1,1,[SINTÉTICO] Nivel 1 del criterio «Trabajo con familias y comunidad»: descriptor conductual de ejemplo.,5,synthetic,SYN-002152
CRI-0376-L2,CRI-0376,RV-VAC-0079-1,2,[SINTÉTICO] Nivel 2 del criterio «Trabajo con familias y comunidad»: descriptor conductual de ejemplo.,10,synthetic,SYN-002153
CRI-0376-L3,CRI-0376,RV-VAC-0079-1,3,[SINTÉTICO] Nivel 3 del criterio «Trabajo con familias y comunidad»: descriptor conductual de ejemplo.,15,synthetic,SYN-002154
CRI-0376-L4,CRI-0376,RV-VAC-0079-1,4,[SINTÉTICO] Nivel 4 del criterio «Trabajo con familias y comunidad»: descriptor conductual de ejemplo.,20,synthetic,SYN-002155
CRI-0377-L1,CRI-0377,RV-VAC-0079-1,1,[SINTÉTICO] Nivel 1 del criterio «Conducción del aprendizaje»: descriptor conductual de ejemplo.,5,synthetic,SYN-002157
CRI-0377-L2,CRI-0377,RV-VAC-0079-1,2,[SINTÉTICO] Nivel 2 del criterio «Conducción del aprendizaje»: descriptor conductual de ejemplo.,10,synthetic,SYN-002158
CRI-0377-L3,CRI-0377,RV-VAC-0079-1,3,[SINTÉTICO] Nivel 3 del criterio «Conducción del aprendizaje»: descriptor conductual de ejemplo.,15,synthetic,SYN-002159
CRI-0377-L4,CRI-0377,RV-VAC-0079-1,4,[SINTÉTICO] Nivel 4 del criterio «Conducción del aprendizaje»: descriptor conductual de ejemplo.,20,synthetic,SYN-002160
CRI-0378-L1,CRI-0378,RV-VAC-0079-1,1,[SINTÉTICO] Nivel 1 del criterio «Desarrollo profesional»: descriptor conductual de ejemplo.,5,synthetic,SYN-002162
CRI-0378-L2,CRI-0378,RV-VAC-0079-1,2,[SINTÉTICO] Nivel 2 del criterio «Desarrollo profesional»: descriptor conductual de ejemplo.,10,synthetic,SYN-002163
CRI-0378-L3,CRI-0378,RV-VAC-0079-1,3,[SINTÉTICO] Nivel 3 del criterio «Desarrollo profesional»: descriptor conductual de ejemplo.,15,synthetic,SYN-002164
CRI-0378-L4,CRI-0378,RV-VAC-0079-1,4,[SINTÉTICO] Nivel 4 del criterio «Desarrollo profesional»: descriptor conductual de ejemplo.,20,synthetic,SYN-002165
CRI-0379-L1,CRI-0379,RV-VAC-0080-1,1,[SINTÉTICO] Nivel 1 del criterio «Conducción del aprendizaje»: descriptor conductual de ejemplo.,5,synthetic,SYN-002171
CRI-0379-L2,CRI-0379,RV-VAC-0080-1,2,[SINTÉTICO] Nivel 2 del criterio «Conducción del aprendizaje»: descriptor conductual de ejemplo.,10,synthetic,SYN-002172
CRI-0379-L3,CRI-0379,RV-VAC-0080-1,3,[SINTÉTICO] Nivel 3 del criterio «Conducción del aprendizaje»: descriptor conductual de ejemplo.,15,synthetic,SYN-002173
CRI-0379-L4,CRI-0379,RV-VAC-0080-1,4,[SINTÉTICO] Nivel 4 del criterio «Conducción del aprendizaje»: descriptor conductual de ejemplo.,20,synthetic,SYN-002174
CRI-0380-L1,CRI-0380,RV-VAC-0080-1,1,[SINTÉTICO] Nivel 1 del criterio «Trabajo con familias y comunidad»: descriptor conductual de ejemplo.,5,synthetic,SYN-002176
CRI-0380-L2,CRI-0380,RV-VAC-0080-1,2,[SINTÉTICO] Nivel 2 del criterio «Trabajo con familias y comunidad»: descriptor conductual de ejemplo.,10,synthetic,SYN-002177
CRI-0380-L3,CRI-0380,RV-VAC-0080-1,3,[SINTÉTICO] Nivel 3 del criterio «Trabajo con familias y comunidad»: descriptor conductual de ejemplo.,15,synthetic,SYN-002178
CRI-0380-L4,CRI-0380,RV-VAC-0080-1,4,[SINTÉTICO] Nivel 4 del criterio «Trabajo con familias y comunidad»: descriptor conductual de ejemplo.,20,synthetic,SYN-002179
CRI-0381-L1,CRI-0381,RV-VAC-0080-1,1,[SINTÉTICO] Nivel 1 del criterio «Evaluación formativa»: descriptor conductual de ejemplo.,5,synthetic,SYN-002181
CRI-0381-L2,CRI-0381,RV-VAC-0080-1,2,[SINTÉTICO] Nivel 2 del criterio «Evaluación formativa»: descriptor conductual de ejemplo.,10,synthetic,SYN-002182
CRI-0381-L3,CRI-0381,RV-VAC-0080-1,3,[SINTÉTICO] Nivel 3 del criterio «Evaluación formativa»: descriptor conductual de ejemplo.,15,synthetic,SYN-002183
CRI-0381-L4,CRI-0381,RV-VAC-0080-1,4,[SINTÉTICO] Nivel 4 del criterio «Evaluación formativa»: descriptor conductual de ejemplo.,20,synthetic,SYN-002184
CRI-0382-L1,CRI-0382,RV-VAC-0080-1,1,[SINTÉTICO] Nivel 1 del criterio «Organización del trabajo»: descriptor conductual de ejemplo.,5,synthetic,SYN-002186
CRI-0382-L2,CRI-0382,RV-VAC-0080-1,2,[SINTÉTICO] Nivel 2 del criterio «Organización del trabajo»: descriptor conductual de ejemplo.,10,synthetic,SYN-002187
CRI-0382-L3,CRI-0382,RV-VAC-0080-1,3,[SINTÉTICO] Nivel 3 del criterio «Organización del trabajo»: descriptor conductual de ejemplo.,15,synthetic,SYN-002188
CRI-0382-L4,CRI-0382,RV-VAC-0080-1,4,[SINTÉTICO] Nivel 4 del criterio «Organización del trabajo»: descriptor conductual de ejemplo.,20,synthetic,SYN-002189
CRI-0383-L1,CRI-0383,RV-VAC-0080-1,1,[SINTÉTICO] Nivel 1 del criterio «Desarrollo profesional»: descriptor conductual de ejemplo.,5,synthetic,SYN-002191
CRI-0383-L2,CRI-0383,RV-VAC-0080-1,2,[SINTÉTICO] Nivel 2 del criterio «Desarrollo profesional»: descriptor conductual de ejemplo.,10,synthetic,SYN-002192
CRI-0383-L3,CRI-0383,RV-VAC-0080-1,3,[SINTÉTICO] Nivel 3 del criterio «Desarrollo profesional»: descriptor conductual de ejemplo.,15,synthetic,SYN-002193
CRI-0383-L4,CRI-0383,RV-VAC-0080-1,4,[SINTÉTICO] Nivel 4 del criterio «Desarrollo profesional»: descriptor conductual de ejemplo.,20,synthetic,SYN-002194
CRI-0384-L1,CRI-0384,RV-VAC-0081-1,1,[SINTÉTICO] Nivel 1 del criterio «Evaluación formativa»: descriptor conductual de ejemplo.,5,synthetic,SYN-002198
CRI-0384-L2,CRI-0384,RV-VAC-0081-1,2,[SINTÉTICO] Nivel 2 del criterio «Evaluación formativa»: descriptor conductual de ejemplo.,10,synthetic,SYN-002199
CRI-0384-L3,CRI-0384,RV-VAC-0081-1,3,[SINTÉTICO] Nivel 3 del criterio «Evaluación formativa»: descriptor conductual de ejemplo.,15,synthetic,SYN-002200
CRI-0384-L4,CRI-0384,RV-VAC-0081-1,4,[SINTÉTICO] Nivel 4 del criterio «Evaluación formativa»: descriptor conductual de ejemplo.,20,synthetic,SYN-002201
CRI-0385-L1,CRI-0385,RV-VAC-0081-1,1,[SINTÉTICO] Nivel 1 del criterio «Organización del trabajo»: descriptor conductual de ejemplo.,5,synthetic,SYN-002203
CRI-0385-L2,CRI-0385,RV-VAC-0081-1,2,[SINTÉTICO] Nivel 2 del criterio «Organización del trabajo»: descriptor conductual de ejemplo.,10,synthetic,SYN-002204
CRI-0385-L3,CRI-0385,RV-VAC-0081-1,3,[SINTÉTICO] Nivel 3 del criterio «Organización del trabajo»: descriptor conductual de ejemplo.,15,synthetic,SYN-002205
CRI-0385-L4,CRI-0385,RV-VAC-0081-1,4,[SINTÉTICO] Nivel 4 del criterio «Organización del trabajo»: descriptor conductual de ejemplo.,20,synthetic,SYN-002206
CRI-0386-L1,CRI-0386,RV-VAC-0081-1,1,[SINTÉTICO] Nivel 1 del criterio «Trabajo con familias y comunidad»: descriptor conductual de ejemplo.,5,synthetic,SYN-002208
CRI-0386-L2,CRI-0386,RV-VAC-0081-1,2,[SINTÉTICO] Nivel 2 del criterio «Trabajo con familias y comunidad»: descriptor conductual de ejemplo.,10,synthetic,SYN-002209
CRI-0386-L3,CRI-0386,RV-VAC-0081-1,3,[SINTÉTICO] Nivel 3 del criterio «Trabajo con familias y comunidad»: descriptor conductual de ejemplo.,15,synthetic,SYN-002210
CRI-0386-L4,CRI-0386,RV-VAC-0081-1,4,[SINTÉTICO] Nivel 4 del criterio «Trabajo con familias y comunidad»: descriptor conductual de ejemplo.,20,synthetic,SYN-002211
CRI-0387-L1,CRI-0387,RV-VAC-0081-1,1,[SINTÉTICO] Nivel 1 del criterio «Conducción del aprendizaje»: descriptor conductual de ejemplo.,5,synthetic,SYN-002213
CRI-0387-L2,CRI-0387,RV-VAC-0081-1,2,[SINTÉTICO] Nivel 2 del criterio «Conducción del aprendizaje»: descriptor conductual de ejemplo.,10,synthetic,SYN-002214
CRI-0387-L3,CRI-0387,RV-VAC-0081-1,3,[SINTÉTICO] Nivel 3 del criterio «Conducción del aprendizaje»: descriptor conductual de ejemplo.,15,synthetic,SYN-002215
CRI-0387-L4,CRI-0387,RV-VAC-0081-1,4,[SINTÉTICO] Nivel 4 del criterio «Conducción del aprendizaje»: descriptor conductual de ejemplo.,20,synthetic,SYN-002216
CRI-0388-L1,CRI-0388,RV-VAC-0081-1,1,[SINTÉTICO] Nivel 1 del criterio «Planificación de la enseñanza»: descriptor conductual de ejemplo.,5,synthetic,SYN-002218
CRI-0388-L2,CRI-0388,RV-VAC-0081-1,2,[SINTÉTICO] Nivel 2 del criterio «Planificación de la enseñanza»: descriptor conductual de ejemplo.,10,synthetic,SYN-002219
CRI-0388-L3,CRI-0388,RV-VAC-0081-1,3,[SINTÉTICO] Nivel 3 del criterio «Planificación de la enseñanza»: descriptor conductual de ejemplo.,15,synthetic,SYN-002220
CRI-0388-L4,CRI-0388,RV-VAC-0081-1,4,[SINTÉTICO] Nivel 4 del criterio «Planificación de la enseñanza»: descriptor conductual de ejemplo.,20,synthetic,SYN-002221
CRI-0389-L1,CRI-0389,RV-VAC-0082-1,1,[SINTÉTICO] Nivel 1 del criterio «Evaluación formativa»: descriptor conductual de ejemplo.,5,synthetic,SYN-002227
CRI-0389-L2,CRI-0389,RV-VAC-0082-1,2,[SINTÉTICO] Nivel 2 del criterio «Evaluación formativa»: descriptor conductual de ejemplo.,10,synthetic,SYN-002228
CRI-0389-L3,CRI-0389,RV-VAC-0082-1,3,[SINTÉTICO] Nivel 3 del criterio «Evaluación formativa»: descriptor conductual de ejemplo.,15,synthetic,SYN-002229
CRI-0389-L4,CRI-0389,RV-VAC-0082-1,4,[SINTÉTICO] Nivel 4 del criterio «Evaluación formativa»: descriptor conductual de ejemplo.,20,synthetic,SYN-002230
CRI-0390-L1,CRI-0390,RV-VAC-0082-1,1,[SINTÉTICO] Nivel 1 del criterio «Planificación de la enseñanza»: descriptor conductual de ejemplo.,5,synthetic,SYN-002232
CRI-0390-L2,CRI-0390,RV-VAC-0082-1,2,[SINTÉTICO] Nivel 2 del criterio «Planificación de la enseñanza»: descriptor conductual de ejemplo.,10,synthetic,SYN-002233
CRI-0390-L3,CRI-0390,RV-VAC-0082-1,3,[SINTÉTICO] Nivel 3 del criterio «Planificación de la enseñanza»: descriptor conductual de ejemplo.,15,synthetic,SYN-002234
CRI-0390-L4,CRI-0390,RV-VAC-0082-1,4,[SINTÉTICO] Nivel 4 del criterio «Planificación de la enseñanza»: descriptor conductual de ejemplo.,20,synthetic,SYN-002235
CRI-0391-L1,CRI-0391,RV-VAC-0082-1,1,[SINTÉTICO] Nivel 1 del criterio «Trabajo con familias y comunidad»: descriptor conductual de ejemplo.,5,synthetic,SYN-002237
CRI-0391-L2,CRI-0391,RV-VAC-0082-1,2,[SINTÉTICO] Nivel 2 del criterio «Trabajo con familias y comunidad»: descriptor conductual de ejemplo.,10,synthetic,SYN-002238
CRI-0391-L3,CRI-0391,RV-VAC-0082-1,3,[SINTÉTICO] Nivel 3 del criterio «Trabajo con familias y comunidad»: descriptor conductual de ejemplo.,15,synthetic,SYN-002239
CRI-0391-L4,CRI-0391,RV-VAC-0082-1,4,[SINTÉTICO] Nivel 4 del criterio «Trabajo con familias y comunidad»: descriptor conductual de ejemplo.,20,synthetic,SYN-002240
CRI-0392-L1,CRI-0392,RV-VAC-0082-1,1,[SINTÉTICO] Nivel 1 del criterio «Desarrollo profesional»: descriptor conductual de ejemplo.,5,synthetic,SYN-002242
CRI-0392-L2,CRI-0392,RV-VAC-0082-1,2,[SINTÉTICO] Nivel 2 del criterio «Desarrollo profesional»: descriptor conductual de ejemplo.,10,synthetic,SYN-002243
CRI-0392-L3,CRI-0392,RV-VAC-0082-1,3,[SINTÉTICO] Nivel 3 del criterio «Desarrollo profesional»: descriptor conductual de ejemplo.,15,synthetic,SYN-002244
CRI-0392-L4,CRI-0392,RV-VAC-0082-1,4,[SINTÉTICO] Nivel 4 del criterio «Desarrollo profesional»: descriptor conductual de ejemplo.,20,synthetic,SYN-002245
CRI-0393-L1,CRI-0393,RV-VAC-0083-1,1,[SINTÉTICO] Nivel 1 del criterio «Organización del trabajo»: descriptor conductual de ejemplo.,5,synthetic,SYN-002249
CRI-0393-L2,CRI-0393,RV-VAC-0083-1,2,[SINTÉTICO] Nivel 2 del criterio «Organización del trabajo»: descriptor conductual de ejemplo.,10,synthetic,SYN-002250
CRI-0393-L3,CRI-0393,RV-VAC-0083-1,3,[SINTÉTICO] Nivel 3 del criterio «Organización del trabajo»: descriptor conductual de ejemplo.,15,synthetic,SYN-002251
CRI-0393-L4,CRI-0393,RV-VAC-0083-1,4,[SINTÉTICO] Nivel 4 del criterio «Organización del trabajo»: descriptor conductual de ejemplo.,20,synthetic,SYN-002252
CRI-0394-L1,CRI-0394,RV-VAC-0083-1,1,[SINTÉTICO] Nivel 1 del criterio «Conducción del aprendizaje»: descriptor conductual de ejemplo.,5,synthetic,SYN-002254
CRI-0394-L2,CRI-0394,RV-VAC-0083-1,2,[SINTÉTICO] Nivel 2 del criterio «Conducción del aprendizaje»: descriptor conductual de ejemplo.,10,synthetic,SYN-002255
CRI-0394-L3,CRI-0394,RV-VAC-0083-1,3,[SINTÉTICO] Nivel 3 del criterio «Conducción del aprendizaje»: descriptor conductual de ejemplo.,15,synthetic,SYN-002256
CRI-0394-L4,CRI-0394,RV-VAC-0083-1,4,[SINTÉTICO] Nivel 4 del criterio «Conducción del aprendizaje»: descriptor conductual de ejemplo.,20,synthetic,SYN-002257
CRI-0395-L1,CRI-0395,RV-VAC-0083-1,1,[SINTÉTICO] Nivel 1 del criterio «Planificación de la enseñanza»: descriptor conductual de ejemplo.,5,synthetic,SYN-002259
CRI-0395-L2,CRI-0395,RV-VAC-0083-1,2,[SINTÉTICO] Nivel 2 del criterio «Planificación de la enseñanza»: descriptor conductual de ejemplo.,10,synthetic,SYN-002260
CRI-0395-L3,CRI-0395,RV-VAC-0083-1,3,[SINTÉTICO] Nivel 3 del criterio «Planificación de la enseñanza»: descriptor conductual de ejemplo.,15,synthetic,SYN-002261
CRI-0395-L4,CRI-0395,RV-VAC-0083-1,4,[SINTÉTICO] Nivel 4 del criterio «Planificación de la enseñanza»: descriptor conductual de ejemplo.,20,synthetic,SYN-002262
CRI-0396-L1,CRI-0396,RV-VAC-0083-1,1,[SINTÉTICO] Nivel 1 del criterio «Desarrollo profesional»: descriptor conductual de ejemplo.,5,synthetic,SYN-002264
CRI-0396-L2,CRI-0396,RV-VAC-0083-1,2,[SINTÉTICO] Nivel 2 del criterio «Desarrollo profesional»: descriptor conductual de ejemplo.,10,synthetic,SYN-002265
CRI-0396-L3,CRI-0396,RV-VAC-0083-1,3,[SINTÉTICO] Nivel 3 del criterio «Desarrollo profesional»: descriptor conductual de ejemplo.,15,synthetic,SYN-002266
CRI-0396-L4,CRI-0396,RV-VAC-0083-1,4,[SINTÉTICO] Nivel 4 del criterio «Desarrollo profesional»: descriptor conductual de ejemplo.,20,synthetic,SYN-002267
CRI-0397-L1,CRI-0397,RV-VAC-0083-1,1,[SINTÉTICO] Nivel 1 del criterio «Evaluación formativa»: descriptor conductual de ejemplo.,5,synthetic,SYN-002269
CRI-0397-L2,CRI-0397,RV-VAC-0083-1,2,[SINTÉTICO] Nivel 2 del criterio «Evaluación formativa»: descriptor conductual de ejemplo.,10,synthetic,SYN-002270
CRI-0397-L3,CRI-0397,RV-VAC-0083-1,3,[SINTÉTICO] Nivel 3 del criterio «Evaluación formativa»: descriptor conductual de ejemplo.,15,synthetic,SYN-002271
CRI-0397-L4,CRI-0397,RV-VAC-0083-1,4,[SINTÉTICO] Nivel 4 del criterio «Evaluación formativa»: descriptor conductual de ejemplo.,20,synthetic,SYN-002272
CRI-0398-L1,CRI-0398,RV-VAC-0084-1,1,[SINTÉTICO] Nivel 1 del criterio «Planificación de la enseñanza»: descriptor conductual de ejemplo.,5,synthetic,SYN-002276
CRI-0398-L2,CRI-0398,RV-VAC-0084-1,2,[SINTÉTICO] Nivel 2 del criterio «Planificación de la enseñanza»: descriptor conductual de ejemplo.,10,synthetic,SYN-002277
CRI-0398-L3,CRI-0398,RV-VAC-0084-1,3,[SINTÉTICO] Nivel 3 del criterio «Planificación de la enseñanza»: descriptor conductual de ejemplo.,15,synthetic,SYN-002278
CRI-0398-L4,CRI-0398,RV-VAC-0084-1,4,[SINTÉTICO] Nivel 4 del criterio «Planificación de la enseñanza»: descriptor conductual de ejemplo.,20,synthetic,SYN-002279
CRI-0399-L1,CRI-0399,RV-VAC-0084-1,1,[SINTÉTICO] Nivel 1 del criterio «Evaluación formativa»: descriptor conductual de ejemplo.,5,synthetic,SYN-002281
CRI-0399-L2,CRI-0399,RV-VAC-0084-1,2,[SINTÉTICO] Nivel 2 del criterio «Evaluación formativa»: descriptor conductual de ejemplo.,10,synthetic,SYN-002282
CRI-0399-L3,CRI-0399,RV-VAC-0084-1,3,[SINTÉTICO] Nivel 3 del criterio «Evaluación formativa»: descriptor conductual de ejemplo.,15,synthetic,SYN-002283
CRI-0399-L4,CRI-0399,RV-VAC-0084-1,4,[SINTÉTICO] Nivel 4 del criterio «Evaluación formativa»: descriptor conductual de ejemplo.,20,synthetic,SYN-002284
CRI-0400-L1,CRI-0400,RV-VAC-0084-1,1,[SINTÉTICO] Nivel 1 del criterio «Conducción del aprendizaje»: descriptor conductual de ejemplo.,5,synthetic,SYN-002286
CRI-0400-L2,CRI-0400,RV-VAC-0084-1,2,[SINTÉTICO] Nivel 2 del criterio «Conducción del aprendizaje»: descriptor conductual de ejemplo.,10,synthetic,SYN-002287
CRI-0400-L3,CRI-0400,RV-VAC-0084-1,3,[SINTÉTICO] Nivel 3 del criterio «Conducción del aprendizaje»: descriptor conductual de ejemplo.,15,synthetic,SYN-002288
CRI-0400-L4,CRI-0400,RV-VAC-0084-1,4,[SINTÉTICO] Nivel 4 del criterio «Conducción del aprendizaje»: descriptor conductual de ejemplo.,20,synthetic,SYN-002289
CRI-0401-L1,CRI-0401,RV-VAC-0084-1,1,[SINTÉTICO] Nivel 1 del criterio «Trabajo con familias y comunidad»: descriptor conductual de ejemplo.,5,synthetic,SYN-002291
CRI-0401-L2,CRI-0401,RV-VAC-0084-1,2,[SINTÉTICO] Nivel 2 del criterio «Trabajo con familias y comunidad»: descriptor conductual de ejemplo.,10,synthetic,SYN-002292
CRI-0401-L3,CRI-0401,RV-VAC-0084-1,3,[SINTÉTICO] Nivel 3 del criterio «Trabajo con familias y comunidad»: descriptor conductual de ejemplo.,15,synthetic,SYN-002293
CRI-0401-L4,CRI-0401,RV-VAC-0084-1,4,[SINTÉTICO] Nivel 4 del criterio «Trabajo con familias y comunidad»: descriptor conductual de ejemplo.,20,synthetic,SYN-002294
CRI-0402-L1,CRI-0402,RV-VAC-0085-1,1,[SINTÉTICO] Nivel 1 del criterio «Desarrollo profesional»: descriptor conductual de ejemplo.,5,synthetic,SYN-002298
CRI-0402-L2,CRI-0402,RV-VAC-0085-1,2,[SINTÉTICO] Nivel 2 del criterio «Desarrollo profesional»: descriptor conductual de ejemplo.,10,synthetic,SYN-002299
CRI-0402-L3,CRI-0402,RV-VAC-0085-1,3,[SINTÉTICO] Nivel 3 del criterio «Desarrollo profesional»: descriptor conductual de ejemplo.,15,synthetic,SYN-002300
CRI-0402-L4,CRI-0402,RV-VAC-0085-1,4,[SINTÉTICO] Nivel 4 del criterio «Desarrollo profesional»: descriptor conductual de ejemplo.,20,synthetic,SYN-002301
CRI-0403-L1,CRI-0403,RV-VAC-0085-1,1,[SINTÉTICO] Nivel 1 del criterio «Gestión administrativa»: descriptor conductual de ejemplo.,5,synthetic,SYN-002303
CRI-0403-L2,CRI-0403,RV-VAC-0085-1,2,[SINTÉTICO] Nivel 2 del criterio «Gestión administrativa»: descriptor conductual de ejemplo.,10,synthetic,SYN-002304
CRI-0403-L3,CRI-0403,RV-VAC-0085-1,3,[SINTÉTICO] Nivel 3 del criterio «Gestión administrativa»: descriptor conductual de ejemplo.,15,synthetic,SYN-002305
CRI-0403-L4,CRI-0403,RV-VAC-0085-1,4,[SINTÉTICO] Nivel 4 del criterio «Gestión administrativa»: descriptor conductual de ejemplo.,20,synthetic,SYN-002306
CRI-0404-L1,CRI-0404,RV-VAC-0085-1,1,[SINTÉTICO] Nivel 1 del criterio «Atención al usuario»: descriptor conductual de ejemplo.,5,synthetic,SYN-002308
CRI-0404-L2,CRI-0404,RV-VAC-0085-1,2,[SINTÉTICO] Nivel 2 del criterio «Atención al usuario»: descriptor conductual de ejemplo.,10,synthetic,SYN-002309
CRI-0404-L3,CRI-0404,RV-VAC-0085-1,3,[SINTÉTICO] Nivel 3 del criterio «Atención al usuario»: descriptor conductual de ejemplo.,15,synthetic,SYN-002310
CRI-0404-L4,CRI-0404,RV-VAC-0085-1,4,[SINTÉTICO] Nivel 4 del criterio «Atención al usuario»: descriptor conductual de ejemplo.,20,synthetic,SYN-002311
CRI-0405-L1,CRI-0405,RV-VAC-0085-1,1,[SINTÉTICO] Nivel 1 del criterio «Organización del trabajo»: descriptor conductual de ejemplo.,5,synthetic,SYN-002313
CRI-0405-L2,CRI-0405,RV-VAC-0085-1,2,[SINTÉTICO] Nivel 2 del criterio «Organización del trabajo»: descriptor conductual de ejemplo.,10,synthetic,SYN-002314
CRI-0405-L3,CRI-0405,RV-VAC-0085-1,3,[SINTÉTICO] Nivel 3 del criterio «Organización del trabajo»: descriptor conductual de ejemplo.,15,synthetic,SYN-002315
CRI-0405-L4,CRI-0405,RV-VAC-0085-1,4,[SINTÉTICO] Nivel 4 del criterio «Organización del trabajo»: descriptor conductual de ejemplo.,20,synthetic,SYN-002316
CRI-0406-L1,CRI-0406,RV-VAC-0086-1,1,[SINTÉTICO] Nivel 1 del criterio «Trabajo con familias y comunidad»: descriptor conductual de ejemplo.,5,synthetic,SYN-002322
CRI-0406-L2,CRI-0406,RV-VAC-0086-1,2,[SINTÉTICO] Nivel 2 del criterio «Trabajo con familias y comunidad»: descriptor conductual de ejemplo.,10,synthetic,SYN-002323
CRI-0406-L3,CRI-0406,RV-VAC-0086-1,3,[SINTÉTICO] Nivel 3 del criterio «Trabajo con familias y comunidad»: descriptor conductual de ejemplo.,15,synthetic,SYN-002324
CRI-0406-L4,CRI-0406,RV-VAC-0086-1,4,[SINTÉTICO] Nivel 4 del criterio «Trabajo con familias y comunidad»: descriptor conductual de ejemplo.,20,synthetic,SYN-002325
CRI-0407-L1,CRI-0407,RV-VAC-0086-1,1,[SINTÉTICO] Nivel 1 del criterio «Planificación de la enseñanza»: descriptor conductual de ejemplo.,5,synthetic,SYN-002327
CRI-0407-L2,CRI-0407,RV-VAC-0086-1,2,[SINTÉTICO] Nivel 2 del criterio «Planificación de la enseñanza»: descriptor conductual de ejemplo.,10,synthetic,SYN-002328
CRI-0407-L3,CRI-0407,RV-VAC-0086-1,3,[SINTÉTICO] Nivel 3 del criterio «Planificación de la enseñanza»: descriptor conductual de ejemplo.,15,synthetic,SYN-002329
CRI-0407-L4,CRI-0407,RV-VAC-0086-1,4,[SINTÉTICO] Nivel 4 del criterio «Planificación de la enseñanza»: descriptor conductual de ejemplo.,20,synthetic,SYN-002330
CRI-0408-L1,CRI-0408,RV-VAC-0086-1,1,[SINTÉTICO] Nivel 1 del criterio «Organización del trabajo»: descriptor conductual de ejemplo.,5,synthetic,SYN-002332
CRI-0408-L2,CRI-0408,RV-VAC-0086-1,2,[SINTÉTICO] Nivel 2 del criterio «Organización del trabajo»: descriptor conductual de ejemplo.,10,synthetic,SYN-002333
CRI-0408-L3,CRI-0408,RV-VAC-0086-1,3,[SINTÉTICO] Nivel 3 del criterio «Organización del trabajo»: descriptor conductual de ejemplo.,15,synthetic,SYN-002334
CRI-0408-L4,CRI-0408,RV-VAC-0086-1,4,[SINTÉTICO] Nivel 4 del criterio «Organización del trabajo»: descriptor conductual de ejemplo.,20,synthetic,SYN-002335
CRI-0409-L1,CRI-0409,RV-VAC-0086-1,1,[SINTÉTICO] Nivel 1 del criterio «Evaluación formativa»: descriptor conductual de ejemplo.,5,synthetic,SYN-002337
CRI-0409-L2,CRI-0409,RV-VAC-0086-1,2,[SINTÉTICO] Nivel 2 del criterio «Evaluación formativa»: descriptor conductual de ejemplo.,10,synthetic,SYN-002338
CRI-0409-L3,CRI-0409,RV-VAC-0086-1,3,[SINTÉTICO] Nivel 3 del criterio «Evaluación formativa»: descriptor conductual de ejemplo.,15,synthetic,SYN-002339
CRI-0409-L4,CRI-0409,RV-VAC-0086-1,4,[SINTÉTICO] Nivel 4 del criterio «Evaluación formativa»: descriptor conductual de ejemplo.,20,synthetic,SYN-002340
CRI-0410-L1,CRI-0410,RV-VAC-0087-1,1,[SINTÉTICO] Nivel 1 del criterio «Organización del trabajo»: descriptor conductual de ejemplo.,5,synthetic,SYN-002344
CRI-0410-L2,CRI-0410,RV-VAC-0087-1,2,[SINTÉTICO] Nivel 2 del criterio «Organización del trabajo»: descriptor conductual de ejemplo.,10,synthetic,SYN-002345
CRI-0410-L3,CRI-0410,RV-VAC-0087-1,3,[SINTÉTICO] Nivel 3 del criterio «Organización del trabajo»: descriptor conductual de ejemplo.,15,synthetic,SYN-002346
CRI-0410-L4,CRI-0410,RV-VAC-0087-1,4,[SINTÉTICO] Nivel 4 del criterio «Organización del trabajo»: descriptor conductual de ejemplo.,20,synthetic,SYN-002347
CRI-0411-L1,CRI-0411,RV-VAC-0087-1,1,[SINTÉTICO] Nivel 1 del criterio «Gestión administrativa»: descriptor conductual de ejemplo.,5,synthetic,SYN-002349
CRI-0411-L2,CRI-0411,RV-VAC-0087-1,2,[SINTÉTICO] Nivel 2 del criterio «Gestión administrativa»: descriptor conductual de ejemplo.,10,synthetic,SYN-002350
CRI-0411-L3,CRI-0411,RV-VAC-0087-1,3,[SINTÉTICO] Nivel 3 del criterio «Gestión administrativa»: descriptor conductual de ejemplo.,15,synthetic,SYN-002351
CRI-0411-L4,CRI-0411,RV-VAC-0087-1,4,[SINTÉTICO] Nivel 4 del criterio «Gestión administrativa»: descriptor conductual de ejemplo.,20,synthetic,SYN-002352
CRI-0412-L1,CRI-0412,RV-VAC-0087-1,1,[SINTÉTICO] Nivel 1 del criterio «Desarrollo profesional»: descriptor conductual de ejemplo.,5,synthetic,SYN-002354
CRI-0412-L2,CRI-0412,RV-VAC-0087-1,2,[SINTÉTICO] Nivel 2 del criterio «Desarrollo profesional»: descriptor conductual de ejemplo.,10,synthetic,SYN-002355
CRI-0412-L3,CRI-0412,RV-VAC-0087-1,3,[SINTÉTICO] Nivel 3 del criterio «Desarrollo profesional»: descriptor conductual de ejemplo.,15,synthetic,SYN-002356
CRI-0412-L4,CRI-0412,RV-VAC-0087-1,4,[SINTÉTICO] Nivel 4 del criterio «Desarrollo profesional»: descriptor conductual de ejemplo.,20,synthetic,SYN-002357
CRI-0413-L1,CRI-0413,RV-VAC-0087-1,1,[SINTÉTICO] Nivel 1 del criterio «Atención al usuario»: descriptor conductual de ejemplo.,5,synthetic,SYN-002359
CRI-0413-L2,CRI-0413,RV-VAC-0087-1,2,[SINTÉTICO] Nivel 2 del criterio «Atención al usuario»: descriptor conductual de ejemplo.,10,synthetic,SYN-002360
CRI-0413-L3,CRI-0413,RV-VAC-0087-1,3,[SINTÉTICO] Nivel 3 del criterio «Atención al usuario»: descriptor conductual de ejemplo.,15,synthetic,SYN-002361
CRI-0413-L4,CRI-0413,RV-VAC-0087-1,4,[SINTÉTICO] Nivel 4 del criterio «Atención al usuario»: descriptor conductual de ejemplo.,20,synthetic,SYN-002362
CRI-0414-L1,CRI-0414,RV-VAC-0088-1,1,[SINTÉTICO] Nivel 1 del criterio «Evaluación formativa»: descriptor conductual de ejemplo.,5,synthetic,SYN-002368
CRI-0414-L2,CRI-0414,RV-VAC-0088-1,2,[SINTÉTICO] Nivel 2 del criterio «Evaluación formativa»: descriptor conductual de ejemplo.,10,synthetic,SYN-002369
CRI-0414-L3,CRI-0414,RV-VAC-0088-1,3,[SINTÉTICO] Nivel 3 del criterio «Evaluación formativa»: descriptor conductual de ejemplo.,15,synthetic,SYN-002370
CRI-0414-L4,CRI-0414,RV-VAC-0088-1,4,[SINTÉTICO] Nivel 4 del criterio «Evaluación formativa»: descriptor conductual de ejemplo.,20,synthetic,SYN-002371
CRI-0415-L1,CRI-0415,RV-VAC-0088-1,1,[SINTÉTICO] Nivel 1 del criterio «Planificación de la enseñanza»: descriptor conductual de ejemplo.,5,synthetic,SYN-002373
CRI-0415-L2,CRI-0415,RV-VAC-0088-1,2,[SINTÉTICO] Nivel 2 del criterio «Planificación de la enseñanza»: descriptor conductual de ejemplo.,10,synthetic,SYN-002374
CRI-0415-L3,CRI-0415,RV-VAC-0088-1,3,[SINTÉTICO] Nivel 3 del criterio «Planificación de la enseñanza»: descriptor conductual de ejemplo.,15,synthetic,SYN-002375
CRI-0415-L4,CRI-0415,RV-VAC-0088-1,4,[SINTÉTICO] Nivel 4 del criterio «Planificación de la enseñanza»: descriptor conductual de ejemplo.,20,synthetic,SYN-002376
CRI-0416-L1,CRI-0416,RV-VAC-0088-1,1,[SINTÉTICO] Nivel 1 del criterio «Organización del trabajo»: descriptor conductual de ejemplo.,5,synthetic,SYN-002378
CRI-0416-L2,CRI-0416,RV-VAC-0088-1,2,[SINTÉTICO] Nivel 2 del criterio «Organización del trabajo»: descriptor conductual de ejemplo.,10,synthetic,SYN-002379
CRI-0416-L3,CRI-0416,RV-VAC-0088-1,3,[SINTÉTICO] Nivel 3 del criterio «Organización del trabajo»: descriptor conductual de ejemplo.,15,synthetic,SYN-002380
CRI-0416-L4,CRI-0416,RV-VAC-0088-1,4,[SINTÉTICO] Nivel 4 del criterio «Organización del trabajo»: descriptor conductual de ejemplo.,20,synthetic,SYN-002381
CRI-0417-L1,CRI-0417,RV-VAC-0088-1,1,[SINTÉTICO] Nivel 1 del criterio «Conducción del aprendizaje»: descriptor conductual de ejemplo.,5,synthetic,SYN-002383
CRI-0417-L2,CRI-0417,RV-VAC-0088-1,2,[SINTÉTICO] Nivel 2 del criterio «Conducción del aprendizaje»: descriptor conductual de ejemplo.,10,synthetic,SYN-002384
CRI-0417-L3,CRI-0417,RV-VAC-0088-1,3,[SINTÉTICO] Nivel 3 del criterio «Conducción del aprendizaje»: descriptor conductual de ejemplo.,15,synthetic,SYN-002385
CRI-0417-L4,CRI-0417,RV-VAC-0088-1,4,[SINTÉTICO] Nivel 4 del criterio «Conducción del aprendizaje»: descriptor conductual de ejemplo.,20,synthetic,SYN-002386
CRI-0418-L1,CRI-0418,RV-VAC-0088-1,1,[SINTÉTICO] Nivel 1 del criterio «Trabajo con familias y comunidad»: descriptor conductual de ejemplo.,5,synthetic,SYN-002388
CRI-0418-L2,CRI-0418,RV-VAC-0088-1,2,[SINTÉTICO] Nivel 2 del criterio «Trabajo con familias y comunidad»: descriptor conductual de ejemplo.,10,synthetic,SYN-002389
CRI-0418-L3,CRI-0418,RV-VAC-0088-1,3,[SINTÉTICO] Nivel 3 del criterio «Trabajo con familias y comunidad»: descriptor conductual de ejemplo.,15,synthetic,SYN-002390
CRI-0418-L4,CRI-0418,RV-VAC-0088-1,4,[SINTÉTICO] Nivel 4 del criterio «Trabajo con familias y comunidad»: descriptor conductual de ejemplo.,20,synthetic,SYN-002391
CRI-0419-L1,CRI-0419,RV-VAC-0089-1,1,[SINTÉTICO] Nivel 1 del criterio «Trabajo con familias y comunidad»: descriptor conductual de ejemplo.,5,synthetic,SYN-002397
CRI-0419-L2,CRI-0419,RV-VAC-0089-1,2,[SINTÉTICO] Nivel 2 del criterio «Trabajo con familias y comunidad»: descriptor conductual de ejemplo.,10,synthetic,SYN-002398
CRI-0419-L3,CRI-0419,RV-VAC-0089-1,3,[SINTÉTICO] Nivel 3 del criterio «Trabajo con familias y comunidad»: descriptor conductual de ejemplo.,15,synthetic,SYN-002399
CRI-0419-L4,CRI-0419,RV-VAC-0089-1,4,[SINTÉTICO] Nivel 4 del criterio «Trabajo con familias y comunidad»: descriptor conductual de ejemplo.,20,synthetic,SYN-002400
CRI-0420-L1,CRI-0420,RV-VAC-0089-1,1,[SINTÉTICO] Nivel 1 del criterio «Conducción del aprendizaje»: descriptor conductual de ejemplo.,5,synthetic,SYN-002402
CRI-0420-L2,CRI-0420,RV-VAC-0089-1,2,[SINTÉTICO] Nivel 2 del criterio «Conducción del aprendizaje»: descriptor conductual de ejemplo.,10,synthetic,SYN-002403
CRI-0420-L3,CRI-0420,RV-VAC-0089-1,3,[SINTÉTICO] Nivel 3 del criterio «Conducción del aprendizaje»: descriptor conductual de ejemplo.,15,synthetic,SYN-002404
CRI-0420-L4,CRI-0420,RV-VAC-0089-1,4,[SINTÉTICO] Nivel 4 del criterio «Conducción del aprendizaje»: descriptor conductual de ejemplo.,20,synthetic,SYN-002405
CRI-0421-L1,CRI-0421,RV-VAC-0089-1,1,[SINTÉTICO] Nivel 1 del criterio «Desarrollo profesional»: descriptor conductual de ejemplo.,5,synthetic,SYN-002407
CRI-0421-L2,CRI-0421,RV-VAC-0089-1,2,[SINTÉTICO] Nivel 2 del criterio «Desarrollo profesional»: descriptor conductual de ejemplo.,10,synthetic,SYN-002408
CRI-0421-L3,CRI-0421,RV-VAC-0089-1,3,[SINTÉTICO] Nivel 3 del criterio «Desarrollo profesional»: descriptor conductual de ejemplo.,15,synthetic,SYN-002409
CRI-0421-L4,CRI-0421,RV-VAC-0089-1,4,[SINTÉTICO] Nivel 4 del criterio «Desarrollo profesional»: descriptor conductual de ejemplo.,20,synthetic,SYN-002410
CRI-0422-L1,CRI-0422,RV-VAC-0089-1,1,[SINTÉTICO] Nivel 1 del criterio «Planificación de la enseñanza»: descriptor conductual de ejemplo.,5,synthetic,SYN-002412
CRI-0422-L2,CRI-0422,RV-VAC-0089-1,2,[SINTÉTICO] Nivel 2 del criterio «Planificación de la enseñanza»: descriptor conductual de ejemplo.,10,synthetic,SYN-002413
CRI-0422-L3,CRI-0422,RV-VAC-0089-1,3,[SINTÉTICO] Nivel 3 del criterio «Planificación de la enseñanza»: descriptor conductual de ejemplo.,15,synthetic,SYN-002414
CRI-0422-L4,CRI-0422,RV-VAC-0089-1,4,[SINTÉTICO] Nivel 4 del criterio «Planificación de la enseñanza»: descriptor conductual de ejemplo.,20,synthetic,SYN-002415
CRI-0423-L1,CRI-0423,RV-VAC-0089-1,1,[SINTÉTICO] Nivel 1 del criterio «Evaluación formativa»: descriptor conductual de ejemplo.,5,synthetic,SYN-002417
CRI-0423-L2,CRI-0423,RV-VAC-0089-1,2,[SINTÉTICO] Nivel 2 del criterio «Evaluación formativa»: descriptor conductual de ejemplo.,10,synthetic,SYN-002418
CRI-0423-L3,CRI-0423,RV-VAC-0089-1,3,[SINTÉTICO] Nivel 3 del criterio «Evaluación formativa»: descriptor conductual de ejemplo.,15,synthetic,SYN-002419
CRI-0423-L4,CRI-0423,RV-VAC-0089-1,4,[SINTÉTICO] Nivel 4 del criterio «Evaluación formativa»: descriptor conductual de ejemplo.,20,synthetic,SYN-002420
CRI-0424-L1,CRI-0424,RV-VAC-0090-1,1,[SINTÉTICO] Nivel 1 del criterio «Atención al usuario»: descriptor conductual de ejemplo.,5,synthetic,SYN-002424
CRI-0424-L2,CRI-0424,RV-VAC-0090-1,2,[SINTÉTICO] Nivel 2 del criterio «Atención al usuario»: descriptor conductual de ejemplo.,10,synthetic,SYN-002425
CRI-0424-L3,CRI-0424,RV-VAC-0090-1,3,[SINTÉTICO] Nivel 3 del criterio «Atención al usuario»: descriptor conductual de ejemplo.,15,synthetic,SYN-002426
CRI-0424-L4,CRI-0424,RV-VAC-0090-1,4,[SINTÉTICO] Nivel 4 del criterio «Atención al usuario»: descriptor conductual de ejemplo.,20,synthetic,SYN-002427
CRI-0425-L1,CRI-0425,RV-VAC-0090-1,1,[SINTÉTICO] Nivel 1 del criterio «Gestión administrativa»: descriptor conductual de ejemplo.,5,synthetic,SYN-002429
CRI-0425-L2,CRI-0425,RV-VAC-0090-1,2,[SINTÉTICO] Nivel 2 del criterio «Gestión administrativa»: descriptor conductual de ejemplo.,10,synthetic,SYN-002430
CRI-0425-L3,CRI-0425,RV-VAC-0090-1,3,[SINTÉTICO] Nivel 3 del criterio «Gestión administrativa»: descriptor conductual de ejemplo.,15,synthetic,SYN-002431
CRI-0425-L4,CRI-0425,RV-VAC-0090-1,4,[SINTÉTICO] Nivel 4 del criterio «Gestión administrativa»: descriptor conductual de ejemplo.,20,synthetic,SYN-002432
CRI-0426-L1,CRI-0426,RV-VAC-0090-1,1,[SINTÉTICO] Nivel 1 del criterio «Organización del trabajo»: descriptor conductual de ejemplo.,5,synthetic,SYN-002434
CRI-0426-L2,CRI-0426,RV-VAC-0090-1,2,[SINTÉTICO] Nivel 2 del criterio «Organización del trabajo»: descriptor conductual de ejemplo.,10,synthetic,SYN-002435
CRI-0426-L3,CRI-0426,RV-VAC-0090-1,3,[SINTÉTICO] Nivel 3 del criterio «Organización del trabajo»: descriptor conductual de ejemplo.,15,synthetic,SYN-002436
CRI-0426-L4,CRI-0426,RV-VAC-0090-1,4,[SINTÉTICO] Nivel 4 del criterio «Organización del trabajo»: descriptor conductual de ejemplo.,20,synthetic,SYN-002437
CRI-0427-L1,CRI-0427,RV-VAC-0090-1,1,[SINTÉTICO] Nivel 1 del criterio «Desarrollo profesional»: descriptor conductual de ejemplo.,5,synthetic,SYN-002439
CRI-0427-L2,CRI-0427,RV-VAC-0090-1,2,[SINTÉTICO] Nivel 2 del criterio «Desarrollo profesional»: descriptor conductual de ejemplo.,10,synthetic,SYN-002440
CRI-0427-L3,CRI-0427,RV-VAC-0090-1,3,[SINTÉTICO] Nivel 3 del criterio «Desarrollo profesional»: descriptor conductual de ejemplo.,15,synthetic,SYN-002441
CRI-0427-L4,CRI-0427,RV-VAC-0090-1,4,[SINTÉTICO] Nivel 4 del criterio «Desarrollo profesional»: descriptor conductual de ejemplo.,20,synthetic,SYN-002442
CRI-0428-L1,CRI-0428,RV-VAC-0091-1,1,[SINTÉTICO] Nivel 1 del criterio «Gestión administrativa»: descriptor conductual de ejemplo.,5,synthetic,SYN-002446
CRI-0428-L2,CRI-0428,RV-VAC-0091-1,2,[SINTÉTICO] Nivel 2 del criterio «Gestión administrativa»: descriptor conductual de ejemplo.,10,synthetic,SYN-002447
CRI-0428-L3,CRI-0428,RV-VAC-0091-1,3,[SINTÉTICO] Nivel 3 del criterio «Gestión administrativa»: descriptor conductual de ejemplo.,15,synthetic,SYN-002448
CRI-0428-L4,CRI-0428,RV-VAC-0091-1,4,[SINTÉTICO] Nivel 4 del criterio «Gestión administrativa»: descriptor conductual de ejemplo.,20,synthetic,SYN-002449
CRI-0429-L1,CRI-0429,RV-VAC-0091-1,1,[SINTÉTICO] Nivel 1 del criterio «Atención al usuario»: descriptor conductual de ejemplo.,5,synthetic,SYN-002451
CRI-0429-L2,CRI-0429,RV-VAC-0091-1,2,[SINTÉTICO] Nivel 2 del criterio «Atención al usuario»: descriptor conductual de ejemplo.,10,synthetic,SYN-002452
CRI-0429-L3,CRI-0429,RV-VAC-0091-1,3,[SINTÉTICO] Nivel 3 del criterio «Atención al usuario»: descriptor conductual de ejemplo.,15,synthetic,SYN-002453
CRI-0429-L4,CRI-0429,RV-VAC-0091-1,4,[SINTÉTICO] Nivel 4 del criterio «Atención al usuario»: descriptor conductual de ejemplo.,20,synthetic,SYN-002454
CRI-0430-L1,CRI-0430,RV-VAC-0091-1,1,[SINTÉTICO] Nivel 1 del criterio «Organización del trabajo»: descriptor conductual de ejemplo.,5,synthetic,SYN-002456
CRI-0430-L2,CRI-0430,RV-VAC-0091-1,2,[SINTÉTICO] Nivel 2 del criterio «Organización del trabajo»: descriptor conductual de ejemplo.,10,synthetic,SYN-002457
CRI-0430-L3,CRI-0430,RV-VAC-0091-1,3,[SINTÉTICO] Nivel 3 del criterio «Organización del trabajo»: descriptor conductual de ejemplo.,15,synthetic,SYN-002458
CRI-0430-L4,CRI-0430,RV-VAC-0091-1,4,[SINTÉTICO] Nivel 4 del criterio «Organización del trabajo»: descriptor conductual de ejemplo.,20,synthetic,SYN-002459
CRI-0431-L1,CRI-0431,RV-VAC-0091-1,1,[SINTÉTICO] Nivel 1 del criterio «Desarrollo profesional»: descriptor conductual de ejemplo.,5,synthetic,SYN-002461
CRI-0431-L2,CRI-0431,RV-VAC-0091-1,2,[SINTÉTICO] Nivel 2 del criterio «Desarrollo profesional»: descriptor conductual de ejemplo.,10,synthetic,SYN-002462
CRI-0431-L3,CRI-0431,RV-VAC-0091-1,3,[SINTÉTICO] Nivel 3 del criterio «Desarrollo profesional»: descriptor conductual de ejemplo.,15,synthetic,SYN-002463
CRI-0431-L4,CRI-0431,RV-VAC-0091-1,4,[SINTÉTICO] Nivel 4 del criterio «Desarrollo profesional»: descriptor conductual de ejemplo.,20,synthetic,SYN-002464
CRI-0432-L1,CRI-0432,RV-VAC-0092-1,1,[SINTÉTICO] Nivel 1 del criterio «Organización del trabajo»: descriptor conductual de ejemplo.,5,synthetic,SYN-002470
CRI-0432-L2,CRI-0432,RV-VAC-0092-1,2,[SINTÉTICO] Nivel 2 del criterio «Organización del trabajo»: descriptor conductual de ejemplo.,10,synthetic,SYN-002471
CRI-0432-L3,CRI-0432,RV-VAC-0092-1,3,[SINTÉTICO] Nivel 3 del criterio «Organización del trabajo»: descriptor conductual de ejemplo.,15,synthetic,SYN-002472
CRI-0432-L4,CRI-0432,RV-VAC-0092-1,4,[SINTÉTICO] Nivel 4 del criterio «Organización del trabajo»: descriptor conductual de ejemplo.,20,synthetic,SYN-002473
CRI-0433-L1,CRI-0433,RV-VAC-0092-1,1,[SINTÉTICO] Nivel 1 del criterio «Trabajo con familias y comunidad»: descriptor conductual de ejemplo.,5,synthetic,SYN-002475
CRI-0433-L2,CRI-0433,RV-VAC-0092-1,2,[SINTÉTICO] Nivel 2 del criterio «Trabajo con familias y comunidad»: descriptor conductual de ejemplo.,10,synthetic,SYN-002476
CRI-0433-L3,CRI-0433,RV-VAC-0092-1,3,[SINTÉTICO] Nivel 3 del criterio «Trabajo con familias y comunidad»: descriptor conductual de ejemplo.,15,synthetic,SYN-002477
CRI-0433-L4,CRI-0433,RV-VAC-0092-1,4,[SINTÉTICO] Nivel 4 del criterio «Trabajo con familias y comunidad»: descriptor conductual de ejemplo.,20,synthetic,SYN-002478
CRI-0434-L1,CRI-0434,RV-VAC-0092-1,1,[SINTÉTICO] Nivel 1 del criterio «Evaluación formativa»: descriptor conductual de ejemplo.,5,synthetic,SYN-002480
CRI-0434-L2,CRI-0434,RV-VAC-0092-1,2,[SINTÉTICO] Nivel 2 del criterio «Evaluación formativa»: descriptor conductual de ejemplo.,10,synthetic,SYN-002481
CRI-0434-L3,CRI-0434,RV-VAC-0092-1,3,[SINTÉTICO] Nivel 3 del criterio «Evaluación formativa»: descriptor conductual de ejemplo.,15,synthetic,SYN-002482
CRI-0434-L4,CRI-0434,RV-VAC-0092-1,4,[SINTÉTICO] Nivel 4 del criterio «Evaluación formativa»: descriptor conductual de ejemplo.,20,synthetic,SYN-002483
CRI-0435-L1,CRI-0435,RV-VAC-0092-1,1,[SINTÉTICO] Nivel 1 del criterio «Planificación de la enseñanza»: descriptor conductual de ejemplo.,5,synthetic,SYN-002485
CRI-0435-L2,CRI-0435,RV-VAC-0092-1,2,[SINTÉTICO] Nivel 2 del criterio «Planificación de la enseñanza»: descriptor conductual de ejemplo.,10,synthetic,SYN-002486
CRI-0435-L3,CRI-0435,RV-VAC-0092-1,3,[SINTÉTICO] Nivel 3 del criterio «Planificación de la enseñanza»: descriptor conductual de ejemplo.,15,synthetic,SYN-002487
CRI-0435-L4,CRI-0435,RV-VAC-0092-1,4,[SINTÉTICO] Nivel 4 del criterio «Planificación de la enseñanza»: descriptor conductual de ejemplo.,20,synthetic,SYN-002488
CRI-0436-L1,CRI-0436,RV-VAC-0092-1,1,[SINTÉTICO] Nivel 1 del criterio «Desarrollo profesional»: descriptor conductual de ejemplo.,5,synthetic,SYN-002490
CRI-0436-L2,CRI-0436,RV-VAC-0092-1,2,[SINTÉTICO] Nivel 2 del criterio «Desarrollo profesional»: descriptor conductual de ejemplo.,10,synthetic,SYN-002491
CRI-0436-L3,CRI-0436,RV-VAC-0092-1,3,[SINTÉTICO] Nivel 3 del criterio «Desarrollo profesional»: descriptor conductual de ejemplo.,15,synthetic,SYN-002492
CRI-0436-L4,CRI-0436,RV-VAC-0092-1,4,[SINTÉTICO] Nivel 4 del criterio «Desarrollo profesional»: descriptor conductual de ejemplo.,20,synthetic,SYN-002493
CRI-0437-L1,CRI-0437,RV-VAC-0092-1,1,[SINTÉTICO] Nivel 1 del criterio «Conducción del aprendizaje»: descriptor conductual de ejemplo.,5,synthetic,SYN-002495
CRI-0437-L2,CRI-0437,RV-VAC-0092-1,2,[SINTÉTICO] Nivel 2 del criterio «Conducción del aprendizaje»: descriptor conductual de ejemplo.,10,synthetic,SYN-002496
CRI-0437-L3,CRI-0437,RV-VAC-0092-1,3,[SINTÉTICO] Nivel 3 del criterio «Conducción del aprendizaje»: descriptor conductual de ejemplo.,15,synthetic,SYN-002497
CRI-0437-L4,CRI-0437,RV-VAC-0092-1,4,[SINTÉTICO] Nivel 4 del criterio «Conducción del aprendizaje»: descriptor conductual de ejemplo.,20,synthetic,SYN-002498
CRI-0438-L1,CRI-0438,RV-VAC-0093-1,1,[SINTÉTICO] Nivel 1 del criterio «Trabajo con familias y comunidad»: descriptor conductual de ejemplo.,5,synthetic,SYN-002502
CRI-0438-L2,CRI-0438,RV-VAC-0093-1,2,[SINTÉTICO] Nivel 2 del criterio «Trabajo con familias y comunidad»: descriptor conductual de ejemplo.,10,synthetic,SYN-002503
CRI-0438-L3,CRI-0438,RV-VAC-0093-1,3,[SINTÉTICO] Nivel 3 del criterio «Trabajo con familias y comunidad»: descriptor conductual de ejemplo.,15,synthetic,SYN-002504
CRI-0438-L4,CRI-0438,RV-VAC-0093-1,4,[SINTÉTICO] Nivel 4 del criterio «Trabajo con familias y comunidad»: descriptor conductual de ejemplo.,20,synthetic,SYN-002505
CRI-0439-L1,CRI-0439,RV-VAC-0093-1,1,[SINTÉTICO] Nivel 1 del criterio «Planificación de la enseñanza»: descriptor conductual de ejemplo.,5,synthetic,SYN-002507
CRI-0439-L2,CRI-0439,RV-VAC-0093-1,2,[SINTÉTICO] Nivel 2 del criterio «Planificación de la enseñanza»: descriptor conductual de ejemplo.,10,synthetic,SYN-002508
CRI-0439-L3,CRI-0439,RV-VAC-0093-1,3,[SINTÉTICO] Nivel 3 del criterio «Planificación de la enseñanza»: descriptor conductual de ejemplo.,15,synthetic,SYN-002509
CRI-0439-L4,CRI-0439,RV-VAC-0093-1,4,[SINTÉTICO] Nivel 4 del criterio «Planificación de la enseñanza»: descriptor conductual de ejemplo.,20,synthetic,SYN-002510
CRI-0440-L1,CRI-0440,RV-VAC-0093-1,1,[SINTÉTICO] Nivel 1 del criterio «Organización del trabajo»: descriptor conductual de ejemplo.,5,synthetic,SYN-002512
CRI-0440-L2,CRI-0440,RV-VAC-0093-1,2,[SINTÉTICO] Nivel 2 del criterio «Organización del trabajo»: descriptor conductual de ejemplo.,10,synthetic,SYN-002513
CRI-0440-L3,CRI-0440,RV-VAC-0093-1,3,[SINTÉTICO] Nivel 3 del criterio «Organización del trabajo»: descriptor conductual de ejemplo.,15,synthetic,SYN-002514
CRI-0440-L4,CRI-0440,RV-VAC-0093-1,4,[SINTÉTICO] Nivel 4 del criterio «Organización del trabajo»: descriptor conductual de ejemplo.,20,synthetic,SYN-002515
CRI-0441-L1,CRI-0441,RV-VAC-0093-1,1,[SINTÉTICO] Nivel 1 del criterio «Conducción del aprendizaje»: descriptor conductual de ejemplo.,5,synthetic,SYN-002517
CRI-0441-L2,CRI-0441,RV-VAC-0093-1,2,[SINTÉTICO] Nivel 2 del criterio «Conducción del aprendizaje»: descriptor conductual de ejemplo.,10,synthetic,SYN-002518
CRI-0441-L3,CRI-0441,RV-VAC-0093-1,3,[SINTÉTICO] Nivel 3 del criterio «Conducción del aprendizaje»: descriptor conductual de ejemplo.,15,synthetic,SYN-002519
CRI-0441-L4,CRI-0441,RV-VAC-0093-1,4,[SINTÉTICO] Nivel 4 del criterio «Conducción del aprendizaje»: descriptor conductual de ejemplo.,20,synthetic,SYN-002520
CRI-0442-L1,CRI-0442,RV-VAC-0093-1,1,[SINTÉTICO] Nivel 1 del criterio «Evaluación formativa»: descriptor conductual de ejemplo.,5,synthetic,SYN-002522
CRI-0442-L2,CRI-0442,RV-VAC-0093-1,2,[SINTÉTICO] Nivel 2 del criterio «Evaluación formativa»: descriptor conductual de ejemplo.,10,synthetic,SYN-002523
CRI-0442-L3,CRI-0442,RV-VAC-0093-1,3,[SINTÉTICO] Nivel 3 del criterio «Evaluación formativa»: descriptor conductual de ejemplo.,15,synthetic,SYN-002524
CRI-0442-L4,CRI-0442,RV-VAC-0093-1,4,[SINTÉTICO] Nivel 4 del criterio «Evaluación formativa»: descriptor conductual de ejemplo.,20,synthetic,SYN-002525
CRI-0443-L1,CRI-0443,RV-VAC-0094-1,1,[SINTÉTICO] Nivel 1 del criterio «Atención al usuario»: descriptor conductual de ejemplo.,5,synthetic,SYN-002531
CRI-0443-L2,CRI-0443,RV-VAC-0094-1,2,[SINTÉTICO] Nivel 2 del criterio «Atención al usuario»: descriptor conductual de ejemplo.,10,synthetic,SYN-002532
CRI-0443-L3,CRI-0443,RV-VAC-0094-1,3,[SINTÉTICO] Nivel 3 del criterio «Atención al usuario»: descriptor conductual de ejemplo.,15,synthetic,SYN-002533
CRI-0443-L4,CRI-0443,RV-VAC-0094-1,4,[SINTÉTICO] Nivel 4 del criterio «Atención al usuario»: descriptor conductual de ejemplo.,20,synthetic,SYN-002534
CRI-0444-L1,CRI-0444,RV-VAC-0094-1,1,[SINTÉTICO] Nivel 1 del criterio «Desarrollo profesional»: descriptor conductual de ejemplo.,5,synthetic,SYN-002536
CRI-0444-L2,CRI-0444,RV-VAC-0094-1,2,[SINTÉTICO] Nivel 2 del criterio «Desarrollo profesional»: descriptor conductual de ejemplo.,10,synthetic,SYN-002537
CRI-0444-L3,CRI-0444,RV-VAC-0094-1,3,[SINTÉTICO] Nivel 3 del criterio «Desarrollo profesional»: descriptor conductual de ejemplo.,15,synthetic,SYN-002538
CRI-0444-L4,CRI-0444,RV-VAC-0094-1,4,[SINTÉTICO] Nivel 4 del criterio «Desarrollo profesional»: descriptor conductual de ejemplo.,20,synthetic,SYN-002539
CRI-0445-L1,CRI-0445,RV-VAC-0094-1,1,[SINTÉTICO] Nivel 1 del criterio «Gestión administrativa»: descriptor conductual de ejemplo.,5,synthetic,SYN-002541
CRI-0445-L2,CRI-0445,RV-VAC-0094-1,2,[SINTÉTICO] Nivel 2 del criterio «Gestión administrativa»: descriptor conductual de ejemplo.,10,synthetic,SYN-002542
CRI-0445-L3,CRI-0445,RV-VAC-0094-1,3,[SINTÉTICO] Nivel 3 del criterio «Gestión administrativa»: descriptor conductual de ejemplo.,15,synthetic,SYN-002543
CRI-0445-L4,CRI-0445,RV-VAC-0094-1,4,[SINTÉTICO] Nivel 4 del criterio «Gestión administrativa»: descriptor conductual de ejemplo.,20,synthetic,SYN-002544
CRI-0446-L1,CRI-0446,RV-VAC-0094-1,1,[SINTÉTICO] Nivel 1 del criterio «Organización del trabajo»: descriptor conductual de ejemplo.,5,synthetic,SYN-002546
CRI-0446-L2,CRI-0446,RV-VAC-0094-1,2,[SINTÉTICO] Nivel 2 del criterio «Organización del trabajo»: descriptor conductual de ejemplo.,10,synthetic,SYN-002547
CRI-0446-L3,CRI-0446,RV-VAC-0094-1,3,[SINTÉTICO] Nivel 3 del criterio «Organización del trabajo»: descriptor conductual de ejemplo.,15,synthetic,SYN-002548
CRI-0446-L4,CRI-0446,RV-VAC-0094-1,4,[SINTÉTICO] Nivel 4 del criterio «Organización del trabajo»: descriptor conductual de ejemplo.,20,synthetic,SYN-002549
CRI-0447-L1,CRI-0447,RV-VAC-0095-1,1,[SINTÉTICO] Nivel 1 del criterio «Evaluación formativa»: descriptor conductual de ejemplo.,5,synthetic,SYN-002553
CRI-0447-L2,CRI-0447,RV-VAC-0095-1,2,[SINTÉTICO] Nivel 2 del criterio «Evaluación formativa»: descriptor conductual de ejemplo.,10,synthetic,SYN-002554
CRI-0447-L3,CRI-0447,RV-VAC-0095-1,3,[SINTÉTICO] Nivel 3 del criterio «Evaluación formativa»: descriptor conductual de ejemplo.,15,synthetic,SYN-002555
CRI-0447-L4,CRI-0447,RV-VAC-0095-1,4,[SINTÉTICO] Nivel 4 del criterio «Evaluación formativa»: descriptor conductual de ejemplo.,20,synthetic,SYN-002556
CRI-0448-L1,CRI-0448,RV-VAC-0095-1,1,[SINTÉTICO] Nivel 1 del criterio «Desarrollo profesional»: descriptor conductual de ejemplo.,5,synthetic,SYN-002558
CRI-0448-L2,CRI-0448,RV-VAC-0095-1,2,[SINTÉTICO] Nivel 2 del criterio «Desarrollo profesional»: descriptor conductual de ejemplo.,10,synthetic,SYN-002559
CRI-0448-L3,CRI-0448,RV-VAC-0095-1,3,[SINTÉTICO] Nivel 3 del criterio «Desarrollo profesional»: descriptor conductual de ejemplo.,15,synthetic,SYN-002560
CRI-0448-L4,CRI-0448,RV-VAC-0095-1,4,[SINTÉTICO] Nivel 4 del criterio «Desarrollo profesional»: descriptor conductual de ejemplo.,20,synthetic,SYN-002561
CRI-0449-L1,CRI-0449,RV-VAC-0095-1,1,[SINTÉTICO] Nivel 1 del criterio «Planificación de la enseñanza»: descriptor conductual de ejemplo.,5,synthetic,SYN-002563
CRI-0449-L2,CRI-0449,RV-VAC-0095-1,2,[SINTÉTICO] Nivel 2 del criterio «Planificación de la enseñanza»: descriptor conductual de ejemplo.,10,synthetic,SYN-002564
CRI-0449-L3,CRI-0449,RV-VAC-0095-1,3,[SINTÉTICO] Nivel 3 del criterio «Planificación de la enseñanza»: descriptor conductual de ejemplo.,15,synthetic,SYN-002565
CRI-0449-L4,CRI-0449,RV-VAC-0095-1,4,[SINTÉTICO] Nivel 4 del criterio «Planificación de la enseñanza»: descriptor conductual de ejemplo.,20,synthetic,SYN-002566
CRI-0450-L1,CRI-0450,RV-VAC-0095-1,1,[SINTÉTICO] Nivel 1 del criterio «Conducción del aprendizaje»: descriptor conductual de ejemplo.,5,synthetic,SYN-002568
CRI-0450-L2,CRI-0450,RV-VAC-0095-1,2,[SINTÉTICO] Nivel 2 del criterio «Conducción del aprendizaje»: descriptor conductual de ejemplo.,10,synthetic,SYN-002569
CRI-0450-L3,CRI-0450,RV-VAC-0095-1,3,[SINTÉTICO] Nivel 3 del criterio «Conducción del aprendizaje»: descriptor conductual de ejemplo.,15,synthetic,SYN-002570
CRI-0450-L4,CRI-0450,RV-VAC-0095-1,4,[SINTÉTICO] Nivel 4 del criterio «Conducción del aprendizaje»: descriptor conductual de ejemplo.,20,synthetic,SYN-002571
CRI-0451-L1,CRI-0451,RV-VAC-0095-1,1,[SINTÉTICO] Nivel 1 del criterio «Organización del trabajo»: descriptor conductual de ejemplo.,5,synthetic,SYN-002573
CRI-0451-L2,CRI-0451,RV-VAC-0095-1,2,[SINTÉTICO] Nivel 2 del criterio «Organización del trabajo»: descriptor conductual de ejemplo.,10,synthetic,SYN-002574
CRI-0451-L3,CRI-0451,RV-VAC-0095-1,3,[SINTÉTICO] Nivel 3 del criterio «Organización del trabajo»: descriptor conductual de ejemplo.,15,synthetic,SYN-002575
CRI-0451-L4,CRI-0451,RV-VAC-0095-1,4,[SINTÉTICO] Nivel 4 del criterio «Organización del trabajo»: descriptor conductual de ejemplo.,20,synthetic,SYN-002576
CRI-0452-L1,CRI-0452,RV-VAC-0095-1,1,[SINTÉTICO] Nivel 1 del criterio «Trabajo con familias y comunidad»: descriptor conductual de ejemplo.,5,synthetic,SYN-002578
CRI-0452-L2,CRI-0452,RV-VAC-0095-1,2,[SINTÉTICO] Nivel 2 del criterio «Trabajo con familias y comunidad»: descriptor conductual de ejemplo.,10,synthetic,SYN-002579
CRI-0452-L3,CRI-0452,RV-VAC-0095-1,3,[SINTÉTICO] Nivel 3 del criterio «Trabajo con familias y comunidad»: descriptor conductual de ejemplo.,15,synthetic,SYN-002580
CRI-0452-L4,CRI-0452,RV-VAC-0095-1,4,[SINTÉTICO] Nivel 4 del criterio «Trabajo con familias y comunidad»: descriptor conductual de ejemplo.,20,synthetic,SYN-002581
CRI-0453-L1,CRI-0453,RV-VAC-0096-1,1,[SINTÉTICO] Nivel 1 del criterio «Desarrollo profesional»: descriptor conductual de ejemplo.,5,synthetic,SYN-002587
CRI-0453-L2,CRI-0453,RV-VAC-0096-1,2,[SINTÉTICO] Nivel 2 del criterio «Desarrollo profesional»: descriptor conductual de ejemplo.,10,synthetic,SYN-002588
CRI-0453-L3,CRI-0453,RV-VAC-0096-1,3,[SINTÉTICO] Nivel 3 del criterio «Desarrollo profesional»: descriptor conductual de ejemplo.,15,synthetic,SYN-002589
CRI-0453-L4,CRI-0453,RV-VAC-0096-1,4,[SINTÉTICO] Nivel 4 del criterio «Desarrollo profesional»: descriptor conductual de ejemplo.,20,synthetic,SYN-002590
CRI-0454-L1,CRI-0454,RV-VAC-0096-1,1,[SINTÉTICO] Nivel 1 del criterio «Trabajo con familias y comunidad»: descriptor conductual de ejemplo.,5,synthetic,SYN-002592
CRI-0454-L2,CRI-0454,RV-VAC-0096-1,2,[SINTÉTICO] Nivel 2 del criterio «Trabajo con familias y comunidad»: descriptor conductual de ejemplo.,10,synthetic,SYN-002593
CRI-0454-L3,CRI-0454,RV-VAC-0096-1,3,[SINTÉTICO] Nivel 3 del criterio «Trabajo con familias y comunidad»: descriptor conductual de ejemplo.,15,synthetic,SYN-002594
CRI-0454-L4,CRI-0454,RV-VAC-0096-1,4,[SINTÉTICO] Nivel 4 del criterio «Trabajo con familias y comunidad»: descriptor conductual de ejemplo.,20,synthetic,SYN-002595
CRI-0455-L1,CRI-0455,RV-VAC-0096-1,1,[SINTÉTICO] Nivel 1 del criterio «Organización del trabajo»: descriptor conductual de ejemplo.,5,synthetic,SYN-002597
CRI-0455-L2,CRI-0455,RV-VAC-0096-1,2,[SINTÉTICO] Nivel 2 del criterio «Organización del trabajo»: descriptor conductual de ejemplo.,10,synthetic,SYN-002598
CRI-0455-L3,CRI-0455,RV-VAC-0096-1,3,[SINTÉTICO] Nivel 3 del criterio «Organización del trabajo»: descriptor conductual de ejemplo.,15,synthetic,SYN-002599
CRI-0455-L4,CRI-0455,RV-VAC-0096-1,4,[SINTÉTICO] Nivel 4 del criterio «Organización del trabajo»: descriptor conductual de ejemplo.,20,synthetic,SYN-002600
CRI-0456-L1,CRI-0456,RV-VAC-0096-1,1,[SINTÉTICO] Nivel 1 del criterio «Conducción del aprendizaje»: descriptor conductual de ejemplo.,5,synthetic,SYN-002602
CRI-0456-L2,CRI-0456,RV-VAC-0096-1,2,[SINTÉTICO] Nivel 2 del criterio «Conducción del aprendizaje»: descriptor conductual de ejemplo.,10,synthetic,SYN-002603
CRI-0456-L3,CRI-0456,RV-VAC-0096-1,3,[SINTÉTICO] Nivel 3 del criterio «Conducción del aprendizaje»: descriptor conductual de ejemplo.,15,synthetic,SYN-002604
CRI-0456-L4,CRI-0456,RV-VAC-0096-1,4,[SINTÉTICO] Nivel 4 del criterio «Conducción del aprendizaje»: descriptor conductual de ejemplo.,20,synthetic,SYN-002605
CRI-0457-L1,CRI-0457,RV-VAC-0096-1,1,[SINTÉTICO] Nivel 1 del criterio «Planificación de la enseñanza»: descriptor conductual de ejemplo.,5,synthetic,SYN-002607
CRI-0457-L2,CRI-0457,RV-VAC-0096-1,2,[SINTÉTICO] Nivel 2 del criterio «Planificación de la enseñanza»: descriptor conductual de ejemplo.,10,synthetic,SYN-002608
CRI-0457-L3,CRI-0457,RV-VAC-0096-1,3,[SINTÉTICO] Nivel 3 del criterio «Planificación de la enseñanza»: descriptor conductual de ejemplo.,15,synthetic,SYN-002609
CRI-0457-L4,CRI-0457,RV-VAC-0096-1,4,[SINTÉTICO] Nivel 4 del criterio «Planificación de la enseñanza»: descriptor conductual de ejemplo.,20,synthetic,SYN-002610
CRI-0458-L1,CRI-0458,RV-VAC-0097-1,1,[SINTÉTICO] Nivel 1 del criterio «Desarrollo profesional»: descriptor conductual de ejemplo.,5,synthetic,SYN-002616
CRI-0458-L2,CRI-0458,RV-VAC-0097-1,2,[SINTÉTICO] Nivel 2 del criterio «Desarrollo profesional»: descriptor conductual de ejemplo.,10,synthetic,SYN-002617
CRI-0458-L3,CRI-0458,RV-VAC-0097-1,3,[SINTÉTICO] Nivel 3 del criterio «Desarrollo profesional»: descriptor conductual de ejemplo.,15,synthetic,SYN-002618
CRI-0458-L4,CRI-0458,RV-VAC-0097-1,4,[SINTÉTICO] Nivel 4 del criterio «Desarrollo profesional»: descriptor conductual de ejemplo.,20,synthetic,SYN-002619
CRI-0459-L1,CRI-0459,RV-VAC-0097-1,1,[SINTÉTICO] Nivel 1 del criterio «Gestión administrativa»: descriptor conductual de ejemplo.,5,synthetic,SYN-002621
CRI-0459-L2,CRI-0459,RV-VAC-0097-1,2,[SINTÉTICO] Nivel 2 del criterio «Gestión administrativa»: descriptor conductual de ejemplo.,10,synthetic,SYN-002622
CRI-0459-L3,CRI-0459,RV-VAC-0097-1,3,[SINTÉTICO] Nivel 3 del criterio «Gestión administrativa»: descriptor conductual de ejemplo.,15,synthetic,SYN-002623
CRI-0459-L4,CRI-0459,RV-VAC-0097-1,4,[SINTÉTICO] Nivel 4 del criterio «Gestión administrativa»: descriptor conductual de ejemplo.,20,synthetic,SYN-002624
CRI-0460-L1,CRI-0460,RV-VAC-0097-1,1,[SINTÉTICO] Nivel 1 del criterio «Organización del trabajo»: descriptor conductual de ejemplo.,5,synthetic,SYN-002626
CRI-0460-L2,CRI-0460,RV-VAC-0097-1,2,[SINTÉTICO] Nivel 2 del criterio «Organización del trabajo»: descriptor conductual de ejemplo.,10,synthetic,SYN-002627
CRI-0460-L3,CRI-0460,RV-VAC-0097-1,3,[SINTÉTICO] Nivel 3 del criterio «Organización del trabajo»: descriptor conductual de ejemplo.,15,synthetic,SYN-002628
CRI-0460-L4,CRI-0460,RV-VAC-0097-1,4,[SINTÉTICO] Nivel 4 del criterio «Organización del trabajo»: descriptor conductual de ejemplo.,20,synthetic,SYN-002629
CRI-0461-L1,CRI-0461,RV-VAC-0097-1,1,[SINTÉTICO] Nivel 1 del criterio «Atención al usuario»: descriptor conductual de ejemplo.,5,synthetic,SYN-002631
CRI-0461-L2,CRI-0461,RV-VAC-0097-1,2,[SINTÉTICO] Nivel 2 del criterio «Atención al usuario»: descriptor conductual de ejemplo.,10,synthetic,SYN-002632
CRI-0461-L3,CRI-0461,RV-VAC-0097-1,3,[SINTÉTICO] Nivel 3 del criterio «Atención al usuario»: descriptor conductual de ejemplo.,15,synthetic,SYN-002633
CRI-0461-L4,CRI-0461,RV-VAC-0097-1,4,[SINTÉTICO] Nivel 4 del criterio «Atención al usuario»: descriptor conductual de ejemplo.,20,synthetic,SYN-002634
CRI-0462-L1,CRI-0462,RV-VAC-0098-1,1,[SINTÉTICO] Nivel 1 del criterio «Trabajo con familias y comunidad»: descriptor conductual de ejemplo.,5,synthetic,SYN-002640
CRI-0462-L2,CRI-0462,RV-VAC-0098-1,2,[SINTÉTICO] Nivel 2 del criterio «Trabajo con familias y comunidad»: descriptor conductual de ejemplo.,10,synthetic,SYN-002641
CRI-0462-L3,CRI-0462,RV-VAC-0098-1,3,[SINTÉTICO] Nivel 3 del criterio «Trabajo con familias y comunidad»: descriptor conductual de ejemplo.,15,synthetic,SYN-002642
CRI-0462-L4,CRI-0462,RV-VAC-0098-1,4,[SINTÉTICO] Nivel 4 del criterio «Trabajo con familias y comunidad»: descriptor conductual de ejemplo.,20,synthetic,SYN-002643
CRI-0463-L1,CRI-0463,RV-VAC-0098-1,1,[SINTÉTICO] Nivel 1 del criterio «Desarrollo profesional»: descriptor conductual de ejemplo.,5,synthetic,SYN-002645
CRI-0463-L2,CRI-0463,RV-VAC-0098-1,2,[SINTÉTICO] Nivel 2 del criterio «Desarrollo profesional»: descriptor conductual de ejemplo.,10,synthetic,SYN-002646
CRI-0463-L3,CRI-0463,RV-VAC-0098-1,3,[SINTÉTICO] Nivel 3 del criterio «Desarrollo profesional»: descriptor conductual de ejemplo.,15,synthetic,SYN-002647
CRI-0463-L4,CRI-0463,RV-VAC-0098-1,4,[SINTÉTICO] Nivel 4 del criterio «Desarrollo profesional»: descriptor conductual de ejemplo.,20,synthetic,SYN-002648
CRI-0464-L1,CRI-0464,RV-VAC-0098-1,1,[SINTÉTICO] Nivel 1 del criterio «Evaluación formativa»: descriptor conductual de ejemplo.,5,synthetic,SYN-002650
CRI-0464-L2,CRI-0464,RV-VAC-0098-1,2,[SINTÉTICO] Nivel 2 del criterio «Evaluación formativa»: descriptor conductual de ejemplo.,10,synthetic,SYN-002651
CRI-0464-L3,CRI-0464,RV-VAC-0098-1,3,[SINTÉTICO] Nivel 3 del criterio «Evaluación formativa»: descriptor conductual de ejemplo.,15,synthetic,SYN-002652
CRI-0464-L4,CRI-0464,RV-VAC-0098-1,4,[SINTÉTICO] Nivel 4 del criterio «Evaluación formativa»: descriptor conductual de ejemplo.,20,synthetic,SYN-002653
CRI-0465-L1,CRI-0465,RV-VAC-0098-1,1,[SINTÉTICO] Nivel 1 del criterio «Conducción del aprendizaje»: descriptor conductual de ejemplo.,5,synthetic,SYN-002655
CRI-0465-L2,CRI-0465,RV-VAC-0098-1,2,[SINTÉTICO] Nivel 2 del criterio «Conducción del aprendizaje»: descriptor conductual de ejemplo.,10,synthetic,SYN-002656
CRI-0465-L3,CRI-0465,RV-VAC-0098-1,3,[SINTÉTICO] Nivel 3 del criterio «Conducción del aprendizaje»: descriptor conductual de ejemplo.,15,synthetic,SYN-002657
CRI-0465-L4,CRI-0465,RV-VAC-0098-1,4,[SINTÉTICO] Nivel 4 del criterio «Conducción del aprendizaje»: descriptor conductual de ejemplo.,20,synthetic,SYN-002658
CRI-0466-L1,CRI-0466,RV-VAC-0098-1,1,[SINTÉTICO] Nivel 1 del criterio «Planificación de la enseñanza»: descriptor conductual de ejemplo.,5,synthetic,SYN-002660
CRI-0466-L2,CRI-0466,RV-VAC-0098-1,2,[SINTÉTICO] Nivel 2 del criterio «Planificación de la enseñanza»: descriptor conductual de ejemplo.,10,synthetic,SYN-002661
CRI-0466-L3,CRI-0466,RV-VAC-0098-1,3,[SINTÉTICO] Nivel 3 del criterio «Planificación de la enseñanza»: descriptor conductual de ejemplo.,15,synthetic,SYN-002662
CRI-0466-L4,CRI-0466,RV-VAC-0098-1,4,[SINTÉTICO] Nivel 4 del criterio «Planificación de la enseñanza»: descriptor conductual de ejemplo.,20,synthetic,SYN-002663
CRI-0467-L1,CRI-0467,RV-VAC-0098-1,1,[SINTÉTICO] Nivel 1 del criterio «Organización del trabajo»: descriptor conductual de ejemplo.,5,synthetic,SYN-002665
CRI-0467-L2,CRI-0467,RV-VAC-0098-1,2,[SINTÉTICO] Nivel 2 del criterio «Organización del trabajo»: descriptor conductual de ejemplo.,10,synthetic,SYN-002666
CRI-0467-L3,CRI-0467,RV-VAC-0098-1,3,[SINTÉTICO] Nivel 3 del criterio «Organización del trabajo»: descriptor conductual de ejemplo.,15,synthetic,SYN-002667
CRI-0467-L4,CRI-0467,RV-VAC-0098-1,4,[SINTÉTICO] Nivel 4 del criterio «Organización del trabajo»: descriptor conductual de ejemplo.,20,synthetic,SYN-002668
CRI-0468-L1,CRI-0468,RV-VAC-0099-1,1,[SINTÉTICO] Nivel 1 del criterio «Organización del trabajo»: descriptor conductual de ejemplo.,5,synthetic,SYN-002673
CRI-0468-L2,CRI-0468,RV-VAC-0099-1,2,[SINTÉTICO] Nivel 2 del criterio «Organización del trabajo»: descriptor conductual de ejemplo.,10,synthetic,SYN-002674
CRI-0468-L3,CRI-0468,RV-VAC-0099-1,3,[SINTÉTICO] Nivel 3 del criterio «Organización del trabajo»: descriptor conductual de ejemplo.,15,synthetic,SYN-002675
CRI-0468-L4,CRI-0468,RV-VAC-0099-1,4,[SINTÉTICO] Nivel 4 del criterio «Organización del trabajo»: descriptor conductual de ejemplo.,20,synthetic,SYN-002676
CRI-0469-L1,CRI-0469,RV-VAC-0099-1,1,[SINTÉTICO] Nivel 1 del criterio «Desarrollo profesional»: descriptor conductual de ejemplo.,5,synthetic,SYN-002678
CRI-0469-L2,CRI-0469,RV-VAC-0099-1,2,[SINTÉTICO] Nivel 2 del criterio «Desarrollo profesional»: descriptor conductual de ejemplo.,10,synthetic,SYN-002679
CRI-0469-L3,CRI-0469,RV-VAC-0099-1,3,[SINTÉTICO] Nivel 3 del criterio «Desarrollo profesional»: descriptor conductual de ejemplo.,15,synthetic,SYN-002680
CRI-0469-L4,CRI-0469,RV-VAC-0099-1,4,[SINTÉTICO] Nivel 4 del criterio «Desarrollo profesional»: descriptor conductual de ejemplo.,20,synthetic,SYN-002681
CRI-0470-L1,CRI-0470,RV-VAC-0099-1,1,[SINTÉTICO] Nivel 1 del criterio «Gestión administrativa»: descriptor conductual de ejemplo.,5,synthetic,SYN-002683
CRI-0470-L2,CRI-0470,RV-VAC-0099-1,2,[SINTÉTICO] Nivel 2 del criterio «Gestión administrativa»: descriptor conductual de ejemplo.,10,synthetic,SYN-002684
CRI-0470-L3,CRI-0470,RV-VAC-0099-1,3,[SINTÉTICO] Nivel 3 del criterio «Gestión administrativa»: descriptor conductual de ejemplo.,15,synthetic,SYN-002685
CRI-0470-L4,CRI-0470,RV-VAC-0099-1,4,[SINTÉTICO] Nivel 4 del criterio «Gestión administrativa»: descriptor conductual de ejemplo.,20,synthetic,SYN-002686
CRI-0471-L1,CRI-0471,RV-VAC-0099-1,1,[SINTÉTICO] Nivel 1 del criterio «Atención al usuario»: descriptor conductual de ejemplo.,5,synthetic,SYN-002688
CRI-0471-L2,CRI-0471,RV-VAC-0099-1,2,[SINTÉTICO] Nivel 2 del criterio «Atención al usuario»: descriptor conductual de ejemplo.,10,synthetic,SYN-002689
CRI-0471-L3,CRI-0471,RV-VAC-0099-1,3,[SINTÉTICO] Nivel 3 del criterio «Atención al usuario»: descriptor conductual de ejemplo.,15,synthetic,SYN-002690
CRI-0471-L4,CRI-0471,RV-VAC-0099-1,4,[SINTÉTICO] Nivel 4 del criterio «Atención al usuario»: descriptor conductual de ejemplo.,20,synthetic,SYN-002691
CRI-0472-L1,CRI-0472,RV-VAC-0100-1,1,[SINTÉTICO] Nivel 1 del criterio «Conducción del aprendizaje»: descriptor conductual de ejemplo.,5,synthetic,SYN-002696
CRI-0472-L2,CRI-0472,RV-VAC-0100-1,2,[SINTÉTICO] Nivel 2 del criterio «Conducción del aprendizaje»: descriptor conductual de ejemplo.,10,synthetic,SYN-002697
CRI-0472-L3,CRI-0472,RV-VAC-0100-1,3,[SINTÉTICO] Nivel 3 del criterio «Conducción del aprendizaje»: descriptor conductual de ejemplo.,15,synthetic,SYN-002698
CRI-0472-L4,CRI-0472,RV-VAC-0100-1,4,[SINTÉTICO] Nivel 4 del criterio «Conducción del aprendizaje»: descriptor conductual de ejemplo.,20,synthetic,SYN-002699
CRI-0473-L1,CRI-0473,RV-VAC-0100-1,1,[SINTÉTICO] Nivel 1 del criterio «Desarrollo profesional»: descriptor conductual de ejemplo.,5,synthetic,SYN-002701
CRI-0473-L2,CRI-0473,RV-VAC-0100-1,2,[SINTÉTICO] Nivel 2 del criterio «Desarrollo profesional»: descriptor conductual de ejemplo.,10,synthetic,SYN-002702
CRI-0473-L3,CRI-0473,RV-VAC-0100-1,3,[SINTÉTICO] Nivel 3 del criterio «Desarrollo profesional»: descriptor conductual de ejemplo.,15,synthetic,SYN-002703
CRI-0473-L4,CRI-0473,RV-VAC-0100-1,4,[SINTÉTICO] Nivel 4 del criterio «Desarrollo profesional»: descriptor conductual de ejemplo.,20,synthetic,SYN-002704
CRI-0474-L1,CRI-0474,RV-VAC-0100-1,1,[SINTÉTICO] Nivel 1 del criterio «Evaluación formativa»: descriptor conductual de ejemplo.,5,synthetic,SYN-002706
CRI-0474-L2,CRI-0474,RV-VAC-0100-1,2,[SINTÉTICO] Nivel 2 del criterio «Evaluación formativa»: descriptor conductual de ejemplo.,10,synthetic,SYN-002707
CRI-0474-L3,CRI-0474,RV-VAC-0100-1,3,[SINTÉTICO] Nivel 3 del criterio «Evaluación formativa»: descriptor conductual de ejemplo.,15,synthetic,SYN-002708
CRI-0474-L4,CRI-0474,RV-VAC-0100-1,4,[SINTÉTICO] Nivel 4 del criterio «Evaluación formativa»: descriptor conductual de ejemplo.,20,synthetic,SYN-002709
CRI-0475-L1,CRI-0475,RV-VAC-0100-1,1,[SINTÉTICO] Nivel 1 del criterio «Trabajo con familias y comunidad»: descriptor conductual de ejemplo.,5,synthetic,SYN-002711
CRI-0475-L2,CRI-0475,RV-VAC-0100-1,2,[SINTÉTICO] Nivel 2 del criterio «Trabajo con familias y comunidad»: descriptor conductual de ejemplo.,10,synthetic,SYN-002712
CRI-0475-L3,CRI-0475,RV-VAC-0100-1,3,[SINTÉTICO] Nivel 3 del criterio «Trabajo con familias y comunidad»: descriptor conductual de ejemplo.,15,synthetic,SYN-002713
CRI-0475-L4,CRI-0475,RV-VAC-0100-1,4,[SINTÉTICO] Nivel 4 del criterio «Trabajo con familias y comunidad»: descriptor conductual de ejemplo.,20,synthetic,SYN-002714
CRI-0476-L1,CRI-0476,RV-VAC-0101-1,1,[SINTÉTICO] Nivel 1 del criterio «Organización del trabajo»: descriptor conductual de ejemplo.,5,synthetic,SYN-002718
CRI-0476-L2,CRI-0476,RV-VAC-0101-1,2,[SINTÉTICO] Nivel 2 del criterio «Organización del trabajo»: descriptor conductual de ejemplo.,10,synthetic,SYN-002719
CRI-0476-L3,CRI-0476,RV-VAC-0101-1,3,[SINTÉTICO] Nivel 3 del criterio «Organización del trabajo»: descriptor conductual de ejemplo.,15,synthetic,SYN-002720
CRI-0476-L4,CRI-0476,RV-VAC-0101-1,4,[SINTÉTICO] Nivel 4 del criterio «Organización del trabajo»: descriptor conductual de ejemplo.,20,synthetic,SYN-002721
CRI-0477-L1,CRI-0477,RV-VAC-0101-1,1,[SINTÉTICO] Nivel 1 del criterio «Trabajo con familias y comunidad»: descriptor conductual de ejemplo.,5,synthetic,SYN-002723
CRI-0477-L2,CRI-0477,RV-VAC-0101-1,2,[SINTÉTICO] Nivel 2 del criterio «Trabajo con familias y comunidad»: descriptor conductual de ejemplo.,10,synthetic,SYN-002724
CRI-0477-L3,CRI-0477,RV-VAC-0101-1,3,[SINTÉTICO] Nivel 3 del criterio «Trabajo con familias y comunidad»: descriptor conductual de ejemplo.,15,synthetic,SYN-002725
CRI-0477-L4,CRI-0477,RV-VAC-0101-1,4,[SINTÉTICO] Nivel 4 del criterio «Trabajo con familias y comunidad»: descriptor conductual de ejemplo.,20,synthetic,SYN-002726
CRI-0478-L1,CRI-0478,RV-VAC-0101-1,1,[SINTÉTICO] Nivel 1 del criterio «Conducción del aprendizaje»: descriptor conductual de ejemplo.,5,synthetic,SYN-002728
CRI-0478-L2,CRI-0478,RV-VAC-0101-1,2,[SINTÉTICO] Nivel 2 del criterio «Conducción del aprendizaje»: descriptor conductual de ejemplo.,10,synthetic,SYN-002729
CRI-0478-L3,CRI-0478,RV-VAC-0101-1,3,[SINTÉTICO] Nivel 3 del criterio «Conducción del aprendizaje»: descriptor conductual de ejemplo.,15,synthetic,SYN-002730
CRI-0478-L4,CRI-0478,RV-VAC-0101-1,4,[SINTÉTICO] Nivel 4 del criterio «Conducción del aprendizaje»: descriptor conductual de ejemplo.,20,synthetic,SYN-002731
CRI-0479-L1,CRI-0479,RV-VAC-0101-1,1,[SINTÉTICO] Nivel 1 del criterio «Evaluación formativa»: descriptor conductual de ejemplo.,5,synthetic,SYN-002733
CRI-0479-L2,CRI-0479,RV-VAC-0101-1,2,[SINTÉTICO] Nivel 2 del criterio «Evaluación formativa»: descriptor conductual de ejemplo.,10,synthetic,SYN-002734
CRI-0479-L3,CRI-0479,RV-VAC-0101-1,3,[SINTÉTICO] Nivel 3 del criterio «Evaluación formativa»: descriptor conductual de ejemplo.,15,synthetic,SYN-002735
CRI-0479-L4,CRI-0479,RV-VAC-0101-1,4,[SINTÉTICO] Nivel 4 del criterio «Evaluación formativa»: descriptor conductual de ejemplo.,20,synthetic,SYN-002736
CRI-0480-L1,CRI-0480,RV-VAC-0101-1,1,[SINTÉTICO] Nivel 1 del criterio «Desarrollo profesional»: descriptor conductual de ejemplo.,5,synthetic,SYN-002738
CRI-0480-L2,CRI-0480,RV-VAC-0101-1,2,[SINTÉTICO] Nivel 2 del criterio «Desarrollo profesional»: descriptor conductual de ejemplo.,10,synthetic,SYN-002739
CRI-0480-L3,CRI-0480,RV-VAC-0101-1,3,[SINTÉTICO] Nivel 3 del criterio «Desarrollo profesional»: descriptor conductual de ejemplo.,15,synthetic,SYN-002740
CRI-0480-L4,CRI-0480,RV-VAC-0101-1,4,[SINTÉTICO] Nivel 4 del criterio «Desarrollo profesional»: descriptor conductual de ejemplo.,20,synthetic,SYN-002741
CRI-0481-L1,CRI-0481,RV-VAC-0101-1,1,[SINTÉTICO] Nivel 1 del criterio «Planificación de la enseñanza»: descriptor conductual de ejemplo.,5,synthetic,SYN-002743
CRI-0481-L2,CRI-0481,RV-VAC-0101-1,2,[SINTÉTICO] Nivel 2 del criterio «Planificación de la enseñanza»: descriptor conductual de ejemplo.,10,synthetic,SYN-002744
CRI-0481-L3,CRI-0481,RV-VAC-0101-1,3,[SINTÉTICO] Nivel 3 del criterio «Planificación de la enseñanza»: descriptor conductual de ejemplo.,15,synthetic,SYN-002745
CRI-0481-L4,CRI-0481,RV-VAC-0101-1,4,[SINTÉTICO] Nivel 4 del criterio «Planificación de la enseñanza»: descriptor conductual de ejemplo.,20,synthetic,SYN-002746
CRI-0482-L1,CRI-0482,RV-VAC-0102-1,1,[SINTÉTICO] Nivel 1 del criterio «Planificación de la enseñanza»: descriptor conductual de ejemplo.,5,synthetic,SYN-002750
CRI-0482-L2,CRI-0482,RV-VAC-0102-1,2,[SINTÉTICO] Nivel 2 del criterio «Planificación de la enseñanza»: descriptor conductual de ejemplo.,10,synthetic,SYN-002751
CRI-0482-L3,CRI-0482,RV-VAC-0102-1,3,[SINTÉTICO] Nivel 3 del criterio «Planificación de la enseñanza»: descriptor conductual de ejemplo.,15,synthetic,SYN-002752
CRI-0482-L4,CRI-0482,RV-VAC-0102-1,4,[SINTÉTICO] Nivel 4 del criterio «Planificación de la enseñanza»: descriptor conductual de ejemplo.,20,synthetic,SYN-002753
CRI-0483-L1,CRI-0483,RV-VAC-0102-1,1,[SINTÉTICO] Nivel 1 del criterio «Trabajo con familias y comunidad»: descriptor conductual de ejemplo.,5,synthetic,SYN-002755
CRI-0483-L2,CRI-0483,RV-VAC-0102-1,2,[SINTÉTICO] Nivel 2 del criterio «Trabajo con familias y comunidad»: descriptor conductual de ejemplo.,10,synthetic,SYN-002756
CRI-0483-L3,CRI-0483,RV-VAC-0102-1,3,[SINTÉTICO] Nivel 3 del criterio «Trabajo con familias y comunidad»: descriptor conductual de ejemplo.,15,synthetic,SYN-002757
CRI-0483-L4,CRI-0483,RV-VAC-0102-1,4,[SINTÉTICO] Nivel 4 del criterio «Trabajo con familias y comunidad»: descriptor conductual de ejemplo.,20,synthetic,SYN-002758
CRI-0484-L1,CRI-0484,RV-VAC-0102-1,1,[SINTÉTICO] Nivel 1 del criterio «Desarrollo profesional»: descriptor conductual de ejemplo.,5,synthetic,SYN-002760
CRI-0484-L2,CRI-0484,RV-VAC-0102-1,2,[SINTÉTICO] Nivel 2 del criterio «Desarrollo profesional»: descriptor conductual de ejemplo.,10,synthetic,SYN-002761
CRI-0484-L3,CRI-0484,RV-VAC-0102-1,3,[SINTÉTICO] Nivel 3 del criterio «Desarrollo profesional»: descriptor conductual de ejemplo.,15,synthetic,SYN-002762
CRI-0484-L4,CRI-0484,RV-VAC-0102-1,4,[SINTÉTICO] Nivel 4 del criterio «Desarrollo profesional»: descriptor conductual de ejemplo.,20,synthetic,SYN-002763
CRI-0485-L1,CRI-0485,RV-VAC-0102-1,1,[SINTÉTICO] Nivel 1 del criterio «Conducción del aprendizaje»: descriptor conductual de ejemplo.,5,synthetic,SYN-002765
CRI-0485-L2,CRI-0485,RV-VAC-0102-1,2,[SINTÉTICO] Nivel 2 del criterio «Conducción del aprendizaje»: descriptor conductual de ejemplo.,10,synthetic,SYN-002766
CRI-0485-L3,CRI-0485,RV-VAC-0102-1,3,[SINTÉTICO] Nivel 3 del criterio «Conducción del aprendizaje»: descriptor conductual de ejemplo.,15,synthetic,SYN-002767
CRI-0485-L4,CRI-0485,RV-VAC-0102-1,4,[SINTÉTICO] Nivel 4 del criterio «Conducción del aprendizaje»: descriptor conductual de ejemplo.,20,synthetic,SYN-002768
CRI-0486-L1,CRI-0486,RV-VAC-0102-1,1,[SINTÉTICO] Nivel 1 del criterio «Evaluación formativa»: descriptor conductual de ejemplo.,5,synthetic,SYN-002770
CRI-0486-L2,CRI-0486,RV-VAC-0102-1,2,[SINTÉTICO] Nivel 2 del criterio «Evaluación formativa»: descriptor conductual de ejemplo.,10,synthetic,SYN-002771
CRI-0486-L3,CRI-0486,RV-VAC-0102-1,3,[SINTÉTICO] Nivel 3 del criterio «Evaluación formativa»: descriptor conductual de ejemplo.,15,synthetic,SYN-002772
CRI-0486-L4,CRI-0486,RV-VAC-0102-1,4,[SINTÉTICO] Nivel 4 del criterio «Evaluación formativa»: descriptor conductual de ejemplo.,20,synthetic,SYN-002773
CRI-0487-L1,CRI-0487,RV-VAC-0103-1,1,[SINTÉTICO] Nivel 1 del criterio «Evaluación formativa»: descriptor conductual de ejemplo.,5,synthetic,SYN-002778
CRI-0487-L2,CRI-0487,RV-VAC-0103-1,2,[SINTÉTICO] Nivel 2 del criterio «Evaluación formativa»: descriptor conductual de ejemplo.,10,synthetic,SYN-002779
CRI-0487-L3,CRI-0487,RV-VAC-0103-1,3,[SINTÉTICO] Nivel 3 del criterio «Evaluación formativa»: descriptor conductual de ejemplo.,15,synthetic,SYN-002780
CRI-0487-L4,CRI-0487,RV-VAC-0103-1,4,[SINTÉTICO] Nivel 4 del criterio «Evaluación formativa»: descriptor conductual de ejemplo.,20,synthetic,SYN-002781
CRI-0488-L1,CRI-0488,RV-VAC-0103-1,1,[SINTÉTICO] Nivel 1 del criterio «Organización del trabajo»: descriptor conductual de ejemplo.,5,synthetic,SYN-002783
CRI-0488-L2,CRI-0488,RV-VAC-0103-1,2,[SINTÉTICO] Nivel 2 del criterio «Organización del trabajo»: descriptor conductual de ejemplo.,10,synthetic,SYN-002784
CRI-0488-L3,CRI-0488,RV-VAC-0103-1,3,[SINTÉTICO] Nivel 3 del criterio «Organización del trabajo»: descriptor conductual de ejemplo.,15,synthetic,SYN-002785
CRI-0488-L4,CRI-0488,RV-VAC-0103-1,4,[SINTÉTICO] Nivel 4 del criterio «Organización del trabajo»: descriptor conductual de ejemplo.,20,synthetic,SYN-002786
CRI-0489-L1,CRI-0489,RV-VAC-0103-1,1,[SINTÉTICO] Nivel 1 del criterio «Desarrollo profesional»: descriptor conductual de ejemplo.,5,synthetic,SYN-002788
CRI-0489-L2,CRI-0489,RV-VAC-0103-1,2,[SINTÉTICO] Nivel 2 del criterio «Desarrollo profesional»: descriptor conductual de ejemplo.,10,synthetic,SYN-002789
CRI-0489-L3,CRI-0489,RV-VAC-0103-1,3,[SINTÉTICO] Nivel 3 del criterio «Desarrollo profesional»: descriptor conductual de ejemplo.,15,synthetic,SYN-002790
CRI-0489-L4,CRI-0489,RV-VAC-0103-1,4,[SINTÉTICO] Nivel 4 del criterio «Desarrollo profesional»: descriptor conductual de ejemplo.,20,synthetic,SYN-002791
CRI-0490-L1,CRI-0490,RV-VAC-0103-1,1,[SINTÉTICO] Nivel 1 del criterio «Conducción del aprendizaje»: descriptor conductual de ejemplo.,5,synthetic,SYN-002793
CRI-0490-L2,CRI-0490,RV-VAC-0103-1,2,[SINTÉTICO] Nivel 2 del criterio «Conducción del aprendizaje»: descriptor conductual de ejemplo.,10,synthetic,SYN-002794
CRI-0490-L3,CRI-0490,RV-VAC-0103-1,3,[SINTÉTICO] Nivel 3 del criterio «Conducción del aprendizaje»: descriptor conductual de ejemplo.,15,synthetic,SYN-002795
CRI-0490-L4,CRI-0490,RV-VAC-0103-1,4,[SINTÉTICO] Nivel 4 del criterio «Conducción del aprendizaje»: descriptor conductual de ejemplo.,20,synthetic,SYN-002796
CRI-0491-L1,CRI-0491,RV-VAC-0103-1,1,[SINTÉTICO] Nivel 1 del criterio «Planificación de la enseñanza»: descriptor conductual de ejemplo.,5,synthetic,SYN-002798
CRI-0491-L2,CRI-0491,RV-VAC-0103-1,2,[SINTÉTICO] Nivel 2 del criterio «Planificación de la enseñanza»: descriptor conductual de ejemplo.,10,synthetic,SYN-002799
CRI-0491-L3,CRI-0491,RV-VAC-0103-1,3,[SINTÉTICO] Nivel 3 del criterio «Planificación de la enseñanza»: descriptor conductual de ejemplo.,15,synthetic,SYN-002800
CRI-0491-L4,CRI-0491,RV-VAC-0103-1,4,[SINTÉTICO] Nivel 4 del criterio «Planificación de la enseñanza»: descriptor conductual de ejemplo.,20,synthetic,SYN-002801
CRI-0492-L1,CRI-0492,RV-VAC-0103-1,1,[SINTÉTICO] Nivel 1 del criterio «Trabajo con familias y comunidad»: descriptor conductual de ejemplo.,5,synthetic,SYN-002803
CRI-0492-L2,CRI-0492,RV-VAC-0103-1,2,[SINTÉTICO] Nivel 2 del criterio «Trabajo con familias y comunidad»: descriptor conductual de ejemplo.,10,synthetic,SYN-002804
CRI-0492-L3,CRI-0492,RV-VAC-0103-1,3,[SINTÉTICO] Nivel 3 del criterio «Trabajo con familias y comunidad»: descriptor conductual de ejemplo.,15,synthetic,SYN-002805
CRI-0492-L4,CRI-0492,RV-VAC-0103-1,4,[SINTÉTICO] Nivel 4 del criterio «Trabajo con familias y comunidad»: descriptor conductual de ejemplo.,20,synthetic,SYN-002806
CRI-0493-L1,CRI-0493,RV-VAC-0104-1,1,[SINTÉTICO] Nivel 1 del criterio «Trabajo con familias y comunidad»: descriptor conductual de ejemplo.,5,synthetic,SYN-002811
CRI-0493-L2,CRI-0493,RV-VAC-0104-1,2,[SINTÉTICO] Nivel 2 del criterio «Trabajo con familias y comunidad»: descriptor conductual de ejemplo.,10,synthetic,SYN-002812
CRI-0493-L3,CRI-0493,RV-VAC-0104-1,3,[SINTÉTICO] Nivel 3 del criterio «Trabajo con familias y comunidad»: descriptor conductual de ejemplo.,15,synthetic,SYN-002813
CRI-0493-L4,CRI-0493,RV-VAC-0104-1,4,[SINTÉTICO] Nivel 4 del criterio «Trabajo con familias y comunidad»: descriptor conductual de ejemplo.,20,synthetic,SYN-002814
CRI-0494-L1,CRI-0494,RV-VAC-0104-1,1,[SINTÉTICO] Nivel 1 del criterio «Planificación de la enseñanza»: descriptor conductual de ejemplo.,5,synthetic,SYN-002816
CRI-0494-L2,CRI-0494,RV-VAC-0104-1,2,[SINTÉTICO] Nivel 2 del criterio «Planificación de la enseñanza»: descriptor conductual de ejemplo.,10,synthetic,SYN-002817
CRI-0494-L3,CRI-0494,RV-VAC-0104-1,3,[SINTÉTICO] Nivel 3 del criterio «Planificación de la enseñanza»: descriptor conductual de ejemplo.,15,synthetic,SYN-002818
CRI-0494-L4,CRI-0494,RV-VAC-0104-1,4,[SINTÉTICO] Nivel 4 del criterio «Planificación de la enseñanza»: descriptor conductual de ejemplo.,20,synthetic,SYN-002819
CRI-0495-L1,CRI-0495,RV-VAC-0104-1,1,[SINTÉTICO] Nivel 1 del criterio «Desarrollo profesional»: descriptor conductual de ejemplo.,5,synthetic,SYN-002821
CRI-0495-L2,CRI-0495,RV-VAC-0104-1,2,[SINTÉTICO] Nivel 2 del criterio «Desarrollo profesional»: descriptor conductual de ejemplo.,10,synthetic,SYN-002822
CRI-0495-L3,CRI-0495,RV-VAC-0104-1,3,[SINTÉTICO] Nivel 3 del criterio «Desarrollo profesional»: descriptor conductual de ejemplo.,15,synthetic,SYN-002823
CRI-0495-L4,CRI-0495,RV-VAC-0104-1,4,[SINTÉTICO] Nivel 4 del criterio «Desarrollo profesional»: descriptor conductual de ejemplo.,20,synthetic,SYN-002824
CRI-0496-L1,CRI-0496,RV-VAC-0104-1,1,[SINTÉTICO] Nivel 1 del criterio «Evaluación formativa»: descriptor conductual de ejemplo.,5,synthetic,SYN-002826
CRI-0496-L2,CRI-0496,RV-VAC-0104-1,2,[SINTÉTICO] Nivel 2 del criterio «Evaluación formativa»: descriptor conductual de ejemplo.,10,synthetic,SYN-002827
CRI-0496-L3,CRI-0496,RV-VAC-0104-1,3,[SINTÉTICO] Nivel 3 del criterio «Evaluación formativa»: descriptor conductual de ejemplo.,15,synthetic,SYN-002828
CRI-0496-L4,CRI-0496,RV-VAC-0104-1,4,[SINTÉTICO] Nivel 4 del criterio «Evaluación formativa»: descriptor conductual de ejemplo.,20,synthetic,SYN-002829
CRI-0497-L1,CRI-0497,RV-VAC-0105-1,1,[SINTÉTICO] Nivel 1 del criterio «Desarrollo profesional»: descriptor conductual de ejemplo.,5,synthetic,SYN-002835
CRI-0497-L2,CRI-0497,RV-VAC-0105-1,2,[SINTÉTICO] Nivel 2 del criterio «Desarrollo profesional»: descriptor conductual de ejemplo.,10,synthetic,SYN-002836
CRI-0497-L3,CRI-0497,RV-VAC-0105-1,3,[SINTÉTICO] Nivel 3 del criterio «Desarrollo profesional»: descriptor conductual de ejemplo.,15,synthetic,SYN-002837
CRI-0497-L4,CRI-0497,RV-VAC-0105-1,4,[SINTÉTICO] Nivel 4 del criterio «Desarrollo profesional»: descriptor conductual de ejemplo.,20,synthetic,SYN-002838
CRI-0498-L1,CRI-0498,RV-VAC-0105-1,1,[SINTÉTICO] Nivel 1 del criterio «Organización del trabajo»: descriptor conductual de ejemplo.,5,synthetic,SYN-002840
CRI-0498-L2,CRI-0498,RV-VAC-0105-1,2,[SINTÉTICO] Nivel 2 del criterio «Organización del trabajo»: descriptor conductual de ejemplo.,10,synthetic,SYN-002841
CRI-0498-L3,CRI-0498,RV-VAC-0105-1,3,[SINTÉTICO] Nivel 3 del criterio «Organización del trabajo»: descriptor conductual de ejemplo.,15,synthetic,SYN-002842
CRI-0498-L4,CRI-0498,RV-VAC-0105-1,4,[SINTÉTICO] Nivel 4 del criterio «Organización del trabajo»: descriptor conductual de ejemplo.,20,synthetic,SYN-002843
CRI-0499-L1,CRI-0499,RV-VAC-0105-1,1,[SINTÉTICO] Nivel 1 del criterio «Atención al usuario»: descriptor conductual de ejemplo.,5,synthetic,SYN-002845
CRI-0499-L2,CRI-0499,RV-VAC-0105-1,2,[SINTÉTICO] Nivel 2 del criterio «Atención al usuario»: descriptor conductual de ejemplo.,10,synthetic,SYN-002846
CRI-0499-L3,CRI-0499,RV-VAC-0105-1,3,[SINTÉTICO] Nivel 3 del criterio «Atención al usuario»: descriptor conductual de ejemplo.,15,synthetic,SYN-002847
CRI-0499-L4,CRI-0499,RV-VAC-0105-1,4,[SINTÉTICO] Nivel 4 del criterio «Atención al usuario»: descriptor conductual de ejemplo.,20,synthetic,SYN-002848
CRI-0500-L1,CRI-0500,RV-VAC-0105-1,1,[SINTÉTICO] Nivel 1 del criterio «Gestión administrativa»: descriptor conductual de ejemplo.,5,synthetic,SYN-002850
CRI-0500-L2,CRI-0500,RV-VAC-0105-1,2,[SINTÉTICO] Nivel 2 del criterio «Gestión administrativa»: descriptor conductual de ejemplo.,10,synthetic,SYN-002851
CRI-0500-L3,CRI-0500,RV-VAC-0105-1,3,[SINTÉTICO] Nivel 3 del criterio «Gestión administrativa»: descriptor conductual de ejemplo.,15,synthetic,SYN-002852
CRI-0500-L4,CRI-0500,RV-VAC-0105-1,4,[SINTÉTICO] Nivel 4 del criterio «Gestión administrativa»: descriptor conductual de ejemplo.,20,synthetic,SYN-002853
CRI-0501-L1,CRI-0501,RV-VAC-0106-1,1,[SINTÉTICO] Nivel 1 del criterio «Organización del trabajo»: descriptor conductual de ejemplo.,5,synthetic,SYN-002857
CRI-0501-L2,CRI-0501,RV-VAC-0106-1,2,[SINTÉTICO] Nivel 2 del criterio «Organización del trabajo»: descriptor conductual de ejemplo.,10,synthetic,SYN-002858
CRI-0501-L3,CRI-0501,RV-VAC-0106-1,3,[SINTÉTICO] Nivel 3 del criterio «Organización del trabajo»: descriptor conductual de ejemplo.,15,synthetic,SYN-002859
CRI-0501-L4,CRI-0501,RV-VAC-0106-1,4,[SINTÉTICO] Nivel 4 del criterio «Organización del trabajo»: descriptor conductual de ejemplo.,20,synthetic,SYN-002860
CRI-0502-L1,CRI-0502,RV-VAC-0106-1,1,[SINTÉTICO] Nivel 1 del criterio «Gestión administrativa»: descriptor conductual de ejemplo.,5,synthetic,SYN-002862
CRI-0502-L2,CRI-0502,RV-VAC-0106-1,2,[SINTÉTICO] Nivel 2 del criterio «Gestión administrativa»: descriptor conductual de ejemplo.,10,synthetic,SYN-002863
CRI-0502-L3,CRI-0502,RV-VAC-0106-1,3,[SINTÉTICO] Nivel 3 del criterio «Gestión administrativa»: descriptor conductual de ejemplo.,15,synthetic,SYN-002864
CRI-0502-L4,CRI-0502,RV-VAC-0106-1,4,[SINTÉTICO] Nivel 4 del criterio «Gestión administrativa»: descriptor conductual de ejemplo.,20,synthetic,SYN-002865
CRI-0503-L1,CRI-0503,RV-VAC-0106-1,1,[SINTÉTICO] Nivel 1 del criterio «Atención al usuario»: descriptor conductual de ejemplo.,5,synthetic,SYN-002867
CRI-0503-L2,CRI-0503,RV-VAC-0106-1,2,[SINTÉTICO] Nivel 2 del criterio «Atención al usuario»: descriptor conductual de ejemplo.,10,synthetic,SYN-002868
CRI-0503-L3,CRI-0503,RV-VAC-0106-1,3,[SINTÉTICO] Nivel 3 del criterio «Atención al usuario»: descriptor conductual de ejemplo.,15,synthetic,SYN-002869
CRI-0503-L4,CRI-0503,RV-VAC-0106-1,4,[SINTÉTICO] Nivel 4 del criterio «Atención al usuario»: descriptor conductual de ejemplo.,20,synthetic,SYN-002870
CRI-0504-L1,CRI-0504,RV-VAC-0106-1,1,[SINTÉTICO] Nivel 1 del criterio «Desarrollo profesional»: descriptor conductual de ejemplo.,5,synthetic,SYN-002872
CRI-0504-L2,CRI-0504,RV-VAC-0106-1,2,[SINTÉTICO] Nivel 2 del criterio «Desarrollo profesional»: descriptor conductual de ejemplo.,10,synthetic,SYN-002873
CRI-0504-L3,CRI-0504,RV-VAC-0106-1,3,[SINTÉTICO] Nivel 3 del criterio «Desarrollo profesional»: descriptor conductual de ejemplo.,15,synthetic,SYN-002874
CRI-0504-L4,CRI-0504,RV-VAC-0106-1,4,[SINTÉTICO] Nivel 4 del criterio «Desarrollo profesional»: descriptor conductual de ejemplo.,20,synthetic,SYN-002875
CRI-0505-L1,CRI-0505,RV-VAC-0107-1,1,[SINTÉTICO] Nivel 1 del criterio «Gestión administrativa»: descriptor conductual de ejemplo.,5,synthetic,SYN-002879
CRI-0505-L2,CRI-0505,RV-VAC-0107-1,2,[SINTÉTICO] Nivel 2 del criterio «Gestión administrativa»: descriptor conductual de ejemplo.,10,synthetic,SYN-002880
CRI-0505-L3,CRI-0505,RV-VAC-0107-1,3,[SINTÉTICO] Nivel 3 del criterio «Gestión administrativa»: descriptor conductual de ejemplo.,15,synthetic,SYN-002881
CRI-0505-L4,CRI-0505,RV-VAC-0107-1,4,[SINTÉTICO] Nivel 4 del criterio «Gestión administrativa»: descriptor conductual de ejemplo.,20,synthetic,SYN-002882
CRI-0506-L1,CRI-0506,RV-VAC-0107-1,1,[SINTÉTICO] Nivel 1 del criterio «Desarrollo profesional»: descriptor conductual de ejemplo.,5,synthetic,SYN-002884
CRI-0506-L2,CRI-0506,RV-VAC-0107-1,2,[SINTÉTICO] Nivel 2 del criterio «Desarrollo profesional»: descriptor conductual de ejemplo.,10,synthetic,SYN-002885
CRI-0506-L3,CRI-0506,RV-VAC-0107-1,3,[SINTÉTICO] Nivel 3 del criterio «Desarrollo profesional»: descriptor conductual de ejemplo.,15,synthetic,SYN-002886
CRI-0506-L4,CRI-0506,RV-VAC-0107-1,4,[SINTÉTICO] Nivel 4 del criterio «Desarrollo profesional»: descriptor conductual de ejemplo.,20,synthetic,SYN-002887
CRI-0507-L1,CRI-0507,RV-VAC-0107-1,1,[SINTÉTICO] Nivel 1 del criterio «Organización del trabajo»: descriptor conductual de ejemplo.,5,synthetic,SYN-002889
CRI-0507-L2,CRI-0507,RV-VAC-0107-1,2,[SINTÉTICO] Nivel 2 del criterio «Organización del trabajo»: descriptor conductual de ejemplo.,10,synthetic,SYN-002890
CRI-0507-L3,CRI-0507,RV-VAC-0107-1,3,[SINTÉTICO] Nivel 3 del criterio «Organización del trabajo»: descriptor conductual de ejemplo.,15,synthetic,SYN-002891
CRI-0507-L4,CRI-0507,RV-VAC-0107-1,4,[SINTÉTICO] Nivel 4 del criterio «Organización del trabajo»: descriptor conductual de ejemplo.,20,synthetic,SYN-002892
CRI-0508-L1,CRI-0508,RV-VAC-0107-1,1,[SINTÉTICO] Nivel 1 del criterio «Atención al usuario»: descriptor conductual de ejemplo.,5,synthetic,SYN-002894
CRI-0508-L2,CRI-0508,RV-VAC-0107-1,2,[SINTÉTICO] Nivel 2 del criterio «Atención al usuario»: descriptor conductual de ejemplo.,10,synthetic,SYN-002895
CRI-0508-L3,CRI-0508,RV-VAC-0107-1,3,[SINTÉTICO] Nivel 3 del criterio «Atención al usuario»: descriptor conductual de ejemplo.,15,synthetic,SYN-002896
CRI-0508-L4,CRI-0508,RV-VAC-0107-1,4,[SINTÉTICO] Nivel 4 del criterio «Atención al usuario»: descriptor conductual de ejemplo.,20,synthetic,SYN-002897
CRI-0509-L1,CRI-0509,RV-VAC-0108-1,1,[SINTÉTICO] Nivel 1 del criterio «Conducción del aprendizaje»: descriptor conductual de ejemplo.,5,synthetic,SYN-002903
CRI-0509-L2,CRI-0509,RV-VAC-0108-1,2,[SINTÉTICO] Nivel 2 del criterio «Conducción del aprendizaje»: descriptor conductual de ejemplo.,10,synthetic,SYN-002904
CRI-0509-L3,CRI-0509,RV-VAC-0108-1,3,[SINTÉTICO] Nivel 3 del criterio «Conducción del aprendizaje»: descriptor conductual de ejemplo.,15,synthetic,SYN-002905
CRI-0509-L4,CRI-0509,RV-VAC-0108-1,4,[SINTÉTICO] Nivel 4 del criterio «Conducción del aprendizaje»: descriptor conductual de ejemplo.,20,synthetic,SYN-002906
CRI-0510-L1,CRI-0510,RV-VAC-0108-1,1,[SINTÉTICO] Nivel 1 del criterio «Desarrollo profesional»: descriptor conductual de ejemplo.,5,synthetic,SYN-002908
CRI-0510-L2,CRI-0510,RV-VAC-0108-1,2,[SINTÉTICO] Nivel 2 del criterio «Desarrollo profesional»: descriptor conductual de ejemplo.,10,synthetic,SYN-002909
CRI-0510-L3,CRI-0510,RV-VAC-0108-1,3,[SINTÉTICO] Nivel 3 del criterio «Desarrollo profesional»: descriptor conductual de ejemplo.,15,synthetic,SYN-002910
CRI-0510-L4,CRI-0510,RV-VAC-0108-1,4,[SINTÉTICO] Nivel 4 del criterio «Desarrollo profesional»: descriptor conductual de ejemplo.,20,synthetic,SYN-002911
CRI-0511-L1,CRI-0511,RV-VAC-0108-1,1,[SINTÉTICO] Nivel 1 del criterio «Planificación de la enseñanza»: descriptor conductual de ejemplo.,5,synthetic,SYN-002913
CRI-0511-L2,CRI-0511,RV-VAC-0108-1,2,[SINTÉTICO] Nivel 2 del criterio «Planificación de la enseñanza»: descriptor conductual de ejemplo.,10,synthetic,SYN-002914
CRI-0511-L3,CRI-0511,RV-VAC-0108-1,3,[SINTÉTICO] Nivel 3 del criterio «Planificación de la enseñanza»: descriptor conductual de ejemplo.,15,synthetic,SYN-002915
CRI-0511-L4,CRI-0511,RV-VAC-0108-1,4,[SINTÉTICO] Nivel 4 del criterio «Planificación de la enseñanza»: descriptor conductual de ejemplo.,20,synthetic,SYN-002916
CRI-0512-L1,CRI-0512,RV-VAC-0108-1,1,[SINTÉTICO] Nivel 1 del criterio «Evaluación formativa»: descriptor conductual de ejemplo.,5,synthetic,SYN-002918
CRI-0512-L2,CRI-0512,RV-VAC-0108-1,2,[SINTÉTICO] Nivel 2 del criterio «Evaluación formativa»: descriptor conductual de ejemplo.,10,synthetic,SYN-002919
CRI-0512-L3,CRI-0512,RV-VAC-0108-1,3,[SINTÉTICO] Nivel 3 del criterio «Evaluación formativa»: descriptor conductual de ejemplo.,15,synthetic,SYN-002920
CRI-0512-L4,CRI-0512,RV-VAC-0108-1,4,[SINTÉTICO] Nivel 4 del criterio «Evaluación formativa»: descriptor conductual de ejemplo.,20,synthetic,SYN-002921
CRI-0513-L1,CRI-0513,RV-VAC-0109-1,1,[SINTÉTICO] Nivel 1 del criterio «Desarrollo profesional»: descriptor conductual de ejemplo.,5,synthetic,SYN-002926
CRI-0513-L2,CRI-0513,RV-VAC-0109-1,2,[SINTÉTICO] Nivel 2 del criterio «Desarrollo profesional»: descriptor conductual de ejemplo.,10,synthetic,SYN-002927
CRI-0513-L3,CRI-0513,RV-VAC-0109-1,3,[SINTÉTICO] Nivel 3 del criterio «Desarrollo profesional»: descriptor conductual de ejemplo.,15,synthetic,SYN-002928
CRI-0513-L4,CRI-0513,RV-VAC-0109-1,4,[SINTÉTICO] Nivel 4 del criterio «Desarrollo profesional»: descriptor conductual de ejemplo.,20,synthetic,SYN-002929
CRI-0514-L1,CRI-0514,RV-VAC-0109-1,1,[SINTÉTICO] Nivel 1 del criterio «Trabajo con familias y comunidad»: descriptor conductual de ejemplo.,5,synthetic,SYN-002931
CRI-0514-L2,CRI-0514,RV-VAC-0109-1,2,[SINTÉTICO] Nivel 2 del criterio «Trabajo con familias y comunidad»: descriptor conductual de ejemplo.,10,synthetic,SYN-002932
CRI-0514-L3,CRI-0514,RV-VAC-0109-1,3,[SINTÉTICO] Nivel 3 del criterio «Trabajo con familias y comunidad»: descriptor conductual de ejemplo.,15,synthetic,SYN-002933
CRI-0514-L4,CRI-0514,RV-VAC-0109-1,4,[SINTÉTICO] Nivel 4 del criterio «Trabajo con familias y comunidad»: descriptor conductual de ejemplo.,20,synthetic,SYN-002934
CRI-0515-L1,CRI-0515,RV-VAC-0109-1,1,[SINTÉTICO] Nivel 1 del criterio «Conducción del aprendizaje»: descriptor conductual de ejemplo.,5,synthetic,SYN-002936
CRI-0515-L2,CRI-0515,RV-VAC-0109-1,2,[SINTÉTICO] Nivel 2 del criterio «Conducción del aprendizaje»: descriptor conductual de ejemplo.,10,synthetic,SYN-002937
CRI-0515-L3,CRI-0515,RV-VAC-0109-1,3,[SINTÉTICO] Nivel 3 del criterio «Conducción del aprendizaje»: descriptor conductual de ejemplo.,15,synthetic,SYN-002938
CRI-0515-L4,CRI-0515,RV-VAC-0109-1,4,[SINTÉTICO] Nivel 4 del criterio «Conducción del aprendizaje»: descriptor conductual de ejemplo.,20,synthetic,SYN-002939
CRI-0516-L1,CRI-0516,RV-VAC-0109-1,1,[SINTÉTICO] Nivel 1 del criterio «Organización del trabajo»: descriptor conductual de ejemplo.,5,synthetic,SYN-002941
CRI-0516-L2,CRI-0516,RV-VAC-0109-1,2,[SINTÉTICO] Nivel 2 del criterio «Organización del trabajo»: descriptor conductual de ejemplo.,10,synthetic,SYN-002942
CRI-0516-L3,CRI-0516,RV-VAC-0109-1,3,[SINTÉTICO] Nivel 3 del criterio «Organización del trabajo»: descriptor conductual de ejemplo.,15,synthetic,SYN-002943
CRI-0516-L4,CRI-0516,RV-VAC-0109-1,4,[SINTÉTICO] Nivel 4 del criterio «Organización del trabajo»: descriptor conductual de ejemplo.,20,synthetic,SYN-002944
CRI-0517-L1,CRI-0517,RV-VAC-0109-1,1,[SINTÉTICO] Nivel 1 del criterio «Evaluación formativa»: descriptor conductual de ejemplo.,5,synthetic,SYN-002946
CRI-0517-L2,CRI-0517,RV-VAC-0109-1,2,[SINTÉTICO] Nivel 2 del criterio «Evaluación formativa»: descriptor conductual de ejemplo.,10,synthetic,SYN-002947
CRI-0517-L3,CRI-0517,RV-VAC-0109-1,3,[SINTÉTICO] Nivel 3 del criterio «Evaluación formativa»: descriptor conductual de ejemplo.,15,synthetic,SYN-002948
CRI-0517-L4,CRI-0517,RV-VAC-0109-1,4,[SINTÉTICO] Nivel 4 del criterio «Evaluación formativa»: descriptor conductual de ejemplo.,20,synthetic,SYN-002949
CRI-0518-L1,CRI-0518,RV-VAC-0110-1,1,[SINTÉTICO] Nivel 1 del criterio «Desarrollo profesional»: descriptor conductual de ejemplo.,5,synthetic,SYN-002954
CRI-0518-L2,CRI-0518,RV-VAC-0110-1,2,[SINTÉTICO] Nivel 2 del criterio «Desarrollo profesional»: descriptor conductual de ejemplo.,10,synthetic,SYN-002955
CRI-0518-L3,CRI-0518,RV-VAC-0110-1,3,[SINTÉTICO] Nivel 3 del criterio «Desarrollo profesional»: descriptor conductual de ejemplo.,15,synthetic,SYN-002956
CRI-0518-L4,CRI-0518,RV-VAC-0110-1,4,[SINTÉTICO] Nivel 4 del criterio «Desarrollo profesional»: descriptor conductual de ejemplo.,20,synthetic,SYN-002957
CRI-0519-L1,CRI-0519,RV-VAC-0110-1,1,[SINTÉTICO] Nivel 1 del criterio «Evaluación formativa»: descriptor conductual de ejemplo.,5,synthetic,SYN-002959
CRI-0519-L2,CRI-0519,RV-VAC-0110-1,2,[SINTÉTICO] Nivel 2 del criterio «Evaluación formativa»: descriptor conductual de ejemplo.,10,synthetic,SYN-002960
CRI-0519-L3,CRI-0519,RV-VAC-0110-1,3,[SINTÉTICO] Nivel 3 del criterio «Evaluación formativa»: descriptor conductual de ejemplo.,15,synthetic,SYN-002961
CRI-0519-L4,CRI-0519,RV-VAC-0110-1,4,[SINTÉTICO] Nivel 4 del criterio «Evaluación formativa»: descriptor conductual de ejemplo.,20,synthetic,SYN-002962
CRI-0520-L1,CRI-0520,RV-VAC-0110-1,1,[SINTÉTICO] Nivel 1 del criterio «Trabajo con familias y comunidad»: descriptor conductual de ejemplo.,5,synthetic,SYN-002964
CRI-0520-L2,CRI-0520,RV-VAC-0110-1,2,[SINTÉTICO] Nivel 2 del criterio «Trabajo con familias y comunidad»: descriptor conductual de ejemplo.,10,synthetic,SYN-002965
CRI-0520-L3,CRI-0520,RV-VAC-0110-1,3,[SINTÉTICO] Nivel 3 del criterio «Trabajo con familias y comunidad»: descriptor conductual de ejemplo.,15,synthetic,SYN-002966
CRI-0520-L4,CRI-0520,RV-VAC-0110-1,4,[SINTÉTICO] Nivel 4 del criterio «Trabajo con familias y comunidad»: descriptor conductual de ejemplo.,20,synthetic,SYN-002967
CRI-0521-L1,CRI-0521,RV-VAC-0110-1,1,[SINTÉTICO] Nivel 1 del criterio «Organización del trabajo»: descriptor conductual de ejemplo.,5,synthetic,SYN-002969
CRI-0521-L2,CRI-0521,RV-VAC-0110-1,2,[SINTÉTICO] Nivel 2 del criterio «Organización del trabajo»: descriptor conductual de ejemplo.,10,synthetic,SYN-002970
CRI-0521-L3,CRI-0521,RV-VAC-0110-1,3,[SINTÉTICO] Nivel 3 del criterio «Organización del trabajo»: descriptor conductual de ejemplo.,15,synthetic,SYN-002971
CRI-0521-L4,CRI-0521,RV-VAC-0110-1,4,[SINTÉTICO] Nivel 4 del criterio «Organización del trabajo»: descriptor conductual de ejemplo.,20,synthetic,SYN-002972
CRI-0522-L1,CRI-0522,RV-VAC-0110-1,1,[SINTÉTICO] Nivel 1 del criterio «Planificación de la enseñanza»: descriptor conductual de ejemplo.,5,synthetic,SYN-002974
CRI-0522-L2,CRI-0522,RV-VAC-0110-1,2,[SINTÉTICO] Nivel 2 del criterio «Planificación de la enseñanza»: descriptor conductual de ejemplo.,10,synthetic,SYN-002975
CRI-0522-L3,CRI-0522,RV-VAC-0110-1,3,[SINTÉTICO] Nivel 3 del criterio «Planificación de la enseñanza»: descriptor conductual de ejemplo.,15,synthetic,SYN-002976
CRI-0522-L4,CRI-0522,RV-VAC-0110-1,4,[SINTÉTICO] Nivel 4 del criterio «Planificación de la enseñanza»: descriptor conductual de ejemplo.,20,synthetic,SYN-002977
CRI-0523-L1,CRI-0523,RV-VAC-0111-1,1,[SINTÉTICO] Nivel 1 del criterio «Desarrollo profesional»: descriptor conductual de ejemplo.,5,synthetic,SYN-002982
CRI-0523-L2,CRI-0523,RV-VAC-0111-1,2,[SINTÉTICO] Nivel 2 del criterio «Desarrollo profesional»: descriptor conductual de ejemplo.,10,synthetic,SYN-002983
CRI-0523-L3,CRI-0523,RV-VAC-0111-1,3,[SINTÉTICO] Nivel 3 del criterio «Desarrollo profesional»: descriptor conductual de ejemplo.,15,synthetic,SYN-002984
CRI-0523-L4,CRI-0523,RV-VAC-0111-1,4,[SINTÉTICO] Nivel 4 del criterio «Desarrollo profesional»: descriptor conductual de ejemplo.,20,synthetic,SYN-002985
CRI-0524-L1,CRI-0524,RV-VAC-0111-1,1,[SINTÉTICO] Nivel 1 del criterio «Organización del trabajo»: descriptor conductual de ejemplo.,5,synthetic,SYN-002987
CRI-0524-L2,CRI-0524,RV-VAC-0111-1,2,[SINTÉTICO] Nivel 2 del criterio «Organización del trabajo»: descriptor conductual de ejemplo.,10,synthetic,SYN-002988
CRI-0524-L3,CRI-0524,RV-VAC-0111-1,3,[SINTÉTICO] Nivel 3 del criterio «Organización del trabajo»: descriptor conductual de ejemplo.,15,synthetic,SYN-002989
CRI-0524-L4,CRI-0524,RV-VAC-0111-1,4,[SINTÉTICO] Nivel 4 del criterio «Organización del trabajo»: descriptor conductual de ejemplo.,20,synthetic,SYN-002990
CRI-0525-L1,CRI-0525,RV-VAC-0111-1,1,[SINTÉTICO] Nivel 1 del criterio «Gestión administrativa»: descriptor conductual de ejemplo.,5,synthetic,SYN-002992
CRI-0525-L2,CRI-0525,RV-VAC-0111-1,2,[SINTÉTICO] Nivel 2 del criterio «Gestión administrativa»: descriptor conductual de ejemplo.,10,synthetic,SYN-002993
CRI-0525-L3,CRI-0525,RV-VAC-0111-1,3,[SINTÉTICO] Nivel 3 del criterio «Gestión administrativa»: descriptor conductual de ejemplo.,15,synthetic,SYN-002994
CRI-0525-L4,CRI-0525,RV-VAC-0111-1,4,[SINTÉTICO] Nivel 4 del criterio «Gestión administrativa»: descriptor conductual de ejemplo.,20,synthetic,SYN-002995
CRI-0526-L1,CRI-0526,RV-VAC-0111-1,1,[SINTÉTICO] Nivel 1 del criterio «Atención al usuario»: descriptor conductual de ejemplo.,5,synthetic,SYN-002997
CRI-0526-L2,CRI-0526,RV-VAC-0111-1,2,[SINTÉTICO] Nivel 2 del criterio «Atención al usuario»: descriptor conductual de ejemplo.,10,synthetic,SYN-002998
CRI-0526-L3,CRI-0526,RV-VAC-0111-1,3,[SINTÉTICO] Nivel 3 del criterio «Atención al usuario»: descriptor conductual de ejemplo.,15,synthetic,SYN-002999
CRI-0526-L4,CRI-0526,RV-VAC-0111-1,4,[SINTÉTICO] Nivel 4 del criterio «Atención al usuario»: descriptor conductual de ejemplo.,20,synthetic,SYN-003000
CRI-0527-L1,CRI-0527,RV-VAC-0112-1,1,[SINTÉTICO] Nivel 1 del criterio «Conducción del aprendizaje»: descriptor conductual de ejemplo.,5,synthetic,SYN-003005
CRI-0527-L2,CRI-0527,RV-VAC-0112-1,2,[SINTÉTICO] Nivel 2 del criterio «Conducción del aprendizaje»: descriptor conductual de ejemplo.,10,synthetic,SYN-003006
CRI-0527-L3,CRI-0527,RV-VAC-0112-1,3,[SINTÉTICO] Nivel 3 del criterio «Conducción del aprendizaje»: descriptor conductual de ejemplo.,15,synthetic,SYN-003007
CRI-0527-L4,CRI-0527,RV-VAC-0112-1,4,[SINTÉTICO] Nivel 4 del criterio «Conducción del aprendizaje»: descriptor conductual de ejemplo.,20,synthetic,SYN-003008
CRI-0528-L1,CRI-0528,RV-VAC-0112-1,1,[SINTÉTICO] Nivel 1 del criterio «Organización del trabajo»: descriptor conductual de ejemplo.,5,synthetic,SYN-003010
CRI-0528-L2,CRI-0528,RV-VAC-0112-1,2,[SINTÉTICO] Nivel 2 del criterio «Organización del trabajo»: descriptor conductual de ejemplo.,10,synthetic,SYN-003011
CRI-0528-L3,CRI-0528,RV-VAC-0112-1,3,[SINTÉTICO] Nivel 3 del criterio «Organización del trabajo»: descriptor conductual de ejemplo.,15,synthetic,SYN-003012
CRI-0528-L4,CRI-0528,RV-VAC-0112-1,4,[SINTÉTICO] Nivel 4 del criterio «Organización del trabajo»: descriptor conductual de ejemplo.,20,synthetic,SYN-003013
CRI-0529-L1,CRI-0529,RV-VAC-0112-1,1,[SINTÉTICO] Nivel 1 del criterio «Desarrollo profesional»: descriptor conductual de ejemplo.,5,synthetic,SYN-003015
CRI-0529-L2,CRI-0529,RV-VAC-0112-1,2,[SINTÉTICO] Nivel 2 del criterio «Desarrollo profesional»: descriptor conductual de ejemplo.,10,synthetic,SYN-003016
CRI-0529-L3,CRI-0529,RV-VAC-0112-1,3,[SINTÉTICO] Nivel 3 del criterio «Desarrollo profesional»: descriptor conductual de ejemplo.,15,synthetic,SYN-003017
CRI-0529-L4,CRI-0529,RV-VAC-0112-1,4,[SINTÉTICO] Nivel 4 del criterio «Desarrollo profesional»: descriptor conductual de ejemplo.,20,synthetic,SYN-003018
CRI-0530-L1,CRI-0530,RV-VAC-0112-1,1,[SINTÉTICO] Nivel 1 del criterio «Evaluación formativa»: descriptor conductual de ejemplo.,5,synthetic,SYN-003020
CRI-0530-L2,CRI-0530,RV-VAC-0112-1,2,[SINTÉTICO] Nivel 2 del criterio «Evaluación formativa»: descriptor conductual de ejemplo.,10,synthetic,SYN-003021
CRI-0530-L3,CRI-0530,RV-VAC-0112-1,3,[SINTÉTICO] Nivel 3 del criterio «Evaluación formativa»: descriptor conductual de ejemplo.,15,synthetic,SYN-003022
CRI-0530-L4,CRI-0530,RV-VAC-0112-1,4,[SINTÉTICO] Nivel 4 del criterio «Evaluación formativa»: descriptor conductual de ejemplo.,20,synthetic,SYN-003023
CRI-0531-L1,CRI-0531,RV-VAC-0113-1,1,[SINTÉTICO] Nivel 1 del criterio «Desarrollo profesional»: descriptor conductual de ejemplo.,5,synthetic,SYN-003029
CRI-0531-L2,CRI-0531,RV-VAC-0113-1,2,[SINTÉTICO] Nivel 2 del criterio «Desarrollo profesional»: descriptor conductual de ejemplo.,10,synthetic,SYN-003030
CRI-0531-L3,CRI-0531,RV-VAC-0113-1,3,[SINTÉTICO] Nivel 3 del criterio «Desarrollo profesional»: descriptor conductual de ejemplo.,15,synthetic,SYN-003031
CRI-0531-L4,CRI-0531,RV-VAC-0113-1,4,[SINTÉTICO] Nivel 4 del criterio «Desarrollo profesional»: descriptor conductual de ejemplo.,20,synthetic,SYN-003032
CRI-0532-L1,CRI-0532,RV-VAC-0113-1,1,[SINTÉTICO] Nivel 1 del criterio «Trabajo con familias y comunidad»: descriptor conductual de ejemplo.,5,synthetic,SYN-003034
CRI-0532-L2,CRI-0532,RV-VAC-0113-1,2,[SINTÉTICO] Nivel 2 del criterio «Trabajo con familias y comunidad»: descriptor conductual de ejemplo.,10,synthetic,SYN-003035
CRI-0532-L3,CRI-0532,RV-VAC-0113-1,3,[SINTÉTICO] Nivel 3 del criterio «Trabajo con familias y comunidad»: descriptor conductual de ejemplo.,15,synthetic,SYN-003036
CRI-0532-L4,CRI-0532,RV-VAC-0113-1,4,[SINTÉTICO] Nivel 4 del criterio «Trabajo con familias y comunidad»: descriptor conductual de ejemplo.,20,synthetic,SYN-003037
CRI-0533-L1,CRI-0533,RV-VAC-0113-1,1,[SINTÉTICO] Nivel 1 del criterio «Evaluación formativa»: descriptor conductual de ejemplo.,5,synthetic,SYN-003039
CRI-0533-L2,CRI-0533,RV-VAC-0113-1,2,[SINTÉTICO] Nivel 2 del criterio «Evaluación formativa»: descriptor conductual de ejemplo.,10,synthetic,SYN-003040
CRI-0533-L3,CRI-0533,RV-VAC-0113-1,3,[SINTÉTICO] Nivel 3 del criterio «Evaluación formativa»: descriptor conductual de ejemplo.,15,synthetic,SYN-003041
CRI-0533-L4,CRI-0533,RV-VAC-0113-1,4,[SINTÉTICO] Nivel 4 del criterio «Evaluación formativa»: descriptor conductual de ejemplo.,20,synthetic,SYN-003042
CRI-0534-L1,CRI-0534,RV-VAC-0113-1,1,[SINTÉTICO] Nivel 1 del criterio «Planificación de la enseñanza»: descriptor conductual de ejemplo.,5,synthetic,SYN-003044
CRI-0534-L2,CRI-0534,RV-VAC-0113-1,2,[SINTÉTICO] Nivel 2 del criterio «Planificación de la enseñanza»: descriptor conductual de ejemplo.,10,synthetic,SYN-003045
CRI-0534-L3,CRI-0534,RV-VAC-0113-1,3,[SINTÉTICO] Nivel 3 del criterio «Planificación de la enseñanza»: descriptor conductual de ejemplo.,15,synthetic,SYN-003046
CRI-0534-L4,CRI-0534,RV-VAC-0113-1,4,[SINTÉTICO] Nivel 4 del criterio «Planificación de la enseñanza»: descriptor conductual de ejemplo.,20,synthetic,SYN-003047
CRI-0535-L1,CRI-0535,RV-VAC-0113-1,1,[SINTÉTICO] Nivel 1 del criterio «Organización del trabajo»: descriptor conductual de ejemplo.,5,synthetic,SYN-003049
CRI-0535-L2,CRI-0535,RV-VAC-0113-1,2,[SINTÉTICO] Nivel 2 del criterio «Organización del trabajo»: descriptor conductual de ejemplo.,10,synthetic,SYN-003050
CRI-0535-L3,CRI-0535,RV-VAC-0113-1,3,[SINTÉTICO] Nivel 3 del criterio «Organización del trabajo»: descriptor conductual de ejemplo.,15,synthetic,SYN-003051
CRI-0535-L4,CRI-0535,RV-VAC-0113-1,4,[SINTÉTICO] Nivel 4 del criterio «Organización del trabajo»: descriptor conductual de ejemplo.,20,synthetic,SYN-003052
CRI-0536-L1,CRI-0536,RV-VAC-0114-1,1,[SINTÉTICO] Nivel 1 del criterio «Evaluación formativa»: descriptor conductual de ejemplo.,5,synthetic,SYN-003056
CRI-0536-L2,CRI-0536,RV-VAC-0114-1,2,[SINTÉTICO] Nivel 2 del criterio «Evaluación formativa»: descriptor conductual de ejemplo.,10,synthetic,SYN-003057
CRI-0536-L3,CRI-0536,RV-VAC-0114-1,3,[SINTÉTICO] Nivel 3 del criterio «Evaluación formativa»: descriptor conductual de ejemplo.,15,synthetic,SYN-003058
CRI-0536-L4,CRI-0536,RV-VAC-0114-1,4,[SINTÉTICO] Nivel 4 del criterio «Evaluación formativa»: descriptor conductual de ejemplo.,20,synthetic,SYN-003059
CRI-0537-L1,CRI-0537,RV-VAC-0114-1,1,[SINTÉTICO] Nivel 1 del criterio «Organización del trabajo»: descriptor conductual de ejemplo.,5,synthetic,SYN-003061
CRI-0537-L2,CRI-0537,RV-VAC-0114-1,2,[SINTÉTICO] Nivel 2 del criterio «Organización del trabajo»: descriptor conductual de ejemplo.,10,synthetic,SYN-003062
CRI-0537-L3,CRI-0537,RV-VAC-0114-1,3,[SINTÉTICO] Nivel 3 del criterio «Organización del trabajo»: descriptor conductual de ejemplo.,15,synthetic,SYN-003063
CRI-0537-L4,CRI-0537,RV-VAC-0114-1,4,[SINTÉTICO] Nivel 4 del criterio «Organización del trabajo»: descriptor conductual de ejemplo.,20,synthetic,SYN-003064
CRI-0538-L1,CRI-0538,RV-VAC-0114-1,1,[SINTÉTICO] Nivel 1 del criterio «Conducción del aprendizaje»: descriptor conductual de ejemplo.,5,synthetic,SYN-003066
CRI-0538-L2,CRI-0538,RV-VAC-0114-1,2,[SINTÉTICO] Nivel 2 del criterio «Conducción del aprendizaje»: descriptor conductual de ejemplo.,10,synthetic,SYN-003067
CRI-0538-L3,CRI-0538,RV-VAC-0114-1,3,[SINTÉTICO] Nivel 3 del criterio «Conducción del aprendizaje»: descriptor conductual de ejemplo.,15,synthetic,SYN-003068
CRI-0538-L4,CRI-0538,RV-VAC-0114-1,4,[SINTÉTICO] Nivel 4 del criterio «Conducción del aprendizaje»: descriptor conductual de ejemplo.,20,synthetic,SYN-003069
CRI-0539-L1,CRI-0539,RV-VAC-0114-1,1,[SINTÉTICO] Nivel 1 del criterio «Planificación de la enseñanza»: descriptor conductual de ejemplo.,5,synthetic,SYN-003071
CRI-0539-L2,CRI-0539,RV-VAC-0114-1,2,[SINTÉTICO] Nivel 2 del criterio «Planificación de la enseñanza»: descriptor conductual de ejemplo.,10,synthetic,SYN-003072
CRI-0539-L3,CRI-0539,RV-VAC-0114-1,3,[SINTÉTICO] Nivel 3 del criterio «Planificación de la enseñanza»: descriptor conductual de ejemplo.,15,synthetic,SYN-003073
CRI-0539-L4,CRI-0539,RV-VAC-0114-1,4,[SINTÉTICO] Nivel 4 del criterio «Planificación de la enseñanza»: descriptor conductual de ejemplo.,20,synthetic,SYN-003074
CRI-0540-L1,CRI-0540,RV-VAC-0115-1,1,[SINTÉTICO] Nivel 1 del criterio «Conducción del aprendizaje»: descriptor conductual de ejemplo.,5,synthetic,SYN-003080
CRI-0540-L2,CRI-0540,RV-VAC-0115-1,2,[SINTÉTICO] Nivel 2 del criterio «Conducción del aprendizaje»: descriptor conductual de ejemplo.,10,synthetic,SYN-003081
CRI-0540-L3,CRI-0540,RV-VAC-0115-1,3,[SINTÉTICO] Nivel 3 del criterio «Conducción del aprendizaje»: descriptor conductual de ejemplo.,15,synthetic,SYN-003082
CRI-0540-L4,CRI-0540,RV-VAC-0115-1,4,[SINTÉTICO] Nivel 4 del criterio «Conducción del aprendizaje»: descriptor conductual de ejemplo.,20,synthetic,SYN-003083
CRI-0541-L1,CRI-0541,RV-VAC-0115-1,1,[SINTÉTICO] Nivel 1 del criterio «Evaluación formativa»: descriptor conductual de ejemplo.,5,synthetic,SYN-003085
CRI-0541-L2,CRI-0541,RV-VAC-0115-1,2,[SINTÉTICO] Nivel 2 del criterio «Evaluación formativa»: descriptor conductual de ejemplo.,10,synthetic,SYN-003086
CRI-0541-L3,CRI-0541,RV-VAC-0115-1,3,[SINTÉTICO] Nivel 3 del criterio «Evaluación formativa»: descriptor conductual de ejemplo.,15,synthetic,SYN-003087
CRI-0541-L4,CRI-0541,RV-VAC-0115-1,4,[SINTÉTICO] Nivel 4 del criterio «Evaluación formativa»: descriptor conductual de ejemplo.,20,synthetic,SYN-003088
CRI-0542-L1,CRI-0542,RV-VAC-0115-1,1,[SINTÉTICO] Nivel 1 del criterio «Planificación de la enseñanza»: descriptor conductual de ejemplo.,5,synthetic,SYN-003090
CRI-0542-L2,CRI-0542,RV-VAC-0115-1,2,[SINTÉTICO] Nivel 2 del criterio «Planificación de la enseñanza»: descriptor conductual de ejemplo.,10,synthetic,SYN-003091
CRI-0542-L3,CRI-0542,RV-VAC-0115-1,3,[SINTÉTICO] Nivel 3 del criterio «Planificación de la enseñanza»: descriptor conductual de ejemplo.,15,synthetic,SYN-003092
CRI-0542-L4,CRI-0542,RV-VAC-0115-1,4,[SINTÉTICO] Nivel 4 del criterio «Planificación de la enseñanza»: descriptor conductual de ejemplo.,20,synthetic,SYN-003093
CRI-0543-L1,CRI-0543,RV-VAC-0115-1,1,[SINTÉTICO] Nivel 1 del criterio «Trabajo con familias y comunidad»: descriptor conductual de ejemplo.,5,synthetic,SYN-003095
CRI-0543-L2,CRI-0543,RV-VAC-0115-1,2,[SINTÉTICO] Nivel 2 del criterio «Trabajo con familias y comunidad»: descriptor conductual de ejemplo.,10,synthetic,SYN-003096
CRI-0543-L3,CRI-0543,RV-VAC-0115-1,3,[SINTÉTICO] Nivel 3 del criterio «Trabajo con familias y comunidad»: descriptor conductual de ejemplo.,15,synthetic,SYN-003097
CRI-0543-L4,CRI-0543,RV-VAC-0115-1,4,[SINTÉTICO] Nivel 4 del criterio «Trabajo con familias y comunidad»: descriptor conductual de ejemplo.,20,synthetic,SYN-003098
CRI-0544-L1,CRI-0544,RV-VAC-0115-1,1,[SINTÉTICO] Nivel 1 del criterio «Desarrollo profesional»: descriptor conductual de ejemplo.,5,synthetic,SYN-003100
CRI-0544-L2,CRI-0544,RV-VAC-0115-1,2,[SINTÉTICO] Nivel 2 del criterio «Desarrollo profesional»: descriptor conductual de ejemplo.,10,synthetic,SYN-003101
CRI-0544-L3,CRI-0544,RV-VAC-0115-1,3,[SINTÉTICO] Nivel 3 del criterio «Desarrollo profesional»: descriptor conductual de ejemplo.,15,synthetic,SYN-003102
CRI-0544-L4,CRI-0544,RV-VAC-0115-1,4,[SINTÉTICO] Nivel 4 del criterio «Desarrollo profesional»: descriptor conductual de ejemplo.,20,synthetic,SYN-003103
CRI-0545-L1,CRI-0545,RV-VAC-0115-1,1,[SINTÉTICO] Nivel 1 del criterio «Organización del trabajo»: descriptor conductual de ejemplo.,5,synthetic,SYN-003105
CRI-0545-L2,CRI-0545,RV-VAC-0115-1,2,[SINTÉTICO] Nivel 2 del criterio «Organización del trabajo»: descriptor conductual de ejemplo.,10,synthetic,SYN-003106
CRI-0545-L3,CRI-0545,RV-VAC-0115-1,3,[SINTÉTICO] Nivel 3 del criterio «Organización del trabajo»: descriptor conductual de ejemplo.,15,synthetic,SYN-003107
CRI-0545-L4,CRI-0545,RV-VAC-0115-1,4,[SINTÉTICO] Nivel 4 del criterio «Organización del trabajo»: descriptor conductual de ejemplo.,20,synthetic,SYN-003108
CRI-0546-L1,CRI-0546,RV-VAC-0116-1,1,[SINTÉTICO] Nivel 1 del criterio «Organización del trabajo»: descriptor conductual de ejemplo.,5,synthetic,SYN-003113
CRI-0546-L2,CRI-0546,RV-VAC-0116-1,2,[SINTÉTICO] Nivel 2 del criterio «Organización del trabajo»: descriptor conductual de ejemplo.,10,synthetic,SYN-003114
CRI-0546-L3,CRI-0546,RV-VAC-0116-1,3,[SINTÉTICO] Nivel 3 del criterio «Organización del trabajo»: descriptor conductual de ejemplo.,15,synthetic,SYN-003115
CRI-0546-L4,CRI-0546,RV-VAC-0116-1,4,[SINTÉTICO] Nivel 4 del criterio «Organización del trabajo»: descriptor conductual de ejemplo.,20,synthetic,SYN-003116
CRI-0547-L1,CRI-0547,RV-VAC-0116-1,1,[SINTÉTICO] Nivel 1 del criterio «Gestión administrativa»: descriptor conductual de ejemplo.,5,synthetic,SYN-003118
CRI-0547-L2,CRI-0547,RV-VAC-0116-1,2,[SINTÉTICO] Nivel 2 del criterio «Gestión administrativa»: descriptor conductual de ejemplo.,10,synthetic,SYN-003119
CRI-0547-L3,CRI-0547,RV-VAC-0116-1,3,[SINTÉTICO] Nivel 3 del criterio «Gestión administrativa»: descriptor conductual de ejemplo.,15,synthetic,SYN-003120
CRI-0547-L4,CRI-0547,RV-VAC-0116-1,4,[SINTÉTICO] Nivel 4 del criterio «Gestión administrativa»: descriptor conductual de ejemplo.,20,synthetic,SYN-003121
CRI-0548-L1,CRI-0548,RV-VAC-0116-1,1,[SINTÉTICO] Nivel 1 del criterio «Desarrollo profesional»: descriptor conductual de ejemplo.,5,synthetic,SYN-003123
CRI-0548-L2,CRI-0548,RV-VAC-0116-1,2,[SINTÉTICO] Nivel 2 del criterio «Desarrollo profesional»: descriptor conductual de ejemplo.,10,synthetic,SYN-003124
CRI-0548-L3,CRI-0548,RV-VAC-0116-1,3,[SINTÉTICO] Nivel 3 del criterio «Desarrollo profesional»: descriptor conductual de ejemplo.,15,synthetic,SYN-003125
CRI-0548-L4,CRI-0548,RV-VAC-0116-1,4,[SINTÉTICO] Nivel 4 del criterio «Desarrollo profesional»: descriptor conductual de ejemplo.,20,synthetic,SYN-003126
CRI-0549-L1,CRI-0549,RV-VAC-0116-1,1,[SINTÉTICO] Nivel 1 del criterio «Atención al usuario»: descriptor conductual de ejemplo.,5,synthetic,SYN-003128
CRI-0549-L2,CRI-0549,RV-VAC-0116-1,2,[SINTÉTICO] Nivel 2 del criterio «Atención al usuario»: descriptor conductual de ejemplo.,10,synthetic,SYN-003129
CRI-0549-L3,CRI-0549,RV-VAC-0116-1,3,[SINTÉTICO] Nivel 3 del criterio «Atención al usuario»: descriptor conductual de ejemplo.,15,synthetic,SYN-003130
CRI-0549-L4,CRI-0549,RV-VAC-0116-1,4,[SINTÉTICO] Nivel 4 del criterio «Atención al usuario»: descriptor conductual de ejemplo.,20,synthetic,SYN-003131
CRI-0550-L1,CRI-0550,RV-VAC-0117-1,1,[SINTÉTICO] Nivel 1 del criterio «Atención al usuario»: descriptor conductual de ejemplo.,5,synthetic,SYN-003135
CRI-0550-L2,CRI-0550,RV-VAC-0117-1,2,[SINTÉTICO] Nivel 2 del criterio «Atención al usuario»: descriptor conductual de ejemplo.,10,synthetic,SYN-003136
CRI-0550-L3,CRI-0550,RV-VAC-0117-1,3,[SINTÉTICO] Nivel 3 del criterio «Atención al usuario»: descriptor conductual de ejemplo.,15,synthetic,SYN-003137
CRI-0550-L4,CRI-0550,RV-VAC-0117-1,4,[SINTÉTICO] Nivel 4 del criterio «Atención al usuario»: descriptor conductual de ejemplo.,20,synthetic,SYN-003138
CRI-0551-L1,CRI-0551,RV-VAC-0117-1,1,[SINTÉTICO] Nivel 1 del criterio «Desarrollo profesional»: descriptor conductual de ejemplo.,5,synthetic,SYN-003140
CRI-0551-L2,CRI-0551,RV-VAC-0117-1,2,[SINTÉTICO] Nivel 2 del criterio «Desarrollo profesional»: descriptor conductual de ejemplo.,10,synthetic,SYN-003141
CRI-0551-L3,CRI-0551,RV-VAC-0117-1,3,[SINTÉTICO] Nivel 3 del criterio «Desarrollo profesional»: descriptor conductual de ejemplo.,15,synthetic,SYN-003142
CRI-0551-L4,CRI-0551,RV-VAC-0117-1,4,[SINTÉTICO] Nivel 4 del criterio «Desarrollo profesional»: descriptor conductual de ejemplo.,20,synthetic,SYN-003143
CRI-0552-L1,CRI-0552,RV-VAC-0117-1,1,[SINTÉTICO] Nivel 1 del criterio «Organización del trabajo»: descriptor conductual de ejemplo.,5,synthetic,SYN-003145
CRI-0552-L2,CRI-0552,RV-VAC-0117-1,2,[SINTÉTICO] Nivel 2 del criterio «Organización del trabajo»: descriptor conductual de ejemplo.,10,synthetic,SYN-003146
CRI-0552-L3,CRI-0552,RV-VAC-0117-1,3,[SINTÉTICO] Nivel 3 del criterio «Organización del trabajo»: descriptor conductual de ejemplo.,15,synthetic,SYN-003147
CRI-0552-L4,CRI-0552,RV-VAC-0117-1,4,[SINTÉTICO] Nivel 4 del criterio «Organización del trabajo»: descriptor conductual de ejemplo.,20,synthetic,SYN-003148
CRI-0553-L1,CRI-0553,RV-VAC-0117-1,1,[SINTÉTICO] Nivel 1 del criterio «Gestión administrativa»: descriptor conductual de ejemplo.,5,synthetic,SYN-003150
CRI-0553-L2,CRI-0553,RV-VAC-0117-1,2,[SINTÉTICO] Nivel 2 del criterio «Gestión administrativa»: descriptor conductual de ejemplo.,10,synthetic,SYN-003151
CRI-0553-L3,CRI-0553,RV-VAC-0117-1,3,[SINTÉTICO] Nivel 3 del criterio «Gestión administrativa»: descriptor conductual de ejemplo.,15,synthetic,SYN-003152
CRI-0553-L4,CRI-0553,RV-VAC-0117-1,4,[SINTÉTICO] Nivel 4 del criterio «Gestión administrativa»: descriptor conductual de ejemplo.,20,synthetic,SYN-003153
CRI-0554-L1,CRI-0554,RV-VAC-0118-1,1,[SINTÉTICO] Nivel 1 del criterio «Trabajo con familias y comunidad»: descriptor conductual de ejemplo.,5,synthetic,SYN-003158
CRI-0554-L2,CRI-0554,RV-VAC-0118-1,2,[SINTÉTICO] Nivel 2 del criterio «Trabajo con familias y comunidad»: descriptor conductual de ejemplo.,10,synthetic,SYN-003159
CRI-0554-L3,CRI-0554,RV-VAC-0118-1,3,[SINTÉTICO] Nivel 3 del criterio «Trabajo con familias y comunidad»: descriptor conductual de ejemplo.,15,synthetic,SYN-003160
CRI-0554-L4,CRI-0554,RV-VAC-0118-1,4,[SINTÉTICO] Nivel 4 del criterio «Trabajo con familias y comunidad»: descriptor conductual de ejemplo.,20,synthetic,SYN-003161
CRI-0555-L1,CRI-0555,RV-VAC-0118-1,1,[SINTÉTICO] Nivel 1 del criterio «Evaluación formativa»: descriptor conductual de ejemplo.,5,synthetic,SYN-003163
CRI-0555-L2,CRI-0555,RV-VAC-0118-1,2,[SINTÉTICO] Nivel 2 del criterio «Evaluación formativa»: descriptor conductual de ejemplo.,10,synthetic,SYN-003164
CRI-0555-L3,CRI-0555,RV-VAC-0118-1,3,[SINTÉTICO] Nivel 3 del criterio «Evaluación formativa»: descriptor conductual de ejemplo.,15,synthetic,SYN-003165
CRI-0555-L4,CRI-0555,RV-VAC-0118-1,4,[SINTÉTICO] Nivel 4 del criterio «Evaluación formativa»: descriptor conductual de ejemplo.,20,synthetic,SYN-003166
CRI-0556-L1,CRI-0556,RV-VAC-0118-1,1,[SINTÉTICO] Nivel 1 del criterio «Planificación de la enseñanza»: descriptor conductual de ejemplo.,5,synthetic,SYN-003168
CRI-0556-L2,CRI-0556,RV-VAC-0118-1,2,[SINTÉTICO] Nivel 2 del criterio «Planificación de la enseñanza»: descriptor conductual de ejemplo.,10,synthetic,SYN-003169
CRI-0556-L3,CRI-0556,RV-VAC-0118-1,3,[SINTÉTICO] Nivel 3 del criterio «Planificación de la enseñanza»: descriptor conductual de ejemplo.,15,synthetic,SYN-003170
CRI-0556-L4,CRI-0556,RV-VAC-0118-1,4,[SINTÉTICO] Nivel 4 del criterio «Planificación de la enseñanza»: descriptor conductual de ejemplo.,20,synthetic,SYN-003171
CRI-0557-L1,CRI-0557,RV-VAC-0118-1,1,[SINTÉTICO] Nivel 1 del criterio «Desarrollo profesional»: descriptor conductual de ejemplo.,5,synthetic,SYN-003173
CRI-0557-L2,CRI-0557,RV-VAC-0118-1,2,[SINTÉTICO] Nivel 2 del criterio «Desarrollo profesional»: descriptor conductual de ejemplo.,10,synthetic,SYN-003174
CRI-0557-L3,CRI-0557,RV-VAC-0118-1,3,[SINTÉTICO] Nivel 3 del criterio «Desarrollo profesional»: descriptor conductual de ejemplo.,15,synthetic,SYN-003175
CRI-0557-L4,CRI-0557,RV-VAC-0118-1,4,[SINTÉTICO] Nivel 4 del criterio «Desarrollo profesional»: descriptor conductual de ejemplo.,20,synthetic,SYN-003176
CRI-0558-L1,CRI-0558,RV-VAC-0118-1,1,[SINTÉTICO] Nivel 1 del criterio «Conducción del aprendizaje»: descriptor conductual de ejemplo.,5,synthetic,SYN-003178
CRI-0558-L2,CRI-0558,RV-VAC-0118-1,2,[SINTÉTICO] Nivel 2 del criterio «Conducción del aprendizaje»: descriptor conductual de ejemplo.,10,synthetic,SYN-003179
CRI-0558-L3,CRI-0558,RV-VAC-0118-1,3,[SINTÉTICO] Nivel 3 del criterio «Conducción del aprendizaje»: descriptor conductual de ejemplo.,15,synthetic,SYN-003180
CRI-0558-L4,CRI-0558,RV-VAC-0118-1,4,[SINTÉTICO] Nivel 4 del criterio «Conducción del aprendizaje»: descriptor conductual de ejemplo.,20,synthetic,SYN-003181
CRI-0559-L1,CRI-0559,RV-VAC-0118-1,1,[SINTÉTICO] Nivel 1 del criterio «Organización del trabajo»: descriptor conductual de ejemplo.,5,synthetic,SYN-003183
CRI-0559-L2,CRI-0559,RV-VAC-0118-1,2,[SINTÉTICO] Nivel 2 del criterio «Organización del trabajo»: descriptor conductual de ejemplo.,10,synthetic,SYN-003184
CRI-0559-L3,CRI-0559,RV-VAC-0118-1,3,[SINTÉTICO] Nivel 3 del criterio «Organización del trabajo»: descriptor conductual de ejemplo.,15,synthetic,SYN-003185
CRI-0559-L4,CRI-0559,RV-VAC-0118-1,4,[SINTÉTICO] Nivel 4 del criterio «Organización del trabajo»: descriptor conductual de ejemplo.,20,synthetic,SYN-003186
CRI-0560-L1,CRI-0560,RV-VAC-0119-1,1,[SINTÉTICO] Nivel 1 del criterio «Conducción del aprendizaje»: descriptor conductual de ejemplo.,5,synthetic,SYN-003190
CRI-0560-L2,CRI-0560,RV-VAC-0119-1,2,[SINTÉTICO] Nivel 2 del criterio «Conducción del aprendizaje»: descriptor conductual de ejemplo.,10,synthetic,SYN-003191
CRI-0560-L3,CRI-0560,RV-VAC-0119-1,3,[SINTÉTICO] Nivel 3 del criterio «Conducción del aprendizaje»: descriptor conductual de ejemplo.,15,synthetic,SYN-003192
CRI-0560-L4,CRI-0560,RV-VAC-0119-1,4,[SINTÉTICO] Nivel 4 del criterio «Conducción del aprendizaje»: descriptor conductual de ejemplo.,20,synthetic,SYN-003193
CRI-0561-L1,CRI-0561,RV-VAC-0119-1,1,[SINTÉTICO] Nivel 1 del criterio «Evaluación formativa»: descriptor conductual de ejemplo.,5,synthetic,SYN-003195
CRI-0561-L2,CRI-0561,RV-VAC-0119-1,2,[SINTÉTICO] Nivel 2 del criterio «Evaluación formativa»: descriptor conductual de ejemplo.,10,synthetic,SYN-003196
CRI-0561-L3,CRI-0561,RV-VAC-0119-1,3,[SINTÉTICO] Nivel 3 del criterio «Evaluación formativa»: descriptor conductual de ejemplo.,15,synthetic,SYN-003197
CRI-0561-L4,CRI-0561,RV-VAC-0119-1,4,[SINTÉTICO] Nivel 4 del criterio «Evaluación formativa»: descriptor conductual de ejemplo.,20,synthetic,SYN-003198
CRI-0562-L1,CRI-0562,RV-VAC-0119-1,1,[SINTÉTICO] Nivel 1 del criterio «Desarrollo profesional»: descriptor conductual de ejemplo.,5,synthetic,SYN-003200
CRI-0562-L2,CRI-0562,RV-VAC-0119-1,2,[SINTÉTICO] Nivel 2 del criterio «Desarrollo profesional»: descriptor conductual de ejemplo.,10,synthetic,SYN-003201
CRI-0562-L3,CRI-0562,RV-VAC-0119-1,3,[SINTÉTICO] Nivel 3 del criterio «Desarrollo profesional»: descriptor conductual de ejemplo.,15,synthetic,SYN-003202
CRI-0562-L4,CRI-0562,RV-VAC-0119-1,4,[SINTÉTICO] Nivel 4 del criterio «Desarrollo profesional»: descriptor conductual de ejemplo.,20,synthetic,SYN-003203
CRI-0563-L1,CRI-0563,RV-VAC-0119-1,1,[SINTÉTICO] Nivel 1 del criterio «Trabajo con familias y comunidad»: descriptor conductual de ejemplo.,5,synthetic,SYN-003205
CRI-0563-L2,CRI-0563,RV-VAC-0119-1,2,[SINTÉTICO] Nivel 2 del criterio «Trabajo con familias y comunidad»: descriptor conductual de ejemplo.,10,synthetic,SYN-003206
CRI-0563-L3,CRI-0563,RV-VAC-0119-1,3,[SINTÉTICO] Nivel 3 del criterio «Trabajo con familias y comunidad»: descriptor conductual de ejemplo.,15,synthetic,SYN-003207
CRI-0563-L4,CRI-0563,RV-VAC-0119-1,4,[SINTÉTICO] Nivel 4 del criterio «Trabajo con familias y comunidad»: descriptor conductual de ejemplo.,20,synthetic,SYN-003208
CRI-0564-L1,CRI-0564,RV-VAC-0119-1,1,[SINTÉTICO] Nivel 1 del criterio «Planificación de la enseñanza»: descriptor conductual de ejemplo.,5,synthetic,SYN-003210
CRI-0564-L2,CRI-0564,RV-VAC-0119-1,2,[SINTÉTICO] Nivel 2 del criterio «Planificación de la enseñanza»: descriptor conductual de ejemplo.,10,synthetic,SYN-003211
CRI-0564-L3,CRI-0564,RV-VAC-0119-1,3,[SINTÉTICO] Nivel 3 del criterio «Planificación de la enseñanza»: descriptor conductual de ejemplo.,15,synthetic,SYN-003212
CRI-0564-L4,CRI-0564,RV-VAC-0119-1,4,[SINTÉTICO] Nivel 4 del criterio «Planificación de la enseñanza»: descriptor conductual de ejemplo.,20,synthetic,SYN-003213
CRI-0565-L1,CRI-0565,RV-VAC-0120-1,1,[SINTÉTICO] Nivel 1 del criterio «Trabajo con familias y comunidad»: descriptor conductual de ejemplo.,5,synthetic,SYN-003219
CRI-0565-L2,CRI-0565,RV-VAC-0120-1,2,[SINTÉTICO] Nivel 2 del criterio «Trabajo con familias y comunidad»: descriptor conductual de ejemplo.,10,synthetic,SYN-003220
CRI-0565-L3,CRI-0565,RV-VAC-0120-1,3,[SINTÉTICO] Nivel 3 del criterio «Trabajo con familias y comunidad»: descriptor conductual de ejemplo.,15,synthetic,SYN-003221
CRI-0565-L4,CRI-0565,RV-VAC-0120-1,4,[SINTÉTICO] Nivel 4 del criterio «Trabajo con familias y comunidad»: descriptor conductual de ejemplo.,20,synthetic,SYN-003222
CRI-0566-L1,CRI-0566,RV-VAC-0120-1,1,[SINTÉTICO] Nivel 1 del criterio «Organización del trabajo»: descriptor conductual de ejemplo.,5,synthetic,SYN-003224
CRI-0566-L2,CRI-0566,RV-VAC-0120-1,2,[SINTÉTICO] Nivel 2 del criterio «Organización del trabajo»: descriptor conductual de ejemplo.,10,synthetic,SYN-003225
CRI-0566-L3,CRI-0566,RV-VAC-0120-1,3,[SINTÉTICO] Nivel 3 del criterio «Organización del trabajo»: descriptor conductual de ejemplo.,15,synthetic,SYN-003226
CRI-0566-L4,CRI-0566,RV-VAC-0120-1,4,[SINTÉTICO] Nivel 4 del criterio «Organización del trabajo»: descriptor conductual de ejemplo.,20,synthetic,SYN-003227
CRI-0567-L1,CRI-0567,RV-VAC-0120-1,1,[SINTÉTICO] Nivel 1 del criterio «Conducción del aprendizaje»: descriptor conductual de ejemplo.,5,synthetic,SYN-003229
CRI-0567-L2,CRI-0567,RV-VAC-0120-1,2,[SINTÉTICO] Nivel 2 del criterio «Conducción del aprendizaje»: descriptor conductual de ejemplo.,10,synthetic,SYN-003230
CRI-0567-L3,CRI-0567,RV-VAC-0120-1,3,[SINTÉTICO] Nivel 3 del criterio «Conducción del aprendizaje»: descriptor conductual de ejemplo.,15,synthetic,SYN-003231
CRI-0567-L4,CRI-0567,RV-VAC-0120-1,4,[SINTÉTICO] Nivel 4 del criterio «Conducción del aprendizaje»: descriptor conductual de ejemplo.,20,synthetic,SYN-003232
CRI-0568-L1,CRI-0568,RV-VAC-0120-1,1,[SINTÉTICO] Nivel 1 del criterio «Planificación de la enseñanza»: descriptor conductual de ejemplo.,5,synthetic,SYN-003234
CRI-0568-L2,CRI-0568,RV-VAC-0120-1,2,[SINTÉTICO] Nivel 2 del criterio «Planificación de la enseñanza»: descriptor conductual de ejemplo.,10,synthetic,SYN-003235
CRI-0568-L3,CRI-0568,RV-VAC-0120-1,3,[SINTÉTICO] Nivel 3 del criterio «Planificación de la enseñanza»: descriptor conductual de ejemplo.,15,synthetic,SYN-003236
CRI-0568-L4,CRI-0568,RV-VAC-0120-1,4,[SINTÉTICO] Nivel 4 del criterio «Planificación de la enseñanza»: descriptor conductual de ejemplo.,20,synthetic,SYN-003237
