session_token,application_token,vacancy_token,stage,evaluator_token,created_at,scheduled_for,status,completed_at,source_type,synthetic_record_id
SES-00001,APP-00001,VAC-0001,evaluacion,EV-S1-01,2026-07-25T10:29:00,2026-08-08T16:29:00,programada,,synthetic,SYN-006185
SES-00002,APP-00001,VAC-0001,entrevista,EV-S1-01,2026-08-01T11:00:00,2026-08-16T14:00:00,realizada,2026-08-19T17:00:00,synthetic,SYN-006186
SES-00003,APP-00002,VAC-0001,evaluacion,EV-S1-01,2026-07-25T00:40:00,2026-08-06T05:40:00,realizada,2026-08-06T08:40:00,synthetic,SYN-006196
SES-00004,APP-00002,VAC-0001,entrevista,EV-S1-03,2026-07-29T13:00:00,2026-08-05T19:00:00,realizada,2026-08-05T22:00:00,synthetic,SYN-006206
SES-00005,APP-00003,VAC-0002,evaluacion,EV-S2-03,2026-08-20T08:05:00,2026-09-02T13:05:00,realizada,2026-09-06T15:05:00,synthetic,SYN-006216
SES-00006,APP-00003,VAC-0002,entrevista,EV-S2-01,2026-08-22T16:00:00,2026-09-04T20:00:00,realizada,2026-09-07T01:00:00,synthetic,SYN-006223
SES-00007,APP-00004,VAC-0002,evaluacion,EV-S2-04,2026-08-12T23:16:00,2026-08-22T04:16:00,realizada,2026-08-25T06:16:00,synthetic,SYN-006229
SES-00008,APP-00004,VAC-0002,entrevista,EV-S2-04,2026-08-23T16:00:00,2026-08-29T22:00:00,realizada,2026-09-01T00:00:00,synthetic,SYN-006237
SES-00009,APP-00005,VAC-0002,evaluacion,EV-S2-01,2026-08-18T07:21:00,2026-08-30T12:21:00,realizada,2026-09-02T14:21:00,synthetic,SYN-006245
SES-00010,APP-00005,VAC-0002,entrevista,EV-S2-02,2026-08-23T13:00:00,2026-09-04T15:00:00,realizada,2026-09-05T16:00:00,synthetic,SYN-006252
SES-00011,APP-00006,VAC-0002,evaluacion,EV-S2-02,2026-08-07T22:43:00,2026-08-20T00:43:00,realizada,2026-08-20T05:43:00,synthetic,SYN-006257
SES-00012,APP-00007,VAC-0002,evaluacion,EV-S2-02,2026-08-21T04:47:00,2026-09-02T08:47:00,realizada,2026-09-05T11:47:00,synthetic,SYN-006265
SES-00013,APP-00007,VAC-0002,entrevista,EV-S2-03,2026-08-25T17:00:00,2026-09-09T23:00:00,programada,,synthetic,SYN-006273
SES-00014,APP-00008,VAC-0002,evaluacion,EV-S2-01,2026-08-10T09:10:00,2026-08-20T12:10:00,realizada,2026-08-22T13:10:00,synthetic,SYN-006275
SES-00015,APP-00008,VAC-0002,entrevista,EV-S2-01,2026-08-21T16:00:00,2026-08-27T18:00:00,realizada,2026-08-29T23:00:00,synthetic,SYN-006285
SES-00016,APP-00009,VAC-0002,evaluacion,EV-S2-02,2026-08-18T20:29:00,2026-08-25T00:29:00,realizada,2026-08-26T02:29:00,synthetic,SYN-006292
SES-00017,APP-00009,VAC-0002,entrevista,EV-S2-01,2026-08-21T11:00:00,2026-09-04T12:00:00,programada,,synthetic,SYN-006297
SES-00018,APP-00010,VAC-0002,evaluacion,EV-S2-03,2026-08-15T15:25:00,2026-08-22T19:25:00,realizada,2026-08-23T20:25:00,synthetic,SYN-006299
SES-00019,APP-00010,VAC-0002,entrevista,EV-S2-04,2026-08-20T15:00:00,2026-09-04T16:00:00,realizada,2026-09-05T17:00:00,synthetic,SYN-006305
SES-00020,APP-00011,VAC-0003,evaluacion,EV-S3-03,2026-06-12T01:31:00,2026-06-19T07:31:00,realizada,2026-06-19T11:31:00,synthetic,SYN-006310
SES-00021,APP-00012,VAC-0003,evaluacion,EV-S3-01,2026-06-16T08:01:00,2026-06-26T08:01:00,realizada,2026-06-26T10:01:00,synthetic,SYN-006319
SES-00022,APP-00012,VAC-0003,evaluacion,EV-S3-02,2026-06-17T09:01:00,2026-06-28T13:01:00,realizada,2026-07-02T16:01:00,synthetic,SYN-006328
SES-00023,APP-00012,VAC-0003,entrevista,EV-S3-04,2026-06-18T14:00:00,2026-06-28T17:00:00,realizada,2026-06-30T19:00:00,synthetic,SYN-006338
SES-00024,APP-00013,VAC-0004,evaluacion,EV-S1-02,2026-07-15T21:56:00,2026-07-22T03:56:00,programada,,synthetic,SYN-006345
SES-00025,APP-00014,VAC-0004,evaluacion,EV-S1-02,2026-07-07T13:42:00,2026-07-15T00:00:00,realizada,2026-07-17T02:00:00,synthetic,SYN-006346
SES-00026,APP-00014,VAC-0004,evaluacion,EV-S1-04,2026-07-04T21:42:00,2026-07-16T03:42:00,realizada,2026-07-19T05:42:00,synthetic,SYN-006354
SES-00027,APP-00015,VAC-0004,evaluacion,EV-S1-02,2026-07-17T05:07:00,2026-07-30T06:07:00,realizada,2026-07-31T10:07:00,synthetic,SYN-006363
SES-00028,APP-00015,VAC-0004,entrevista,EV-S1-02,2026-07-20T12:00:00,2026-07-29T15:00:00,realizada,2026-07-30T19:00:00,synthetic,SYN-006370
SES-00029,APP-00016,VAC-0004,evaluacion,EV-S1-03,2026-07-07T04:29:00,2026-07-14T04:29:00,realizada,2026-07-17T06:29:00,synthetic,SYN-006375
SES-00030,APP-00017,VAC-0004,evaluacion,EV-S1-02,2026-07-07T11:00:00,2026-07-21T17:00:00,realizada,2026-07-24T18:00:00,synthetic,SYN-006381
SES-00031,APP-00017,VAC-0004,entrevista,EV-S1-04,2026-07-17T17:00:00,2026-07-28T21:00:00,realizada,2026-07-29T02:00:00,synthetic,SYN-006388
SES-00032,APP-00018,VAC-0004,evaluacion,EV-S1-01,2026-07-12T22:52:00,2026-07-22T00:52:00,realizada,2026-07-22T04:52:00,synthetic,SYN-006397
SES-00033,APP-00018,VAC-0004,entrevista,EV-S1-02,2026-07-18T16:00:00,2026-07-31T19:00:00,realizada,2026-08-02T00:00:00,synthetic,SYN-006403
SES-00034,APP-00019,VAC-0004,evaluacion,EV-S1-04,2026-07-09T04:06:00,2026-07-16T07:06:00,realizada,2026-07-17T08:06:00,synthetic,SYN-006411
SES-00035,APP-00019,VAC-0004,entrevista,EV-S1-02,2026-07-15T15:00:00,2026-07-25T16:00:00,realizada,2026-07-27T21:00:00,synthetic,SYN-006420
SES-00036,APP-00020,VAC-0004,evaluacion,EV-S1-03,2026-07-08T02:10:00,2026-07-22T02:10:00,realizada,2026-07-26T06:10:00,synthetic,SYN-006427
SES-00037,APP-00020,VAC-0004,entrevista,EV-S1-03,2026-07-20T13:00:00,2026-07-24T14:00:00,realizada,2026-07-24T19:00:00,synthetic,SYN-006434
SES-00038,APP-00021,VAC-0004,evaluacion,EV-S1-02,2026-07-11T14:18:00,2026-07-20T18:18:00,realizada,2026-07-24T20:18:00,synthetic,SYN-006441
SES-00039,APP-00021,VAC-0004,entrevista,EV-S1-02,2026-07-15T16:00:00,2026-07-19T20:00:00,programada,,synthetic,SYN-006447
SES-00040,APP-00022,VAC-0005,evaluacion,EV-S2-04,2026-07-04T08:14:00,2026-07-15T13:14:00,realizada,2026-07-18T15:14:00,synthetic,SYN-006448
SES-00041,APP-00022,VAC-0005,evaluacion,EV-S2-02,2026-06-30T05:14:00,2026-07-10T06:14:00,realizada,2026-07-13T10:14:00,synthetic,SYN-006455
SES-00042,APP-00023,VAC-0005,evaluacion,EV-S2-01,2026-07-04T13:55:00,2026-07-15T17:55:00,realizada,2026-07-18T21:55:00,synthetic,SYN-006463
SES-00043,APP-00023,VAC-0005,entrevista,EV-S2-02,2026-07-06T11:00:00,2026-07-16T16:00:00,realizada,2026-07-18T19:00:00,synthetic,SYN-006473
SES-00044,APP-00024,VAC-0005,evaluacion,EV-S2-01,2026-07-02T01:55:00,2026-07-09T02:55:00,realizada,2026-07-12T06:55:00,synthetic,SYN-006481
SES-00045,APP-00024,VAC-0005,entrevista,EV-S2-03,2026-07-08T13:00:00,2026-07-16T17:00:00,realizada,2026-07-16T18:00:00,synthetic,SYN-006492
SES-00046,APP-00025,VAC-0005,evaluacion,EV-S2-04,2026-07-04T05:33:00,2026-07-09T09:33:00,realizada,2026-07-10T12:33:00,synthetic,SYN-006500
SES-00047,APP-00025,VAC-0005,evaluacion,EV-S2-03,2026-07-04T02:33:00,2026-07-15T03:33:00,realizada,2026-07-15T06:33:00,synthetic,SYN-006510
SES-00048,APP-00025,VAC-0005,entrevista,EV-S2-01,2026-07-04T12:00:00,2026-07-17T13:00:00,realizada,2026-07-17T14:00:00,synthetic,SYN-006520
SES-00049,APP-00027,VAC-0005,evaluacion,EV-S2-02,2026-06-27T01:35:00,2026-07-05T07:35:00,programada,,synthetic,SYN-006530
SES-00050,APP-00027,VAC-0005,entrevista,EV-S2-02,2026-07-09T16:00:00,2026-07-22T22:00:00,realizada,2026-07-26T02:00:00,synthetic,SYN-006534
SES-00051,APP-00028,VAC-0005,evaluacion,EV-S2-04,2026-07-03T23:42:00,2026-07-16T23:42:00,realizada,2026-07-18T00:42:00,synthetic,SYN-006541
SES-00052,APP-00028,VAC-0005,entrevista,EV-S2-04,2026-07-08T12:00:00,2026-07-14T16:00:00,realizada,2026-07-16T17:00:00,synthetic,SYN-006550
SES-00053,APP-00029,VAC-0005,evaluacion,EV-S2-02,2026-07-03T13:17:00,2026-07-14T15:17:00,realizada,2026-07-15T19:17:00,synthetic,SYN-006558
SES-00054,APP-00029,VAC-0005,entrevista,EV-S2-01,2026-07-09T10:00:00,2026-07-21T10:00:00,realizada,2026-07-25T14:00:00,synthetic,SYN-006567
SES-00055,APP-00030,VAC-0005,evaluacion,EV-S2-01,2026-07-04T00:00:00,2026-07-10T02:00:00,realizada,2026-07-13T04:00:00,synthetic,SYN-006572
SES-00056,APP-00030,VAC-0005,entrevista,EV-S2-03,2026-07-07T12:00:00,2026-07-14T17:00:00,realizada,2026-07-14T18:00:00,synthetic,SYN-006581
SES-00057,APP-00031,VAC-0005,evaluacion,EV-S2-03,2026-07-02T07:45:00,2026-07-06T11:45:00,realizada,2026-07-06T14:45:00,synthetic,SYN-006589
SES-00058,APP-00031,VAC-0005,entrevista,EV-S2-03,2026-07-04T12:00:00,2026-07-15T17:00:00,realizada,2026-07-18T20:00:00,synthetic,SYN-006598
SES-00059,APP-00032,VAC-0005,evaluacion,EV-S2-01,2026-07-04T00:00:00,2026-07-15T06:00:00,realizada,2026-07-18T11:00:00,synthetic,SYN-006606
SES-00060,APP-00032,VAC-0005,entrevista,EV-S2-03,2026-07-05T09:00:00,2026-07-14T10:00:00,realizada,2026-07-17T15:00:00,synthetic,SYN-006614
SES-00061,APP-00033,VAC-0006,evaluacion,EV-S3-01,2026-02-27T23:30:00,2026-03-09T03:30:00,realizada,2026-03-09T08:30:00,synthetic,SYN-006624
SES-00062,APP-00033,VAC-0006,entrevista,EV-S3-04,2026-03-05T12:00:00,2026-03-13T13:00:00,realizada,2026-03-15T15:00:00,synthetic,SYN-006631
SES-00063,APP-00034,VAC-0006,evaluacion,EV-S3-04,2026-02-24T15:14:00,2026-03-07T18:14:00,realizada,2026-03-10T22:14:00,synthetic,SYN-006638
SES-00064,APP-00036,VAC-0006,evaluacion,EV-S3-01,2026-02-16T19:25:00,2026-02-25T19:25:00,realizada,2026-02-28T22:25:00,synthetic,SYN-006645
SES-00065,APP-00036,VAC-0006,evaluacion,EV-S3-03,2026-02-20T16:25:00,2026-02-26T19:25:00,programada,,synthetic,SYN-006651
SES-00066,APP-00036,VAC-0006,entrevista,EV-S3-04,2026-03-02T09:00:00,2026-03-07T15:00:00,programada,,synthetic,SYN-006653
SES-00067,APP-00038,VAC-0008,evaluacion,EV-S2-04,2026-09-01T04:22:00,2026-09-07T10:22:00,realizada,2026-09-08T12:22:00,synthetic,SYN-006655
SES-00068,APP-00038,VAC-0008,entrevista,EV-S2-01,2026-09-03T12:00:00,2026-09-18T14:00:00,realizada,2026-09-20T15:00:00,synthetic,SYN-006664
SES-00069,APP-00039,VAC-0008,evaluacion,EV-S2-03,2026-08-29T05:17:00,2026-09-06T09:17:00,realizada,2026-09-06T11:17:00,synthetic,SYN-006672
SES-00070,APP-00039,VAC-0008,entrevista,EV-S2-04,2026-09-04T09:00:00,2026-09-14T14:00:00,programada,,synthetic,SYN-006681
SES-00071,APP-00040,VAC-0008,evaluacion,EV-S2-04,2026-09-04T17:16:00,2026-09-16T22:16:00,realizada,2026-09-18T23:16:00,synthetic,SYN-006682
SES-00072,APP-00040,VAC-0008,evaluacion,EV-S2-02,2026-09-07T16:16:00,2026-09-19T19:16:00,realizada,2026-09-19T23:16:00,synthetic,SYN-006692
SES-00073,APP-00041,VAC-0008,evaluacion,EV-S2-04,2026-08-27T21:45:00,2026-09-06T21:45:00,realizada,2026-09-10T02:45:00,synthetic,SYN-006700
SES-00074,APP-00041,VAC-0008,entrevista,EV-S2-01,2026-09-03T10:00:00,2026-09-11T12:00:00,realizada,2026-09-14T14:00:00,synthetic,SYN-006711
SES-00075,APP-00042,VAC-0009,evaluacion,EV-S3-02,2026-01-21T13:02:00,2026-01-31T14:02:00,realizada,2026-02-02T19:02:00,synthetic,SYN-006722
SES-00076,APP-00043,VAC-0009,evaluacion,EV-S3-04,2026-01-27T03:21:00,2026-02-02T08:21:00,realizada,2026-02-04T09:21:00,synthetic,SYN-006729
SES-00077,APP-00043,VAC-0009,entrevista,EV-S3-02,2026-02-01T09:00:00,2026-02-13T12:00:00,realizada,2026-02-17T14:00:00,synthetic,SYN-006737
SES-00078,APP-00044,VAC-0009,evaluacion,EV-S3-02,2026-01-27T03:00:00,2026-01-29T06:00:00,realizada,2026-02-02T09:00:00,synthetic,SYN-006745
SES-00079,APP-00044,VAC-0009,evaluacion,EV-S3-01,2026-01-27T08:00:00,2026-02-07T13:00:00,realizada,2026-02-10T17:00:00,synthetic,SYN-006750
SES-00080,APP-00044,VAC-0009,entrevista,EV-S3-01,2026-02-03T10:00:00,2026-02-07T15:00:00,realizada,2026-02-07T19:00:00,synthetic,SYN-006756
SES-00081,APP-00045,VAC-0009,evaluacion,EV-S3-03,2026-01-27T22:09:00,2026-02-08T02:09:00,realizada,2026-02-10T07:09:00,synthetic,SYN-006762
SES-00082,APP-00045,VAC-0009,evaluacion,EV-S3-01,2026-01-26T22:09:00,2026-02-01T22:09:00,realizada,2026-02-02T23:09:00,synthetic,SYN-006769
SES-00083,APP-00046,VAC-0009,evaluacion,EV-S3-04,2026-01-23T02:54:00,2026-01-29T08:54:00,realizada,2026-01-29T12:54:00,synthetic,SYN-006774
SES-00084,APP-00046,VAC-0009,entrevista,EV-S3-04,2026-02-03T11:00:00,2026-02-14T16:00:00,realizada,2026-02-18T18:00:00,synthetic,SYN-006782
SES-00085,APP-00047,VAC-0009,evaluacion,EV-S3-04,2026-01-30T00:00:00,2026-02-10T01:00:00,realizada,2026-02-11T06:00:00,synthetic,SYN-006790
SES-00086,APP-00047,VAC-0009,entrevista,EV-S3-03,2026-02-05T17:00:00,2026-02-16T17:00:00,programada,,synthetic,SYN-006796
SES-00087,APP-00048,VAC-0009,evaluacion,EV-S3-03,2026-01-28T06:54:00,2026-02-02T06:54:00,realizada,2026-02-06T09:54:00,synthetic,SYN-006799
SES-00088,APP-00048,VAC-0009,entrevista,EV-S3-04,2026-01-31T11:00:00,2026-02-03T13:00:00,realizada,2026-02-04T15:00:00,synthetic,SYN-006804
SES-00089,APP-00049,VAC-0009,evaluacion,EV-S3-03,2026-01-30T00:00:00,2026-02-05T06:00:00,realizada,2026-02-08T08:00:00,synthetic,SYN-006811
SES-00090,APP-00049,VAC-0009,entrevista,EV-S3-03,2026-02-03T12:00:00,2026-02-11T14:00:00,realizada,2026-02-15T17:00:00,synthetic,SYN-006819
SES-00091,APP-00050,VAC-0009,evaluacion,EV-S3-01,2026-01-24T16:52:00,2026-02-04T19:52:00,realizada,2026-02-08T00:52:00,synthetic,SYN-006827
SES-00092,APP-00050,VAC-0009,entrevista,EV-S3-02,2026-01-30T10:00:00,2026-02-06T13:00:00,realizada,2026-02-09T15:00:00,synthetic,SYN-006835
SES-00093,APP-00051,VAC-0009,evaluacion,EV-S3-03,2026-01-27T03:33:00,2026-02-05T04:33:00,programada,,synthetic,SYN-006842
SES-00094,APP-00051,VAC-0009,entrevista,EV-S3-01,2026-01-30T11:00:00,2026-02-06T16:00:00,realizada,2026-02-09T18:00:00,synthetic,SYN-006843
SES-00095,APP-00052,VAC-0009,evaluacion,EV-S3-01,2026-01-24T03:41:00,2026-01-28T07:41:00,realizada,2026-01-29T12:41:00,synthetic,SYN-006851
SES-00096,APP-00052,VAC-0009,entrevista,EV-S3-01,2026-02-01T16:00:00,2026-02-05T18:00:00,realizada,2026-02-09T22:00:00,synthetic,SYN-006860
SES-00097,APP-00053,VAC-0010,evaluacion,EV-S1-01,2026-08-28T18:07:00,2026-09-06T19:07:00,realizada,2026-09-06T20:07:00,synthetic,SYN-006867
SES-00098,APP-00053,VAC-0010,entrevista,EV-S1-02,2026-09-14T12:00:00,2026-09-23T13:00:00,realizada,2026-09-23T14:00:00,synthetic,SYN-006875
SES-00099,APP-00054,VAC-0010,evaluacion,EV-S1-02,2026-09-01T03:26:00,2026-09-09T00:00:00,realizada,2026-09-10T01:00:00,synthetic,SYN-006881
SES-00100,APP-00055,VAC-0010,evaluacion,EV-S1-01,2026-09-07T16:33:00,2026-09-15T16:33:00,realizada,2026-09-19T20:33:00,synthetic,SYN-006888
SES-00101,APP-00055,VAC-0010,evaluacion,EV-S1-02,2026-09-10T15:33:00,2026-09-20T20:33:00,realizada,2026-09-23T23:33:00,synthetic,SYN-006895
SES-00102,APP-00055,VAC-0010,entrevista,EV-S1-02,2026-09-10T09:00:00,2026-09-25T13:00:00,realizada,2026-09-29T14:00:00,synthetic,SYN-006903
SES-00103,APP-00056,VAC-0010,evaluacion,EV-S1-04,2026-09-01T23:58:00,2026-09-07T03:58:00,realizada,2026-09-07T07:58:00,synthetic,SYN-006910
SES-00104,APP-00056,VAC-0010,entrevista,EV-S1-01,2026-09-12T09:00:00,2026-09-26T12:00:00,realizada,2026-09-27T17:00:00,synthetic,SYN-006917
SES-00105,APP-00057,VAC-0010,evaluacion,EV-S1-02,2026-09-12T18:40:00,2026-09-26T18:40:00,realizada,2026-09-29T20:40:00,synthetic,SYN-006923
SES-00106,APP-00057,VAC-0010,entrevista,EV-S1-01,2026-09-15T11:00:00,2026-09-21T16:00:00,realizada,2026-09-22T18:00:00,synthetic,SYN-006930
SES-00107,APP-00058,VAC-0011,evaluacion,EV-S2-04,2026-09-01T17:56:00,2026-09-15T21:56:00,realizada,2026-09-18T02:56:00,synthetic,SYN-006936
SES-00108,APP-00058,VAC-0011,entrevista,EV-S2-01,2026-09-15T09:00:00,2026-09-20T15:00:00,realizada,2026-09-22T20:00:00,synthetic,SYN-006947
SES-00109,APP-00059,VAC-0011,evaluacion,EV-S2-02,2026-09-14T21:55:00,2026-09-23T02:55:00,realizada,2026-09-24T04:55:00,synthetic,SYN-006955
SES-00110,APP-00059,VAC-0011,entrevista,EV-S2-01,2026-09-16T10:00:00,2026-09-29T14:00:00,programada,,synthetic,SYN-006964
SES-00111,APP-00060,VAC-0011,evaluacion,EV-S2-02,2026-09-03T00:24:00,2026-09-11T00:24:00,realizada,2026-09-15T03:24:00,synthetic,SYN-006967
SES-00112,APP-00060,VAC-0011,entrevista,EV-S2-01,2026-09-18T10:00:00,2026-09-23T15:00:00,programada,,synthetic,SYN-006979
SES-00113,APP-00061,VAC-0011,evaluacion,EV-S2-01,2026-09-01T00:48:00,2026-09-12T05:48:00,realizada,2026-09-13T07:48:00,synthetic,SYN-006982
SES-00114,APP-00061,VAC-0011,entrevista,EV-S2-02,2026-09-18T15:00:00,2026-09-29T20:00:00,programada,,synthetic,SYN-006993
SES-00115,APP-00062,VAC-0011,evaluacion,EV-S2-03,2026-09-05T13:14:00,2026-09-16T16:14:00,realizada,2026-09-16T17:14:00,synthetic,SYN-006996
SES-00116,APP-00062,VAC-0011,evaluacion,EV-S2-01,2026-09-05T12:14:00,2026-09-13T00:00:00,realizada,2026-09-16T01:00:00,synthetic,SYN-007005
SES-00117,APP-00062,VAC-0011,entrevista,EV-S2-04,2026-09-16T14:00:00,2026-09-30T16:00:00,realizada,2026-09-30T17:00:00,synthetic,SYN-007017
SES-00118,APP-00063,VAC-0012,evaluacion,EV-S3-02,2026-03-26T05:49:00,2026-03-29T10:49:00,realizada,2026-04-02T14:49:00,synthetic,SYN-007024
SES-00119,APP-00063,VAC-0012,entrevista,EV-S3-04,2026-04-06T12:00:00,2026-04-11T16:00:00,realizada,2026-04-12T19:00:00,synthetic,SYN-007033
SES-00120,APP-00064,VAC-0012,evaluacion,EV-S3-04,2026-04-05T19:50:00,2026-04-17T00:50:00,realizada,2026-04-17T02:50:00,synthetic,SYN-007044
SES-00121,APP-00064,VAC-0012,entrevista,EV-S3-02,2026-04-06T14:00:00,2026-04-17T18:00:00,realizada,2026-04-17T19:00:00,synthetic,SYN-007054
SES-00122,APP-00065,VAC-0012,evaluacion,EV-S3-01,2026-03-29T01:20:00,2026-04-04T06:20:00,realizada,2026-04-07T11:20:00,synthetic,SYN-007060
SES-00123,APP-00065,VAC-0012,entrevista,EV-S3-03,2026-04-06T12:00:00,2026-04-10T16:00:00,realizada,2026-04-10T18:00:00,synthetic,SYN-007069
SES-00124,APP-00066,VAC-0012,evaluacion,EV-S3-01,2026-04-01T17:02:00,2026-04-05T22:02:00,programada,,synthetic,SYN-007076
SES-00125,APP-00067,VAC-0012,evaluacion,EV-S3-02,2026-04-01T18:32:00,2026-04-09T00:32:00,realizada,2026-04-09T01:32:00,synthetic,SYN-007077
SES-00126,APP-00067,VAC-0012,evaluacion,EV-S3-03,2026-04-03T16:32:00,2026-04-07T21:32:00,realizada,2026-04-08T02:32:00,synthetic,SYN-007085
SES-00127,APP-00067,VAC-0012,entrevista,EV-S3-04,2026-04-06T15:00:00,2026-04-18T15:00:00,realizada,2026-04-18T17:00:00,synthetic,SYN-007096
SES-00128,APP-00068,VAC-0012,evaluacion,EV-S3-02,2026-04-02T02:39:00,2026-04-09T06:39:00,realizada,2026-04-11T09:39:00,synthetic,SYN-007104
SES-00129,APP-00068,VAC-0012,entrevista,EV-S3-01,2026-04-05T12:00:00,2026-04-09T14:00:00,realizada,2026-04-09T15:00:00,synthetic,SYN-007111
SES-00130,APP-00070,VAC-0013,evaluacion,EV-S1-03,2026-09-19T02:41:00,2026-09-27T02:41:00,realizada,2026-09-30T04:41:00,synthetic,SYN-007121
SES-00131,APP-00070,VAC-0013,entrevista,EV-S1-02,2026-09-24T10:00:00,2026-10-06T10:00:00,programada,,synthetic,SYN-007132
SES-00132,APP-00071,VAC-0013,evaluacion,EV-S1-03,2026-09-19T11:01:00,2026-09-27T13:01:00,programada,,synthetic,SYN-007134
SES-00133,APP-00071,VAC-0013,entrevista,EV-S1-02,2026-09-23T13:00:00,2026-10-09T19:00:00,programada,,synthetic,SYN-007136
SES-00134,APP-00072,VAC-0013,evaluacion,EV-S1-02,2026-09-10T07:57:00,2026-09-20T08:57:00,realizada,2026-09-22T11:57:00,synthetic,SYN-007137
SES-00135,APP-00072,VAC-0013,entrevista,EV-S1-03,2026-09-23T10:00:00,2026-10-09T16:00:00,programada,,synthetic,SYN-007145
SES-00136,APP-00073,VAC-0013,evaluacion,EV-S1-02,2026-09-21T10:52:00,2026-10-02T13:52:00,programada,,synthetic,SYN-007148
SES-00137,APP-00073,VAC-0013,entrevista,EV-S1-03,2026-09-23T15:00:00,2026-10-07T15:00:00,programada,,synthetic,SYN-007151
SES-00138,APP-00074,VAC-0013,evaluacion,EV-S1-03,2026-09-19T11:08:00,2026-10-03T12:08:00,programada,,synthetic,SYN-007153
SES-00139,APP-00074,VAC-0013,entrevista,EV-S1-04,2026-09-20T16:00:00,2026-09-26T22:00:00,programada,,synthetic,SYN-007155
SES-00140,APP-00075,VAC-0013,evaluacion,EV-S1-03,2026-09-15T20:42:00,2026-10-01T22:42:00,programada,,synthetic,SYN-007156
SES-00141,APP-00075,VAC-0013,entrevista,EV-S1-04,2026-09-22T14:00:00,2026-10-05T19:00:00,programada,,synthetic,SYN-007157
SES-00142,APP-00076,VAC-0013,evaluacion,EV-S1-01,2026-09-19T02:11:00,2026-09-26T04:11:00,realizada,2026-09-29T09:11:00,synthetic,SYN-007158
SES-00143,APP-00076,VAC-0013,entrevista,EV-S1-01,2026-09-20T12:00:00,2026-09-30T13:00:00,programada,,synthetic,SYN-007166
SES-00144,APP-00078,VAC-0013,evaluacion,EV-S1-03,2026-09-15T23:14:00,2026-09-26T03:14:00,realizada,2026-09-28T07:14:00,synthetic,SYN-007167
SES-00145,APP-00078,VAC-0013,evaluacion,EV-S1-02,2026-09-15T16:14:00,2026-09-27T22:14:00,realizada,2026-09-28T03:14:00,synthetic,SYN-007177
SES-00146,APP-00078,VAC-0013,entrevista,EV-S1-01,2026-09-22T16:00:00,2026-10-04T16:00:00,programada,,synthetic,SYN-007187
SES-00147,APP-00079,VAC-0013,evaluacion,EV-S1-01,2026-09-20T15:08:00,2026-09-27T18:08:00,programada,,synthetic,SYN-007188
SES-00148,APP-00079,VAC-0013,entrevista,EV-S1-04,2026-09-20T15:00:00,2026-09-26T19:00:00,realizada,2026-09-30T21:00:00,synthetic,SYN-007190
SES-00149,APP-00080,VAC-0013,evaluacion,EV-S1-03,2026-09-13T14:26:00,2026-09-21T15:26:00,realizada,2026-09-21T16:26:00,synthetic,SYN-007197
SES-00150,APP-00080,VAC-0013,entrevista,EV-S1-03,2026-09-23T13:00:00,2026-10-03T16:00:00,programada,,synthetic,SYN-007208
SES-00151,APP-00081,VAC-0013,evaluacion,EV-S1-03,2026-09-14T04:57:00,2026-09-29T10:57:00,programada,,synthetic,SYN-007209
SES-00152,APP-00081,VAC-0013,entrevista,EV-S1-03,2026-09-20T10:00:00,2026-10-05T16:00:00,programada,,synthetic,SYN-007211
SES-00153,APP-00082,VAC-0013,evaluacion,EV-S1-01,2026-09-20T17:56:00,2026-10-06T22:56:00,programada,,synthetic,SYN-007212
SES-00154,APP-00082,VAC-0013,entrevista,EV-S1-04,2026-09-25T16:00:00,2026-10-07T21:00:00,programada,,synthetic,SYN-007214
SES-00155,APP-00083,VAC-0013,evaluacion,EV-S1-02,2026-09-17T21:59:00,2026-09-23T21:59:00,realizada,2026-09-26T01:59:00,synthetic,SYN-007216
SES-00156,APP-00083,VAC-0013,entrevista,EV-S1-03,2026-09-21T09:00:00,2026-09-27T15:00:00,realizada,2026-09-27T16:00:00,synthetic,SYN-007225
SES-00157,APP-00084,VAC-0014,evaluacion,EV-S2-04,2026-02-08T23:32:00,2026-02-15T03:32:00,realizada,2026-02-19T07:32:00,synthetic,SYN-007231
SES-00158,APP-00084,VAC-0014,evaluacion,EV-S2-01,2026-02-09T21:32:00,2026-02-16T21:32:00,realizada,2026-02-16T22:32:00,synthetic,SYN-007237
SES-00159,APP-00084,VAC-0014,entrevista,EV-S2-01,2026-02-17T14:00:00,2026-02-19T17:00:00,realizada,2026-02-23T21:00:00,synthetic,SYN-007242
SES-00160,APP-00085,VAC-0014,evaluacion,EV-S2-03,2026-02-13T05:52:00,2026-02-21T06:52:00,realizada,2026-02-21T09:52:00,synthetic,SYN-007249
SES-00161,APP-00085,VAC-0014,entrevista,EV-S2-01,2026-02-15T12:00:00,2026-02-17T17:00:00,realizada,2026-02-18T21:00:00,synthetic,SYN-007255
SES-00162,APP-00086,VAC-0014,evaluacion,EV-S2-03,2026-02-14T08:18:00,2026-02-21T08:18:00,realizada,2026-02-22T09:18:00,synthetic,SYN-007259
SES-00163,APP-00086,VAC-0014,entrevista,EV-S2-03,2026-02-15T15:00:00,2026-02-23T21:00:00,realizada,2026-02-26T01:00:00,synthetic,SYN-007266
SES-00164,APP-00087,VAC-0014,evaluacion,EV-S2-03,2026-02-12T00:42:00,2026-02-22T00:42:00,realizada,2026-02-26T04:42:00,synthetic,SYN-007271
SES-00165,APP-00087,VAC-0014,evaluacion,EV-S2-02,2026-02-13T20:42:00,2026-02-21T00:42:00,realizada,2026-02-23T03:42:00,synthetic,SYN-007279
SES-00166,APP-00087,VAC-0014,entrevista,EV-S2-04,2026-02-19T16:00:00,2026-03-02T22:00:00,realizada,2026-03-05T03:00:00,synthetic,SYN-007285
SES-00167,APP-00088,VAC-0014,evaluacion,EV-S2-01,2026-02-13T00:19:00,2026-02-16T03:19:00,realizada,2026-02-16T04:19:00,synthetic,SYN-007292
SES-00168,APP-00088,VAC-0014,entrevista,EV-S2-02,2026-02-17T14:00:00,2026-02-27T15:00:00,realizada,2026-03-02T17:00:00,synthetic,SYN-007298
SES-00169,APP-00090,VAC-0014,evaluacion,EV-S2-03,2026-02-04T02:03:00,2026-02-13T06:03:00,realizada,2026-02-15T11:03:00,synthetic,SYN-007303
SES-00170,APP-00090,VAC-0014,entrevista,EV-S2-01,2026-02-20T14:00:00,2026-03-03T18:00:00,realizada,2026-03-04T22:00:00,synthetic,SYN-007309
SES-00171,APP-00091,VAC-0014,evaluacion,EV-S2-04,2026-02-15T22:24:00,2026-02-26T00:24:00,realizada,2026-02-26T01:24:00,synthetic,SYN-007314
SES-00172,APP-00092,VAC-0014,evaluacion,EV-S2-03,2026-02-16T18:58:00,2026-02-23T18:58:00,realizada,2026-02-23T20:58:00,synthetic,SYN-007319
SES-00173,APP-00092,VAC-0014,entrevista,EV-S2-01,2026-02-18T15:00:00,2026-02-20T15:00:00,realizada,2026-02-22T19:00:00,synthetic,SYN-007325
SES-00174,APP-00093,VAC-0014,evaluacion,EV-S2-02,2026-02-12T21:00:00,2026-02-21T23:00:00,programada,,synthetic,SYN-007334
SES-00175,APP-00093,VAC-0014,entrevista,EV-S2-04,2026-02-15T12:00:00,2026-02-22T13:00:00,realizada,2026-02-26T14:00:00,synthetic,SYN-007336
SES-00176,APP-00094,VAC-0014,evaluacion,EV-S2-02,2026-02-14T18:05:00,2026-02-20T00:05:00,realizada,2026-02-23T05:05:00,synthetic,SYN-007342
SES-00177,APP-00094,VAC-0014,entrevista,EV-S2-02,2026-02-15T13:00:00,2026-02-23T17:00:00,programada,,synthetic,SYN-007348
SES-00178,APP-00095,VAC-0014,evaluacion,EV-S2-04,2026-02-08T16:41:00,2026-02-11T16:41:00,realizada,2026-02-12T17:41:00,synthetic,SYN-007350
SES-00179,APP-00095,VAC-0014,evaluacion,EV-S2-01,2026-02-12T12:41:00,2026-02-21T13:41:00,realizada,2026-02-22T16:41:00,synthetic,SYN-007357
SES-00180,APP-00095,VAC-0014,entrevista,EV-S2-04,2026-02-17T14:00:00,2026-02-20T19:00:00,realizada,2026-02-22T21:00:00,synthetic,SYN-007364
SES-00181,APP-00096,VAC-0015,evaluacion,EV-S3-03,2026-07-08T12:15:00,2026-07-22T14:15:00,realizada,2026-07-24T16:15:00,synthetic,SYN-007373
SES-00182,APP-00096,VAC-0015,entrevista,EV-S3-02,2026-07-27T16:00:00,2026-08-08T16:00:00,realizada,2026-08-11T21:00:00,synthetic,SYN-007385
SES-00183,APP-00097,VAC-0015,evaluacion,EV-S3-03,2026-07-15T20:20:00,2026-07-22T00:20:00,realizada,2026-07-23T02:20:00,synthetic,SYN-007392
SES-00184,APP-00097,VAC-0015,entrevista,EV-S3-01,2026-07-25T11:00:00,2026-08-05T13:00:00,realizada,2026-08-06T18:00:00,synthetic,SYN-007403
SES-00185,APP-00098,VAC-0015,evaluacion,EV-S3-04,2026-07-13T10:53:00,2026-07-18T14:53:00,realizada,2026-07-21T17:53:00,synthetic,SYN-007408
SES-00186,APP-00098,VAC-0015,entrevista,EV-S3-01,2026-07-24T13:00:00,2026-08-02T17:00:00,realizada,2026-08-03T20:00:00,synthetic,SYN-007415
SES-00187,APP-00099,VAC-0015,evaluacion,EV-S3-02,2026-07-06T15:27:00,2026-07-13T20:27:00,realizada,2026-07-14T23:27:00,synthetic,SYN-007418
SES-00188,APP-00099,VAC-0015,entrevista,EV-S3-02,2026-07-22T16:00:00,2026-07-29T17:00:00,programada,,synthetic,SYN-007427
SES-00189,APP-00100,VAC-0016,evaluacion,EV-S1-04,2026-02-26T16:05:00,2026-03-01T18:05:00,realizada,2026-03-01T23:05:00,synthetic,SYN-007429
SES-00190,APP-00100,VAC-0016,evaluacion,EV-S1-02,2026-02-25T12:05:00,2026-03-08T14:05:00,programada,,synthetic,SYN-007442
SES-00191,APP-00101,VAC-0016,evaluacion,EV-S1-02,2026-02-28T18:24:00,2026-03-10T19:24:00,realizada,2026-03-11T21:24:00,synthetic,SYN-007443
SES-00192,APP-00101,VAC-0016,evaluacion,EV-S1-04,2026-03-02T01:24:00,2026-03-14T01:24:00,realizada,2026-03-14T04:24:00,synthetic,SYN-007452
SES-00193,APP-00102,VAC-0016,evaluacion,EV-S1-01,2026-03-01T03:41:00,2026-03-04T06:41:00,realizada,2026-03-06T08:41:00,synthetic,SYN-007461
SES-00194,APP-00102,VAC-0016,entrevista,EV-S1-04,2026-03-01T15:00:00,2026-03-03T19:00:00,realizada,2026-03-05T21:00:00,synthetic,SYN-007472
SES-00195,APP-00103,VAC-0016,evaluacion,EV-S1-02,2026-03-01T09:21:00,2026-03-03T14:21:00,realizada,2026-03-05T19:21:00,synthetic,SYN-007483
SES-00196,APP-00103,VAC-0016,evaluacion,EV-S1-03,2026-03-01T11:21:00,2026-03-13T16:21:00,realizada,2026-03-15T20:21:00,synthetic,SYN-007492
SES-00197,APP-00104,VAC-0016,evaluacion,EV-S1-03,2026-03-01T09:30:00,2026-03-10T11:30:00,realizada,2026-03-13T14:30:00,synthetic,SYN-007503
SES-00198,APP-00104,VAC-0016,evaluacion,EV-S1-01,2026-02-26T05:30:00,2026-03-05T07:30:00,realizada,2026-03-07T11:30:00,synthetic,SYN-007514
SES-00199,APP-00104,VAC-0016,entrevista,EV-S1-01,2026-03-01T12:00:00,2026-03-05T14:00:00,realizada,2026-03-07T17:00:00,synthetic,SYN-007523
SES-00200,APP-00106,VAC-0016,evaluacion,EV-S1-01,2026-02-24T22:58:00,2026-03-08T22:58:00,realizada,2026-03-13T02:58:00,synthetic,SYN-007532
SES-00201,APP-00107,VAC-0016,evaluacion,EV-S1-03,2026-02-25T00:13:00,2026-02-28T06:13:00,realizada,2026-03-04T11:13:00,synthetic,SYN-007542
SES-00202,APP-00107,VAC-0016,entrevista,EV-S1-02,2026-03-06T10:00:00,2026-03-09T16:00:00,realizada,2026-03-13T17:00:00,synthetic,SYN-007552
SES-00203,APP-00108,VAC-0016,evaluacion,EV-S1-02,2026-02-24T15:10:00,2026-03-05T20:10:00,programada,,synthetic,SYN-007558
SES-00204,APP-00108,VAC-0016,entrevista,EV-S1-04,2026-03-01T09:00:00,2026-03-12T10:00:00,programada,,synthetic,SYN-007560
SES-00205,APP-00109,VAC-0016,evaluacion,EV-S1-01,2026-02-26T21:06:00,2026-03-05T22:06:00,realizada,2026-03-09T03:06:00,synthetic,SYN-007561
SES-00206,APP-00109,VAC-0016,entrevista,EV-S1-04,2026-03-06T14:00:00,2026-03-10T18:00:00,realizada,2026-03-14T19:00:00,synthetic,SYN-007571
SES-00207,APP-00110,VAC-0016,evaluacion,EV-S1-02,2026-03-04T08:37:00,2026-03-15T10:37:00,realizada,2026-03-15T13:37:00,synthetic,SYN-007580
SES-00208,APP-00110,VAC-0016,entrevista,EV-S1-01,2026-03-04T15:00:00,2026-03-06T15:00:00,realizada,2026-03-07T16:00:00,synthetic,SYN-007587
SES-00209,APP-00111,VAC-0016,evaluacion,EV-S1-03,2026-03-01T11:29:00,2026-03-04T12:29:00,realizada,2026-03-06T17:29:00,synthetic,SYN-007597
SES-00210,APP-00111,VAC-0016,entrevista,EV-S1-03,2026-02-28T13:00:00,2026-03-10T19:00:00,programada,,synthetic,SYN-007606
SES-00211,APP-00112,VAC-0016,evaluacion,EV-S1-01,2026-03-01T08:33:00,2026-03-10T10:33:00,realizada,2026-03-11T15:33:00,synthetic,SYN-007608
SES-00212,APP-00112,VAC-0016,entrevista,EV-S1-02,2026-03-01T17:00:00,2026-03-06T21:00:00,realizada,2026-03-11T00:00:00,synthetic,SYN-007617
SES-00213,APP-00113,VAC-0017,evaluacion,EV-S2-01,2026-06-08T10:07:00,2026-06-17T11:07:00,realizada,2026-06-20T12:07:00,synthetic,SYN-007628
SES-00214,APP-00113,VAC-0017,entrevista,EV-S2-02,2026-06-18T09:00:00,2026-07-01T10:00:00,realizada,2026-07-01T15:00:00,synthetic,SYN-007637
SES-00215,APP-00114,VAC-0017,evaluacion,EV-S2-04,2026-06-07T12:18:00,2026-06-16T18:18:00,realizada,2026-06-16T22:18:00,synthetic,SYN-007647
SES-00216,APP-00114,VAC-0017,evaluacion,EV-S2-01,2026-06-06T13:18:00,2026-06-20T16:18:00,realizada,2026-06-22T17:18:00,synthetic,SYN-007654
SES-00217,APP-00115,VAC-0017,evaluacion,EV-S2-02,2026-06-04T18:55:00,2026-06-17T22:55:00,realizada,2026-06-20T03:55:00,synthetic,SYN-007663
SES-00218,APP-00118,VAC-0018,evaluacion,EV-S3-03,2026-09-01T22:33:00,2026-09-11T23:33:00,realizada,2026-09-16T00:33:00,synthetic,SYN-007675
SES-00219,APP-00119,VAC-0018,evaluacion,EV-S3-04,2026-08-30T00:53:00,2026-09-05T01:53:00,realizada,2026-09-08T03:53:00,synthetic,SYN-007681
SES-00220,APP-00120,VAC-0018,evaluacion,EV-S3-04,2026-08-22T00:06:00,2026-08-31T03:06:00,realizada,2026-09-04T05:06:00,synthetic,SYN-007685
SES-00221,APP-00120,VAC-0018,entrevista,EV-S3-01,2026-09-02T11:00:00,2026-09-15T13:00:00,realizada,2026-09-15T17:00:00,synthetic,SYN-007690
SES-00222,APP-00122,VAC-0019,evaluacion,EV-S1-03,2026-08-30T00:00:00,2026-09-10T00:00:00,programada,,synthetic,SYN-007698
SES-00223,APP-00122,VAC-0019,entrevista,EV-S1-04,2026-09-03T10:00:00,2026-09-18T15:00:00,realizada,2026-09-19T16:00:00,synthetic,SYN-007700
SES-00224,APP-00123,VAC-0019,evaluacion,EV-S1-04,2026-08-13T21:14:00,2026-08-30T00:00:00,realizada,2026-09-03T03:00:00,synthetic,SYN-007708
SES-00225,APP-00123,VAC-0019,entrevista,EV-S1-03,2026-08-31T12:00:00,2026-09-05T17:00:00,realizada,2026-09-09T19:00:00,synthetic,SYN-007718
SES-00226,APP-00124,VAC-0019,evaluacion,EV-S1-02,2026-08-20T13:51:00,2026-09-03T18:51:00,realizada,2026-09-07T19:51:00,synthetic,SYN-007724
SES-00227,APP-00124,VAC-0019,entrevista,EV-S1-04,2026-09-04T17:00:00,2026-09-13T17:00:00,realizada,2026-09-13T19:00:00,synthetic,SYN-007735
SES-00228,APP-00125,VAC-0019,evaluacion,EV-S1-02,2026-08-29T00:25:00,2026-09-07T06:25:00,realizada,2026-09-08T10:25:00,synthetic,SYN-007741
SES-00229,APP-00125,VAC-0019,entrevista,EV-S1-02,2026-09-04T09:00:00,2026-09-18T13:00:00,realizada,2026-09-21T18:00:00,synthetic,SYN-007749
SES-00230,APP-00126,VAC-0019,evaluacion,EV-S1-04,2026-08-13T09:37:00,2026-08-20T12:37:00,realizada,2026-08-24T15:37:00,synthetic,SYN-007755
SES-00231,APP-00126,VAC-0019,entrevista,EV-S1-03,2026-09-02T16:00:00,2026-09-10T16:00:00,realizada,2026-09-10T19:00:00,synthetic,SYN-007765
SES-00232,APP-00127,VAC-0019,evaluacion,EV-S1-03,2026-08-28T16:56:00,2026-09-03T17:56:00,realizada,2026-09-05T21:56:00,synthetic,SYN-007771
SES-00233,APP-00128,VAC-0019,evaluacion,EV-S1-01,2026-08-24T15:04:00,2026-09-01T20:04:00,realizada,2026-09-02T23:04:00,synthetic,SYN-007779
SES-00234,APP-00128,VAC-0019,evaluacion,EV-S1-03,2026-08-24T23:04:00,2026-09-06T05:04:00,programada,,synthetic,SYN-007784
SES-00235,APP-00128,VAC-0019,entrevista,EV-S1-03,2026-09-05T09:00:00,2026-09-16T10:00:00,realizada,2026-09-19T14:00:00,synthetic,SYN-007786
SES-00236,APP-00129,VAC-0019,evaluacion,EV-S1-03,2026-08-24T15:49:00,2026-08-29T15:49:00,realizada,2026-08-31T16:49:00,synthetic,SYN-007792
SES-00237,APP-00129,VAC-0019,entrevista,EV-S1-02,2026-08-30T16:00:00,2026-09-04T22:00:00,realizada,2026-09-06T02:00:00,synthetic,SYN-007802
SES-00238,APP-00130,VAC-0019,evaluacion,EV-S1-03,2026-08-16T22:44:00,2026-08-30T01:44:00,realizada,2026-08-31T02:44:00,synthetic,SYN-007808
SES-00239,APP-00130,VAC-0019,entrevista,EV-S1-04,2026-09-05T11:00:00,2026-09-10T11:00:00,realizada,2026-09-10T14:00:00,synthetic,SYN-007818
SES-00240,APP-00132,VAC-0019,evaluacion,EV-S1-01,2026-08-24T15:15:00,2026-09-07T20:15:00,realizada,2026-09-08T01:15:00,synthetic,SYN-007823
SES-00241,APP-00132,VAC-0019,entrevista,EV-S1-01,2026-08-30T11:00:00,2026-09-10T15:00:00,realizada,2026-09-14T18:00:00,synthetic,SYN-007832
SES-00242,APP-00133,VAC-0019,evaluacion,EV-S1-03,2026-08-15T03:49:00,2026-08-27T07:49:00,realizada,2026-08-29T10:49:00,synthetic,SYN-007838
SES-00243,APP-00133,VAC-0019,evaluacion,EV-S1-01,2026-08-14T02:49:00,2026-08-28T07:49:00,realizada,2026-09-01T08:49:00,synthetic,SYN-007847
SES-00244,APP-00133,VAC-0019,entrevista,EV-S1-04,2026-09-03T14:00:00,2026-09-16T17:00:00,realizada,2026-09-18T19:00:00,synthetic,SYN-007855
SES-00245,APP-00134,VAC-0019,evaluacion,EV-S1-02,2026-08-14T22:38:00,2026-08-30T02:38:00,realizada,2026-09-03T04:38:00,synthetic,SYN-007861
SES-00246,APP-00134,VAC-0019,entrevista,EV-S1-03,2026-08-31T17:00:00,2026-09-15T21:00:00,realizada,2026-09-16T02:00:00,synthetic,SYN-007868
SES-00247,APP-00135,VAC-0019,evaluacion,EV-S1-03,2026-08-29T13:51:00,2026-09-11T15:51:00,realizada,2026-09-14T18:51:00,synthetic,SYN-007876
SES-00248,APP-00136,VAC-0020,evaluacion,EV-S2-03,2026-05-20T11:56:00,2026-05-24T14:56:00,realizada,2026-05-26T17:56:00,synthetic,SYN-007885
SES-00249,APP-00136,VAC-0020,entrevista,EV-S2-02,2026-05-21T11:00:00,2026-06-02T13:00:00,realizada,2026-06-02T14:00:00,synthetic,SYN-007894
SES-00250,APP-00137,VAC-0020,evaluacion,EV-S2-04,2026-05-19T17:23:00,2026-06-02T17:23:00,realizada,2026-06-06T19:23:00,synthetic,SYN-007903
SES-00251,APP-00137,VAC-0020,entrevista,EV-S2-02,2026-05-19T09:00:00,2026-05-25T12:00:00,programada,,synthetic,SYN-007914
SES-00252,APP-00139,VAC-0021,evaluacion,EV-S3-01,2026-08-29T22:28:00,2026-09-04T01:28:00,realizada,2026-09-05T02:28:00,synthetic,SYN-007916
SES-00253,APP-00140,VAC-0021,evaluacion,EV-S3-01,2026-08-20T00:59:00,2026-08-27T04:59:00,realizada,2026-08-31T05:59:00,synthetic,SYN-007925
SES-00254,APP-00140,VAC-0021,entrevista,EV-S3-01,2026-09-06T13:00:00,2026-09-17T16:00:00,realizada,2026-09-20T21:00:00,synthetic,SYN-007933
SES-00255,APP-00141,VAC-0022,evaluacion,EV-S1-03,2026-06-11T07:20:00,2026-06-21T00:00:00,realizada,2026-06-25T01:00:00,synthetic,SYN-007940
SES-00256,APP-00142,VAC-0022,evaluacion,EV-S1-04,2026-06-22T22:51:00,2026-07-06T04:51:00,realizada,2026-07-07T05:51:00,synthetic,SYN-007948
SES-00257,APP-00142,VAC-0022,entrevista,EV-S1-04,2026-06-24T16:00:00,2026-06-29T22:00:00,realizada,2026-07-04T02:00:00,synthetic,SYN-007956
SES-00258,APP-00143,VAC-0022,evaluacion,EV-S1-03,2026-06-24T06:55:00,2026-07-08T10:55:00,programada,,synthetic,SYN-007961
SES-00259,APP-00143,VAC-0022,entrevista,EV-S1-01,2026-06-22T12:00:00,2026-07-06T12:00:00,realizada,2026-07-07T16:00:00,synthetic,SYN-007963
SES-00260,APP-00144,VAC-0022,evaluacion,EV-S1-02,2026-06-21T01:42:00,2026-07-02T03:42:00,realizada,2026-07-05T08:42:00,synthetic,SYN-007968
SES-00261,APP-00144,VAC-0022,evaluacion,EV-S1-04,2026-06-17T08:42:00,2026-06-29T09:42:00,realizada,2026-06-29T14:42:00,synthetic,SYN-007976
SES-00262,APP-00144,VAC-0022,entrevista,EV-S1-02,2026-06-26T09:00:00,2026-07-06T12:00:00,programada,,synthetic,SYN-007982
SES-00263,APP-00145,VAC-0022,evaluacion,EV-S1-04,2026-06-20T19:13:00,2026-06-25T01:13:00,realizada,2026-06-25T04:13:00,synthetic,SYN-007983
SES-00264,APP-00145,VAC-0022,entrevista,EV-S1-02,2026-06-26T12:00:00,2026-07-02T18:00:00,programada,,synthetic,SYN-007991
SES-00265,APP-00146,VAC-0022,evaluacion,EV-S1-03,2026-06-18T21:39:00,2026-06-26T01:39:00,realizada,2026-06-28T05:39:00,synthetic,SYN-007992
SES-00266,APP-00146,VAC-0022,entrevista,EV-S1-02,2026-06-22T16:00:00,2026-07-02T17:00:00,realizada,2026-07-05T21:00:00,synthetic,SYN-007997
SES-00267,APP-00147,VAC-0022,evaluacion,EV-S1-02,2026-06-11T03:26:00,2026-06-19T03:26:00,realizada,2026-06-23T04:26:00,synthetic,SYN-008003
SES-00268,APP-00147,VAC-0022,evaluacion,EV-S1-04,2026-06-15T01:26:00,2026-06-28T01:26:00,programada,,synthetic,SYN-008007
SES-00269,APP-00147,VAC-0022,entrevista,EV-S1-01,2026-06-21T16:00:00,2026-06-29T21:00:00,realizada,2026-07-04T02:00:00,synthetic,SYN-008010
SES-00270,APP-00148,VAC-0023,evaluacion,EV-S2-01,2026-05-27T09:25:00,2026-06-09T12:25:00,programada,,synthetic,SYN-008016
SES-00271,APP-00148,VAC-0023,evaluacion,EV-S2-04,2026-05-25T15:25:00,2026-06-06T18:25:00,realizada,2026-06-08T22:25:00,synthetic,SYN-008018
SES-00272,APP-00148,VAC-0023,entrevista,EV-S2-02,2026-06-04T10:00:00,2026-06-08T16:00:00,realizada,2026-06-12T18:00:00,synthetic,SYN-008026
SES-00273,APP-00150,VAC-0023,evaluacion,EV-S2-01,2026-05-30T05:57:00,2026-06-10T06:57:00,realizada,2026-06-10T07:57:00,synthetic,SYN-008034
SES-00274,APP-00150,VAC-0023,entrevista,EV-S2-02,2026-06-03T11:00:00,2026-06-07T13:00:00,realizada,2026-06-07T16:00:00,synthetic,SYN-008043
SES-00275,APP-00151,VAC-0023,evaluacion,EV-S2-03,2026-05-29T21:00:00,2026-06-08T21:00:00,realizada,2026-06-11T22:00:00,synthetic,SYN-008053
SES-00276,APP-00151,VAC-0023,entrevista,EV-S2-03,2026-06-03T14:00:00,2026-06-07T19:00:00,realizada,2026-06-08T00:00:00,synthetic,SYN-008063
SES-00277,APP-00152,VAC-0023,evaluacion,EV-S2-01,2026-06-01T18:46:00,2026-06-09T18:46:00,programada,,synthetic,SYN-008070
SES-00278,APP-00152,VAC-0023,entrevista,EV-S2-04,2026-06-06T17:00:00,2026-06-10T17:00:00,realizada,2026-06-12T22:00:00,synthetic,SYN-008073
SES-00279,APP-00153,VAC-0023,evaluacion,EV-S2-04,2026-05-24T05:48:00,2026-06-04T05:48:00,realizada,2026-06-06T10:48:00,synthetic,SYN-008083
SES-00280,APP-00153,VAC-0023,entrevista,EV-S2-03,2026-06-06T10:00:00,2026-06-19T11:00:00,realizada,2026-06-20T14:00:00,synthetic,SYN-008091
SES-00281,APP-00154,VAC-0023,evaluacion,EV-S2-01,2026-05-27T10:30:00,2026-06-09T14:30:00,realizada,2026-06-09T17:30:00,synthetic,SYN-008099
SES-00282,APP-00154,VAC-0023,entrevista,EV-S2-02,2026-06-04T15:00:00,2026-06-08T16:00:00,realizada,2026-06-09T18:00:00,synthetic,SYN-008108
SES-00283,APP-00155,VAC-0023,evaluacion,EV-S2-01,2026-06-02T08:59:00,2026-06-11T08:59:00,realizada,2026-06-13T09:59:00,synthetic,SYN-008115
SES-00284,APP-00155,VAC-0023,entrevista,EV-S2-04,2026-06-03T16:00:00,2026-06-13T19:00:00,realizada,2026-06-17T22:00:00,synthetic,SYN-008126
SES-00285,APP-00156,VAC-0023,evaluacion,EV-S2-04,2026-06-01T08:56:00,2026-06-06T09:56:00,realizada,2026-06-07T10:56:00,synthetic,SYN-008139
SES-00286,APP-00156,VAC-0023,evaluacion,EV-S2-03,2026-06-01T03:56:00,2026-06-08T05:56:00,realizada,2026-06-11T07:56:00,synthetic,SYN-008147
SES-00287,APP-00156,VAC-0023,entrevista,EV-S2-01,2026-06-09T14:00:00,2026-06-22T16:00:00,realizada,2026-06-23T17:00:00,synthetic,SYN-008157
SES-00288,APP-00157,VAC-0023,evaluacion,EV-S2-02,2026-05-23T02:36:00,2026-06-05T05:36:00,realizada,2026-06-09T06:36:00,synthetic,SYN-008167
SES-00289,APP-00157,VAC-0023,entrevista,EV-S2-03,2026-06-08T10:00:00,2026-06-20T15:00:00,realizada,2026-06-23T19:00:00,synthetic,SYN-008174
SES-00290,APP-00158,VAC-0023,evaluacion,EV-S2-01,2026-05-23T13:17:00,2026-06-04T13:17:00,realizada,2026-06-07T15:17:00,synthetic,SYN-008183
SES-00291,APP-00158,VAC-0023,evaluacion,EV-S2-03,2026-05-26T11:17:00,2026-06-09T17:17:00,realizada,2026-06-09T18:17:00,synthetic,SYN-008193
SES-00292,APP-00158,VAC-0023,entrevista,EV-S2-01,2026-06-08T10:00:00,2026-06-22T13:00:00,realizada,2026-06-24T17:00:00,synthetic,SYN-008203
SES-00293,APP-00159,VAC-0024,evaluacion,EV-S3-04,2026-04-09T23:48:00,2026-04-15T02:48:00,realizada,2026-04-17T07:48:00,synthetic,SYN-008211
SES-00294,APP-00160,VAC-0024,evaluacion,EV-S3-03,2026-04-09T23:14:00,2026-04-14T02:14:00,realizada,2026-04-18T03:14:00,synthetic,SYN-008220
SES-00295,APP-00160,VAC-0024,entrevista,EV-S3-04,2026-04-21T14:00:00,2026-04-27T15:00:00,realizada,2026-04-29T16:00:00,synthetic,SYN-008231
SES-00296,APP-00161,VAC-0024,evaluacion,EV-S3-04,2026-04-19T22:11:00,2026-04-29T02:11:00,realizada,2026-04-29T07:11:00,synthetic,SYN-008240
SES-00297,APP-00161,VAC-0024,entrevista,EV-S3-04,2026-04-20T13:00:00,2026-04-25T15:00:00,realizada,2026-04-25T19:00:00,synthetic,SYN-008247
SES-00298,APP-00163,VAC-0025,evaluacion,EV-S1-01,2026-06-12T10:48:00,2026-06-22T16:48:00,programada,,synthetic,SYN-008257
SES-00299,APP-00163,VAC-0025,evaluacion,EV-S1-03,2026-06-12T11:48:00,2026-06-22T16:48:00,realizada,2026-06-26T20:48:00,synthetic,SYN-008258
SES-00300,APP-00163,VAC-0025,entrevista,EV-S1-04,2026-06-20T16:00:00,2026-06-25T18:00:00,realizada,2026-06-25T21:00:00,synthetic,SYN-008268
SES-00301,APP-00164,VAC-0025,evaluacion,EV-S1-01,2026-06-09T17:15:00,2026-06-13T19:15:00,realizada,2026-06-16T21:15:00,synthetic,SYN-008278
SES-00302,APP-00164,VAC-0025,evaluacion,EV-S1-04,2026-06-11T18:15:00,2026-06-24T19:15:00,realizada,2026-06-28T23:15:00,synthetic,SYN-008287
SES-00303,APP-00164,VAC-0025,entrevista,EV-S1-03,2026-06-17T14:00:00,2026-06-26T14:00:00,realizada,2026-06-29T16:00:00,synthetic,SYN-008297
SES-00304,APP-00165,VAC-0025,evaluacion,EV-S1-03,2026-06-09T03:24:00,2026-06-17T03:24:00,realizada,2026-06-21T05:24:00,synthetic,SYN-008307
SES-00305,APP-00165,VAC-0025,entrevista,EV-S1-02,2026-06-20T14:00:00,2026-06-28T20:00:00,realizada,2026-06-28T22:00:00,synthetic,SYN-008315
SES-00306,APP-00166,VAC-0025,evaluacion,EV-S1-03,2026-06-08T15:17:00,2026-06-14T00:00:00,realizada,2026-06-17T01:00:00,synthetic,SYN-008325
SES-00307,APP-00166,VAC-0025,evaluacion,EV-S1-04,2026-06-10T13:17:00,2026-06-14T00:00:00,programada,,synthetic,SYN-008333
SES-00308,APP-00167,VAC-0025,evaluacion,EV-S1-02,2026-06-11T04:53:00,2026-06-25T07:53:00,realizada,2026-06-27T11:53:00,synthetic,SYN-008335
SES-00309,APP-00167,VAC-0025,entrevista,EV-S1-02,2026-06-20T09:00:00,2026-07-03T09:00:00,realizada,2026-07-06T10:00:00,synthetic,SYN-008347
SES-00310,APP-00168,VAC-0025,evaluacion,EV-S1-03,2026-06-13T19:56:00,2026-06-20T22:56:00,realizada,2026-06-23T01:56:00,synthetic,SYN-008355
SES-00311,APP-00168,VAC-0025,entrevista,EV-S1-03,2026-06-17T14:00:00,2026-06-26T14:00:00,realizada,2026-06-28T18:00:00,synthetic,SYN-008362
SES-00312,APP-00169,VAC-0025,evaluacion,EV-S1-02,2026-06-09T01:22:00,2026-06-20T04:22:00,realizada,2026-06-24T07:22:00,synthetic,SYN-008373
SES-00313,APP-00169,VAC-0025,entrevista,EV-S1-03,2026-06-17T15:00:00,2026-06-25T20:00:00,realizada,2026-06-28T01:00:00,synthetic,SYN-008382
SES-00314,APP-00170,VAC-0025,evaluacion,EV-S1-04,2026-06-09T21:24:00,2026-06-14T23:24:00,programada,,synthetic,SYN-008392
SES-00315,APP-00171,VAC-0025,evaluacion,EV-S1-02,2026-06-16T16:23:00,2026-06-24T18:23:00,realizada,2026-06-28T22:23:00,synthetic,SYN-008394
SES-00316,APP-00171,VAC-0025,entrevista,EV-S1-01,2026-06-20T09:00:00,2026-06-30T09:00:00,realizada,2026-06-30T10:00:00,synthetic,SYN-008401
SES-00317,APP-00172,VAC-0025,evaluacion,EV-S1-04,2026-06-08T00:28:00,2026-06-19T03:28:00,realizada,2026-06-22T08:28:00,synthetic,SYN-008412
SES-00318,APP-00172,VAC-0025,entrevista,EV-S1-01,2026-06-15T14:00:00,2026-06-26T19:00:00,realizada,2026-06-26T22:00:00,synthetic,SYN-008423
SES-00319,APP-00173,VAC-0025,evaluacion,EV-S1-04,2026-06-09T02:06:00,2026-06-22T04:06:00,realizada,2026-06-22T08:06:00,synthetic,SYN-008434
SES-00320,APP-00173,VAC-0025,entrevista,EV-S1-02,2026-06-16T12:00:00,2026-06-24T17:00:00,realizada,2026-06-26T20:00:00,synthetic,SYN-008443
SES-00321,APP-00175,VAC-0026,evaluacion,EV-S2-04,2026-02-06T14:05:00,2026-02-16T17:05:00,realizada,2026-02-18T19:05:00,synthetic,SYN-008454
SES-00322,APP-00175,VAC-0026,entrevista,EV-S2-03,2026-02-07T13:00:00,2026-02-14T17:00:00,realizada,2026-02-14T21:00:00,synthetic,SYN-008461
SES-00323,APP-00176,VAC-0026,evaluacion,EV-S2-04,2026-02-01T00:48:00,2026-02-07T04:48:00,realizada,2026-02-11T07:48:00,synthetic,SYN-008467
SES-00324,APP-00176,VAC-0026,entrevista,EV-S2-02,2026-02-10T17:00:00,2026-02-21T17:00:00,realizada,2026-02-21T21:00:00,synthetic,SYN-008474
SES-00325,APP-00177,VAC-0026,evaluacion,EV-S2-03,2026-02-06T03:27:00,2026-02-09T09:27:00,realizada,2026-02-11T14:27:00,synthetic,SYN-008482
SES-00326,APP-00177,VAC-0026,entrevista,EV-S2-02,2026-02-06T09:00:00,2026-02-16T09:00:00,programada,,synthetic,SYN-008488
SES-00327,APP-00178,VAC-0026,evaluacion,EV-S2-01,2026-02-07T17:40:00,2026-02-15T20:40:00,programada,,synthetic,SYN-008490
SES-00328,APP-00178,VAC-0026,evaluacion,EV-S2-04,2026-02-08T19:40:00,2026-02-13T00:40:00,realizada,2026-02-16T02:40:00,synthetic,SYN-008491
SES-00329,APP-00178,VAC-0026,entrevista,EV-S2-03,2026-02-10T10:00:00,2026-02-20T11:00:00,realizada,2026-02-24T12:00:00,synthetic,SYN-008496
SES-00330,APP-00179,VAC-0026,evaluacion,EV-S2-02,2026-01-30T18:41:00,2026-02-11T00:41:00,programada,,synthetic,SYN-008504
SES-00331,APP-00179,VAC-0026,entrevista,EV-S2-02,2026-02-07T10:00:00,2026-02-09T12:00:00,realizada,2026-02-11T13:00:00,synthetic,SYN-008506
SES-00332,APP-00180,VAC-0026,evaluacion,EV-S2-01,2026-02-05T08:33:00,2026-02-16T14:33:00,realizada,2026-02-19T19:33:00,synthetic,SYN-008510
SES-00333,APP-00181,VAC-0026,evaluacion,EV-S2-03,2026-02-01T18:50:00,2026-02-07T21:50:00,realizada,2026-02-07T22:50:00,synthetic,SYN-008517
SES-00334,APP-00181,VAC-0026,entrevista,EV-S2-03,2026-02-05T13:00:00,2026-02-11T15:00:00,realizada,2026-02-15T19:00:00,synthetic,SYN-008525
SES-00335,APP-00182,VAC-0026,evaluacion,EV-S2-04,2026-01-29T20:43:00,2026-02-07T23:43:00,realizada,2026-02-12T01:43:00,synthetic,SYN-008530
SES-00336,APP-00182,VAC-0026,entrevista,EV-S2-04,2026-02-06T12:00:00,2026-02-13T13:00:00,programada,,synthetic,SYN-008536
SES-00337,APP-00183,VAC-0026,evaluacion,EV-S2-01,2026-02-07T11:33:00,2026-02-15T16:33:00,realizada,2026-02-15T19:33:00,synthetic,SYN-008537
SES-00338,APP-00183,VAC-0026,entrevista,EV-S2-03,2026-02-07T13:00:00,2026-02-10T18:00:00,realizada,2026-02-11T23:00:00,synthetic,SYN-008544
SES-00339,APP-00184,VAC-0026,evaluacion,EV-S2-01,2026-01-28T18:10:00,2026-01-30T22:10:00,realizada,2026-02-02T23:10:00,synthetic,SYN-008550
SES-00340,APP-00186,VAC-0027,evaluacion,EV-S3-04,2026-07-09T11:09:00,2026-07-21T12:09:00,realizada,2026-07-23T14:09:00,synthetic,SYN-008557
SES-00341,APP-00186,VAC-0027,entrevista,EV-S3-02,2026-07-17T11:00:00,2026-07-30T14:00:00,realizada,2026-08-01T19:00:00,synthetic,SYN-008567
SES-00342,APP-00187,VAC-0027,evaluacion,EV-S3-02,2026-07-10T00:04:00,2026-07-18T03:04:00,realizada,2026-07-21T06:04:00,synthetic,SYN-008578
SES-00343,APP-00187,VAC-0027,entrevista,EV-S3-03,2026-07-19T13:00:00,2026-07-23T13:00:00,realizada,2026-07-26T15:00:00,synthetic,SYN-008585
SES-00344,APP-00188,VAC-0027,evaluacion,EV-S3-02,2026-07-20T23:10:00,2026-07-25T23:10:00,realizada,2026-07-30T00:10:00,synthetic,SYN-008592
SES-00345,APP-00188,VAC-0027,evaluacion,EV-S3-01,2026-07-22T01:10:00,2026-07-30T07:10:00,realizada,2026-08-02T11:10:00,synthetic,SYN-008600
SES-00346,APP-00188,VAC-0027,entrevista,EV-S3-04,2026-07-20T13:00:00,2026-07-29T14:00:00,realizada,2026-08-01T15:00:00,synthetic,SYN-008608
SES-00347,APP-00189,VAC-0027,evaluacion,EV-S3-03,2026-07-16T17:21:00,2026-07-25T18:21:00,realizada,2026-07-27T21:21:00,synthetic,SYN-008616
SES-00348,APP-00189,VAC-0027,entrevista,EV-S3-03,2026-07-23T13:00:00,2026-08-06T18:00:00,realizada,2026-08-09T19:00:00,synthetic,SYN-008624
SES-00349,APP-00190,VAC-0027,evaluacion,EV-S3-03,2026-07-12T21:36:00,2026-07-27T02:36:00,realizada,2026-07-30T07:36:00,synthetic,SYN-008632
SES-00350,APP-00190,VAC-0027,entrevista,EV-S3-02,2026-07-21T17:00:00,2026-07-25T17:00:00,realizada,2026-07-25T22:00:00,synthetic,SYN-008642
SES-00351,APP-00191,VAC-0027,evaluacion,EV-S3-02,2026-07-10T17:50:00,2026-07-19T19:50:00,realizada,2026-07-21T23:50:00,synthetic,SYN-008651
SES-00352,APP-00191,VAC-0027,entrevista,EV-S3-03,2026-07-20T11:00:00,2026-07-25T13:00:00,programada,,synthetic,SYN-008661
SES-00353,APP-00193,VAC-0027,evaluacion,EV-S3-03,2026-07-08T01:42:00,2026-07-15T02:42:00,realizada,2026-07-16T06:42:00,synthetic,SYN-008664
SES-00354,APP-00193,VAC-0027,entrevista,EV-S3-01,2026-07-22T13:00:00,2026-07-28T16:00:00,realizada,2026-07-29T18:00:00,synthetic,SYN-008674
SES-00355,APP-00194,VAC-0027,evaluacion,EV-S3-03,2026-07-14T08:31:00,2026-07-20T11:31:00,realizada,2026-07-21T13:31:00,synthetic,SYN-008683
SES-00356,APP-00194,VAC-0027,entrevista,EV-S3-02,2026-07-21T09:00:00,2026-08-04T11:00:00,realizada,2026-08-05T15:00:00,synthetic,SYN-008691
SES-00357,APP-00195,VAC-0028,evaluacion,EV-S1-02,2026-03-12T00:00:00,2026-03-14T03:00:00,realizada,2026-03-18T04:00:00,synthetic,SYN-008704
SES-00358,APP-00195,VAC-0028,entrevista,EV-S1-03,2026-03-12T15:00:00,2026-03-21T15:00:00,realizada,2026-03-25T17:00:00,synthetic,SYN-008711
SES-00359,APP-00196,VAC-0028,evaluacion,EV-S1-01,2026-03-01T18:30:00,2026-03-11T00:30:00,realizada,2026-03-11T04:30:00,synthetic,SYN-008717
SES-00360,APP-00196,VAC-0028,entrevista,EV-S1-04,2026-03-13T13:00:00,2026-03-17T19:00:00,realizada,2026-03-21T22:00:00,synthetic,SYN-008721
SES-00361,APP-00197,VAC-0028,evaluacion,EV-S1-04,2026-03-04T11:42:00,2026-03-14T12:42:00,realizada,2026-03-18T15:42:00,synthetic,SYN-008725
SES-00362,APP-00197,VAC-0028,entrevista,EV-S1-03,2026-03-15T13:00:00,2026-03-18T19:00:00,realizada,2026-03-22T00:00:00,synthetic,SYN-008733
SES-00363,APP-00198,VAC-0028,evaluacion,EV-S1-02,2026-03-15T15:42:00,2026-03-21T15:42:00,realizada,2026-03-23T17:42:00,synthetic,SYN-008738
SES-00364,APP-00198,VAC-0028,entrevista,EV-S1-03,2026-03-12T16:00:00,2026-03-14T17:00:00,realizada,2026-03-14T20:00:00,synthetic,SYN-008744
SES-00365,APP-00199,VAC-0029,evaluacion,EV-S2-04,2026-06-10T19:17:00,2026-06-23T20:17:00,realizada,2026-06-27T23:17:00,synthetic,SYN-008751
SES-00366,APP-00199,VAC-0029,evaluacion,EV-S2-01,2026-06-10T17:17:00,2026-06-21T21:17:00,realizada,2026-06-23T00:17:00,synthetic,SYN-008757
SES-00367,APP-00199,VAC-0029,entrevista,EV-S2-02,2026-06-14T15:00:00,2026-06-24T20:00:00,realizada,2026-06-25T21:00:00,synthetic,SYN-008761
SES-00368,APP-00200,VAC-0029,evaluacion,EV-S2-03,2026-06-03T07:19:00,2026-06-16T09:19:00,realizada,2026-06-18T12:19:00,synthetic,SYN-008765
SES-00369,APP-00200,VAC-0029,entrevista,EV-S2-01,2026-06-14T14:00:00,2026-06-23T18:00:00,realizada,2026-06-23T20:00:00,synthetic,SYN-008771
SES-00370,APP-00201,VAC-0029,evaluacion,EV-S2-01,2026-06-05T14:25:00,2026-06-15T18:25:00,realizada,2026-06-18T19:25:00,synthetic,SYN-008775
SES-00371,APP-00201,VAC-0029,entrevista,EV-S2-04,2026-06-16T12:00:00,2026-06-29T16:00:00,realizada,2026-07-03T19:00:00,synthetic,SYN-008782
SES-00372,APP-00202,VAC-0029,evaluacion,EV-S2-02,2026-06-02T07:30:00,2026-06-11T11:30:00,realizada,2026-06-11T12:30:00,synthetic,SYN-008789
SES-00373,APP-00203,VAC-0029,evaluacion,EV-S2-01,2026-06-09T14:38:00,2026-06-23T16:38:00,realizada,2026-06-27T17:38:00,synthetic,SYN-008797
SES-00374,APP-00203,VAC-0029,entrevista,EV-S2-04,2026-06-10T16:00:00,2026-06-24T19:00:00,realizada,2026-06-29T00:00:00,synthetic,SYN-008805
SES-00375,APP-00204,VAC-0029,evaluacion,EV-S2-04,2026-06-10T00:00:00,2026-06-18T00:00:00,realizada,2026-06-20T05:00:00,synthetic,SYN-008812
SES-00376,APP-00204,VAC-0029,entrevista,EV-S2-03,2026-06-13T13:00:00,2026-06-18T15:00:00,realizada,2026-06-19T20:00:00,synthetic,SYN-008817
SES-00377,APP-00205,VAC-0029,evaluacion,EV-S2-03,2026-06-01T07:37:00,2026-06-12T09:37:00,realizada,2026-06-15T11:37:00,synthetic,SYN-008824
SES-00378,APP-00205,VAC-0029,entrevista,EV-S2-02,2026-06-12T09:00:00,2026-06-20T15:00:00,realizada,2026-06-20T16:00:00,synthetic,SYN-008830
SES-00379,APP-00206,VAC-0029,evaluacion,EV-S2-04,2026-06-09T12:10:00,2026-06-21T18:10:00,programada,,synthetic,SYN-008836
SES-00380,APP-00206,VAC-0029,entrevista,EV-S2-01,2026-06-11T10:00:00,2026-06-15T13:00:00,realizada,2026-06-18T15:00:00,synthetic,SYN-008837
SES-00381,APP-00207,VAC-0030,evaluacion,EV-S3-03,2026-06-07T19:31:00,2026-06-20T21:31:00,realizada,2026-06-23T22:31:00,synthetic,SYN-008842
SES-00382,APP-00208,VAC-0030,evaluacion,EV-S3-04,2026-06-04T23:33:00,2026-06-14T23:33:00,realizada,2026-06-18T01:33:00,synthetic,SYN-008848
SES-00383,APP-00208,VAC-0030,entrevista,EV-S3-01,2026-06-16T14:00:00,2026-06-21T18:00:00,programada,,synthetic,SYN-008857
SES-00384,APP-00210,VAC-0030,evaluacion,EV-S3-03,2026-05-30T12:07:00,2026-06-05T13:07:00,realizada,2026-06-08T18:07:00,synthetic,SYN-008858
SES-00385,APP-00210,VAC-0030,entrevista,EV-S3-01,2026-06-13T14:00:00,2026-06-27T16:00:00,realizada,2026-06-29T17:00:00,synthetic,SYN-008870
SES-00386,APP-00211,VAC-0031,evaluacion,EV-S1-04,2026-04-29T14:56:00,2026-05-06T15:56:00,realizada,2026-05-10T17:56:00,synthetic,SYN-008878
SES-00387,APP-00211,VAC-0031,entrevista,EV-S1-04,2026-05-09T09:00:00,2026-05-21T15:00:00,programada,,synthetic,SYN-008888
SES-00388,APP-00212,VAC-0031,evaluacion,EV-S1-02,2026-05-05T16:34:00,2026-05-08T18:34:00,realizada,2026-05-10T21:34:00,synthetic,SYN-008889
SES-00389,APP-00212,VAC-0031,entrevista,EV-S1-01,2026-05-09T11:00:00,2026-05-17T15:00:00,realizada,2026-05-19T18:00:00,synthetic,SYN-008898
SES-00390,APP-00213,VAC-0031,evaluacion,EV-S1-02,2026-04-29T02:40:00,2026-05-02T07:40:00,realizada,2026-05-03T11:40:00,synthetic,SYN-008906
SES-00391,APP-00213,VAC-0031,entrevista,EV-S1-02,2026-05-12T17:00:00,2026-05-23T20:00:00,realizada,2026-05-24T00:00:00,synthetic,SYN-008918
SES-00392,APP-00214,VAC-0031,evaluacion,EV-S1-02,2026-05-08T00:00:00,2026-05-12T02:00:00,realizada,2026-05-13T06:00:00,synthetic,SYN-008923
SES-00393,APP-00214,VAC-0031,entrevista,EV-S1-02,2026-05-10T15:00:00,2026-05-19T21:00:00,realizada,2026-05-21T01:00:00,synthetic,SYN-008934
SES-00394,APP-00215,VAC-0031,evaluacion,EV-S1-01,2026-04-30T11:12:00,2026-05-13T15:12:00,realizada,2026-05-17T19:12:00,synthetic,SYN-008939
SES-00395,APP-00215,VAC-0031,entrevista,EV-S1-02,2026-05-09T17:00:00,2026-05-17T20:00:00,realizada,2026-05-20T23:00:00,synthetic,SYN-008950
SES-00396,APP-00216,VAC-0031,evaluacion,EV-S1-04,2026-05-03T06:56:00,2026-05-12T08:56:00,realizada,2026-05-15T13:56:00,synthetic,SYN-008958
SES-00397,APP-00216,VAC-0031,entrevista,EV-S1-03,2026-05-09T11:00:00,2026-05-15T14:00:00,realizada,2026-05-19T17:00:00,synthetic,SYN-008969
SES-00398,APP-00217,VAC-0031,evaluacion,EV-S1-03,2026-05-02T01:02:00,2026-05-08T03:02:00,realizada,2026-05-08T05:02:00,synthetic,SYN-008977
SES-00399,APP-00218,VAC-0031,evaluacion,EV-S1-03,2026-04-30T21:09:00,2026-05-07T03:09:00,realizada,2026-05-07T06:09:00,synthetic,SYN-008987
SES-00400,APP-00219,VAC-0031,evaluacion,EV-S1-02,2026-05-08T00:00:00,2026-05-21T06:00:00,realizada,2026-05-21T07:00:00,synthetic,SYN-008998
SES-00401,APP-00220,VAC-0031,evaluacion,EV-S1-01,2026-05-07T19:38:00,2026-05-11T21:38:00,realizada,2026-05-16T00:38:00,synthetic,SYN-009006
SES-00402,APP-00220,VAC-0031,entrevista,EV-S1-01,2026-05-09T14:00:00,2026-05-21T20:00:00,realizada,2026-05-26T01:00:00,synthetic,SYN-009014
SES-00403,APP-00221,VAC-0031,evaluacion,EV-S1-02,2026-05-04T22:58:00,2026-05-14T02:58:00,realizada,2026-05-17T05:58:00,synthetic,SYN-009019
SES-00404,APP-00221,VAC-0031,evaluacion,EV-S1-03,2026-05-04T03:58:00,2026-05-12T05:58:00,realizada,2026-05-16T10:58:00,synthetic,SYN-009029
SES-00405,APP-00221,VAC-0031,entrevista,EV-S1-02,2026-05-09T16:00:00,2026-05-18T20:00:00,realizada,2026-05-20T22:00:00,synthetic,SYN-009036
SES-00406,APP-00222,VAC-0031,evaluacion,EV-S1-01,2026-05-02T10:26:00,2026-05-11T16:26:00,realizada,2026-05-11T20:26:00,synthetic,SYN-009041
SES-00407,APP-00222,VAC-0031,entrevista,EV-S1-04,2026-05-09T16:00:00,2026-05-13T18:00:00,realizada,2026-05-16T20:00:00,synthetic,SYN-009048
SES-00408,APP-00223,VAC-0031,evaluacion,EV-S1-02,2026-05-10T15:26:00,2026-05-13T19:26:00,realizada,2026-05-14T20:26:00,synthetic,SYN-009054
SES-00409,APP-00223,VAC-0031,entrevista,EV-S1-04,2026-05-09T15:00:00,2026-05-17T19:00:00,realizada,2026-05-21T00:00:00,synthetic,SYN-009062
SES-00410,APP-00224,VAC-0032,evaluacion,EV-S2-04,2026-03-18T02:47:00,2026-03-31T07:47:00,realizada,2026-04-01T09:47:00,synthetic,SYN-009070
SES-00411,APP-00225,VAC-0032,evaluacion,EV-S2-02,2026-03-15T05:28:00,2026-03-27T08:28:00,realizada,2026-03-28T12:28:00,synthetic,SYN-009078
SES-00412,APP-00226,VAC-0032,evaluacion,EV-S2-04,2026-03-23T03:30:00,2026-03-28T09:30:00,realizada,2026-03-30T14:30:00,synthetic,SYN-009087
SES-00413,APP-00227,VAC-0032,evaluacion,EV-S2-02,2026-03-28T11:39:00,2026-04-02T11:39:00,realizada,2026-04-04T16:39:00,synthetic,SYN-009098
SES-00414,APP-00227,VAC-0032,entrevista,EV-S2-03,2026-03-31T15:00:00,2026-04-11T18:00:00,programada,,synthetic,SYN-009107
SES-00415,APP-00228,VAC-0032,evaluacion,EV-S2-01,2026-03-11T17:14:00,2026-03-23T18:14:00,realizada,2026-03-26T20:14:00,synthetic,SYN-009108
SES-00416,APP-00228,VAC-0032,evaluacion,EV-S2-02,2026-03-12T18:14:00,2026-03-17T18:14:00,realizada,2026-03-18T23:14:00,synthetic,SYN-009119
SES-00417,APP-00228,VAC-0032,entrevista,EV-S2-04,2026-03-28T09:00:00,2026-04-02T10:00:00,realizada,2026-04-04T12:00:00,synthetic,SYN-009130
SES-00418,APP-00229,VAC-0032,evaluacion,EV-S2-02,2026-03-22T13:16:00,2026-03-26T15:16:00,realizada,2026-03-29T20:16:00,synthetic,SYN-009137
SES-00419,APP-00229,VAC-0032,entrevista,EV-S2-02,2026-03-31T14:00:00,2026-04-10T14:00:00,realizada,2026-04-14T17:00:00,synthetic,SYN-009145
SES-00420,APP-00230,VAC-0032,evaluacion,EV-S2-01,2026-03-08T19:04:00,2026-03-18T01:04:00,realizada,2026-03-22T03:04:00,synthetic,SYN-009156
SES-00421,APP-00230,VAC-0032,entrevista,EV-S2-04,2026-04-01T14:00:00,2026-04-09T14:00:00,realizada,2026-04-10T15:00:00,synthetic,SYN-009164
SES-00422,APP-00231,VAC-0032,evaluacion,EV-S2-02,2026-03-13T10:28:00,2026-03-25T11:28:00,realizada,2026-03-27T15:28:00,synthetic,SYN-009173
SES-00423,APP-00231,VAC-0032,evaluacion,EV-S2-01,2026-03-12T13:28:00,2026-03-23T13:28:00,realizada,2026-03-24T15:28:00,synthetic,SYN-009182
SES-00424,APP-00231,VAC-0032,entrevista,EV-S2-01,2026-03-30T09:00:00,2026-04-12T15:00:00,realizada,2026-04-12T19:00:00,synthetic,SYN-009188
SES-00425,APP-00232,VAC-0032,evaluacion,EV-S2-01,2026-03-19T19:40:00,2026-03-29T00:40:00,realizada,2026-04-02T02:40:00,synthetic,SYN-009193
SES-00426,APP-00232,VAC-0032,entrevista,EV-S2-03,2026-03-29T09:00:00,2026-04-03T10:00:00,realizada,2026-04-06T14:00:00,synthetic,SYN-009200
SES-00427,APP-00234,VAC-0033,evaluacion,EV-S3-01,2026-06-27T22:57:00,2026-07-09T04:57:00,realizada,2026-07-13T07:57:00,synthetic,SYN-009210
SES-00428,APP-00234,VAC-0033,entrevista,EV-S3-01,2026-06-30T17:00:00,2026-07-11T21:00:00,realizada,2026-07-13T22:00:00,synthetic,SYN-009213
SES-00429,APP-00235,VAC-0033,evaluacion,EV-S3-01,2026-06-17T15:28:00,2026-07-01T17:28:00,realizada,2026-07-05T20:28:00,synthetic,SYN-009220
SES-00430,APP-00235,VAC-0033,entrevista,EV-S3-03,2026-07-01T11:00:00,2026-07-13T13:00:00,realizada,2026-07-17T14:00:00,synthetic,SYN-009229
SES-00431,APP-00236,VAC-0033,evaluacion,EV-S3-01,2026-07-03T11:00:00,2026-07-08T17:00:00,realizada,2026-07-11T19:00:00,synthetic,SYN-009235
SES-00432,APP-00236,VAC-0033,entrevista,EV-S3-02,2026-06-30T17:00:00,2026-07-10T17:00:00,programada,,synthetic,SYN-009243
SES-00433,APP-00237,VAC-0033,evaluacion,EV-S3-04,2026-06-18T12:00:00,2026-06-30T15:00:00,realizada,2026-07-04T18:00:00,synthetic,SYN-009246
SES-00434,APP-00237,VAC-0033,entrevista,EV-S3-02,2026-07-03T13:00:00,2026-07-14T13:00:00,realizada,2026-07-14T14:00:00,synthetic,SYN-009254
SES-00435,APP-00238,VAC-0033,evaluacion,EV-S3-04,2026-06-26T14:08:00,2026-07-06T17:08:00,realizada,2026-07-10T18:08:00,synthetic,SYN-009263
SES-00436,APP-00238,VAC-0033,evaluacion,EV-S3-02,2026-06-27T15:08:00,2026-07-08T18:08:00,realizada,2026-07-12T21:08:00,synthetic,SYN-009267
SES-00437,APP-00238,VAC-0033,entrevista,EV-S3-04,2026-07-03T15:00:00,2026-07-14T15:00:00,realizada,2026-07-15T19:00:00,synthetic,SYN-009273
SES-00438,APP-00239,VAC-0033,evaluacion,EV-S3-03,2026-06-30T12:02:00,2026-07-05T15:02:00,realizada,2026-07-06T18:02:00,synthetic,SYN-009277
SES-00439,APP-00239,VAC-0033,entrevista,EV-S3-01,2026-07-02T11:00:00,2026-07-08T12:00:00,realizada,2026-07-11T13:00:00,synthetic,SYN-009285
SES-00440,APP-00240,VAC-0033,evaluacion,EV-S3-02,2026-06-22T09:34:00,2026-07-01T12:34:00,programada,,synthetic,SYN-009291
SES-00441,APP-00240,VAC-0033,entrevista,EV-S3-03,2026-07-04T15:00:00,2026-07-16T18:00:00,realizada,2026-07-17T21:00:00,synthetic,SYN-009293
SES-00442,APP-00241,VAC-0033,evaluacion,EV-S3-04,2026-06-24T06:44:00,2026-06-30T08:44:00,realizada,2026-06-30T12:44:00,synthetic,SYN-009299
SES-00443,APP-00241,VAC-0033,entrevista,EV-S3-04,2026-07-04T15:00:00,2026-07-12T18:00:00,realizada,2026-07-12T19:00:00,synthetic,SYN-009304
SES-00444,APP-00243,VAC-0033,evaluacion,EV-S3-04,2026-06-22T18:12:00,2026-07-02T23:12:00,realizada,2026-07-03T00:12:00,synthetic,SYN-009311
SES-00445,APP-00243,VAC-0033,entrevista,EV-S3-03,2026-07-02T14:00:00,2026-07-14T14:00:00,realizada,2026-07-14T16:00:00,synthetic,SYN-009316
SES-00446,APP-00244,VAC-0034,evaluacion,EV-S1-01,2026-06-19T08:23:00,2026-06-24T12:23:00,realizada,2026-06-26T16:23:00,synthetic,SYN-009322
SES-00447,APP-00244,VAC-0034,entrevista,EV-S1-03,2026-06-23T11:00:00,2026-06-28T11:00:00,realizada,2026-07-02T14:00:00,synthetic,SYN-009332
SES-00448,APP-00245,VAC-0034,evaluacion,EV-S1-02,2026-06-17T00:43:00,2026-06-27T03:43:00,realizada,2026-06-27T04:43:00,synthetic,SYN-009338
SES-00449,APP-00245,VAC-0034,entrevista,EV-S1-03,2026-06-18T10:00:00,2026-07-01T13:00:00,realizada,2026-07-02T15:00:00,synthetic,SYN-009349
SES-00450,APP-00246,VAC-0034,evaluacion,EV-S1-04,2026-06-18T00:00:00,2026-07-01T02:00:00,realizada,2026-07-01T04:00:00,synthetic,SYN-009353
SES-00451,APP-00246,VAC-0034,entrevista,EV-S1-01,2026-06-22T11:00:00,2026-07-01T13:00:00,realizada,2026-07-02T18:00:00,synthetic,SYN-009360
SES-00452,APP-00247,VAC-0034,evaluacion,EV-S1-04,2026-06-13T23:39:00,2026-06-25T02:39:00,programada,,synthetic,SYN-009368
SES-00453,APP-00247,VAC-0034,entrevista,EV-S1-04,2026-06-18T17:00:00,2026-06-23T18:00:00,realizada,2026-06-26T19:00:00,synthetic,SYN-009370
SES-00454,APP-00248,VAC-0034,evaluacion,EV-S1-01,2026-06-16T20:01:00,2026-06-23T22:01:00,realizada,2026-06-25T23:01:00,synthetic,SYN-009377
SES-00455,APP-00248,VAC-0034,evaluacion,EV-S1-02,2026-06-16T15:01:00,2026-06-24T16:01:00,realizada,2026-06-26T19:01:00,synthetic,SYN-009387
SES-00456,APP-00248,VAC-0034,entrevista,EV-S1-03,2026-06-21T11:00:00,2026-06-29T15:00:00,realizada,2026-06-29T20:00:00,synthetic,SYN-009395
SES-00457,APP-00249,VAC-0034,evaluacion,EV-S1-01,2026-06-14T04:20:00,2026-06-21T05:20:00,realizada,2026-06-22T07:20:00,synthetic,SYN-009400
SES-00458,APP-00249,VAC-0034,entrevista,EV-S1-04,2026-06-21T15:00:00,2026-06-28T19:00:00,realizada,2026-07-02T00:00:00,synthetic,SYN-009409
SES-00459,APP-00250,VAC-0034,evaluacion,EV-S1-02,2026-06-18T13:30:00,2026-06-24T13:30:00,realizada,2026-06-24T18:30:00,synthetic,SYN-009414
SES-00460,APP-00250,VAC-0034,entrevista,EV-S1-01,2026-06-19T15:00:00,2026-07-03T18:00:00,realizada,2026-07-06T23:00:00,synthetic,SYN-009424
SES-00461,APP-00251,VAC-0035,evaluacion,EV-S2-03,2026-06-17T03:06:00,2026-06-27T07:06:00,realizada,2026-06-30T08:06:00,synthetic,SYN-009430
SES-00462,APP-00251,VAC-0035,evaluacion,EV-S2-01,2026-06-21T00:06:00,2026-06-28T02:06:00,realizada,2026-06-30T04:06:00,synthetic,SYN-009437
SES-00463,APP-00251,VAC-0035,entrevista,EV-S2-01,2026-06-18T09:00:00,2026-06-23T10:00:00,realizada,2026-06-27T14:00:00,synthetic,SYN-009446
SES-00464,APP-00252,VAC-0035,evaluacion,EV-S2-01,2026-06-14T07:51:00,2026-06-22T12:51:00,realizada,2026-06-24T14:51:00,synthetic,SYN-009453
SES-00465,APP-00253,VAC-0035,evaluacion,EV-S2-02,2026-06-17T06:56:00,2026-06-27T11:56:00,programada,,synthetic,SYN-009460
SES-00466,APP-00253,VAC-0035,entrevista,EV-S2-01,2026-06-19T09:00:00,2026-06-27T11:00:00,realizada,2026-06-30T16:00:00,synthetic,SYN-009463
SES-00467,APP-00255,VAC-0035,evaluacion,EV-S2-01,2026-06-09T22:46:00,2026-06-13T22:46:00,realizada,2026-06-13T23:46:00,synthetic,SYN-009470
SES-00468,APP-00255,VAC-0035,entrevista,EV-S2-01,2026-06-22T14:00:00,2026-06-29T19:00:00,realizada,2026-07-04T00:00:00,synthetic,SYN-009478
SES-00469,APP-00256,VAC-0035,evaluacion,EV-S2-03,2026-06-11T01:45:00,2026-06-16T03:45:00,realizada,2026-06-17T06:45:00,synthetic,SYN-009484
SES-00470,APP-00256,VAC-0035,entrevista,EV-S2-04,2026-06-21T11:00:00,2026-07-05T11:00:00,realizada,2026-07-08T12:00:00,synthetic,SYN-009497
SES-00471,APP-00257,VAC-0035,evaluacion,EV-S2-01,2026-06-16T01:19:00,2026-06-26T01:19:00,realizada,2026-06-29T05:19:00,synthetic,SYN-009503
SES-00472,APP-00257,VAC-0035,entrevista,EV-S2-01,2026-06-19T10:00:00,2026-06-29T10:00:00,realizada,2026-07-02T11:00:00,synthetic,SYN-009511
SES-00473,APP-00258,VAC-0035,evaluacion,EV-S2-03,2026-06-14T08:18:00,2026-06-19T13:18:00,realizada,2026-06-19T17:18:00,synthetic,SYN-009518
SES-00474,APP-00258,VAC-0035,entrevista,EV-S2-04,2026-06-19T09:00:00,2026-06-29T12:00:00,realizada,2026-07-01T17:00:00,synthetic,SYN-009529
SES-00475,APP-00259,VAC-0035,evaluacion,EV-S2-04,2026-06-18T03:25:00,2026-06-26T08:25:00,programada,,synthetic,SYN-009536
SES-00476,APP-00259,VAC-0035,entrevista,EV-S2-03,2026-06-17T14:00:00,2026-06-27T16:00:00,realizada,2026-06-29T19:00:00,synthetic,SYN-009538
SES-00477,APP-00260,VAC-0035,evaluacion,EV-S2-02,2026-06-12T01:22:00,2026-06-24T07:22:00,realizada,2026-06-28T12:22:00,synthetic,SYN-009545
SES-00478,APP-00261,VAC-0035,evaluacion,EV-S2-01,2026-06-17T00:00:00,2026-06-21T04:00:00,realizada,2026-06-22T09:00:00,synthetic,SYN-009553
SES-00479,APP-00261,VAC-0035,entrevista,EV-S2-01,2026-06-23T13:00:00,2026-07-04T16:00:00,realizada,2026-07-07T20:00:00,synthetic,SYN-009562
SES-00480,APP-00262,VAC-0036,evaluacion,EV-S3-04,2026-06-23T08:16:00,2026-07-04T10:16:00,realizada,2026-07-05T15:16:00,synthetic,SYN-009570
SES-00481,APP-00262,VAC-0036,entrevista,EV-S3-02,2026-07-06T11:00:00,2026-07-13T14:00:00,realizada,2026-07-16T18:00:00,synthetic,SYN-009579
SES-00482,APP-00263,VAC-0036,evaluacion,EV-S3-02,2026-07-04T00:00:00,2026-07-12T00:00:00,realizada,2026-07-16T05:00:00,synthetic,SYN-009592
SES-00483,APP-00263,VAC-0036,entrevista,EV-S3-04,2026-07-09T11:00:00,2026-07-14T12:00:00,realizada,2026-07-14T15:00:00,synthetic,SYN-009603
SES-00484,APP-00264,VAC-0036,evaluacion,EV-S3-02,2026-06-20T12:24:00,2026-06-25T18:24:00,realizada,2026-06-27T19:24:00,synthetic,SYN-009612
SES-00485,APP-00264,VAC-0036,entrevista,EV-S3-04,2026-07-08T15:00:00,2026-07-13T18:00:00,realizada,2026-07-17T23:00:00,synthetic,SYN-009620
SES-00486,APP-00265,VAC-0037,evaluacion,EV-S1-03,2026-08-23T18:04:00,2026-09-07T20:04:00,programada,,synthetic,SYN-009628
SES-00487,APP-00266,VAC-0037,evaluacion,EV-S1-01,2026-08-26T08:41:00,2026-08-30T00:00:00,realizada,2026-09-01T02:00:00,synthetic,SYN-009629
SES-00488,APP-00266,VAC-0037,evaluacion,EV-S1-04,2026-08-24T06:41:00,2026-09-06T11:41:00,realizada,2026-09-06T16:41:00,synthetic,SYN-009635
SES-00489,APP-00266,VAC-0037,entrevista,EV-S1-02,2026-09-04T13:00:00,2026-09-14T15:00:00,realizada,2026-09-17T16:00:00,synthetic,SYN-009641
SES-00490,APP-00267,VAC-0037,evaluacion,EV-S1-04,2026-08-24T18:26:00,2026-09-05T22:26:00,realizada,2026-09-07T23:26:00,synthetic,SYN-009650
SES-00491,APP-00268,VAC-0037,evaluacion,EV-S1-01,2026-08-21T01:19:00,2026-08-30T06:19:00,realizada,2026-09-01T08:19:00,synthetic,SYN-009658
SES-00492,APP-00268,VAC-0037,entrevista,EV-S1-01,2026-08-30T13:00:00,2026-09-13T18:00:00,realizada,2026-09-17T22:00:00,synthetic,SYN-009665
SES-00493,APP-00269,VAC-0037,evaluacion,EV-S1-03,2026-08-28T02:09:00,2026-09-07T07:09:00,realizada,2026-09-11T08:09:00,synthetic,SYN-009671
SES-00494,APP-00269,VAC-0037,entrevista,EV-S1-01,2026-09-03T13:00:00,2026-09-13T14:00:00,programada,,synthetic,SYN-009677
SES-00495,APP-00270,VAC-0037,evaluacion,EV-S1-03,2026-08-23T02:38:00,2026-09-03T07:38:00,realizada,2026-09-05T11:38:00,synthetic,SYN-009679
SES-00496,APP-00270,VAC-0037,evaluacion,EV-S1-01,2026-08-20T23:38:00,2026-09-02T23:38:00,realizada,2026-09-06T04:38:00,synthetic,SYN-009686
SES-00497,APP-00270,VAC-0037,entrevista,EV-S1-03,2026-09-05T16:00:00,2026-09-15T18:00:00,realizada,2026-09-15T21:00:00,synthetic,SYN-009694
SES-00498,APP-00271,VAC-0037,evaluacion,EV-S1-02,2026-08-30T19:54:00,2026-09-06T01:54:00,realizada,2026-09-06T03:54:00,synthetic,SYN-009701
SES-00499,APP-00271,VAC-0037,entrevista,EV-S1-03,2026-09-04T11:00:00,2026-09-16T14:00:00,realizada,2026-09-18T15:00:00,synthetic,SYN-009709
SES-00500,APP-00272,VAC-0037,evaluacion,EV-S1-03,2026-08-27T09:27:00,2026-09-11T09:27:00,realizada,2026-09-11T12:27:00,synthetic,SYN-009717
SES-00501,APP-00273,VAC-0037,evaluacion,EV-S1-04,2026-08-25T23:32:00,2026-09-02T05:32:00,realizada,2026-09-02T06:32:00,synthetic,SYN-009723
SES-00502,APP-00275,VAC-0038,evaluacion,EV-S2-02,2026-04-06T21:52:00,2026-04-15T22:52:00,realizada,2026-04-19T03:52:00,synthetic,SYN-009728
SES-00503,APP-00275,VAC-0038,entrevista,EV-S2-03,2026-04-18T13:00:00,2026-04-23T17:00:00,realizada,2026-04-26T19:00:00,synthetic,SYN-009740
SES-00504,APP-00276,VAC-0038,evaluacion,EV-S2-04,2026-03-31T21:29:00,2026-04-04T00:29:00,programada,,synthetic,SYN-009747
SES-00505,APP-00276,VAC-0038,entrevista,EV-S2-04,2026-04-17T15:00:00,2026-04-27T16:00:00,realizada,2026-04-27T21:00:00,synthetic,SYN-009750
SES-00506,APP-00277,VAC-0038,evaluacion,EV-S2-03,2026-04-12T05:04:00,2026-04-18T11:04:00,realizada,2026-04-19T16:04:00,synthetic,SYN-009759
SES-00507,APP-00277,VAC-0038,entrevista,EV-S2-01,2026-04-14T15:00:00,2026-04-19T19:00:00,realizada,2026-04-20T00:00:00,synthetic,SYN-009769
SES-00508,APP-00278,VAC-0038,evaluacion,EV-S2-01,2026-04-11T11:11:00,2026-04-21T11:11:00,realizada,2026-04-24T15:11:00,synthetic,SYN-009774
SES-00509,APP-00279,VAC-0039,evaluacion,EV-S3-03,2026-07-03T03:36:00,2026-07-09T03:36:00,realizada,2026-07-09T05:36:00,synthetic,SYN-009784
SES-00510,APP-00279,VAC-0039,evaluacion,EV-S3-01,2026-07-03T02:36:00,2026-07-13T07:36:00,realizada,2026-07-17T11:36:00,synthetic,SYN-009793
SES-00511,APP-00279,VAC-0039,entrevista,EV-S3-03,2026-07-07T17:00:00,2026-07-13T23:00:00,realizada,2026-07-18T04:00:00,synthetic,SYN-009804
SES-00512,APP-00280,VAC-0039,evaluacion,EV-S3-01,2026-07-05T02:29:00,2026-07-10T08:29:00,realizada,2026-07-11T11:29:00,synthetic,SYN-009816
SES-00513,APP-00281,VAC-0039,evaluacion,EV-S3-04,2026-06-30T20:09:00,2026-07-12T20:09:00,realizada,2026-07-13T01:09:00,synthetic,SYN-009824
SES-00514,APP-00281,VAC-0039,entrevista,EV-S3-04,2026-07-11T16:00:00,2026-07-24T17:00:00,realizada,2026-07-26T22:00:00,synthetic,SYN-009834
SES-00515,APP-00282,VAC-0039,evaluacion,EV-S3-03,2026-06-30T04:06:00,2026-07-11T08:06:00,realizada,2026-07-13T11:06:00,synthetic,SYN-009845
SES-00516,APP-00282,VAC-0039,entrevista,EV-S3-04,2026-07-11T17:00:00,2026-07-22T17:00:00,realizada,2026-07-24T19:00:00,synthetic,SYN-009856
SES-00517,APP-00284,VAC-0039,evaluacion,EV-S3-02,2026-07-03T13:19:00,2026-07-10T15:19:00,realizada,2026-07-13T18:19:00,synthetic,SYN-009865
SES-00518,APP-00284,VAC-0039,evaluacion,EV-S3-04,2026-07-03T18:19:00,2026-07-08T18:19:00,realizada,2026-07-08T19:19:00,synthetic,SYN-009874
SES-00519,APP-00284,VAC-0039,entrevista,EV-S3-02,2026-07-12T11:00:00,2026-07-20T12:00:00,realizada,2026-07-21T15:00:00,synthetic,SYN-009887
SES-00520,APP-00285,VAC-0039,evaluacion,EV-S3-03,2026-07-09T21:49:00,2026-07-24T01:49:00,realizada,2026-07-25T05:49:00,synthetic,SYN-009897
SES-00521,APP-00285,VAC-0039,entrevista,EV-S3-02,2026-07-06T10:00:00,2026-07-19T10:00:00,realizada,2026-07-19T14:00:00,synthetic,SYN-009906
SES-00522,APP-00286,VAC-0039,evaluacion,EV-S3-02,2026-07-07T22:21:00,2026-07-22T00:21:00,realizada,2026-07-25T02:21:00,synthetic,SYN-009916
SES-00523,APP-00286,VAC-0039,entrevista,EV-S3-01,2026-07-09T14:00:00,2026-07-20T18:00:00,realizada,2026-07-20T19:00:00,synthetic,SYN-009923
SES-00524,APP-00287,VAC-0039,evaluacion,EV-S3-02,2026-07-09T08:43:00,2026-07-23T14:43:00,realizada,2026-07-25T19:43:00,synthetic,SYN-009932
SES-00525,APP-00287,VAC-0039,evaluacion,EV-S3-01,2026-07-08T04:43:00,2026-07-16T07:43:00,realizada,2026-07-16T08:43:00,synthetic,SYN-009941
SES-00526,APP-00287,VAC-0039,entrevista,EV-S3-03,2026-07-10T13:00:00,2026-07-24T13:00:00,realizada,2026-07-25T17:00:00,synthetic,SYN-009951
SES-00527,APP-00288,VAC-0039,evaluacion,EV-S3-04,2026-07-01T13:51:00,2026-07-15T14:51:00,realizada,2026-07-17T18:51:00,synthetic,SYN-009960
SES-00528,APP-00288,VAC-0039,entrevista,EV-S3-01,2026-07-06T17:00:00,2026-07-11T23:00:00,programada,,synthetic,SYN-009970
SES-00529,APP-00289,VAC-0039,evaluacion,EV-S3-04,2026-06-29T10:35:00,2026-07-12T10:35:00,realizada,2026-07-15T11:35:00,synthetic,SYN-009972
SES-00530,APP-00289,VAC-0039,evaluacion,EV-S3-02,2026-07-03T06:35:00,2026-07-06T00:00:00,realizada,2026-07-07T01:00:00,synthetic,SYN-009984
SES-00531,APP-00289,VAC-0039,entrevista,EV-S3-02,2026-07-09T17:00:00,2026-07-14T19:00:00,realizada,2026-07-18T21:00:00,synthetic,SYN-009995
SES-00532,APP-00290,VAC-0039,evaluacion,EV-S3-03,2026-07-07T01:59:00,2026-07-15T07:59:00,realizada,2026-07-15T10:59:00,synthetic,SYN-010007
SES-00533,APP-00290,VAC-0039,entrevista,EV-S3-01,2026-07-10T09:00:00,2026-07-20T12:00:00,realizada,2026-07-22T17:00:00,synthetic,SYN-010014
SES-00534,APP-00291,VAC-0039,evaluacion,EV-S3-03,2026-07-01T01:16:00,2026-07-07T07:16:00,realizada,2026-07-08T08:16:00,synthetic,SYN-010021
SES-00535,APP-00291,VAC-0039,entrevista,EV-S3-01,2026-07-11T17:00:00,2026-07-18T17:00:00,realizada,2026-07-19T20:00:00,synthetic,SYN-010031
SES-00536,APP-00292,VAC-0039,evaluacion,EV-S3-01,2026-06-30T12:49:00,2026-07-13T16:49:00,realizada,2026-07-14T20:49:00,synthetic,SYN-010041
SES-00537,APP-00293,VAC-0040,evaluacion,EV-S1-01,2026-04-02T05:38:00,2026-04-15T08:38:00,realizada,2026-04-16T10:38:00,synthetic,SYN-010050
SES-00538,APP-00294,VAC-0040,evaluacion,EV-S1-04,2026-03-29T03:38:00,2026-04-03T09:38:00,realizada,2026-04-05T11:38:00,synthetic,SYN-010055
SES-00539,APP-00294,VAC-0040,entrevista,EV-S1-03,2026-04-05T17:00:00,2026-04-16T23:00:00,programada,,synthetic,SYN-010060
SES-00540,APP-00295,VAC-0040,evaluacion,EV-S1-03,2026-03-30T08:29:00,2026-04-06T10:29:00,realizada,2026-04-06T15:29:00,synthetic,SYN-010061
SES-00541,APP-00296,VAC-0040,evaluacion,EV-S1-02,2026-04-02T14:07:00,2026-04-10T18:07:00,realizada,2026-04-11T21:07:00,synthetic,SYN-010068
SES-00542,APP-00296,VAC-0040,entrevista,EV-S1-02,2026-04-03T12:00:00,2026-04-16T17:00:00,realizada,2026-04-20T22:00:00,synthetic,SYN-010074
SES-00543,APP-00297,VAC-0040,evaluacion,EV-S1-01,2026-03-30T05:38:00,2026-04-07T08:38:00,programada,,synthetic,SYN-010081
SES-00544,APP-00297,VAC-0040,evaluacion,EV-S1-02,2026-03-27T08:38:00,2026-04-03T08:38:00,realizada,2026-04-06T12:38:00,synthetic,SYN-010083
SES-00545,APP-00297,VAC-0040,entrevista,EV-S1-01,2026-04-03T13:00:00,2026-04-16T17:00:00,realizada,2026-04-18T22:00:00,synthetic,SYN-010091
SES-00546,APP-00298,VAC-0040,evaluacion,EV-S1-03,2026-03-27T00:13:00,2026-03-31T02:13:00,realizada,2026-03-31T07:13:00,synthetic,SYN-010098
SES-00547,APP-00299,VAC-0040,evaluacion,EV-S1-04,2026-03-30T14:03:00,2026-04-08T20:03:00,realizada,2026-04-12T01:03:00,synthetic,SYN-010105
SES-00548,APP-00299,VAC-0040,entrevista,EV-S1-03,2026-04-05T13:00:00,2026-04-13T15:00:00,realizada,2026-04-17T20:00:00,synthetic,SYN-010112
SES-00549,APP-00300,VAC-0040,evaluacion,EV-S1-04,2026-04-04T02:29:00,2026-04-08T08:29:00,realizada,2026-04-09T12:29:00,synthetic,SYN-010118
SES-00550,APP-00300,VAC-0040,entrevista,EV-S1-02,2026-04-07T12:00:00,2026-04-19T12:00:00,realizada,2026-04-20T14:00:00,synthetic,SYN-010126
SES-00551,APP-00301,VAC-0040,evaluacion,EV-S1-04,2026-04-01T13:01:00,2026-04-12T19:01:00,realizada,2026-04-12T21:01:00,synthetic,SYN-010132
SES-00552,APP-00301,VAC-0040,entrevista,EV-S1-01,2026-04-03T15:00:00,2026-04-06T15:00:00,realizada,2026-04-07T20:00:00,synthetic,SYN-010139
SES-00553,APP-00302,VAC-0040,evaluacion,EV-S1-04,2026-04-02T00:00:00,2026-04-12T01:00:00,realizada,2026-04-12T04:00:00,synthetic,SYN-010147
SES-00554,APP-00302,VAC-0040,entrevista,EV-S1-01,2026-04-03T11:00:00,2026-04-12T17:00:00,realizada,2026-04-12T22:00:00,synthetic,SYN-010152
SES-00555,APP-00303,VAC-0040,evaluacion,EV-S1-02,2026-04-05T13:34:00,2026-04-12T16:34:00,realizada,2026-04-13T17:34:00,synthetic,SYN-010160
SES-00556,APP-00304,VAC-0040,evaluacion,EV-S1-02,2026-04-02T19:13:00,2026-04-12T23:13:00,realizada,2026-04-13T00:13:00,synthetic,SYN-010166
SES-00557,APP-00304,VAC-0040,entrevista,EV-S1-04,2026-04-07T11:00:00,2026-04-16T13:00:00,realizada,2026-04-17T14:00:00,synthetic,SYN-010172
SES-00558,APP-00305,VAC-0040,evaluacion,EV-S1-03,2026-04-02T10:34:00,2026-04-10T16:34:00,realizada,2026-04-12T18:34:00,synthetic,SYN-010180
SES-00559,APP-00306,VAC-0041,evaluacion,EV-S2-02,2026-05-07T18:02:00,2026-05-12T19:02:00,realizada,2026-05-13T00:02:00,synthetic,SYN-010187
SES-00560,APP-00306,VAC-0041,entrevista,EV-S2-03,2026-05-17T15:00:00,2026-05-24T15:00:00,realizada,2026-05-24T19:00:00,synthetic,SYN-010196
SES-00561,APP-00308,VAC-0041,evaluacion,EV-S2-02,2026-05-12T07:40:00,2026-05-24T07:40:00,programada,,synthetic,SYN-010207
SES-00562,APP-00308,VAC-0041,entrevista,EV-S2-01,2026-05-19T13:00:00,2026-05-28T16:00:00,realizada,2026-05-31T18:00:00,synthetic,SYN-010208
SES-00563,APP-00309,VAC-0041,evaluacion,EV-S2-04,2026-05-05T15:15:00,2026-05-08T20:15:00,realizada,2026-05-12T01:15:00,synthetic,SYN-010219
SES-00564,APP-00309,VAC-0041,entrevista,EV-S2-02,2026-05-21T13:00:00,2026-05-28T17:00:00,realizada,2026-05-29T20:00:00,synthetic,SYN-010228
SES-00565,APP-00310,VAC-0041,evaluacion,EV-S2-04,2026-05-08T12:07:00,2026-05-15T18:07:00,realizada,2026-05-15T22:07:00,synthetic,SYN-010238
SES-00566,APP-00310,VAC-0041,entrevista,EV-S2-01,2026-05-15T14:00:00,2026-05-24T16:00:00,realizada,2026-05-26T17:00:00,synthetic,SYN-010248
SES-00567,APP-00311,VAC-0041,evaluacion,EV-S2-03,2026-05-16T04:59:00,2026-05-26T06:59:00,programada,,synthetic,SYN-010257
SES-00568,APP-00311,VAC-0041,entrevista,EV-S2-04,2026-05-16T17:00:00,2026-05-29T20:00:00,programada,,synthetic,SYN-010258
SES-00569,APP-00312,VAC-0041,evaluacion,EV-S2-02,2026-05-05T00:57:00,2026-05-10T06:57:00,realizada,2026-05-13T10:57:00,synthetic,SYN-010260
SES-00570,APP-00312,VAC-0041,entrevista,EV-S2-03,2026-05-15T10:00:00,2026-05-25T11:00:00,realizada,2026-05-25T13:00:00,synthetic,SYN-010271
SES-00571,APP-00313,VAC-0041,evaluacion,EV-S2-03,2026-05-18T03:41:00,2026-05-21T05:41:00,realizada,2026-05-23T09:41:00,synthetic,SYN-010282
SES-00572,APP-00313,VAC-0041,entrevista,EV-S2-03,2026-05-19T16:00:00,2026-05-26T20:00:00,realizada,2026-05-31T00:00:00,synthetic,SYN-010287
SES-00573,APP-00314,VAC-0041,evaluacion,EV-S2-04,2026-05-18T15:37:00,2026-05-31T19:37:00,realizada,2026-06-02T21:37:00,synthetic,SYN-010296
SES-00574,APP-00314,VAC-0041,evaluacion,EV-S2-02,2026-05-16T15:37:00,2026-05-29T18:37:00,realizada,2026-06-01T22:37:00,synthetic,SYN-010305
SES-00575,APP-00314,VAC-0041,entrevista,EV-S2-04,2026-05-17T11:00:00,2026-05-26T17:00:00,programada,,synthetic,SYN-010312
SES-00576,APP-00315,VAC-0041,evaluacion,EV-S2-01,2026-05-06T14:10:00,2026-05-19T16:10:00,realizada,2026-05-22T21:10:00,synthetic,SYN-010315
SES-00577,APP-00315,VAC-0041,entrevista,EV-S2-03,2026-05-19T17:00:00,2026-05-23T21:00:00,realizada,2026-05-25T22:00:00,synthetic,SYN-010327
SES-00578,APP-00316,VAC-0042,evaluacion,EV-S3-04,2026-03-20T02:41:00,2026-03-22T03:41:00,realizada,2026-03-25T07:41:00,synthetic,SYN-010337
SES-00579,APP-00316,VAC-0042,entrevista,EV-S3-03,2026-03-24T15:00:00,2026-04-05T19:00:00,realizada,2026-04-05T22:00:00,synthetic,SYN-010349
SES-00580,APP-00317,VAC-0042,evaluacion,EV-S3-03,2026-03-11T10:08:00,2026-03-18T14:08:00,realizada,2026-03-22T17:08:00,synthetic,SYN-010358
SES-00581,APP-00317,VAC-0042,entrevista,EV-S3-04,2026-03-20T16:00:00,2026-03-31T16:00:00,realizada,2026-04-01T17:00:00,synthetic,SYN-010368
SES-00582,APP-00318,VAC-0042,evaluacion,EV-S3-03,2026-03-17T15:32:00,2026-03-27T21:32:00,realizada,2026-03-30T01:32:00,synthetic,SYN-010376
SES-00583,APP-00318,VAC-0042,entrevista,EV-S3-02,2026-03-21T16:00:00,2026-03-26T22:00:00,realizada,2026-03-29T03:00:00,synthetic,SYN-010386
SES-00584,APP-00319,VAC-0042,evaluacion,EV-S3-04,2026-03-21T00:43:00,2026-04-02T06:43:00,realizada,2026-04-03T09:43:00,synthetic,SYN-010395
SES-00585,APP-00320,VAC-0042,evaluacion,EV-S3-03,2026-03-18T14:44:00,2026-03-30T17:44:00,realizada,2026-03-31T20:44:00,synthetic,SYN-010403
SES-00586,APP-00320,VAC-0042,entrevista,EV-S3-01,2026-03-24T17:00:00,2026-03-31T21:00:00,realizada,2026-04-01T01:00:00,synthetic,SYN-010414
SES-00587,APP-00321,VAC-0042,evaluacion,EV-S3-04,2026-03-10T09:25:00,2026-03-20T12:25:00,realizada,2026-03-21T13:25:00,synthetic,SYN-010422
SES-00588,APP-00321,VAC-0042,evaluacion,EV-S3-02,2026-03-13T12:25:00,2026-03-17T13:25:00,realizada,2026-03-18T14:25:00,synthetic,SYN-010428
SES-00589,APP-00321,VAC-0042,entrevista,EV-S3-04,2026-03-22T16:00:00,2026-04-02T16:00:00,realizada,2026-04-04T18:00:00,synthetic,SYN-010436
SES-00590,APP-00322,VAC-0042,evaluacion,EV-S3-01,2026-03-12T09:12:00,2026-03-17T11:12:00,realizada,2026-03-19T16:12:00,synthetic,SYN-010444
SES-00591,APP-00322,VAC-0042,entrevista,EV-S3-01,2026-03-18T11:00:00,2026-03-26T11:00:00,programada,,synthetic,SYN-010455
SES-00592,APP-00323,VAC-0043,evaluacion,EV-S1-01,2026-04-05T12:10:00,2026-04-11T16:10:00,programada,,synthetic,SYN-010457
SES-00593,APP-00323,VAC-0043,entrevista,EV-S1-03,2026-04-12T17:00:00,2026-04-18T17:00:00,realizada,2026-04-21T20:00:00,synthetic,SYN-010460
SES-00594,APP-00324,VAC-0043,evaluacion,EV-S1-01,2026-04-11T03:18:00,2026-04-20T09:18:00,realizada,2026-04-22T13:18:00,synthetic,SYN-010467
SES-00595,APP-00324,VAC-0043,evaluacion,EV-S1-02,2026-04-10T05:18:00,2026-04-15T08:18:00,realizada,2026-04-18T09:18:00,synthetic,SYN-010471
SES-00596,APP-00324,VAC-0043,entrevista,EV-S1-01,2026-04-13T14:00:00,2026-04-17T19:00:00,realizada,2026-04-21T22:00:00,synthetic,SYN-010478
SES-00597,APP-00325,VAC-0043,evaluacion,EV-S1-02,2026-04-09T08:58:00,2026-04-18T10:58:00,realizada,2026-04-19T14:58:00,synthetic,SYN-010484
SES-00598,APP-00325,VAC-0043,entrevista,EV-S1-03,2026-04-14T17:00:00,2026-04-27T20:00:00,realizada,2026-04-28T00:00:00,synthetic,SYN-010490
SES-00599,APP-00326,VAC-0043,evaluacion,EV-S1-04,2026-04-08T19:14:00,2026-04-14T21:14:00,realizada,2026-04-15T00:14:00,synthetic,SYN-010498
SES-00600,APP-00327,VAC-0043,evaluacion,EV-S1-02,2026-04-07T00:13:00,2026-04-17T04:13:00,programada,,synthetic,SYN-010506
SES-00601,APP-00327,VAC-0043,entrevista,EV-S1-02,2026-04-16T09:00:00,2026-04-24T09:00:00,realizada,2026-04-26T12:00:00,synthetic,SYN-010508
SES-00602,APP-00328,VAC-0043,evaluacion,EV-S1-03,2026-04-07T21:59:00,2026-04-19T03:59:00,realizada,2026-04-23T06:59:00,synthetic,SYN-010514
SES-00603,APP-00328,VAC-0043,entrevista,EV-S1-03,2026-04-15T17:00:00,2026-04-26T17:00:00,realizada,2026-04-26T22:00:00,synthetic,SYN-010520
SES-00604,APP-00329,VAC-0043,evaluacion,EV-S1-04,2026-04-12T14:50:00,2026-04-22T18:50:00,realizada,2026-04-25T19:50:00,synthetic,SYN-010527
SES-00605,APP-00330,VAC-0043,evaluacion,EV-S1-01,2026-04-10T15:24:00,2026-04-16T21:24:00,realizada,2026-04-18T00:24:00,synthetic,SYN-010536
SES-00606,APP-00331,VAC-0043,evaluacion,EV-S1-01,2026-04-10T10:46:00,2026-04-15T13:46:00,realizada,2026-04-19T14:46:00,synthetic,SYN-010540
SES-00607,APP-00331,VAC-0043,entrevista,EV-S1-02,2026-04-17T17:00:00,2026-04-29T23:00:00,realizada,2026-05-01T03:00:00,synthetic,SYN-010546
SES-00608,APP-00332,VAC-0043,evaluacion,EV-S1-02,2026-04-07T17:55:00,2026-04-14T17:55:00,realizada,2026-04-18T20:55:00,synthetic,SYN-010552
SES-00609,APP-00332,VAC-0043,entrevista,EV-S1-04,2026-04-18T10:00:00,2026-04-30T12:00:00,realizada,2026-05-02T15:00:00,synthetic,SYN-010559
SES-00610,APP-00335,VAC-0043,evaluacion,EV-S1-02,2026-04-05T07:26:00,2026-04-12T00:00:00,realizada,2026-04-14T02:00:00,synthetic,SYN-010563
SES-00611,APP-00336,VAC-0044,evaluacion,EV-S2-03,2026-02-01T14:43:00,2026-02-12T00:00:00,realizada,2026-02-15T01:00:00,synthetic,SYN-010569
SES-00612,APP-00336,VAC-0044,entrevista,EV-S2-03,2026-02-15T12:00:00,2026-02-24T17:00:00,realizada,2026-02-25T19:00:00,synthetic,SYN-010576
SES-00613,APP-00337,VAC-0044,evaluacion,EV-S2-01,2026-02-13T02:48:00,2026-02-21T06:48:00,realizada,2026-02-25T10:48:00,synthetic,SYN-010581
SES-00614,APP-00337,VAC-0044,entrevista,EV-S2-01,2026-02-18T17:00:00,2026-02-24T22:00:00,realizada,2026-02-27T23:00:00,synthetic,SYN-010588
SES-00615,APP-00338,VAC-0044,evaluacion,EV-S2-03,2026-02-06T10:12:00,2026-02-17T14:12:00,realizada,2026-02-17T18:12:00,synthetic,SYN-010595
SES-00616,APP-00338,VAC-0044,evaluacion,EV-S2-02,2026-02-08T08:12:00,2026-02-12T00:00:00,realizada,2026-02-13T05:00:00,synthetic,SYN-010602
SES-00617,APP-00338,VAC-0044,entrevista,EV-S2-03,2026-02-13T17:00:00,2026-02-22T19:00:00,realizada,2026-02-24T20:00:00,synthetic,SYN-010608
SES-00618,APP-00339,VAC-0044,evaluacion,EV-S2-02,2026-02-10T17:58:00,2026-02-12T23:58:00,realizada,2026-02-14T01:58:00,synthetic,SYN-010616
SES-00619,APP-00339,VAC-0044,entrevista,EV-S2-01,2026-02-17T17:00:00,2026-02-24T20:00:00,realizada,2026-02-28T21:00:00,synthetic,SYN-010621
SES-00620,APP-00340,VAC-0044,evaluacion,EV-S2-04,2026-02-13T12:35:00,2026-02-20T15:35:00,realizada,2026-02-24T16:35:00,synthetic,SYN-010630
SES-00621,APP-00340,VAC-0044,entrevista,EV-S2-04,2026-02-14T12:00:00,2026-02-21T13:00:00,realizada,2026-02-21T16:00:00,synthetic,SYN-010638
SES-00622,APP-00341,VAC-0044,evaluacion,EV-S2-01,2026-01-29T00:54:00,2026-02-12T00:00:00,realizada,2026-02-14T04:00:00,synthetic,SYN-010643
SES-00623,APP-00341,VAC-0044,entrevista,EV-S2-01,2026-02-13T14:00:00,2026-02-16T19:00:00,programada,,synthetic,SYN-010652
SES-00624,APP-00342,VAC-0044,evaluacion,EV-S2-01,2026-02-16T15:06:00,2026-02-26T15:06:00,realizada,2026-03-02T17:06:00,synthetic,SYN-010654
SES-00625,APP-00342,VAC-0044,entrevista,EV-S2-03,2026-02-17T14:00:00,2026-02-25T17:00:00,realizada,2026-02-27T18:00:00,synthetic,SYN-010661
SES-00626,APP-00343,VAC-0044,evaluacion,EV-S2-01,2026-02-10T17:00:00,2026-02-19T18:00:00,programada,,synthetic,SYN-010669
SES-00627,APP-00344,VAC-0044,evaluacion,EV-S2-03,2026-02-02T08:35:00,2026-02-13T14:35:00,realizada,2026-02-15T17:35:00,synthetic,SYN-010670
SES-00628,APP-00345,VAC-0045,evaluacion,EV-S3-02,2026-08-16T01:45:00,2026-08-31T04:45:00,realizada,2026-08-31T08:45:00,synthetic,SYN-010675
SES-00629,APP-00345,VAC-0045,entrevista,EV-S3-02,2026-08-26T14:00:00,2026-09-10T18:00:00,realizada,2026-09-12T21:00:00,synthetic,SYN-010688
SES-00630,APP-00346,VAC-0045,evaluacion,EV-S3-02,2026-08-22T09:28:00,2026-08-27T10:28:00,realizada,2026-08-29T14:28:00,synthetic,SYN-010696
SES-00631,APP-00346,VAC-0045,entrevista,EV-S3-04,2026-08-26T13:00:00,2026-09-10T16:00:00,realizada,2026-09-13T17:00:00,synthetic,SYN-010705
SES-00632,APP-00347,VAC-0045,evaluacion,EV-S3-03,2026-08-17T00:35:00,2026-08-31T03:35:00,programada,,synthetic,SYN-010714
SES-00633,APP-00347,VAC-0045,entrevista,EV-S3-04,2026-08-23T16:00:00,2026-08-28T18:00:00,realizada,2026-09-01T21:00:00,synthetic,SYN-010715
SES-00634,APP-00348,VAC-0045,evaluacion,EV-S3-03,2026-08-20T23:39:00,2026-09-02T04:39:00,realizada,2026-09-06T08:39:00,synthetic,SYN-010727
SES-00635,APP-00348,VAC-0045,entrevista,EV-S3-02,2026-08-21T09:00:00,2026-08-26T13:00:00,realizada,2026-08-30T16:00:00,synthetic,SYN-010737
SES-00636,APP-00349,VAC-0045,evaluacion,EV-S3-03,2026-08-19T12:09:00,2026-08-31T17:09:00,realizada,2026-09-03T19:09:00,synthetic,SYN-010743
SES-00637,APP-00350,VAC-0045,evaluacion,EV-S3-03,2026-08-20T15:15:00,2026-08-28T15:15:00,realizada,2026-08-28T18:15:00,synthetic,SYN-010752
SES-00638,APP-00350,VAC-0045,entrevista,EV-S3-04,2026-08-25T12:00:00,2026-09-09T12:00:00,realizada,2026-09-09T14:00:00,synthetic,SYN-010762
SES-00639,APP-00351,VAC-0045,evaluacion,EV-S3-01,2026-08-20T03:19:00,2026-08-29T06:19:00,realizada,2026-08-30T10:19:00,synthetic,SYN-010774
SES-00640,APP-00351,VAC-0045,entrevista,EV-S3-04,2026-08-22T10:00:00,2026-08-31T11:00:00,realizada,2026-09-02T16:00:00,synthetic,SYN-010783
SES-00641,APP-00352,VAC-0045,evaluacion,EV-S3-02,2026-08-19T19:38:00,2026-08-24T20:38:00,realizada,2026-08-28T01:38:00,synthetic,SYN-010792
SES-00642,APP-00352,VAC-0045,entrevista,EV-S3-03,2026-08-22T12:00:00,2026-08-30T13:00:00,realizada,2026-09-01T16:00:00,synthetic,SYN-010801
SES-00643,APP-00353,VAC-0045,evaluacion,EV-S3-01,2026-08-17T23:43:00,2026-09-02T03:43:00,realizada,2026-09-05T08:43:00,synthetic,SYN-010809
SES-00644,APP-00353,VAC-0045,entrevista,EV-S3-02,2026-08-23T14:00:00,2026-09-05T15:00:00,realizada,2026-09-09T17:00:00,synthetic,SYN-010818
SES-00645,APP-00354,VAC-0045,evaluacion,EV-S3-04,2026-08-14T09:35:00,2026-08-28T10:35:00,realizada,2026-08-29T15:35:00,synthetic,SYN-010828
SES-00646,APP-00354,VAC-0045,entrevista,EV-S3-01,2026-08-26T11:00:00,2026-09-07T12:00:00,realizada,2026-09-10T14:00:00,synthetic,SYN-010839
SES-00647,APP-00355,VAC-0045,evaluacion,EV-S3-02,2026-08-16T13:50:00,2026-08-27T19:50:00,realizada,2026-08-30T22:50:00,synthetic,SYN-010850
SES-00648,APP-00356,VAC-0045,evaluacion,EV-S3-02,2026-08-15T03:15:00,2026-08-25T09:15:00,realizada,2026-08-26T13:15:00,synthetic,SYN-010861
SES-00649,APP-00356,VAC-0045,entrevista,EV-S3-01,2026-08-22T14:00:00,2026-08-30T19:00:00,realizada,2026-09-02T21:00:00,synthetic,SYN-010870
SES-00650,APP-00357,VAC-0046,evaluacion,EV-S1-03,2026-07-10T10:27:00,2026-07-23T10:27:00,realizada,2026-07-27T12:27:00,synthetic,SYN-010876
SES-00651,APP-00357,VAC-0046,entrevista,EV-S1-01,2026-07-20T14:00:00,2026-07-27T19:00:00,realizada,2026-07-29T23:00:00,synthetic,SYN-010882
SES-00652,APP-00358,VAC-0046,evaluacion,EV-S1-02,2026-07-16T07:35:00,2026-07-30T12:35:00,realizada,2026-08-02T17:35:00,synthetic,SYN-010889
SES-00653,APP-00358,VAC-0046,entrevista,EV-S1-03,2026-07-24T17:00:00,2026-08-03T20:00:00,realizada,2026-08-04T00:00:00,synthetic,SYN-010894
SES-00654,APP-00359,VAC-0046,evaluacion,EV-S1-03,2026-07-20T00:00:00,2026-08-02T02:00:00,realizada,2026-08-02T04:00:00,synthetic,SYN-010902
SES-00655,APP-00359,VAC-0046,entrevista,EV-S1-01,2026-07-25T11:00:00,2026-08-01T14:00:00,realizada,2026-08-05T19:00:00,synthetic,SYN-010910
SES-00656,APP-00361,VAC-0046,evaluacion,EV-S1-02,2026-07-22T23:47:00,2026-07-31T00:47:00,realizada,2026-08-03T04:47:00,synthetic,SYN-010917
SES-00657,APP-00362,VAC-0046,evaluacion,EV-S1-04,2026-07-13T12:57:00,2026-07-20T14:57:00,realizada,2026-07-22T18:57:00,synthetic,SYN-010924
SES-00658,APP-00362,VAC-0046,entrevista,EV-S1-01,2026-07-20T10:00:00,2026-07-25T11:00:00,realizada,2026-07-28T16:00:00,synthetic,SYN-010930
SES-00659,APP-00363,VAC-0046,evaluacion,EV-S1-02,2026-07-08T05:38:00,2026-07-20T00:00:00,realizada,2026-07-24T04:00:00,synthetic,SYN-010935
SES-00660,APP-00363,VAC-0046,entrevista,EV-S1-01,2026-07-20T14:00:00,2026-07-27T16:00:00,realizada,2026-07-31T21:00:00,synthetic,SYN-010941
SES-00661,APP-00364,VAC-0047,evaluacion,EV-S2-01,2026-07-28T06:28:00,2026-08-05T12:28:00,realizada,2026-08-09T16:28:00,synthetic,SYN-010944
SES-00662,APP-00365,VAC-0047,evaluacion,EV-S2-01,2026-07-17T19:10:00,2026-08-01T21:10:00,realizada,2026-08-04T22:10:00,synthetic,SYN-010954
SES-00663,APP-00365,VAC-0047,entrevista,EV-S2-01,2026-08-02T09:00:00,2026-08-07T09:00:00,realizada,2026-08-07T10:00:00,synthetic,SYN-010964
SES-00664,APP-00366,VAC-0047,evaluacion,EV-S2-03,2026-07-16T20:44:00,2026-08-01T01:44:00,realizada,2026-08-02T06:44:00,synthetic,SYN-010973
SES-00665,APP-00367,VAC-0047,evaluacion,EV-S2-02,2026-07-23T19:05:00,2026-07-30T01:05:00,realizada,2026-08-02T06:05:00,synthetic,SYN-010982
SES-00666,APP-00367,VAC-0047,entrevista,EV-S2-03,2026-08-05T10:00:00,2026-08-16T16:00:00,programada,,synthetic,SYN-010993
SES-00667,APP-00368,VAC-0047,evaluacion,EV-S2-01,2026-07-21T17:26:00,2026-07-31T20:26:00,realizada,2026-08-03T00:26:00,synthetic,SYN-010995
SES-00668,APP-00369,VAC-0047,evaluacion,EV-S2-04,2026-07-27T04:32:00,2026-08-09T05:32:00,realizada,2026-08-11T07:32:00,synthetic,SYN-011005
SES-00669,APP-00369,VAC-0047,entrevista,EV-S2-03,2026-08-03T09:00:00,2026-08-17T11:00:00,realizada,2026-08-19T15:00:00,synthetic,SYN-011015
SES-00670,APP-00370,VAC-0047,evaluacion,EV-S2-01,2026-07-25T06:39:00,2026-08-01T10:39:00,realizada,2026-08-02T15:39:00,synthetic,SYN-011023
SES-00671,APP-00370,VAC-0047,evaluacion,EV-S2-04,2026-07-28T11:39:00,2026-08-08T16:39:00,realizada,2026-08-11T21:39:00,synthetic,SYN-011034
SES-00672,APP-00370,VAC-0047,entrevista,EV-S2-02,2026-08-04T10:00:00,2026-08-15T14:00:00,realizada,2026-08-17T15:00:00,synthetic,SYN-011045
SES-00673,APP-00371,VAC-0047,evaluacion,EV-S2-02,2026-07-28T11:18:00,2026-08-08T14:18:00,realizada,2026-08-10T16:18:00,synthetic,SYN-011056
SES-00674,APP-00372,VAC-0047,evaluacion,EV-S2-01,2026-07-31T04:21:00,2026-08-07T09:21:00,realizada,2026-08-11T10:21:00,synthetic,SYN-011065
SES-00675,APP-00373,VAC-0047,evaluacion,EV-S2-02,2026-07-27T06:57:00,2026-08-07T08:57:00,realizada,2026-08-09T11:57:00,synthetic,SYN-011076
SES-00676,APP-00373,VAC-0047,entrevista,EV-S2-02,2026-07-30T14:00:00,2026-08-06T15:00:00,realizada,2026-08-10T16:00:00,synthetic,SYN-011086
SES-00677,APP-00374,VAC-0047,evaluacion,EV-S2-04,2026-07-26T05:52:00,2026-08-10T06:52:00,realizada,2026-08-11T08:52:00,synthetic,SYN-011096
SES-00678,APP-00374,VAC-0047,entrevista,EV-S2-01,2026-08-02T12:00:00,2026-08-11T14:00:00,realizada,2026-08-13T19:00:00,synthetic,SYN-011106
SES-00679,APP-00375,VAC-0047,evaluacion,EV-S2-03,2026-07-28T15:15:00,2026-08-06T18:15:00,realizada,2026-08-09T19:15:00,synthetic,SYN-011114
SES-00680,APP-00375,VAC-0047,entrevista,EV-S2-04,2026-08-01T14:00:00,2026-08-08T17:00:00,realizada,2026-08-08T18:00:00,synthetic,SYN-011124
SES-00681,APP-00376,VAC-0048,evaluacion,EV-S3-03,2026-03-25T10:50:00,2026-04-06T11:50:00,realizada,2026-04-06T16:50:00,synthetic,SYN-011133
SES-00682,APP-00376,VAC-0048,entrevista,EV-S3-01,2026-03-23T17:00:00,2026-03-26T21:00:00,realizada,2026-03-28T22:00:00,synthetic,SYN-011138
SES-00683,APP-00377,VAC-0048,evaluacion,EV-S3-03,2026-03-17T02:59:00,2026-03-26T04:59:00,realizada,2026-03-28T08:59:00,synthetic,SYN-011145
SES-00684,APP-00379,VAC-0048,evaluacion,EV-S3-03,2026-03-24T20:50:00,2026-03-26T21:50:00,realizada,2026-03-27T00:50:00,synthetic,SYN-011150
SES-00685,APP-00380,VAC-0048,evaluacion,EV-S3-02,2026-03-18T22:28:00,2026-03-23T01:28:00,realizada,2026-03-25T05:28:00,synthetic,SYN-011157
SES-00686,APP-00381,VAC-0048,evaluacion,EV-S3-03,2026-03-17T02:50:00,2026-03-22T07:50:00,programada,,synthetic,SYN-011163
SES-00687,APP-00381,VAC-0048,entrevista,EV-S3-02,2026-03-25T09:00:00,2026-04-03T13:00:00,realizada,2026-04-05T18:00:00,synthetic,SYN-011164
SES-00688,APP-00382,VAC-0048,evaluacion,EV-S3-02,2026-03-26T22:23:00,2026-04-08T00:23:00,realizada,2026-04-09T04:23:00,synthetic,SYN-011173
SES-00689,APP-00382,VAC-0048,entrevista,EV-S3-03,2026-03-25T11:00:00,2026-03-30T17:00:00,realizada,2026-03-30T20:00:00,synthetic,SYN-011179
SES-00690,APP-00383,VAC-0049,evaluacion,EV-S1-01,2026-02-17T20:56:00,2026-03-01T00:00:00,realizada,2026-03-04T02:00:00,synthetic,SYN-011186
SES-00691,APP-00383,VAC-0049,entrevista,EV-S1-03,2026-03-04T17:00:00,2026-03-14T23:00:00,realizada,2026-03-18T04:00:00,synthetic,SYN-011193
SES-00692,APP-00384,VAC-0049,evaluacion,EV-S1-02,2026-02-18T07:43:00,2026-03-02T12:43:00,realizada,2026-03-03T13:43:00,synthetic,SYN-011200
SES-00693,APP-00384,VAC-0049,entrevista,EV-S1-02,2026-03-07T12:00:00,2026-03-09T13:00:00,realizada,2026-03-13T16:00:00,synthetic,SYN-011207
SES-00694,APP-00385,VAC-0049,evaluacion,EV-S1-03,2026-02-16T20:50:00,2026-02-22T00:50:00,realizada,2026-02-24T04:50:00,synthetic,SYN-011212
SES-00695,APP-00385,VAC-0049,entrevista,EV-S1-02,2026-03-05T11:00:00,2026-03-08T14:00:00,realizada,2026-03-09T16:00:00,synthetic,SYN-011219
SES-00696,APP-00386,VAC-0049,evaluacion,EV-S1-03,2026-02-28T18:27:00,2026-03-12T20:27:00,realizada,2026-03-16T22:27:00,synthetic,SYN-011228
SES-00697,APP-00386,VAC-0049,evaluacion,EV-S1-04,2026-02-26T19:27:00,2026-03-01T00:00:00,realizada,2026-03-04T02:00:00,synthetic,SYN-011234
SES-00698,APP-00386,VAC-0049,entrevista,EV-S1-01,2026-03-07T10:00:00,2026-03-14T13:00:00,programada,,synthetic,SYN-011243
SES-00699,APP-00388,VAC-0049,evaluacion,EV-S1-02,2026-02-26T10:27:00,2026-03-06T12:27:00,realizada,2026-03-08T16:27:00,synthetic,SYN-011245
SES-00700,APP-00388,VAC-0049,evaluacion,EV-S1-01,2026-03-02T09:27:00,2026-03-13T15:27:00,realizada,2026-03-14T20:27:00,synthetic,SYN-011252
SES-00701,APP-00388,VAC-0049,entrevista,EV-S1-02,2026-03-04T11:00:00,2026-03-12T15:00:00,realizada,2026-03-16T16:00:00,synthetic,SYN-011259
SES-00702,APP-00389,VAC-0049,evaluacion,EV-S1-03,2026-02-20T13:17:00,2026-02-22T13:17:00,realizada,2026-02-26T14:17:00,synthetic,SYN-011266
SES-00703,APP-00389,VAC-0049,entrevista,EV-S1-01,2026-03-02T17:00:00,2026-03-09T22:00:00,realizada,2026-03-13T02:00:00,synthetic,SYN-011273
SES-00704,APP-00390,VAC-0049,evaluacion,EV-S1-02,2026-02-21T20:22:00,2026-02-24T23:22:00,realizada,2026-02-27T02:22:00,synthetic,SYN-011280
SES-00705,APP-00390,VAC-0049,entrevista,EV-S1-01,2026-03-03T12:00:00,2026-03-13T18:00:00,realizada,2026-03-13T23:00:00,synthetic,SYN-011286
SES-00706,APP-00391,VAC-0050,evaluacion,EV-S2-01,2026-04-26T09:57:00,2026-05-08T15:57:00,realizada,2026-05-08T19:57:00,synthetic,SYN-011292
SES-00707,APP-00392,VAC-0050,evaluacion,EV-S2-01,2026-04-23T19:18:00,2026-05-04T23:18:00,realizada,2026-05-08T00:18:00,synthetic,SYN-011297
SES-00708,APP-00392,VAC-0050,entrevista,EV-S2-01,2026-04-26T15:00:00,2026-05-05T15:00:00,realizada,2026-05-08T16:00:00,synthetic,SYN-011305
SES-00709,APP-00394,VAC-0050,evaluacion,EV-S2-02,2026-04-12T23:40:00,2026-04-22T23:40:00,realizada,2026-04-25T00:40:00,synthetic,SYN-011312
SES-00710,APP-00394,VAC-0050,entrevista,EV-S2-01,2026-05-02T09:00:00,2026-05-12T12:00:00,realizada,2026-05-13T14:00:00,synthetic,SYN-011318
SES-00711,APP-00395,VAC-0050,evaluacion,EV-S2-03,2026-04-14T02:38:00,2026-04-20T06:38:00,realizada,2026-04-20T11:38:00,synthetic,SYN-011325
SES-00712,APP-00395,VAC-0050,entrevista,EV-S2-01,2026-04-29T12:00:00,2026-05-11T15:00:00,realizada,2026-05-15T20:00:00,synthetic,SYN-011331
SES-00713,APP-00396,VAC-0050,evaluacion,EV-S2-04,2026-04-14T16:10:00,2026-04-23T22:10:00,realizada,2026-04-24T01:10:00,synthetic,SYN-011338
SES-00714,APP-00396,VAC-0050,entrevista,EV-S2-01,2026-04-27T13:00:00,2026-05-03T15:00:00,realizada,2026-05-03T20:00:00,synthetic,SYN-011343
SES-00715,APP-00397,VAC-0050,evaluacion,EV-S2-01,2026-04-29T05:38:00,2026-05-03T05:38:00,realizada,2026-05-03T07:38:00,synthetic,SYN-011350
SES-00716,APP-00398,VAC-0050,evaluacion,EV-S2-02,2026-04-26T00:00:00,2026-05-09T00:00:00,realizada,2026-05-11T03:00:00,synthetic,SYN-011356
SES-00717,APP-00398,VAC-0050,entrevista,EV-S2-04,2026-05-02T13:00:00,2026-05-06T14:00:00,realizada,2026-05-09T16:00:00,synthetic,SYN-011363
SES-00718,APP-00399,VAC-0050,evaluacion,EV-S2-04,2026-04-15T17:09:00,2026-04-21T22:09:00,realizada,2026-04-23T03:09:00,synthetic,SYN-011370
SES-00719,APP-00399,VAC-0050,entrevista,EV-S2-03,2026-05-01T10:00:00,2026-05-11T14:00:00,realizada,2026-05-11T17:00:00,synthetic,SYN-011377
SES-00720,APP-00401,VAC-0050,evaluacion,EV-S2-02,2026-04-18T04:25:00,2026-04-24T07:25:00,realizada,2026-04-26T10:25:00,synthetic,SYN-011386
SES-00721,APP-00401,VAC-0050,evaluacion,EV-S2-01,2026-04-17T04:25:00,2026-04-29T04:25:00,realizada,2026-04-30T07:25:00,synthetic,SYN-011395
SES-00722,APP-00402,VAC-0050,evaluacion,EV-S2-03,2026-04-28T11:29:00,2026-05-07T13:29:00,realizada,2026-05-10T18:29:00,synthetic,SYN-011403
SES-00723,APP-00402,VAC-0050,entrevista,EV-S2-01,2026-05-01T12:00:00,2026-05-14T17:00:00,realizada,2026-05-17T20:00:00,synthetic,SYN-011410
SES-00724,APP-00404,VAC-0051,evaluacion,EV-S3-02,2026-03-21T21:29:00,2026-04-01T02:29:00,realizada,2026-04-03T04:29:00,synthetic,SYN-011416
SES-00725,APP-00404,VAC-0051,entrevista,EV-S3-01,2026-04-02T12:00:00,2026-04-14T13:00:00,realizada,2026-04-14T15:00:00,synthetic,SYN-011423
SES-00726,APP-00405,VAC-0051,evaluacion,EV-S3-03,2026-03-21T05:14:00,2026-04-03T11:14:00,realizada,2026-04-03T12:14:00,synthetic,SYN-011432
SES-00727,APP-00405,VAC-0051,entrevista,EV-S3-04,2026-04-01T11:00:00,2026-04-08T16:00:00,realizada,2026-04-10T18:00:00,synthetic,SYN-011441
SES-00728,APP-00406,VAC-0052,evaluacion,EV-S1-02,2026-05-31T09:15:00,2026-06-07T15:15:00,realizada,2026-06-07T20:15:00,synthetic,SYN-011447
SES-00729,APP-00406,VAC-0052,evaluacion,EV-S1-01,2026-06-06T00:00:00,2026-06-16T01:00:00,realizada,2026-06-16T05:00:00,synthetic,SYN-011452
SES-00730,APP-00406,VAC-0052,entrevista,EV-S1-01,2026-06-06T09:00:00,2026-06-18T11:00:00,realizada,2026-06-21T16:00:00,synthetic,SYN-011458
SES-00731,APP-00407,VAC-0052,evaluacion,EV-S1-02,2026-06-04T03:31:00,2026-06-13T03:31:00,realizada,2026-06-14T04:31:00,synthetic,SYN-011466
SES-00732,APP-00407,VAC-0052,entrevista,EV-S1-01,2026-06-09T11:00:00,2026-06-16T12:00:00,realizada,2026-06-17T16:00:00,synthetic,SYN-011471
SES-00733,APP-00408,VAC-0052,evaluacion,EV-S1-04,2026-06-06T13:26:00,2026-06-18T15:26:00,realizada,2026-06-22T18:26:00,synthetic,SYN-011478
SES-00734,APP-00408,VAC-0052,entrevista,EV-S1-03,2026-06-10T09:00:00,2026-06-15T15:00:00,realizada,2026-06-17T20:00:00,synthetic,SYN-011486
SES-00735,APP-00409,VAC-0052,evaluacion,EV-S1-04,2026-06-01T11:41:00,2026-06-15T13:41:00,realizada,2026-06-17T17:41:00,synthetic,SYN-011490
SES-00736,APP-00409,VAC-0052,entrevista,EV-S1-02,2026-06-06T10:00:00,2026-06-14T10:00:00,realizada,2026-06-14T12:00:00,synthetic,SYN-011496
SES-00737,APP-00410,VAC-0052,evaluacion,EV-S1-04,2026-05-29T06:04:00,2026-06-08T12:04:00,realizada,2026-06-10T14:04:00,synthetic,SYN-011502
SES-00738,APP-00411,VAC-0052,evaluacion,EV-S1-01,2026-05-28T11:31:00,2026-06-10T17:31:00,programada,,synthetic,SYN-011508
SES-00739,APP-00411,VAC-0052,entrevista,EV-S1-01,2026-06-06T14:00:00,2026-06-17T15:00:00,programada,,synthetic,SYN-011510
SES-00740,APP-00412,VAC-0052,evaluacion,EV-S1-04,2026-06-09T21:28:00,2026-06-15T23:28:00,realizada,2026-06-16T01:28:00,synthetic,SYN-011511
SES-00741,APP-00412,VAC-0052,evaluacion,EV-S1-02,2026-06-08T19:28:00,2026-06-21T23:28:00,realizada,2026-06-22T04:28:00,synthetic,SYN-011517
SES-00742,APP-00413,VAC-0052,evaluacion,EV-S1-04,2026-05-29T13:50:00,2026-06-10T18:50:00,realizada,2026-06-11T19:50:00,synthetic,SYN-011525
SES-00743,APP-00414,VAC-0052,evaluacion,EV-S1-02,2026-06-05T04:05:00,2026-06-17T07:05:00,realizada,2026-06-17T10:05:00,synthetic,SYN-011531
SES-00744,APP-00414,VAC-0052,evaluacion,EV-S1-01,2026-06-03T04:05:00,2026-06-17T08:05:00,realizada,2026-06-20T09:05:00,synthetic,SYN-011538
SES-00745,APP-00414,VAC-0052,entrevista,EV-S1-04,2026-06-07T15:00:00,2026-06-20T21:00:00,programada,,synthetic,SYN-011546
SES-00746,APP-00415,VAC-0052,evaluacion,EV-S1-01,2026-06-09T03:55:00,2026-06-18T06:55:00,realizada,2026-06-18T11:55:00,synthetic,SYN-011547
SES-00747,APP-00415,VAC-0052,entrevista,EV-S1-03,2026-06-06T09:00:00,2026-06-18T10:00:00,realizada,2026-06-18T12:00:00,synthetic,SYN-011555
SES-00748,APP-00417,VAC-0052,evaluacion,EV-S1-03,2026-05-27T15:37:00,2026-06-09T18:37:00,realizada,2026-06-13T20:37:00,synthetic,SYN-011563
SES-00749,APP-00417,VAC-0052,entrevista,EV-S1-02,2026-06-12T12:00:00,2026-06-18T12:00:00,realizada,2026-06-21T16:00:00,synthetic,SYN-011571
SES-00750,APP-00418,VAC-0053,evaluacion,EV-S2-02,2026-05-08T10:41:00,2026-05-12T10:41:00,realizada,2026-05-12T11:41:00,synthetic,SYN-011578
SES-00751,APP-00418,VAC-0053,entrevista,EV-S2-03,2026-05-08T15:00:00,2026-05-15T21:00:00,realizada,2026-05-17T02:00:00,synthetic,SYN-011583
SES-00752,APP-00420,VAC-0053,evaluacion,EV-S2-02,2026-05-07T17:47:00,2026-05-13T21:47:00,realizada,2026-05-14T22:47:00,synthetic,SYN-011591
SES-00753,APP-00420,VAC-0053,entrevista,EV-S2-01,2026-05-09T17:00:00,2026-05-18T22:00:00,realizada,2026-05-21T02:00:00,synthetic,SYN-011598
SES-00754,APP-00421,VAC-0053,evaluacion,EV-S2-04,2026-05-03T14:36:00,2026-05-07T20:36:00,realizada,2026-05-08T23:36:00,synthetic,SYN-011605
SES-00755,APP-00421,VAC-0053,entrevista,EV-S2-04,2026-05-06T10:00:00,2026-05-13T13:00:00,programada,,synthetic,SYN-011611
SES-00756,APP-00422,VAC-0053,evaluacion,EV-S2-04,2026-05-02T02:36:00,2026-05-10T08:36:00,realizada,2026-05-14T12:36:00,synthetic,SYN-011613
SES-00757,APP-00423,VAC-0053,evaluacion,EV-S2-04,2026-05-03T05:42:00,2026-05-07T07:42:00,realizada,2026-05-11T11:42:00,synthetic,SYN-011619
SES-00758,APP-00423,VAC-0053,entrevista,EV-S2-04,2026-05-08T17:00:00,2026-05-11T21:00:00,realizada,2026-05-12T23:00:00,synthetic,SYN-011628
SES-00759,APP-00425,VAC-0053,evaluacion,EV-S2-04,2026-04-28T10:44:00,2026-05-08T11:44:00,realizada,2026-05-11T12:44:00,synthetic,SYN-011635
SES-00760,APP-00425,VAC-0053,entrevista,EV-S2-01,2026-05-12T13:00:00,2026-05-25T19:00:00,realizada,2026-05-30T00:00:00,synthetic,SYN-011644
SES-00761,APP-00426,VAC-0053,evaluacion,EV-S2-03,2026-05-07T11:08:00,2026-05-16T13:08:00,programada,,synthetic,SYN-011650
SES-00762,APP-00426,VAC-0053,entrevista,EV-S2-03,2026-05-10T09:00:00,2026-05-19T09:00:00,realizada,2026-05-23T11:00:00,synthetic,SYN-011652
SES-00763,APP-00427,VAC-0053,evaluacion,EV-S2-02,2026-05-03T13:48:00,2026-05-14T13:48:00,realizada,2026-05-17T18:48:00,synthetic,SYN-011660
SES-00764,APP-00427,VAC-0053,entrevista,EV-S2-02,2026-05-07T09:00:00,2026-05-13T11:00:00,realizada,2026-05-13T12:00:00,synthetic,SYN-011663
SES-00765,APP-00428,VAC-0053,evaluacion,EV-S2-03,2026-05-03T18:53:00,2026-05-08T20:53:00,programada,,synthetic,SYN-011668
SES-00766,APP-00429,VAC-0053,evaluacion,EV-S2-02,2026-05-03T09:32:00,2026-05-06T00:00:00,realizada,2026-05-07T05:00:00,synthetic,SYN-011670
SES-00767,APP-00429,VAC-0053,entrevista,EV-S2-04,2026-05-11T12:00:00,2026-05-23T18:00:00,realizada,2026-05-25T23:00:00,synthetic,SYN-011676
SES-00768,APP-00430,VAC-0053,evaluacion,EV-S2-02,2026-05-06T00:00:00,2026-05-14T00:00:00,realizada,2026-05-14T01:00:00,synthetic,SYN-011682
SES-00769,APP-00430,VAC-0053,entrevista,EV-S2-02,2026-05-09T16:00:00,2026-05-21T16:00:00,realizada,2026-05-25T21:00:00,synthetic,SYN-011687
SES-00770,APP-00432,VAC-0054,evaluacion,EV-S3-01,2026-04-19T08:22:00,2026-05-02T13:22:00,programada,,synthetic,SYN-011693
SES-00771,APP-00433,VAC-0054,evaluacion,EV-S3-02,2026-04-08T10:53:00,2026-04-16T13:53:00,realizada,2026-04-17T15:53:00,synthetic,SYN-011695
SES-00772,APP-00433,VAC-0054,entrevista,EV-S3-03,2026-04-24T11:00:00,2026-05-07T15:00:00,realizada,2026-05-07T16:00:00,synthetic,SYN-011702
SES-00773,APP-00434,VAC-0054,evaluacion,EV-S3-02,2026-04-22T07:51:00,2026-05-04T08:51:00,realizada,2026-05-06T09:51:00,synthetic,SYN-011709
SES-00774,APP-00434,VAC-0054,entrevista,EV-S3-04,2026-04-21T11:00:00,2026-05-04T15:00:00,realizada,2026-05-06T16:00:00,synthetic,SYN-011717
SES-00775,APP-00435,VAC-0054,evaluacion,EV-S3-01,2026-04-07T07:21:00,2026-04-19T09:21:00,realizada,2026-04-19T10:21:00,synthetic,SYN-011722
SES-00776,APP-00435,VAC-0054,evaluacion,EV-S3-04,2026-04-05T02:21:00,2026-04-13T03:21:00,realizada,2026-04-13T05:21:00,synthetic,SYN-011726
SES-00777,APP-00435,VAC-0054,entrevista,EV-S3-02,2026-04-24T12:00:00,2026-05-03T15:00:00,realizada,2026-05-06T19:00:00,synthetic,SYN-011735
SES-00778,APP-00436,VAC-0054,evaluacion,EV-S3-03,2026-04-20T14:22:00,2026-05-01T16:22:00,realizada,2026-05-04T18:22:00,synthetic,SYN-011741
SES-00779,APP-00436,VAC-0054,entrevista,EV-S3-03,2026-04-20T09:00:00,2026-04-27T14:00:00,realizada,2026-04-29T16:00:00,synthetic,SYN-011747
SES-00780,APP-00437,VAC-0054,evaluacion,EV-S3-01,2026-04-09T00:31:00,2026-04-13T00:31:00,realizada,2026-04-13T05:31:00,synthetic,SYN-011756
SES-00781,APP-00437,VAC-0054,evaluacion,EV-S3-03,2026-04-06T21:31:00,2026-04-11T21:31:00,realizada,2026-04-15T23:31:00,synthetic,SYN-011761
SES-00782,APP-00437,VAC-0054,entrevista,EV-S3-01,2026-04-21T17:00:00,2026-05-02T18:00:00,realizada,2026-05-05T19:00:00,synthetic,SYN-011768
SES-00783,APP-00438,VAC-0055,evaluacion,EV-S1-02,2026-06-15T07:52:00,2026-06-28T10:52:00,realizada,2026-07-01T11:52:00,synthetic,SYN-011777
SES-00784,APP-00440,VAC-0055,evaluacion,EV-S1-02,2026-06-17T02:44:00,2026-06-25T07:44:00,realizada,2026-06-27T12:44:00,synthetic,SYN-011785
SES-00785,APP-00441,VAC-0055,evaluacion,EV-S1-02,2026-06-09T13:12:00,2026-06-16T15:12:00,realizada,2026-06-17T18:12:00,synthetic,SYN-011796
SES-00786,APP-00441,VAC-0055,entrevista,EV-S1-02,2026-06-29T12:00:00,2026-07-12T12:00:00,programada,,synthetic,SYN-011808
SES-00787,APP-00442,VAC-0055,evaluacion,EV-S1-03,2026-06-22T14:41:00,2026-07-02T17:41:00,realizada,2026-07-04T21:41:00,synthetic,SYN-011811
SES-00788,APP-00443,VAC-0055,evaluacion,EV-S1-03,2026-06-26T00:00:00,2026-06-30T06:00:00,programada,,synthetic,SYN-011822
SES-00789,APP-00443,VAC-0055,entrevista,EV-S1-04,2026-07-02T13:00:00,2026-07-16T15:00:00,realizada,2026-07-20T17:00:00,synthetic,SYN-011824
SES-00790,APP-00444,VAC-0055,evaluacion,EV-S1-02,2026-06-23T15:05:00,2026-06-29T19:05:00,realizada,2026-07-01T23:05:00,synthetic,SYN-011832
SES-00791,APP-00444,VAC-0055,evaluacion,EV-S1-04,2026-06-20T14:05:00,2026-06-26T16:05:00,realizada,2026-06-29T18:05:00,synthetic,SYN-011841
SES-00792,APP-00444,VAC-0055,entrevista,EV-S1-04,2026-06-28T15:00:00,2026-07-05T19:00:00,realizada,2026-07-08T21:00:00,synthetic,SYN-011849
SES-00793,APP-00445,VAC-0055,evaluacion,EV-S1-02,2026-06-22T00:50:00,2026-06-28T05:50:00,realizada,2026-07-02T06:50:00,synthetic,SYN-011855
SES-00794,APP-00445,VAC-0055,entrevista,EV-S1-01,2026-07-02T15:00:00,2026-07-15T17:00:00,realizada,2026-07-15T21:00:00,synthetic,SYN-011865
SES-00795,APP-00446,VAC-0056,evaluacion,EV-S2-04,2026-07-01T00:00:00,2026-07-14T05:00:00,realizada,2026-07-16T07:00:00,synthetic,SYN-011870
SES-00796,APP-00446,VAC-0056,entrevista,EV-S2-01,2026-07-07T09:00:00,2026-07-16T10:00:00,realizada,2026-07-19T13:00:00,synthetic,SYN-011878
SES-00797,APP-00447,VAC-0056,evaluacion,EV-S2-02,2026-06-30T02:08:00,2026-07-09T08:08:00,realizada,2026-07-11T11:08:00,synthetic,SYN-011888
SES-00798,APP-00447,VAC-0056,entrevista,EV-S2-01,2026-07-05T09:00:00,2026-07-14T15:00:00,realizada,2026-07-18T19:00:00,synthetic,SYN-011898
SES-00799,APP-00448,VAC-0056,evaluacion,EV-S2-02,2026-06-16T13:51:00,2026-06-30T15:51:00,realizada,2026-06-30T17:51:00,synthetic,SYN-011907
SES-00800,APP-00448,VAC-0056,evaluacion,EV-S2-01,2026-06-16T08:51:00,2026-06-28T12:51:00,realizada,2026-06-29T13:51:00,synthetic,SYN-011916
SES-00801,APP-00448,VAC-0056,entrevista,EV-S2-02,2026-07-02T14:00:00,2026-07-10T17:00:00,realizada,2026-07-14T19:00:00,synthetic,SYN-011924
SES-00802,APP-00450,VAC-0056,evaluacion,EV-S2-04,2026-06-20T11:12:00,2026-07-03T16:12:00,programada,,synthetic,SYN-011930
SES-00803,APP-00450,VAC-0056,entrevista,EV-S2-02,2026-07-07T10:00:00,2026-07-11T13:00:00,programada,,synthetic,SYN-011932
SES-00804,APP-00452,VAC-0056,evaluacion,EV-S2-04,2026-06-27T23:41:00,2026-07-08T23:41:00,realizada,2026-07-10T03:41:00,synthetic,SYN-011935
SES-00805,APP-00452,VAC-0056,entrevista,EV-S2-02,2026-07-04T12:00:00,2026-07-17T14:00:00,realizada,2026-07-20T16:00:00,synthetic,SYN-011945
SES-00806,APP-00453,VAC-0056,evaluacion,EV-S2-04,2026-07-01T04:17:00,2026-07-07T07:17:00,realizada,2026-07-08T09:17:00,synthetic,SYN-011953
SES-00807,APP-00453,VAC-0056,entrevista,EV-S2-02,2026-07-04T15:00:00,2026-07-09T15:00:00,realizada,2026-07-11T17:00:00,synthetic,SYN-011962
SES-00808,APP-00454,VAC-0056,evaluacion,EV-S2-01,2026-06-22T17:53:00,2026-07-04T22:53:00,realizada,2026-07-08T01:53:00,synthetic,SYN-011971
SES-00809,APP-00454,VAC-0056,evaluacion,EV-S2-04,2026-06-19T22:53:00,2026-06-26T02:53:00,realizada,2026-06-26T03:53:00,synthetic,SYN-011978
SES-00810,APP-00454,VAC-0056,entrevista,EV-S2-04,2026-07-05T13:00:00,2026-07-10T14:00:00,realizada,2026-07-11T19:00:00,synthetic,SYN-011987
SES-00811,APP-00455,VAC-0056,evaluacion,EV-S2-02,2026-06-26T10:39:00,2026-07-10T12:39:00,realizada,2026-07-13T14:39:00,synthetic,SYN-011997
SES-00812,APP-00455,VAC-0056,entrevista,EV-S2-01,2026-07-04T09:00:00,2026-07-18T11:00:00,realizada,2026-07-20T16:00:00,synthetic,SYN-012006
SES-00813,APP-00456,VAC-0056,evaluacion,EV-S2-02,2026-06-27T07:02:00,2026-07-03T13:02:00,realizada,2026-07-04T18:02:00,synthetic,SYN-012015
SES-00814,APP-00456,VAC-0056,entrevista,EV-S2-02,2026-07-04T13:00:00,2026-07-18T16:00:00,realizada,2026-07-20T18:00:00,synthetic,SYN-012025
SES-00815,APP-00457,VAC-0056,evaluacion,EV-S2-02,2026-07-04T20:02:00,2026-07-15T20:02:00,realizada,2026-07-17T21:02:00,synthetic,SYN-012035
SES-00816,APP-00457,VAC-0056,entrevista,EV-S2-02,2026-07-05T16:00:00,2026-07-12T17:00:00,realizada,2026-07-16T20:00:00,synthetic,SYN-012044
SES-00817,APP-00458,VAC-0056,evaluacion,EV-S2-03,2026-06-29T15:50:00,2026-07-05T15:50:00,realizada,2026-07-08T18:50:00,synthetic,SYN-012051
SES-00818,APP-00458,VAC-0056,entrevista,EV-S2-02,2026-07-05T14:00:00,2026-07-13T20:00:00,realizada,2026-07-15T21:00:00,synthetic,SYN-012058
SES-00819,APP-00459,VAC-0057,evaluacion,EV-S3-01,2026-05-28T01:11:00,2026-06-01T04:11:00,programada,,synthetic,SYN-012068
SES-00820,APP-00460,VAC-0057,evaluacion,EV-S3-04,2026-06-02T11:40:00,2026-06-09T11:40:00,realizada,2026-06-09T14:40:00,synthetic,SYN-012069
SES-00821,APP-00460,VAC-0057,entrevista,EV-S3-04,2026-06-03T10:00:00,2026-06-15T15:00:00,realizada,2026-06-16T19:00:00,synthetic,SYN-012076
SES-00822,APP-00461,VAC-0057,evaluacion,EV-S3-04,2026-06-03T01:28:00,2026-06-16T04:28:00,realizada,2026-06-17T08:28:00,synthetic,SYN-012082
SES-00823,APP-00461,VAC-0057,entrevista,EV-S3-01,2026-06-09T11:00:00,2026-06-14T14:00:00,programada,,synthetic,SYN-012090
SES-00824,APP-00462,VAC-0057,evaluacion,EV-S3-04,2026-06-02T05:20:00,2026-06-10T07:20:00,realizada,2026-06-10T11:20:00,synthetic,SYN-012092
SES-00825,APP-00462,VAC-0057,evaluacion,EV-S3-03,2026-05-30T07:20:00,2026-06-06T08:20:00,realizada,2026-06-07T10:20:00,synthetic,SYN-012099
SES-00826,APP-00462,VAC-0057,entrevista,EV-S3-04,2026-06-04T16:00:00,2026-06-12T16:00:00,realizada,2026-06-12T20:00:00,synthetic,SYN-012107
SES-00827,APP-00463,VAC-0057,evaluacion,EV-S3-04,2026-05-27T16:11:00,2026-06-05T16:11:00,realizada,2026-06-09T21:11:00,synthetic,SYN-012116
SES-00828,APP-00463,VAC-0057,evaluacion,EV-S3-01,2026-05-27T20:11:00,2026-06-03T00:00:00,programada,,synthetic,SYN-012122
SES-00829,APP-00463,VAC-0057,entrevista,EV-S3-01,2026-06-05T15:00:00,2026-06-09T20:00:00,realizada,2026-06-11T22:00:00,synthetic,SYN-012124
SES-00830,APP-00464,VAC-0057,evaluacion,EV-S3-03,2026-06-03T00:00:00,2026-06-09T03:00:00,realizada,2026-06-12T05:00:00,synthetic,SYN-012131
SES-00831,APP-00464,VAC-0057,entrevista,EV-S3-01,2026-06-05T13:00:00,2026-06-10T16:00:00,realizada,2026-06-10T19:00:00,synthetic,SYN-012140
SES-00832,APP-00465,VAC-0057,evaluacion,EV-S3-03,2026-05-27T01:36:00,2026-06-07T04:36:00,realizada,2026-06-08T06:36:00,synthetic,SYN-012146
SES-00833,APP-00465,VAC-0057,entrevista,EV-S3-01,2026-06-03T15:00:00,2026-06-13T15:00:00,realizada,2026-06-15T19:00:00,synthetic,SYN-012154
SES-00834,APP-00466,VAC-0058,evaluacion,EV-S1-02,2026-05-10T13:05:00,2026-05-19T15:05:00,realizada,2026-05-23T16:05:00,synthetic,SYN-012163
SES-00835,APP-00466,VAC-0058,evaluacion,EV-S1-03,2026-05-07T20:05:00,2026-05-18T21:05:00,realizada,2026-05-23T01:05:00,synthetic,SYN-012171
SES-00836,APP-00466,VAC-0058,entrevista,EV-S1-04,2026-05-21T16:00:00,2026-06-01T19:00:00,realizada,2026-06-01T22:00:00,synthetic,SYN-012177
SES-00837,APP-00467,VAC-0058,evaluacion,EV-S1-01,2026-05-14T14:29:00,2026-05-20T17:29:00,realizada,2026-05-20T20:29:00,synthetic,SYN-012183
SES-00838,APP-00467,VAC-0058,entrevista,EV-S1-02,2026-05-17T10:00:00,2026-05-28T15:00:00,realizada,2026-05-28T20:00:00,synthetic,SYN-012188
SES-00839,APP-00468,VAC-0058,evaluacion,EV-S1-04,2026-05-12T21:55:00,2026-05-24T03:55:00,realizada,2026-05-25T08:55:00,synthetic,SYN-012193
SES-00840,APP-00468,VAC-0058,entrevista,EV-S1-03,2026-05-18T11:00:00,2026-05-24T17:00:00,realizada,2026-05-26T19:00:00,synthetic,SYN-012199
SES-00841,APP-00469,VAC-0058,evaluacion,EV-S1-02,2026-05-08T05:04:00,2026-05-13T09:04:00,realizada,2026-05-15T13:04:00,synthetic,SYN-012205
SES-00842,APP-00469,VAC-0058,entrevista,EV-S1-02,2026-05-16T11:00:00,2026-05-26T13:00:00,realizada,2026-05-30T18:00:00,synthetic,SYN-012212
SES-00843,APP-00470,VAC-0058,evaluacion,EV-S1-04,2026-05-15T00:00:00,2026-05-22T06:00:00,realizada,2026-05-24T07:00:00,synthetic,SYN-012221
SES-00844,APP-00471,VAC-0058,evaluacion,EV-S1-03,2026-05-01T20:00:00,2026-05-14T00:00:00,realizada,2026-05-15T02:00:00,synthetic,SYN-012228
SES-00845,APP-00471,VAC-0058,entrevista,EV-S1-03,2026-05-16T13:00:00,2026-05-28T13:00:00,programada,,synthetic,SYN-012236
SES-00846,APP-00472,VAC-0058,evaluacion,EV-S1-03,2026-05-15T00:00:00,2026-05-26T05:00:00,realizada,2026-05-28T06:00:00,synthetic,SYN-012237
SES-00847,APP-00473,VAC-0058,evaluacion,EV-S1-04,2026-05-01T18:48:00,2026-05-10T23:48:00,programada,,synthetic,SYN-012244
SES-00848,APP-00473,VAC-0058,entrevista,EV-S1-02,2026-05-18T13:00:00,2026-05-27T19:00:00,programada,,synthetic,SYN-012245
SES-00849,APP-00474,VAC-0058,evaluacion,EV-S1-04,2026-05-12T06:26:00,2026-05-15T11:26:00,realizada,2026-05-16T16:26:00,synthetic,SYN-012247
SES-00850,APP-00475,VAC-0059,evaluacion,EV-S2-02,2026-03-28T21:37:00,2026-04-04T21:37:00,realizada,2026-04-07T22:37:00,synthetic,SYN-012255
SES-00851,APP-00475,VAC-0059,entrevista,EV-S2-01,2026-04-01T14:00:00,2026-04-06T14:00:00,realizada,2026-04-07T17:00:00,synthetic,SYN-012263
SES-00852,APP-00477,VAC-0059,evaluacion,EV-S2-03,2026-03-30T11:36:00,2026-04-08T12:36:00,realizada,2026-04-08T13:36:00,synthetic,SYN-012270
SES-00853,APP-00477,VAC-0059,entrevista,EV-S2-01,2026-04-03T14:00:00,2026-04-06T18:00:00,programada,,synthetic,SYN-012279
SES-00854,APP-00479,VAC-0059,evaluacion,EV-S2-02,2026-03-30T17:10:00,2026-04-03T18:10:00,realizada,2026-04-04T23:10:00,synthetic,SYN-012280
SES-00855,APP-00479,VAC-0059,entrevista,EV-S2-04,2026-04-02T09:00:00,2026-04-12T15:00:00,realizada,2026-04-15T19:00:00,synthetic,SYN-012286
SES-00856,APP-00480,VAC-0059,evaluacion,EV-S2-03,2026-04-02T10:30:00,2026-04-10T12:30:00,realizada,2026-04-14T15:30:00,synthetic,SYN-012294
SES-00857,APP-00481,VAC-0059,evaluacion,EV-S2-04,2026-04-01T12:07:00,2026-04-09T14:07:00,programada,,synthetic,SYN-012303
SES-00858,APP-00481,VAC-0059,entrevista,EV-S2-01,2026-04-05T13:00:00,2026-04-09T17:00:00,realizada,2026-04-12T21:00:00,synthetic,SYN-012306
SES-00859,APP-00482,VAC-0059,evaluacion,EV-S2-02,2026-03-28T02:34:00,2026-04-05T02:34:00,realizada,2026-04-05T03:34:00,synthetic,SYN-012313
SES-00860,APP-00482,VAC-0059,entrevista,EV-S2-04,2026-04-05T11:00:00,2026-04-15T13:00:00,programada,,synthetic,SYN-012322
SES-00861,APP-00483,VAC-0059,evaluacion,EV-S2-04,2026-04-04T23:54:00,2026-04-08T00:54:00,realizada,2026-04-10T05:54:00,synthetic,SYN-012323
SES-00862,APP-00483,VAC-0059,entrevista,EV-S2-02,2026-04-07T14:00:00,2026-04-11T14:00:00,programada,,synthetic,SYN-012335
SES-00863,APP-00484,VAC-0059,evaluacion,EV-S2-02,2026-03-29T01:11:00,2026-04-10T07:11:00,realizada,2026-04-14T11:11:00,synthetic,SYN-012338
SES-00864,APP-00484,VAC-0059,evaluacion,EV-S2-04,2026-03-30T00:11:00,2026-04-02T04:11:00,realizada,2026-04-04T05:11:00,synthetic,SYN-012347
SES-00865,APP-00484,VAC-0059,entrevista,EV-S2-03,2026-04-04T17:00:00,2026-04-09T21:00:00,realizada,2026-04-09T23:00:00,synthetic,SYN-012358
SES-00866,APP-00485,VAC-0060,evaluacion,EV-S3-04,2026-03-13T03:51:00,2026-03-17T05:51:00,realizada,2026-03-17T09:51:00,synthetic,SYN-012366
SES-00867,APP-00485,VAC-0060,entrevista,EV-S3-01,2026-03-16T12:00:00,2026-03-19T13:00:00,programada,,synthetic,SYN-012375
SES-00868,APP-00486,VAC-0060,evaluacion,EV-S3-01,2026-03-12T00:00:00,2026-03-23T05:00:00,realizada,2026-03-25T06:00:00,synthetic,SYN-012377
SES-00869,APP-00486,VAC-0060,entrevista,EV-S3-04,2026-03-17T14:00:00,2026-03-22T18:00:00,realizada,2026-03-22T20:00:00,synthetic,SYN-012382
SES-00870,APP-00487,VAC-0060,evaluacion,EV-S3-01,2026-03-12T00:00:00,2026-03-20T03:00:00,realizada,2026-03-23T07:00:00,synthetic,SYN-012389
SES-00871,APP-00487,VAC-0060,entrevista,EV-S3-03,2026-03-14T10:00:00,2026-03-18T12:00:00,realizada,2026-03-19T13:00:00,synthetic,SYN-012395
SES-00872,APP-00488,VAC-0060,evaluacion,EV-S3-02,2026-03-09T15:10:00,2026-03-21T19:10:00,realizada,2026-03-22T23:10:00,synthetic,SYN-012401
SES-00873,APP-00488,VAC-0060,entrevista,EV-S3-02,2026-03-15T11:00:00,2026-03-22T14:00:00,realizada,2026-03-24T16:00:00,synthetic,SYN-012406
SES-00874,APP-00489,VAC-0060,evaluacion,EV-S3-03,2026-03-13T21:06:00,2026-03-24T22:06:00,realizada,2026-03-27T01:06:00,synthetic,SYN-012412
SES-00875,APP-00489,VAC-0060,entrevista,EV-S3-02,2026-03-14T13:00:00,2026-03-18T14:00:00,realizada,2026-03-22T19:00:00,synthetic,SYN-012419
SES-00876,APP-00490,VAC-0060,evaluacion,EV-S3-03,2026-03-10T12:56:00,2026-03-19T17:56:00,realizada,2026-03-22T21:56:00,synthetic,SYN-012426
SES-00877,APP-00491,VAC-0060,evaluacion,EV-S3-01,2026-03-08T21:35:00,2026-03-21T01:35:00,realizada,2026-03-24T04:35:00,synthetic,SYN-012433
SES-00878,APP-00491,VAC-0060,entrevista,EV-S3-04,2026-03-13T13:00:00,2026-03-22T14:00:00,realizada,2026-03-26T16:00:00,synthetic,SYN-012439
SES-00879,APP-00492,VAC-0060,evaluacion,EV-S3-03,2026-03-06T09:24:00,2026-03-18T10:24:00,realizada,2026-03-22T13:24:00,synthetic,SYN-012445
SES-00880,APP-00492,VAC-0060,entrevista,EV-S3-03,2026-03-18T14:00:00,2026-03-26T14:00:00,realizada,2026-03-30T19:00:00,synthetic,SYN-012449
SES-00881,APP-00493,VAC-0061,evaluacion,EV-S1-03,2026-06-23T23:54:00,2026-06-30T05:54:00,realizada,2026-07-03T07:54:00,synthetic,SYN-012456
SES-00882,APP-00493,VAC-0061,entrevista,EV-S1-04,2026-06-28T09:00:00,2026-07-04T09:00:00,realizada,2026-07-06T10:00:00,synthetic,SYN-012467
SES-00883,APP-00495,VAC-0061,evaluacion,EV-S1-04,2026-06-17T06:14:00,2026-06-26T09:14:00,programada,,synthetic,SYN-012477
SES-00884,APP-00495,VAC-0061,entrevista,EV-S1-03,2026-06-25T11:00:00,2026-07-07T17:00:00,realizada,2026-07-11T22:00:00,synthetic,SYN-012478
SES-00885,APP-00496,VAC-0061,evaluacion,EV-S1-01,2026-06-20T00:42:00,2026-07-04T01:42:00,realizada,2026-07-05T05:42:00,synthetic,SYN-012489
SES-00886,APP-00496,VAC-0061,entrevista,EV-S1-04,2026-06-23T14:00:00,2026-07-06T18:00:00,realizada,2026-07-09T21:00:00,synthetic,SYN-012497
SES-00887,APP-00497,VAC-0061,evaluacion,EV-S1-01,2026-06-23T01:49:00,2026-07-01T04:49:00,realizada,2026-07-01T06:49:00,synthetic,SYN-012510
SES-00888,APP-00497,VAC-0061,entrevista,EV-S1-02,2026-06-24T14:00:00,2026-07-04T14:00:00,realizada,2026-07-05T15:00:00,synthetic,SYN-012518
SES-00889,APP-00498,VAC-0061,evaluacion,EV-S1-02,2026-06-16T22:42:00,2026-06-26T01:42:00,programada,,synthetic,SYN-012526
SES-00890,APP-00498,VAC-0061,evaluacion,EV-S1-04,2026-06-17T00:42:00,2026-06-24T02:42:00,realizada,2026-06-25T05:42:00,synthetic,SYN-012527
SES-00891,APP-00498,VAC-0061,entrevista,EV-S1-03,2026-06-24T16:00:00,2026-07-08T19:00:00,realizada,2026-07-10T23:00:00,synthetic,SYN-012536
SES-00892,APP-00499,VAC-0061,evaluacion,EV-S1-03,2026-06-18T01:30:00,2026-06-27T01:30:00,realizada,2026-07-01T03:30:00,synthetic,SYN-012543
SES-00893,APP-00499,VAC-0061,entrevista,EV-S1-02,2026-06-26T15:00:00,2026-07-01T15:00:00,realizada,2026-07-02T20:00:00,synthetic,SYN-012551
SES-00894,APP-00500,VAC-0062,evaluacion,EV-S2-01,2026-06-30T07:51:00,2026-07-07T10:51:00,realizada,2026-07-07T15:51:00,synthetic,SYN-012561
SES-00895,APP-00500,VAC-0062,entrevista,EV-S2-04,2026-07-14T15:00:00,2026-07-20T15:00:00,realizada,2026-07-22T17:00:00,synthetic,SYN-012568
SES-00896,APP-00501,VAC-0062,evaluacion,EV-S2-02,2026-07-11T03:24:00,2026-07-17T03:24:00,realizada,2026-07-17T05:24:00,synthetic,SYN-012574
SES-00897,APP-00502,VAC-0062,evaluacion,EV-S2-01,2026-07-08T00:00:00,2026-07-20T00:00:00,realizada,2026-07-23T02:00:00,synthetic,SYN-012583
SES-00898,APP-00502,VAC-0062,entrevista,EV-S2-03,2026-07-09T15:00:00,2026-07-18T17:00:00,realizada,2026-07-18T19:00:00,synthetic,SYN-012590
SES-00899,APP-00503,VAC-0062,evaluacion,EV-S2-03,2026-07-08T02:11:00,2026-07-18T04:11:00,realizada,2026-07-20T08:11:00,synthetic,SYN-012599
SES-00900,APP-00503,VAC-0062,entrevista,EV-S2-01,2026-07-10T17:00:00,2026-07-22T21:00:00,realizada,2026-07-23T01:00:00,synthetic,SYN-012606
SES-00901,APP-00504,VAC-0062,evaluacion,EV-S2-01,2026-06-26T23:22:00,2026-07-11T01:22:00,realizada,2026-07-15T05:22:00,synthetic,SYN-012611
SES-00902,APP-00504,VAC-0062,entrevista,EV-S2-03,2026-07-08T09:00:00,2026-07-13T14:00:00,realizada,2026-07-17T15:00:00,synthetic,SYN-012618
SES-00903,APP-00505,VAC-0062,evaluacion,EV-S2-04,2026-07-02T02:56:00,2026-07-09T08:56:00,realizada,2026-07-10T12:56:00,synthetic,SYN-012626
SES-00904,APP-00506,VAC-0062,evaluacion,EV-S2-04,2026-07-03T08:48:00,2026-07-07T09:48:00,realizada,2026-07-10T10:48:00,synthetic,SYN-012632
SES-00905,APP-00506,VAC-0062,evaluacion,EV-S2-02,2026-07-03T04:48:00,2026-07-08T00:00:00,realizada,2026-07-08T05:00:00,synthetic,SYN-012637
SES-00906,APP-00506,VAC-0062,entrevista,EV-S2-01,2026-07-14T16:00:00,2026-07-24T17:00:00,realizada,2026-07-28T22:00:00,synthetic,SYN-012642
SES-00907,APP-00508,VAC-0063,evaluacion,EV-S3-03,2026-03-28T09:47:00,2026-04-02T15:47:00,realizada,2026-04-05T17:47:00,synthetic,SYN-012649
SES-00908,APP-00510,VAC-0063,evaluacion,EV-S3-02,2026-03-30T03:59:00,2026-04-04T07:59:00,realizada,2026-04-04T08:59:00,synthetic,SYN-012660
SES-00909,APP-00510,VAC-0063,entrevista,EV-S3-04,2026-03-30T12:00:00,2026-04-10T15:00:00,realizada,2026-04-13T17:00:00,synthetic,SYN-012671
SES-00910,APP-00512,VAC-0063,evaluacion,EV-S3-02,2026-03-29T00:00:00,2026-04-03T01:00:00,realizada,2026-04-06T05:00:00,synthetic,SYN-012677
SES-00911,APP-00514,VAC-0063,evaluacion,EV-S3-04,2026-03-27T19:22:00,2026-04-05T23:22:00,realizada,2026-04-07T01:22:00,synthetic,SYN-012684
SES-00912,APP-00514,VAC-0063,entrevista,EV-S3-03,2026-04-04T10:00:00,2026-04-12T14:00:00,realizada,2026-04-15T17:00:00,synthetic,SYN-012694
SES-00913,APP-00515,VAC-0063,evaluacion,EV-S3-01,2026-03-26T21:41:00,2026-04-04T23:41:00,programada,,synthetic,SYN-012701
SES-00914,APP-00515,VAC-0063,entrevista,EV-S3-01,2026-04-04T13:00:00,2026-04-10T15:00:00,realizada,2026-04-10T20:00:00,synthetic,SYN-012702
SES-00915,APP-00516,VAC-0063,evaluacion,EV-S3-02,2026-03-18T22:43:00,2026-03-22T22:43:00,realizada,2026-03-23T00:43:00,synthetic,SYN-012708
SES-00916,APP-00516,VAC-0063,entrevista,EV-S3-03,2026-04-02T14:00:00,2026-04-08T18:00:00,programada,,synthetic,SYN-012717
SES-00917,APP-00518,VAC-0063,evaluacion,EV-S3-04,2026-03-22T14:12:00,2026-04-03T20:12:00,programada,,synthetic,SYN-012719
SES-00918,APP-00518,VAC-0063,entrevista,EV-S3-03,2026-04-03T12:00:00,2026-04-07T14:00:00,programada,,synthetic,SYN-012721
SES-00919,APP-00519,VAC-0063,evaluacion,EV-S3-04,2026-03-20T04:39:00,2026-03-31T05:39:00,realizada,2026-04-01T09:39:00,synthetic,SYN-012724
SES-00920,APP-00519,VAC-0063,entrevista,EV-S3-03,2026-03-31T17:00:00,2026-04-03T22:00:00,realizada,2026-04-08T02:00:00,synthetic,SYN-012734
SES-00921,APP-00520,VAC-0063,evaluacion,EV-S3-03,2026-03-25T18:36:00,2026-03-31T00:36:00,realizada,2026-04-03T04:36:00,synthetic,SYN-012740
SES-00922,APP-00520,VAC-0063,entrevista,EV-S3-02,2026-03-29T13:00:00,2026-04-09T19:00:00,programada,,synthetic,SYN-012748
SES-00923,APP-00521,VAC-0064,evaluacion,EV-S1-04,2026-03-12T12:47:00,2026-03-23T16:47:00,realizada,2026-03-25T21:47:00,synthetic,SYN-012750
SES-00924,APP-00521,VAC-0064,entrevista,EV-S1-01,2026-03-31T15:00:00,2026-04-05T18:00:00,realizada,2026-04-06T19:00:00,synthetic,SYN-012757
SES-00925,APP-00522,VAC-0064,evaluacion,EV-S1-02,2026-03-29T20:47:00,2026-04-12T00:47:00,realizada,2026-04-15T02:47:00,synthetic,SYN-012764
SES-00926,APP-00522,VAC-0064,entrevista,EV-S1-02,2026-03-28T15:00:00,2026-04-09T19:00:00,realizada,2026-04-12T21:00:00,synthetic,SYN-012769
SES-00927,APP-00523,VAC-0064,evaluacion,EV-S1-04,2026-03-18T14:53:00,2026-03-26T15:53:00,realizada,2026-03-28T20:53:00,synthetic,SYN-012777
SES-00928,APP-00523,VAC-0064,entrevista,EV-S1-04,2026-03-28T11:00:00,2026-04-03T12:00:00,realizada,2026-04-03T16:00:00,synthetic,SYN-012786
SES-00929,APP-00524,VAC-0065,evaluacion,EV-S2-03,2026-07-06T08:19:00,2026-07-20T13:19:00,realizada,2026-07-22T16:19:00,synthetic,SYN-012794
SES-00930,APP-00524,VAC-0065,evaluacion,EV-S2-04,2026-07-05T09:19:00,2026-07-14T09:19:00,realizada,2026-07-15T11:19:00,synthetic,SYN-012802
SES-00931,APP-00524,VAC-0065,entrevista,EV-S2-02,2026-07-08T09:00:00,2026-07-18T11:00:00,realizada,2026-07-22T14:00:00,synthetic,SYN-012808
SES-00932,APP-00525,VAC-0065,evaluacion,EV-S2-04,2026-06-26T14:49:00,2026-07-09T19:49:00,realizada,2026-07-12T20:49:00,synthetic,SYN-012814
SES-00933,APP-00526,VAC-0065,evaluacion,EV-S2-04,2026-07-07T17:17:00,2026-07-12T17:17:00,realizada,2026-07-16T22:17:00,synthetic,SYN-012818
SES-00934,APP-00527,VAC-0065,evaluacion,EV-S2-01,2026-07-06T13:34:00,2026-07-10T14:34:00,programada,,synthetic,SYN-012823
SES-00935,APP-00527,VAC-0065,entrevista,EV-S2-01,2026-07-09T16:00:00,2026-07-15T21:00:00,programada,,synthetic,SYN-012825
SES-00936,APP-00528,VAC-0065,evaluacion,EV-S2-02,2026-06-30T17:35:00,2026-07-05T21:35:00,realizada,2026-07-08T00:35:00,synthetic,SYN-012826
SES-00937,APP-00528,VAC-0065,entrevista,EV-S2-01,2026-07-07T10:00:00,2026-07-14T14:00:00,realizada,2026-07-16T19:00:00,synthetic,SYN-012833
SES-00938,APP-00529,VAC-0065,evaluacion,EV-S2-04,2026-07-02T08:01:00,2026-07-06T12:01:00,realizada,2026-07-07T16:01:00,synthetic,SYN-012839
SES-00939,APP-00529,VAC-0065,entrevista,EV-S2-03,2026-07-09T16:00:00,2026-07-21T21:00:00,realizada,2026-07-23T00:00:00,synthetic,SYN-012844
SES-00940,APP-00530,VAC-0065,evaluacion,EV-S2-01,2026-06-29T14:57:00,2026-07-06T17:57:00,realizada,2026-07-07T19:57:00,synthetic,SYN-012852
SES-00941,APP-00530,VAC-0065,evaluacion,EV-S2-04,2026-07-02T14:57:00,2026-07-10T15:57:00,programada,,synthetic,SYN-012859
SES-00942,APP-00531,VAC-0065,evaluacion,EV-S2-03,2026-07-06T00:00:00,2026-07-17T06:00:00,realizada,2026-07-21T09:00:00,synthetic,SYN-012860
SES-00943,APP-00531,VAC-0065,entrevista,EV-S2-01,2026-07-09T15:00:00,2026-07-16T21:00:00,realizada,2026-07-19T01:00:00,synthetic,SYN-012865
SES-00944,APP-00532,VAC-0065,evaluacion,EV-S2-02,2026-06-25T19:30:00,2026-07-03T20:30:00,realizada,2026-07-04T22:30:00,synthetic,SYN-012873
SES-00945,APP-00532,VAC-0065,entrevista,EV-S2-02,2026-07-11T11:00:00,2026-07-18T15:00:00,realizada,2026-07-21T16:00:00,synthetic,SYN-012881
SES-00946,APP-00533,VAC-0065,evaluacion,EV-S2-03,2026-06-30T14:49:00,2026-07-05T19:49:00,realizada,2026-07-07T21:49:00,synthetic,SYN-012887
SES-00947,APP-00533,VAC-0065,entrevista,EV-S2-04,2026-07-08T16:00:00,2026-07-22T22:00:00,realizada,2026-07-24T03:00:00,synthetic,SYN-012894
SES-00948,APP-00534,VAC-0065,evaluacion,EV-S2-04,2026-07-02T18:23:00,2026-07-10T23:23:00,realizada,2026-07-14T03:23:00,synthetic,SYN-012900
SES-00949,APP-00535,VAC-0066,evaluacion,EV-S3-01,2026-04-11T00:37:00,2026-04-22T02:37:00,realizada,2026-04-26T04:37:00,synthetic,SYN-012907
SES-00950,APP-00535,VAC-0066,entrevista,EV-S3-03,2026-04-22T11:00:00,2026-04-28T14:00:00,realizada,2026-04-30T17:00:00,synthetic,SYN-012912
SES-00951,APP-00536,VAC-0066,evaluacion,EV-S3-03,2026-03-31T20:25:00,2026-04-16T00:00:00,realizada,2026-04-20T05:00:00,synthetic,SYN-012920
SES-00952,APP-00536,VAC-0066,entrevista,EV-S3-01,2026-04-19T14:00:00,2026-05-02T16:00:00,realizada,2026-05-04T21:00:00,synthetic,SYN-012927
SES-00953,APP-00538,VAC-0066,evaluacion,EV-S3-03,2026-04-05T14:34:00,2026-04-16T17:34:00,realizada,2026-04-17T19:34:00,synthetic,SYN-012934
SES-00954,APP-00538,VAC-0066,entrevista,EV-S3-02,2026-04-20T16:00:00,2026-04-28T18:00:00,realizada,2026-05-01T23:00:00,synthetic,SYN-012940
SES-00955,APP-00540,VAC-0066,evaluacion,EV-S3-01,2026-03-30T18:15:00,2026-04-16T00:00:00,realizada,2026-04-18T05:00:00,synthetic,SYN-012947
SES-00956,APP-00540,VAC-0066,entrevista,EV-S3-03,2026-04-21T14:00:00,2026-04-29T20:00:00,realizada,2026-05-02T21:00:00,synthetic,SYN-012953
SES-00957,APP-00541,VAC-0067,evaluacion,EV-S1-04,2026-07-09T15:32:00,2026-07-17T15:32:00,realizada,2026-07-19T17:32:00,synthetic,SYN-012961
SES-00958,APP-00542,VAC-0067,evaluacion,EV-S1-02,2026-07-05T12:22:00,2026-07-19T12:22:00,realizada,2026-07-21T14:22:00,synthetic,SYN-012968
SES-00959,APP-00542,VAC-0067,entrevista,EV-S1-02,2026-07-13T13:00:00,2026-07-18T15:00:00,realizada,2026-07-21T19:00:00,synthetic,SYN-012974
SES-00960,APP-00543,VAC-0067,evaluacion,EV-S1-02,2026-07-08T04:57:00,2026-07-12T09:57:00,realizada,2026-07-13T11:57:00,synthetic,SYN-012981
SES-00961,APP-00543,VAC-0067,evaluacion,EV-S1-03,2026-07-09T06:57:00,2026-07-20T09:57:00,realizada,2026-07-22T14:57:00,synthetic,SYN-012989
SES-00962,APP-00544,VAC-0067,evaluacion,EV-S1-02,2026-07-05T00:51:00,2026-07-13T06:51:00,realizada,2026-07-17T09:51:00,synthetic,SYN-012995
SES-00963,APP-00544,VAC-0067,evaluacion,EV-S1-04,2026-07-04T22:51:00,2026-07-12T23:51:00,programada,,synthetic,SYN-013000
SES-00964,APP-00544,VAC-0067,entrevista,EV-S1-02,2026-07-13T10:00:00,2026-07-22T14:00:00,realizada,2026-07-26T19:00:00,synthetic,SYN-013001
SES-00965,APP-00545,VAC-0067,evaluacion,EV-S1-02,2026-06-28T05:48:00,2026-07-07T08:48:00,realizada,2026-07-07T12:48:00,synthetic,SYN-013011
SES-00966,APP-00545,VAC-0067,entrevista,EV-S1-04,2026-07-12T17:00:00,2026-07-26T22:00:00,realizada,2026-07-27T03:00:00,synthetic,SYN-013014
SES-00967,APP-00546,VAC-0067,evaluacion,EV-S1-04,2026-06-27T18:57:00,2026-07-03T21:57:00,realizada,2026-07-05T01:57:00,synthetic,SYN-013022
SES-00968,APP-00546,VAC-0067,entrevista,EV-S1-02,2026-07-09T15:00:00,2026-07-15T21:00:00,realizada,2026-07-17T02:00:00,synthetic,SYN-013029
SES-00969,APP-00547,VAC-0067,evaluacion,EV-S1-02,2026-06-28T17:15:00,2026-07-04T18:15:00,realizada,2026-07-04T23:15:00,synthetic,SYN-013033
SES-00970,APP-00547,VAC-0067,entrevista,EV-S1-03,2026-07-12T16:00:00,2026-07-22T16:00:00,realizada,2026-07-22T17:00:00,synthetic,SYN-013039
SES-00971,APP-00548,VAC-0067,evaluacion,EV-S1-02,2026-07-03T17:50:00,2026-07-13T23:50:00,realizada,2026-07-16T02:50:00,synthetic,SYN-013046
SES-00972,APP-00549,VAC-0068,evaluacion,EV-S2-02,2026-04-14T18:25:00,2026-04-22T00:25:00,realizada,2026-04-26T03:25:00,synthetic,SYN-013051
SES-00973,APP-00549,VAC-0068,entrevista,EV-S2-03,2026-04-26T17:00:00,2026-05-02T20:00:00,realizada,2026-05-02T23:00:00,synthetic,SYN-013060
SES-00974,APP-00551,VAC-0068,evaluacion,EV-S2-04,2026-04-22T00:00:00,2026-05-01T01:00:00,realizada,2026-05-02T04:00:00,synthetic,SYN-013067
SES-00975,APP-00551,VAC-0068,entrevista,EV-S2-04,2026-04-28T16:00:00,2026-05-09T16:00:00,realizada,2026-05-13T17:00:00,synthetic,SYN-013074
SES-00976,APP-00553,VAC-0069,evaluacion,EV-S3-01,2026-01-21T00:00:00,2026-01-26T03:00:00,realizada,2026-01-26T06:00:00,synthetic,SYN-013079
SES-00977,APP-00554,VAC-0069,evaluacion,EV-S3-04,2026-01-23T13:06:00,2026-02-03T15:06:00,realizada,2026-02-05T19:06:00,synthetic,SYN-013085
SES-00978,APP-00554,VAC-0069,entrevista,EV-S3-03,2026-01-26T13:00:00,2026-01-28T17:00:00,realizada,2026-01-30T21:00:00,synthetic,SYN-013091
SES-00979,APP-00555,VAC-0069,evaluacion,EV-S3-03,2026-01-18T08:27:00,2026-01-21T13:27:00,realizada,2026-01-23T17:27:00,synthetic,SYN-013099
SES-00980,APP-00555,VAC-0069,entrevista,EV-S3-02,2026-01-22T17:00:00,2026-01-30T20:00:00,realizada,2026-01-30T21:00:00,synthetic,SYN-013105
SES-00981,APP-00556,VAC-0069,evaluacion,EV-S3-01,2026-01-16T23:35:00,2026-01-25T02:35:00,realizada,2026-01-29T04:35:00,synthetic,SYN-013111
SES-00982,APP-00556,VAC-0069,evaluacion,EV-S3-03,2026-01-16T23:35:00,2026-01-21T00:00:00,realizada,2026-01-25T03:00:00,synthetic,SYN-013117
SES-00983,APP-00556,VAC-0069,entrevista,EV-S3-04,2026-01-24T13:00:00,2026-02-04T15:00:00,realizada,2026-02-04T18:00:00,synthetic,SYN-013122
SES-00984,APP-00557,VAC-0070,evaluacion,EV-S1-03,2026-04-10T06:42:00,2026-04-23T12:42:00,realizada,2026-04-27T15:42:00,synthetic,SYN-013128
SES-00985,APP-00557,VAC-0070,entrevista,EV-S1-01,2026-04-26T10:00:00,2026-04-29T11:00:00,realizada,2026-04-29T15:00:00,synthetic,SYN-013136
SES-00986,APP-00558,VAC-0070,evaluacion,EV-S1-03,2026-04-13T02:49:00,2026-04-22T00:00:00,realizada,2026-04-23T01:00:00,synthetic,SYN-013144
SES-00987,APP-00558,VAC-0070,entrevista,EV-S1-02,2026-04-26T10:00:00,2026-05-06T14:00:00,realizada,2026-05-06T15:00:00,synthetic,SYN-013149
SES-00988,APP-00559,VAC-0070,evaluacion,EV-S1-02,2026-04-16T07:37:00,2026-04-26T12:37:00,programada,,synthetic,SYN-013155
SES-00989,APP-00559,VAC-0070,entrevista,EV-S1-02,2026-04-22T10:00:00,2026-04-26T16:00:00,realizada,2026-04-30T20:00:00,synthetic,SYN-013157
SES-00990,APP-00560,VAC-0070,evaluacion,EV-S1-01,2026-04-07T16:02:00,2026-04-22T00:00:00,realizada,2026-04-24T01:00:00,synthetic,SYN-013163
SES-00991,APP-00560,VAC-0070,entrevista,EV-S1-04,2026-04-22T11:00:00,2026-04-29T11:00:00,realizada,2026-05-03T14:00:00,synthetic,SYN-013171
SES-00992,APP-00561,VAC-0070,evaluacion,EV-S1-01,2026-04-13T07:59:00,2026-04-21T10:59:00,realizada,2026-04-24T11:59:00,synthetic,SYN-013176
SES-00993,APP-00561,VAC-0070,entrevista,EV-S1-04,2026-04-28T09:00:00,2026-05-08T11:00:00,realizada,2026-05-08T13:00:00,synthetic,SYN-013182
SES-00994,APP-00562,VAC-0070,evaluacion,EV-S1-03,2026-04-14T00:17:00,2026-04-17T06:17:00,programada,,synthetic,SYN-013188
SES-00995,APP-00562,VAC-0070,entrevista,EV-S1-01,2026-04-28T17:00:00,2026-05-01T23:00:00,realizada,2026-05-05T00:00:00,synthetic,SYN-013190
SES-00996,APP-00563,VAC-0070,evaluacion,EV-S1-01,2026-04-11T13:54:00,2026-04-21T13:54:00,realizada,2026-04-22T15:54:00,synthetic,SYN-013196
SES-00997,APP-00563,VAC-0070,entrevista,EV-S1-04,2026-04-23T15:00:00,2026-04-28T21:00:00,realizada,2026-04-28T23:00:00,synthetic,SYN-013203
SES-00998,APP-00564,VAC-0070,evaluacion,EV-S1-01,2026-04-23T10:57:00,2026-04-29T10:57:00,realizada,2026-04-30T11:57:00,synthetic,SYN-013209
SES-00999,APP-00564,VAC-0070,entrevista,EV-S1-02,2026-04-28T16:00:00,2026-05-01T22:00:00,realizada,2026-05-05T02:00:00,synthetic,SYN-013213
SES-01000,APP-00565,VAC-0070,evaluacion,EV-S1-02,2026-04-06T18:11:00,2026-04-16T18:11:00,realizada,2026-04-16T19:11:00,synthetic,SYN-013218
SES-01001,APP-00565,VAC-0070,entrevista,EV-S1-02,2026-04-25T10:00:00,2026-04-29T13:00:00,realizada,2026-04-29T18:00:00,synthetic,SYN-013225
SES-01002,APP-00566,VAC-0071,evaluacion,EV-S2-02,2026-03-12T04:52:00,2026-03-15T08:52:00,realizada,2026-03-16T11:52:00,synthetic,SYN-013234
SES-01003,APP-00566,VAC-0071,evaluacion,EV-S2-01,2026-03-11T09:52:00,2026-03-23T13:52:00,realizada,2026-03-24T14:52:00,synthetic,SYN-013242
SES-01004,APP-00566,VAC-0071,entrevista,EV-S2-01,2026-03-23T15:00:00,2026-03-29T21:00:00,realizada,2026-03-30T02:00:00,synthetic,SYN-013251
SES-01005,APP-00567,VAC-0071,evaluacion,EV-S2-01,2026-03-16T11:58:00,2026-03-26T17:58:00,programada,,synthetic,SYN-013260
SES-01006,APP-00568,VAC-0071,evaluacion,EV-S2-04,2026-03-16T01:34:00,2026-03-20T07:34:00,realizada,2026-03-21T08:34:00,synthetic,SYN-013262
SES-01007,APP-00568,VAC-0071,entrevista,EV-S2-04,2026-03-17T15:00:00,2026-03-21T18:00:00,programada,,synthetic,SYN-013270
SES-01008,APP-00569,VAC-0071,evaluacion,EV-S2-01,2026-03-18T13:24:00,2026-03-21T17:24:00,realizada,2026-03-25T19:24:00,synthetic,SYN-013273
SES-01009,APP-00569,VAC-0071,entrevista,EV-S2-04,2026-03-19T10:00:00,2026-04-01T12:00:00,realizada,2026-04-04T13:00:00,synthetic,SYN-013281
SES-01010,APP-00570,VAC-0071,evaluacion,EV-S2-01,2026-03-11T15:01:00,2026-03-24T19:01:00,realizada,2026-03-25T21:01:00,synthetic,SYN-013290
SES-01011,APP-00570,VAC-0071,entrevista,EV-S2-03,2026-03-20T10:00:00,2026-04-02T15:00:00,realizada,2026-04-03T16:00:00,synthetic,SYN-013297
SES-01012,APP-00571,VAC-0071,evaluacion,EV-S2-02,2026-03-09T07:04:00,2026-03-17T00:00:00,realizada,2026-03-20T02:00:00,synthetic,SYN-013307
SES-01013,APP-00571,VAC-0071,entrevista,EV-S2-04,2026-03-18T16:00:00,2026-03-24T21:00:00,realizada,2026-03-28T01:00:00,synthetic,SYN-013318
SES-01014,APP-00572,VAC-0071,evaluacion,EV-S2-01,2026-03-09T14:15:00,2026-03-19T17:15:00,realizada,2026-03-19T18:15:00,synthetic,SYN-013329
SES-01015,APP-00572,VAC-0071,entrevista,EV-S2-04,2026-03-22T14:00:00,2026-03-26T18:00:00,realizada,2026-03-27T23:00:00,synthetic,SYN-013337
SES-01016,APP-00573,VAC-0071,evaluacion,EV-S2-01,2026-03-10T10:18:00,2026-03-15T11:18:00,realizada,2026-03-18T14:18:00,synthetic,SYN-013346
SES-01017,APP-00574,VAC-0071,evaluacion,EV-S2-02,2026-03-08T20:58:00,2026-03-17T00:00:00,realizada,2026-03-17T05:00:00,synthetic,SYN-013358
SES-01018,APP-00574,VAC-0071,entrevista,EV-S2-03,2026-03-21T09:00:00,2026-03-30T14:00:00,realizada,2026-03-30T17:00:00,synthetic,SYN-013367
SES-01019,APP-00575,VAC-0071,evaluacion,EV-S2-03,2026-03-12T05:53:00,2026-03-17T00:00:00,realizada,2026-03-18T01:00:00,synthetic,SYN-013378
SES-01020,APP-00575,VAC-0071,evaluacion,EV-S2-02,2026-03-13T01:53:00,2026-03-18T06:53:00,realizada,2026-03-21T09:53:00,synthetic,SYN-013388
SES-01021,APP-00575,VAC-0071,entrevista,EV-S2-02,2026-03-23T13:00:00,2026-04-05T13:00:00,realizada,2026-04-08T18:00:00,synthetic,SYN-013399
SES-01022,APP-00577,VAC-0071,evaluacion,EV-S2-04,2026-03-17T00:00:00,2026-03-23T06:00:00,realizada,2026-03-25T09:00:00,synthetic,SYN-013408
SES-01023,APP-00577,VAC-0071,entrevista,EV-S2-02,2026-03-21T12:00:00,2026-03-25T13:00:00,realizada,2026-03-27T15:00:00,synthetic,SYN-013418
SES-01024,APP-00578,VAC-0071,evaluacion,EV-S2-03,2026-03-11T15:02:00,2026-03-22T18:02:00,realizada,2026-03-22T23:02:00,synthetic,SYN-013426
SES-01025,APP-00578,VAC-0071,entrevista,EV-S2-01,2026-03-22T17:00:00,2026-03-28T20:00:00,realizada,2026-04-02T01:00:00,synthetic,SYN-013434
SES-01026,APP-00579,VAC-0072,evaluacion,EV-S3-02,2026-04-02T11:00:00,2026-04-09T14:00:00,realizada,2026-04-13T19:00:00,synthetic,SYN-013443
SES-01027,APP-00580,VAC-0072,evaluacion,EV-S3-01,2026-04-08T11:16:00,2026-04-20T14:16:00,realizada,2026-04-24T17:16:00,synthetic,SYN-013448
SES-01028,APP-00581,VAC-0072,evaluacion,EV-S3-03,2026-04-04T23:42:00,2026-04-09T02:42:00,programada,,synthetic,SYN-013455
SES-01029,APP-00581,VAC-0072,evaluacion,EV-S3-01,2026-04-07T04:42:00,2026-04-20T05:42:00,realizada,2026-04-20T07:42:00,synthetic,SYN-013456
SES-01030,APP-00581,VAC-0072,entrevista,EV-S3-01,2026-04-16T10:00:00,2026-04-21T10:00:00,programada,,synthetic,SYN-013463
SES-01031,APP-00582,VAC-0073,evaluacion,EV-S1-01,2026-05-01T06:12:00,2026-05-14T10:12:00,realizada,2026-05-18T11:12:00,synthetic,SYN-013465
SES-01032,APP-00582,VAC-0073,entrevista,EV-S1-03,2026-04-30T17:00:00,2026-05-08T21:00:00,programada,,synthetic,SYN-013477
SES-01033,APP-00583,VAC-0073,evaluacion,EV-S1-02,2026-04-30T05:06:00,2026-05-04T10:06:00,realizada,2026-05-07T14:06:00,synthetic,SYN-013479
SES-01034,APP-00583,VAC-0073,entrevista,EV-S1-04,2026-05-01T16:00:00,2026-05-04T20:00:00,realizada,2026-05-06T22:00:00,synthetic,SYN-013488
SES-01035,APP-00584,VAC-0073,evaluacion,EV-S1-04,2026-05-01T21:59:00,2026-05-10T00:59:00,realizada,2026-05-13T01:59:00,synthetic,SYN-013494
SES-01036,APP-00584,VAC-0073,entrevista,EV-S1-04,2026-05-05T10:00:00,2026-05-14T16:00:00,realizada,2026-05-18T21:00:00,synthetic,SYN-013504
SES-01037,APP-00585,VAC-0073,evaluacion,EV-S1-04,2026-04-26T01:47:00,2026-05-09T04:47:00,realizada,2026-05-10T05:47:00,synthetic,SYN-013510
SES-01038,APP-00586,VAC-0073,evaluacion,EV-S1-03,2026-04-30T12:07:00,2026-05-10T15:07:00,realizada,2026-05-14T16:07:00,synthetic,SYN-013523
SES-01039,APP-00586,VAC-0073,entrevista,EV-S1-02,2026-05-06T15:00:00,2026-05-12T20:00:00,realizada,2026-05-13T00:00:00,synthetic,SYN-013535
SES-01040,APP-00587,VAC-0073,evaluacion,EV-S1-02,2026-05-01T17:03:00,2026-05-07T17:03:00,realizada,2026-05-09T19:03:00,synthetic,SYN-013542
SES-01041,APP-00587,VAC-0073,entrevista,EV-S1-03,2026-05-06T11:00:00,2026-05-18T17:00:00,realizada,2026-05-20T21:00:00,synthetic,SYN-013552
SES-01042,APP-00588,VAC-0073,evaluacion,EV-S1-01,2026-04-26T04:51:00,2026-05-01T09:51:00,realizada,2026-05-01T14:51:00,synthetic,SYN-013555
SES-01043,APP-00588,VAC-0073,entrevista,EV-S1-01,2026-05-06T15:00:00,2026-05-13T15:00:00,programada,,synthetic,SYN-013563
SES-01044,APP-00589,VAC-0073,evaluacion,EV-S1-01,2026-04-24T05:06:00,2026-05-07T09:06:00,realizada,2026-05-09T12:06:00,synthetic,SYN-013565
SES-01045,APP-00589,VAC-0073,entrevista,EV-S1-01,2026-05-06T14:00:00,2026-05-13T15:00:00,realizada,2026-05-14T19:00:00,synthetic,SYN-013574
SES-01046,APP-00590,VAC-0073,evaluacion,EV-S1-04,2026-04-30T00:00:00,2026-05-05T03:00:00,realizada,2026-05-07T04:00:00,synthetic,SYN-013580
SES-01047,APP-00590,VAC-0073,evaluacion,EV-S1-01,2026-05-01T19:48:00,2026-05-07T20:48:00,programada,,synthetic,SYN-013589
SES-01048,APP-00590,VAC-0073,entrevista,EV-S1-04,2026-05-05T12:00:00,2026-05-14T13:00:00,realizada,2026-05-17T17:00:00,synthetic,SYN-013592
SES-01049,APP-00591,VAC-0074,evaluacion,EV-S2-02,2026-08-29T13:43:00,2026-09-06T18:43:00,realizada,2026-09-10T21:43:00,synthetic,SYN-013596
SES-01050,APP-00591,VAC-0074,evaluacion,EV-S2-03,2026-08-28T18:43:00,2026-09-10T20:43:00,realizada,2026-09-15T01:43:00,synthetic,SYN-013605
SES-01051,APP-00591,VAC-0074,entrevista,EV-S2-04,2026-08-31T12:00:00,2026-09-13T15:00:00,realizada,2026-09-17T18:00:00,synthetic,SYN-013613
SES-01052,APP-00592,VAC-0074,evaluacion,EV-S2-01,2026-08-29T19:57:00,2026-09-04T21:57:00,realizada,2026-09-05T02:57:00,synthetic,SYN-013617
SES-01053,APP-00592,VAC-0074,evaluacion,EV-S2-03,2026-08-30T18:57:00,2026-09-06T23:57:00,realizada,2026-09-08T04:57:00,synthetic,SYN-013625
SES-01054,APP-00592,VAC-0074,entrevista,EV-S2-01,2026-08-30T12:00:00,2026-09-11T13:00:00,realizada,2026-09-15T16:00:00,synthetic,SYN-013635
SES-01055,APP-00593,VAC-0074,evaluacion,EV-S2-01,2026-08-24T18:58:00,2026-09-08T21:58:00,realizada,2026-09-10T00:58:00,synthetic,SYN-013640
SES-01056,APP-00593,VAC-0074,entrevista,EV-S2-04,2026-09-01T11:00:00,2026-09-11T12:00:00,realizada,2026-09-12T17:00:00,synthetic,SYN-013647
SES-01057,APP-00594,VAC-0074,evaluacion,EV-S2-02,2026-08-24T21:30:00,2026-09-04T22:30:00,realizada,2026-09-06T01:30:00,synthetic,SYN-013650
SES-01058,APP-00594,VAC-0074,entrevista,EV-S2-01,2026-08-30T16:00:00,2026-09-06T22:00:00,realizada,2026-09-10T01:00:00,synthetic,SYN-013658
SES-01059,APP-00595,VAC-0074,evaluacion,EV-S2-03,2026-08-24T19:35:00,2026-08-29T00:00:00,realizada,2026-09-01T02:00:00,synthetic,SYN-013665
SES-01060,APP-00595,VAC-0074,entrevista,EV-S2-02,2026-09-03T12:00:00,2026-09-09T15:00:00,realizada,2026-09-09T20:00:00,synthetic,SYN-013676
SES-01061,APP-00596,VAC-0074,evaluacion,EV-S2-04,2026-08-26T17:04:00,2026-09-09T22:04:00,realizada,2026-09-14T00:04:00,synthetic,SYN-013683
SES-01062,APP-00596,VAC-0074,entrevista,EV-S2-01,2026-09-03T12:00:00,2026-09-09T13:00:00,realizada,2026-09-10T16:00:00,synthetic,SYN-013691
SES-01063,APP-00598,VAC-0074,evaluacion,EV-S2-02,2026-09-03T03:33:00,2026-09-08T04:33:00,realizada,2026-09-11T05:33:00,synthetic,SYN-013700
SES-01064,APP-00599,VAC-0074,evaluacion,EV-S2-02,2026-08-27T22:28:00,2026-09-06T00:28:00,realizada,2026-09-07T01:28:00,synthetic,SYN-013707
SES-01065,APP-00599,VAC-0074,entrevista,EV-S2-02,2026-08-30T16:00:00,2026-09-11T21:00:00,realizada,2026-09-15T23:00:00,synthetic,SYN-013716
SES-01066,APP-00600,VAC-0074,evaluacion,EV-S2-04,2026-08-27T09:02:00,2026-09-09T13:02:00,realizada,2026-09-09T16:02:00,synthetic,SYN-013723
SES-01067,APP-00600,VAC-0074,entrevista,EV-S2-01,2026-09-04T11:00:00,2026-09-09T14:00:00,programada,,synthetic,SYN-013733
SES-01068,APP-00601,VAC-0075,evaluacion,EV-S3-03,2026-06-15T11:21:00,2026-06-26T14:21:00,realizada,2026-06-30T15:21:00,synthetic,SYN-013735
SES-01069,APP-00601,VAC-0075,entrevista,EV-S3-01,2026-06-26T09:00:00,2026-07-01T12:00:00,realizada,2026-07-02T15:00:00,synthetic,SYN-013745
SES-01070,APP-00602,VAC-0075,evaluacion,EV-S3-03,2026-06-22T04:02:00,2026-07-02T05:02:00,realizada,2026-07-05T09:02:00,synthetic,SYN-013752
SES-01071,APP-00602,VAC-0075,entrevista,EV-S3-03,2026-06-26T17:00:00,2026-07-09T19:00:00,realizada,2026-07-14T00:00:00,synthetic,SYN-013761
SES-01072,APP-00603,VAC-0076,evaluacion,EV-S1-01,2026-07-14T19:56:00,2026-07-26T23:56:00,realizada,2026-07-27T00:56:00,synthetic,SYN-013766
SES-01073,APP-00603,VAC-0076,entrevista,EV-S1-04,2026-07-27T13:00:00,2026-08-07T19:00:00,realizada,2026-08-08T00:00:00,synthetic,SYN-013770
SES-01074,APP-00604,VAC-0076,evaluacion,EV-S1-04,2026-07-16T03:16:00,2026-07-25T03:16:00,realizada,2026-07-26T04:16:00,synthetic,SYN-013776
SES-01075,APP-00604,VAC-0076,entrevista,EV-S1-01,2026-07-26T14:00:00,2026-07-31T17:00:00,realizada,2026-07-31T20:00:00,synthetic,SYN-013784
SES-01076,APP-00605,VAC-0076,evaluacion,EV-S1-04,2026-07-18T00:58:00,2026-07-27T02:58:00,realizada,2026-07-29T05:58:00,synthetic,SYN-013787
SES-01077,APP-00606,VAC-0076,evaluacion,EV-S1-02,2026-07-23T20:15:00,2026-08-02T22:15:00,realizada,2026-08-06T03:15:00,synthetic,SYN-013793
SES-01078,APP-00606,VAC-0076,entrevista,EV-S1-01,2026-07-27T17:00:00,2026-08-01T17:00:00,realizada,2026-08-02T22:00:00,synthetic,SYN-013802
SES-01079,APP-00607,VAC-0076,evaluacion,EV-S1-03,2026-07-10T01:29:00,2026-07-16T04:29:00,realizada,2026-07-17T08:29:00,synthetic,SYN-013808
SES-01080,APP-00608,VAC-0076,evaluacion,EV-S1-02,2026-07-15T02:12:00,2026-07-22T00:00:00,realizada,2026-07-22T04:00:00,synthetic,SYN-013816
SES-01081,APP-00608,VAC-0076,entrevista,EV-S1-04,2026-07-26T17:00:00,2026-08-05T18:00:00,realizada,2026-08-07T21:00:00,synthetic,SYN-013822
SES-01082,APP-00609,VAC-0076,evaluacion,EV-S1-03,2026-07-09T20:22:00,2026-07-17T21:22:00,realizada,2026-07-20T02:22:00,synthetic,SYN-013829
SES-01083,APP-00609,VAC-0076,entrevista,EV-S1-04,2026-07-28T11:00:00,2026-08-03T11:00:00,programada,,synthetic,SYN-013835
SES-01084,APP-00610,VAC-0077,evaluacion,EV-S2-01,2026-08-13T17:56:00,2026-08-23T21:56:00,realizada,2026-08-25T00:56:00,synthetic,SYN-013836
SES-01085,APP-00610,VAC-0077,entrevista,EV-S2-03,2026-08-28T17:00:00,2026-09-06T18:00:00,realizada,2026-09-10T23:00:00,synthetic,SYN-013842
SES-01086,APP-00611,VAC-0077,evaluacion,EV-S2-01,2026-08-15T03:07:00,2026-08-22T00:00:00,realizada,2026-08-22T01:00:00,synthetic,SYN-013848
SES-01087,APP-00611,VAC-0077,evaluacion,EV-S2-04,2026-08-17T23:07:00,2026-08-25T02:07:00,realizada,2026-08-25T07:07:00,synthetic,SYN-013854
SES-01088,APP-00611,VAC-0077,entrevista,EV-S2-02,2026-08-22T13:00:00,2026-08-27T19:00:00,programada,,synthetic,SYN-013863
SES-01089,APP-00612,VAC-0078,evaluacion,EV-S3-01,2026-08-10T20:02:00,2026-08-26T02:02:00,realizada,2026-08-26T04:02:00,synthetic,SYN-013864
SES-01090,APP-00612,VAC-0078,entrevista,EV-S3-03,2026-08-25T17:00:00,2026-09-08T18:00:00,programada,,synthetic,SYN-013870
SES-01091,APP-00613,VAC-0078,evaluacion,EV-S3-03,2026-08-10T18:43:00,2026-08-17T18:43:00,realizada,2026-08-17T21:43:00,synthetic,SYN-013872
SES-01092,APP-00613,VAC-0078,entrevista,EV-S3-04,2026-08-24T16:00:00,2026-09-04T18:00:00,realizada,2026-09-04T19:00:00,synthetic,SYN-013880
SES-01093,APP-00615,VAC-0079,evaluacion,EV-S1-02,2026-02-06T08:54:00,2026-02-13T14:54:00,realizada,2026-02-14T18:54:00,synthetic,SYN-013888
SES-01094,APP-00615,VAC-0079,evaluacion,EV-S1-01,2026-02-05T13:54:00,2026-02-13T16:54:00,realizada,2026-02-16T17:54:00,synthetic,SYN-013900
SES-01095,APP-00616,VAC-0079,evaluacion,EV-S1-04,2026-01-21T06:07:00,2026-01-23T06:07:00,realizada,2026-01-25T07:07:00,synthetic,SYN-013911
SES-01096,APP-00617,VAC-0079,evaluacion,EV-S1-04,2026-01-23T17:36:00,2026-02-03T20:36:00,realizada,2026-02-04T00:36:00,synthetic,SYN-013920
SES-01097,APP-00617,VAC-0079,entrevista,EV-S1-03,2026-02-09T13:00:00,2026-02-19T15:00:00,programada,,synthetic,SYN-013931
SES-01098,APP-00618,VAC-0079,evaluacion,EV-S1-03,2026-02-02T17:21:00,2026-02-07T20:21:00,realizada,2026-02-11T23:21:00,synthetic,SYN-013932
SES-01099,APP-00618,VAC-0079,entrevista,EV-S1-01,2026-02-09T10:00:00,2026-02-11T11:00:00,realizada,2026-02-11T15:00:00,synthetic,SYN-013941
SES-01100,APP-00619,VAC-0079,evaluacion,EV-S1-03,2026-01-24T18:38:00,2026-01-29T18:38:00,realizada,2026-01-30T19:38:00,synthetic,SYN-013951
SES-01101,APP-00619,VAC-0079,entrevista,EV-S1-04,2026-02-04T12:00:00,2026-02-16T18:00:00,realizada,2026-02-19T19:00:00,synthetic,SYN-013962
SES-01102,APP-00620,VAC-0079,evaluacion,EV-S1-03,2026-02-01T10:54:00,2026-02-10T15:54:00,realizada,2026-02-13T16:54:00,synthetic,SYN-013970
SES-01103,APP-00621,VAC-0079,evaluacion,EV-S1-01,2026-01-28T02:02:00,2026-02-09T04:02:00,realizada,2026-02-13T05:02:00,synthetic,SYN-013980
SES-01104,APP-00621,VAC-0079,entrevista,EV-S1-03,2026-02-04T14:00:00,2026-02-14T19:00:00,programada,,synthetic,SYN-013987
SES-01105,APP-00622,VAC-0079,evaluacion,EV-S1-03,2026-02-04T00:06:00,2026-02-10T01:06:00,realizada,2026-02-11T06:06:00,synthetic,SYN-013990
SES-01106,APP-00623,VAC-0079,evaluacion,EV-S1-02,2026-01-24T22:31:00,2026-01-31T00:31:00,realizada,2026-01-31T04:31:00,synthetic,SYN-013998
SES-01107,APP-00624,VAC-0079,evaluacion,EV-S1-02,2026-01-25T01:42:00,2026-02-05T07:42:00,realizada,2026-02-06T09:42:00,synthetic,SYN-014006
SES-01108,APP-00624,VAC-0079,entrevista,EV-S1-01,2026-02-04T15:00:00,2026-02-15T18:00:00,realizada,2026-02-18T20:00:00,synthetic,SYN-014015
SES-01109,APP-00625,VAC-0080,evaluacion,EV-S2-04,2026-03-09T23:24:00,2026-03-21T05:24:00,realizada,2026-03-21T07:24:00,synthetic,SYN-014025
SES-01110,APP-00625,VAC-0080,evaluacion,EV-S2-02,2026-03-05T21:24:00,2026-03-15T03:24:00,realizada,2026-03-19T07:24:00,synthetic,SYN-014036
SES-01111,APP-00625,VAC-0080,entrevista,EV-S2-04,2026-03-11T09:00:00,2026-03-16T12:00:00,realizada,2026-03-19T13:00:00,synthetic,SYN-014045
SES-01112,APP-00626,VAC-0080,evaluacion,EV-S2-03,2026-02-24T18:11:00,2026-03-07T20:11:00,realizada,2026-03-07T22:11:00,synthetic,SYN-014053
SES-01113,APP-00626,VAC-0080,entrevista,EV-S2-01,2026-03-13T15:00:00,2026-03-18T17:00:00,realizada,2026-03-22T18:00:00,synthetic,SYN-014061
SES-01114,APP-00627,VAC-0080,evaluacion,EV-S2-02,2026-03-10T08:33:00,2026-03-17T14:33:00,realizada,2026-03-18T19:33:00,synthetic,SYN-014066
SES-01115,APP-00627,VAC-0080,entrevista,EV-S2-02,2026-03-11T12:00:00,2026-03-17T17:00:00,realizada,2026-03-19T21:00:00,synthetic,SYN-014077
SES-01116,APP-00628,VAC-0080,evaluacion,EV-S2-04,2026-03-11T08:50:00,2026-03-15T12:50:00,realizada,2026-03-17T17:50:00,synthetic,SYN-014084
SES-01117,APP-00629,VAC-0080,evaluacion,EV-S2-04,2026-03-06T18:16:00,2026-03-10T18:16:00,realizada,2026-03-14T20:16:00,synthetic,SYN-014097
SES-01118,APP-00629,VAC-0080,entrevista,EV-S2-04,2026-03-12T10:00:00,2026-03-18T15:00:00,realizada,2026-03-22T16:00:00,synthetic,SYN-014108
SES-01119,APP-00630,VAC-0081,evaluacion,EV-S3-02,2026-08-14T04:54:00,2026-08-22T04:54:00,realizada,2026-08-24T05:54:00,synthetic,SYN-014114
SES-01120,APP-00630,VAC-0081,evaluacion,EV-S3-04,2026-08-16T22:54:00,2026-08-23T00:54:00,realizada,2026-08-26T03:54:00,synthetic,SYN-014125
SES-01121,APP-00630,VAC-0081,entrevista,EV-S3-04,2026-08-16T09:00:00,2026-08-22T11:00:00,realizada,2026-08-24T12:00:00,synthetic,SYN-014136
SES-01122,APP-00631,VAC-0081,evaluacion,EV-S3-02,2026-08-16T19:58:00,2026-08-29T20:58:00,realizada,2026-09-01T00:58:00,synthetic,SYN-014145
SES-01123,APP-00631,VAC-0081,entrevista,EV-S3-02,2026-08-17T15:00:00,2026-08-26T15:00:00,realizada,2026-08-30T16:00:00,synthetic,SYN-014154
SES-01124,APP-00632,VAC-0082,evaluacion,EV-S1-04,2026-06-05T00:04:00,2026-06-15T03:04:00,realizada,2026-06-19T04:04:00,synthetic,SYN-014161
SES-01125,APP-00632,VAC-0082,entrevista,EV-S1-02,2026-06-20T17:00:00,2026-07-03T22:00:00,realizada,2026-07-04T00:00:00,synthetic,SYN-014168
SES-01126,APP-00633,VAC-0082,evaluacion,EV-S1-03,2026-06-02T12:08:00,2026-06-13T12:08:00,realizada,2026-06-15T15:08:00,synthetic,SYN-014172
SES-01127,APP-00633,VAC-0082,entrevista,EV-S1-02,2026-06-21T16:00:00,2026-07-03T18:00:00,realizada,2026-07-06T23:00:00,synthetic,SYN-014180
SES-01128,APP-00634,VAC-0082,evaluacion,EV-S1-03,2026-06-16T19:12:00,2026-06-20T22:12:00,realizada,2026-06-24T00:12:00,synthetic,SYN-014186
SES-01129,APP-00634,VAC-0082,entrevista,EV-S1-02,2026-06-18T12:00:00,2026-06-24T12:00:00,realizada,2026-06-24T17:00:00,synthetic,SYN-014193
SES-01130,APP-00635,VAC-0082,evaluacion,EV-S1-04,2026-06-18T10:31:00,2026-06-25T11:31:00,realizada,2026-06-29T12:31:00,synthetic,SYN-014199
SES-01131,APP-00635,VAC-0082,entrevista,EV-S1-03,2026-06-24T13:00:00,2026-07-01T15:00:00,programada,,synthetic,SYN-014205
SES-01132,APP-00636,VAC-0082,evaluacion,EV-S1-03,2026-06-17T13:13:00,2026-06-23T15:13:00,programada,,synthetic,SYN-014207
SES-01133,APP-00636,VAC-0082,entrevista,EV-S1-02,2026-06-18T17:00:00,2026-06-25T18:00:00,programada,,synthetic,SYN-014209
SES-01134,APP-00637,VAC-0083,evaluacion,EV-S2-03,2026-03-24T07:39:00,2026-04-01T07:39:00,realizada,2026-04-05T09:39:00,synthetic,SYN-014211
SES-01135,APP-00637,VAC-0083,evaluacion,EV-S2-04,2026-03-26T09:39:00,2026-04-06T10:39:00,realizada,2026-04-09T14:39:00,synthetic,SYN-014221
SES-01136,APP-00637,VAC-0083,entrevista,EV-S2-02,2026-03-30T13:00:00,2026-04-05T19:00:00,programada,,synthetic,SYN-014229
SES-01137,APP-00638,VAC-0083,evaluacion,EV-S2-03,2026-03-30T16:39:00,2026-04-04T17:39:00,realizada,2026-04-05T22:39:00,synthetic,SYN-014231
SES-01138,APP-00638,VAC-0083,evaluacion,EV-S2-01,2026-03-27T16:39:00,2026-04-08T16:39:00,realizada,2026-04-09T19:39:00,synthetic,SYN-014239
SES-01139,APP-00638,VAC-0083,entrevista,EV-S2-03,2026-04-01T17:00:00,2026-04-07T17:00:00,realizada,2026-04-09T18:00:00,synthetic,SYN-014248
SES-01140,APP-00639,VAC-0083,evaluacion,EV-S2-01,2026-03-23T17:57:00,2026-04-01T20:57:00,realizada,2026-04-06T00:57:00,synthetic,SYN-014253
SES-01141,APP-00639,VAC-0083,entrevista,EV-S2-04,2026-04-01T14:00:00,2026-04-05T14:00:00,realizada,2026-04-09T16:00:00,synthetic,SYN-014263
SES-01142,APP-00640,VAC-0083,evaluacion,EV-S2-01,2026-03-23T12:14:00,2026-04-05T17:14:00,realizada,2026-04-07T21:14:00,synthetic,SYN-014269
SES-01143,APP-00641,VAC-0083,evaluacion,EV-S2-03,2026-03-20T07:53:00,2026-04-01T12:53:00,realizada,2026-04-05T13:53:00,synthetic,SYN-014278
SES-01144,APP-00641,VAC-0083,entrevista,EV-S2-03,2026-04-02T09:00:00,2026-04-07T12:00:00,realizada,2026-04-09T15:00:00,synthetic,SYN-014286
SES-01145,APP-00642,VAC-0083,evaluacion,EV-S2-04,2026-03-21T13:41:00,2026-04-01T17:41:00,realizada,2026-04-02T20:41:00,synthetic,SYN-014292
SES-01146,APP-00642,VAC-0083,entrevista,EV-S2-01,2026-04-01T15:00:00,2026-04-05T15:00:00,realizada,2026-04-07T20:00:00,synthetic,SYN-014301
SES-01147,APP-00643,VAC-0083,evaluacion,EV-S2-03,2026-03-19T05:17:00,2026-03-26T08:17:00,realizada,2026-03-29T09:17:00,synthetic,SYN-014307
SES-01148,APP-00643,VAC-0083,entrevista,EV-S2-04,2026-03-27T16:00:00,2026-03-31T16:00:00,realizada,2026-04-04T20:00:00,synthetic,SYN-014315
SES-01149,APP-00644,VAC-0083,evaluacion,EV-S2-02,2026-03-24T10:56:00,2026-03-27T00:00:00,realizada,2026-03-28T01:00:00,synthetic,SYN-014321
SES-01150,APP-00645,VAC-0083,evaluacion,EV-S2-02,2026-03-23T15:46:00,2026-03-31T16:46:00,realizada,2026-03-31T21:46:00,synthetic,SYN-014331
SES-01151,APP-00645,VAC-0083,evaluacion,EV-S2-03,2026-03-25T09:46:00,2026-04-06T09:46:00,realizada,2026-04-06T13:46:00,synthetic,SYN-014340
SES-01152,APP-00646,VAC-0083,evaluacion,EV-S2-04,2026-03-27T00:00:00,2026-04-08T03:00:00,realizada,2026-04-08T05:00:00,synthetic,SYN-014349
SES-01153,APP-00647,VAC-0083,evaluacion,EV-S2-01,2026-03-19T20:27:00,2026-03-22T22:27:00,realizada,2026-03-24T23:27:00,synthetic,SYN-014357
SES-01154,APP-00647,VAC-0083,entrevista,EV-S2-02,2026-03-28T17:00:00,2026-04-10T17:00:00,programada,,synthetic,SYN-014368
SES-01155,APP-00648,VAC-0083,evaluacion,EV-S2-02,2026-03-26T04:05:00,2026-04-01T04:05:00,realizada,2026-04-01T05:05:00,synthetic,SYN-014369
SES-01156,APP-00648,VAC-0083,entrevista,EV-S2-02,2026-03-29T15:00:00,2026-04-11T15:00:00,realizada,2026-04-15T17:00:00,synthetic,SYN-014377
SES-01157,APP-00649,VAC-0083,evaluacion,EV-S2-01,2026-03-13T20:16:00,2026-03-19T20:16:00,realizada,2026-03-20T23:16:00,synthetic,SYN-014382
SES-01158,APP-00649,VAC-0083,entrevista,EV-S2-04,2026-03-30T16:00:00,2026-04-02T18:00:00,realizada,2026-04-02T19:00:00,synthetic,SYN-014388
SES-01159,APP-00650,VAC-0083,evaluacion,EV-S2-04,2026-03-29T19:46:00,2026-04-06T19:46:00,realizada,2026-04-10T23:46:00,synthetic,SYN-014394
SES-01160,APP-00651,VAC-0084,evaluacion,EV-S3-03,2026-06-09T04:24:00,2026-06-21T06:24:00,realizada,2026-06-25T07:24:00,synthetic,SYN-014403
SES-01161,APP-00651,VAC-0084,entrevista,EV-S3-01,2026-06-18T10:00:00,2026-06-30T16:00:00,realizada,2026-07-03T18:00:00,synthetic,SYN-014409
SES-01162,APP-00652,VAC-0084,evaluacion,EV-S3-01,2026-06-11T05:13:00,2026-06-19T05:13:00,realizada,2026-06-21T07:13:00,synthetic,SYN-014415
SES-01163,APP-00652,VAC-0084,entrevista,EV-S3-04,2026-06-19T16:00:00,2026-06-28T20:00:00,realizada,2026-06-28T21:00:00,synthetic,SYN-014419
SES-01164,APP-00653,VAC-0084,evaluacion,EV-S3-04,2026-06-18T23:40:00,2026-06-24T01:40:00,realizada,2026-06-27T02:40:00,synthetic,SYN-014426
SES-01165,APP-00654,VAC-0084,evaluacion,EV-S3-03,2026-06-13T03:37:00,2026-06-24T05:37:00,realizada,2026-06-25T10:37:00,synthetic,SYN-014434
SES-01166,APP-00654,VAC-0084,entrevista,EV-S3-03,2026-06-21T14:00:00,2026-07-05T18:00:00,realizada,2026-07-07T21:00:00,synthetic,SYN-014441
SES-01167,APP-00655,VAC-0084,evaluacion,EV-S3-04,2026-06-16T16:08:00,2026-06-24T16:08:00,programada,,synthetic,SYN-014449
SES-01168,APP-00655,VAC-0084,entrevista,EV-S3-04,2026-06-23T16:00:00,2026-07-06T18:00:00,programada,,synthetic,SYN-014450
SES-01169,APP-00658,VAC-0084,evaluacion,EV-S3-03,2026-06-11T10:21:00,2026-06-15T12:21:00,realizada,2026-06-16T17:21:00,synthetic,SYN-014451
SES-01170,APP-00659,VAC-0084,evaluacion,EV-S3-01,2026-06-22T06:52:00,2026-06-26T10:52:00,realizada,2026-06-29T11:52:00,synthetic,SYN-014459
SES-01171,APP-00659,VAC-0084,entrevista,EV-S3-02,2026-06-24T17:00:00,2026-07-02T18:00:00,realizada,2026-07-05T20:00:00,synthetic,SYN-014464
SES-01172,APP-00660,VAC-0084,evaluacion,EV-S3-04,2026-06-03T11:39:00,2026-06-11T15:39:00,realizada,2026-06-14T18:39:00,synthetic,SYN-014471
SES-01173,APP-00661,VAC-0085,evaluacion,EV-S1-03,2026-02-23T12:18:00,2026-03-06T18:18:00,realizada,2026-03-06T19:18:00,synthetic,SYN-014477
SES-01174,APP-00661,VAC-0085,evaluacion,EV-S1-01,2026-02-20T13:18:00,2026-03-03T15:18:00,realizada,2026-03-03T17:18:00,synthetic,SYN-014482
SES-01175,APP-00661,VAC-0085,entrevista,EV-S1-04,2026-02-25T16:00:00,2026-03-04T20:00:00,realizada,2026-03-04T22:00:00,synthetic,SYN-014489
SES-01176,APP-00662,VAC-0085,evaluacion,EV-S1-04,2026-02-24T09:22:00,2026-02-26T10:22:00,realizada,2026-03-02T15:22:00,synthetic,SYN-014495
SES-01177,APP-00662,VAC-0085,entrevista,EV-S1-02,2026-02-28T10:00:00,2026-03-05T16:00:00,realizada,2026-03-05T20:00:00,synthetic,SYN-014501
SES-01178,APP-00663,VAC-0085,evaluacion,EV-S1-04,2026-02-24T10:28:00,2026-02-26T10:28:00,programada,,synthetic,SYN-014507
SES-01179,APP-00664,VAC-0085,evaluacion,EV-S1-02,2026-02-18T02:19:00,2026-02-22T05:19:00,realizada,2026-02-26T09:19:00,synthetic,SYN-014509
SES-01180,APP-00664,VAC-0085,entrevista,EV-S1-03,2026-02-25T11:00:00,2026-03-09T15:00:00,realizada,2026-03-12T17:00:00,synthetic,SYN-014515
SES-01181,APP-00665,VAC-0085,evaluacion,EV-S1-03,2026-02-21T22:05:00,2026-03-05T22:05:00,realizada,2026-03-05T23:05:00,synthetic,SYN-014522
SES-01182,APP-00665,VAC-0085,entrevista,EV-S1-02,2026-03-02T17:00:00,2026-03-11T18:00:00,realizada,2026-03-12T23:00:00,synthetic,SYN-014528
SES-01183,APP-00666,VAC-0085,evaluacion,EV-S1-01,2026-02-18T14:51:00,2026-03-01T15:51:00,realizada,2026-03-04T19:51:00,synthetic,SYN-014533
SES-01184,APP-00666,VAC-0085,entrevista,EV-S1-02,2026-02-25T13:00:00,2026-03-02T18:00:00,realizada,2026-03-02T23:00:00,synthetic,SYN-014538
SES-01185,APP-00667,VAC-0085,evaluacion,EV-S1-02,2026-02-18T12:14:00,2026-03-02T16:14:00,programada,,synthetic,SYN-014546
SES-01186,APP-00668,VAC-0085,evaluacion,EV-S1-01,2026-02-25T19:17:00,2026-03-03T22:17:00,programada,,synthetic,SYN-014547
SES-01187,APP-00668,VAC-0085,entrevista,EV-S1-01,2026-02-28T15:00:00,2026-03-05T17:00:00,realizada,2026-03-05T18:00:00,synthetic,SYN-014548
SES-01188,APP-00670,VAC-0086,evaluacion,EV-S2-01,2026-05-22T10:03:00,2026-06-01T13:03:00,realizada,2026-06-05T17:03:00,synthetic,SYN-014557
SES-01189,APP-00670,VAC-0086,entrevista,EV-S2-01,2026-06-03T13:00:00,2026-06-12T19:00:00,programada,,synthetic,SYN-014562
SES-01190,APP-00671,VAC-0086,evaluacion,EV-S2-03,2026-05-26T21:48:00,2026-05-31T03:48:00,realizada,2026-06-04T05:48:00,synthetic,SYN-014564
SES-01191,APP-00672,VAC-0086,evaluacion,EV-S2-02,2026-05-29T00:00:00,2026-06-03T02:00:00,realizada,2026-06-03T03:00:00,synthetic,SYN-014570
SES-01192,APP-00672,VAC-0086,entrevista,EV-S2-01,2026-05-30T12:00:00,2026-06-13T16:00:00,realizada,2026-06-15T17:00:00,synthetic,SYN-014576
SES-01193,APP-00673,VAC-0087,evaluacion,EV-S3-02,2026-03-22T10:39:00,2026-03-27T15:39:00,realizada,2026-03-31T19:39:00,synthetic,SYN-014582
SES-01194,APP-00675,VAC-0087,evaluacion,EV-S3-02,2026-03-16T04:49:00,2026-03-24T04:49:00,realizada,2026-03-24T07:49:00,synthetic,SYN-014588
SES-01195,APP-00675,VAC-0087,entrevista,EV-S3-04,2026-03-23T15:00:00,2026-04-04T15:00:00,realizada,2026-04-04T16:00:00,synthetic,SYN-014594
SES-01196,APP-00676,VAC-0087,evaluacion,EV-S3-03,2026-03-16T18:59:00,2026-03-25T23:59:00,realizada,2026-03-28T00:59:00,synthetic,SYN-014600
SES-01197,APP-00677,VAC-0087,evaluacion,EV-S3-03,2026-03-21T02:18:00,2026-03-28T07:18:00,realizada,2026-03-31T08:18:00,synthetic,SYN-014607
SES-01198,APP-00677,VAC-0087,entrevista,EV-S3-02,2026-03-25T12:00:00,2026-04-07T17:00:00,realizada,2026-04-10T22:00:00,synthetic,SYN-014615
SES-01199,APP-00678,VAC-0088,evaluacion,EV-S1-03,2026-01-14T14:39:00,2026-01-19T16:39:00,realizada,2026-01-20T21:39:00,synthetic,SYN-014621
SES-01200,APP-00678,VAC-0088,entrevista,EV-S1-04,2026-01-15T09:00:00,2026-01-21T09:00:00,realizada,2026-01-22T14:00:00,synthetic,SYN-014631
SES-01201,APP-00679,VAC-0088,evaluacion,EV-S1-04,2026-01-13T16:46:00,2026-01-20T19:46:00,realizada,2026-01-21T22:46:00,synthetic,SYN-014638
SES-01202,APP-00679,VAC-0088,entrevista,EV-S1-03,2026-01-14T14:00:00,2026-01-19T16:00:00,realizada,2026-01-23T19:00:00,synthetic,SYN-014647
SES-01203,APP-00680,VAC-0088,evaluacion,EV-S1-01,2026-01-12T11:16:00,2026-01-16T15:16:00,realizada,2026-01-18T16:16:00,synthetic,SYN-014654
SES-01204,APP-00680,VAC-0088,entrevista,EV-S1-03,2026-01-19T09:00:00,2026-01-28T10:00:00,programada,,synthetic,SYN-014665
SES-01205,APP-00681,VAC-0088,evaluacion,EV-S1-04,2026-01-13T07:50:00,2026-01-20T11:50:00,realizada,2026-01-21T14:50:00,synthetic,SYN-014666
SES-01206,APP-00681,VAC-0088,evaluacion,EV-S1-02,2026-01-12T06:50:00,2026-01-23T12:50:00,realizada,2026-01-23T14:50:00,synthetic,SYN-014676
SES-01207,APP-00681,VAC-0088,entrevista,EV-S1-04,2026-01-16T13:00:00,2026-01-23T19:00:00,realizada,2026-01-24T22:00:00,synthetic,SYN-014687
SES-01208,APP-00682,VAC-0088,evaluacion,EV-S1-03,2026-01-13T16:32:00,2026-01-23T18:32:00,programada,,synthetic,SYN-014694
SES-01209,APP-00682,VAC-0088,entrevista,EV-S1-02,2026-01-18T17:00:00,2026-01-30T18:00:00,programada,,synthetic,SYN-014697
SES-01210,APP-00683,VAC-0088,evaluacion,EV-S1-04,2026-01-15T16:09:00,2026-01-26T20:09:00,realizada,2026-01-30T00:09:00,synthetic,SYN-014699
SES-01211,APP-00683,VAC-0088,entrevista,EV-S1-01,2026-01-17T09:00:00,2026-01-19T13:00:00,realizada,2026-01-23T16:00:00,synthetic,SYN-014707
SES-01212,APP-00684,VAC-0088,evaluacion,EV-S1-03,2026-01-12T07:39:00,2026-01-15T13:39:00,realizada,2026-01-18T18:39:00,synthetic,SYN-014712
SES-01213,APP-00684,VAC-0088,entrevista,EV-S1-01,2026-01-17T17:00:00,2026-01-25T17:00:00,realizada,2026-01-28T21:00:00,synthetic,SYN-014720
SES-01214,APP-00685,VAC-0088,evaluacion,EV-S1-02,2026-01-18T12:26:00,2026-01-24T12:26:00,realizada,2026-01-26T15:26:00,synthetic,SYN-014725
SES-01215,APP-00685,VAC-0088,entrevista,EV-S1-03,2026-01-16T09:00:00,2026-01-23T11:00:00,realizada,2026-01-24T16:00:00,synthetic,SYN-014731
SES-01216,APP-00686,VAC-0089,evaluacion,EV-S2-04,2026-02-21T00:00:00,2026-02-23T04:00:00,realizada,2026-02-23T09:00:00,synthetic,SYN-014736
SES-01217,APP-00686,VAC-0089,entrevista,EV-S2-03,2026-02-27T12:00:00,2026-03-11T15:00:00,realizada,2026-03-11T19:00:00,synthetic,SYN-014744
SES-01218,APP-00687,VAC-0089,evaluacion,EV-S2-01,2026-02-16T13:24:00,2026-02-26T19:24:00,realizada,2026-02-27T20:24:00,synthetic,SYN-014752
SES-01219,APP-00687,VAC-0089,entrevista,EV-S2-01,2026-02-22T11:00:00,2026-03-03T15:00:00,realizada,2026-03-06T20:00:00,synthetic,SYN-014762
SES-01220,APP-00688,VAC-0089,evaluacion,EV-S2-01,2026-02-19T08:07:00,2026-02-22T11:07:00,realizada,2026-02-26T13:07:00,synthetic,SYN-014768
SES-01221,APP-00688,VAC-0089,entrevista,EV-S2-04,2026-02-22T15:00:00,2026-02-24T20:00:00,realizada,2026-02-28T22:00:00,synthetic,SYN-014777
SES-01222,APP-00689,VAC-0089,evaluacion,EV-S2-01,2026-02-17T02:02:00,2026-02-27T08:02:00,realizada,2026-02-27T11:02:00,synthetic,SYN-014785
SES-01223,APP-00690,VAC-0089,evaluacion,EV-S2-01,2026-02-17T07:08:00,2026-02-26T11:08:00,realizada,2026-03-01T16:08:00,synthetic,SYN-014794
SES-01224,APP-00690,VAC-0089,entrevista,EV-S2-01,2026-02-27T14:00:00,2026-03-07T15:00:00,realizada,2026-03-11T18:00:00,synthetic,SYN-014802
SES-01225,APP-00693,VAC-0089,evaluacion,EV-S2-04,2026-02-22T11:32:00,2026-03-05T11:32:00,realizada,2026-03-06T14:32:00,synthetic,SYN-014808
SES-01226,APP-00693,VAC-0089,evaluacion,EV-S2-02,2026-02-19T09:32:00,2026-02-22T10:32:00,realizada,2026-02-23T13:32:00,synthetic,SYN-014819
SES-01227,APP-00693,VAC-0089,entrevista,EV-S2-03,2026-02-23T16:00:00,2026-03-05T19:00:00,realizada,2026-03-09T23:00:00,synthetic,SYN-014829
SES-01228,APP-00694,VAC-0090,evaluacion,EV-S3-02,2026-07-21T20:54:00,2026-08-03T21:54:00,realizada,2026-08-04T02:54:00,synthetic,SYN-014836
SES-01229,APP-00694,VAC-0090,entrevista,EV-S3-03,2026-07-26T14:00:00,2026-08-06T18:00:00,programada,,synthetic,SYN-014843
SES-01230,APP-00695,VAC-0090,evaluacion,EV-S3-04,2026-07-20T04:00:00,2026-07-25T06:00:00,realizada,2026-07-29T08:00:00,synthetic,SYN-014845
SES-01231,APP-00695,VAC-0090,entrevista,EV-S3-03,2026-07-24T16:00:00,2026-07-30T22:00:00,programada,,synthetic,SYN-014851
SES-01232,APP-00696,VAC-0090,evaluacion,EV-S3-04,2026-07-16T22:42:00,2026-07-23T23:42:00,realizada,2026-07-27T01:42:00,synthetic,SYN-014852
SES-01233,APP-00696,VAC-0090,entrevista,EV-S3-02,2026-07-25T10:00:00,2026-08-08T11:00:00,programada,,synthetic,SYN-014859
SES-01234,APP-00698,VAC-0090,evaluacion,EV-S3-03,2026-07-21T23:08:00,2026-07-30T01:08:00,realizada,2026-08-02T06:08:00,synthetic,SYN-014861
SES-01235,APP-00698,VAC-0090,entrevista,EV-S3-03,2026-07-22T14:00:00,2026-08-05T15:00:00,realizada,2026-08-05T16:00:00,synthetic,SYN-014867
SES-01236,APP-00699,VAC-0090,evaluacion,EV-S3-03,2026-07-21T00:00:00,2026-07-26T00:00:00,programada,,synthetic,SYN-014874
SES-01237,APP-00700,VAC-0090,evaluacion,EV-S3-03,2026-07-10T18:57:00,2026-07-18T18:57:00,realizada,2026-07-18T20:57:00,synthetic,SYN-014876
SES-01238,APP-00700,VAC-0090,entrevista,EV-S3-03,2026-07-26T11:00:00,2026-08-01T13:00:00,realizada,2026-08-02T16:00:00,synthetic,SYN-014884
SES-01239,APP-00702,VAC-0091,evaluacion,EV-S1-01,2026-02-06T00:00:00,2026-02-08T05:00:00,realizada,2026-02-09T10:00:00,synthetic,SYN-014889
SES-01240,APP-00702,VAC-0091,evaluacion,EV-S1-02,2026-01-30T11:32:00,2026-02-06T13:32:00,realizada,2026-02-08T15:32:00,synthetic,SYN-014896
SES-01241,APP-00703,VAC-0091,evaluacion,EV-S1-02,2026-02-01T11:26:00,2026-02-09T13:26:00,realizada,2026-02-10T17:26:00,synthetic,SYN-014902
SES-01242,APP-00704,VAC-0091,evaluacion,EV-S1-01,2026-02-02T00:44:00,2026-02-07T01:44:00,realizada,2026-02-11T02:44:00,synthetic,SYN-014908
SES-01243,APP-00705,VAC-0091,evaluacion,EV-S1-01,2026-01-29T15:36:00,2026-02-06T18:36:00,realizada,2026-02-09T23:36:00,synthetic,SYN-014914
SES-01244,APP-00706,VAC-0091,evaluacion,EV-S1-03,2026-02-06T22:28:00,2026-02-14T03:28:00,realizada,2026-02-16T07:28:00,synthetic,SYN-014921
SES-01245,APP-00706,VAC-0091,entrevista,EV-S1-01,2026-02-10T09:00:00,2026-02-20T10:00:00,realizada,2026-02-23T15:00:00,synthetic,SYN-014928
SES-01246,APP-00707,VAC-0091,evaluacion,EV-S1-01,2026-02-07T06:29:00,2026-02-12T07:29:00,realizada,2026-02-15T10:29:00,synthetic,SYN-014933
SES-01247,APP-00707,VAC-0091,evaluacion,EV-S1-02,2026-02-07T03:29:00,2026-02-16T08:29:00,realizada,2026-02-17T11:29:00,synthetic,SYN-014939
SES-01248,APP-00707,VAC-0091,entrevista,EV-S1-02,2026-02-09T11:00:00,2026-02-16T12:00:00,realizada,2026-02-18T17:00:00,synthetic,SYN-014944
SES-01249,APP-00710,VAC-0091,evaluacion,EV-S1-01,2026-02-05T12:19:00,2026-02-10T16:19:00,realizada,2026-02-11T19:19:00,synthetic,SYN-014951
SES-01250,APP-00710,VAC-0091,entrevista,EV-S1-04,2026-02-10T13:00:00,2026-02-19T15:00:00,realizada,2026-02-21T16:00:00,synthetic,SYN-014957
SES-01251,APP-00711,VAC-0091,evaluacion,EV-S1-02,2026-02-10T03:18:00,2026-02-12T09:18:00,realizada,2026-02-12T11:18:00,synthetic,SYN-014963
SES-01252,APP-00711,VAC-0091,evaluacion,EV-S1-03,2026-02-09T00:18:00,2026-02-15T01:18:00,realizada,2026-02-16T03:18:00,synthetic,SYN-014970
SES-01253,APP-00711,VAC-0091,entrevista,EV-S1-01,2026-02-06T17:00:00,2026-02-11T18:00:00,realizada,2026-02-11T22:00:00,synthetic,SYN-014975
SES-01254,APP-00712,VAC-0091,evaluacion,EV-S1-02,2026-02-02T13:43:00,2026-02-04T14:43:00,realizada,2026-02-07T17:43:00,synthetic,SYN-014982
SES-01255,APP-00712,VAC-0091,entrevista,EV-S1-04,2026-02-09T14:00:00,2026-02-17T17:00:00,realizada,2026-02-17T20:00:00,synthetic,SYN-014990
SES-01256,APP-00713,VAC-0091,evaluacion,EV-S1-02,2026-02-03T23:17:00,2026-02-09T23:17:00,realizada,2026-02-12T02:17:00,synthetic,SYN-014996
SES-01257,APP-00714,VAC-0091,evaluacion,EV-S1-01,2026-01-29T14:40:00,2026-02-06T00:00:00,realizada,2026-02-06T05:00:00,synthetic,SYN-015000
SES-01258,APP-00714,VAC-0091,entrevista,EV-S1-02,2026-02-07T15:00:00,2026-02-09T20:00:00,realizada,2026-02-11T01:00:00,synthetic,SYN-015006
SES-01259,APP-00715,VAC-0092,evaluacion,EV-S2-02,2026-07-12T18:14:00,2026-07-24T18:14:00,realizada,2026-07-24T21:14:00,synthetic,SYN-015012
SES-01260,APP-00716,VAC-0092,evaluacion,EV-S2-04,2026-07-12T23:37:00,2026-07-27T05:37:00,realizada,2026-07-30T07:37:00,synthetic,SYN-015023
SES-01261,APP-00716,VAC-0092,entrevista,EV-S2-03,2026-07-21T11:00:00,2026-08-01T17:00:00,realizada,2026-08-05T19:00:00,synthetic,SYN-015034
SES-01262,APP-00717,VAC-0092,evaluacion,EV-S2-03,2026-07-13T07:31:00,2026-07-19T09:31:00,realizada,2026-07-20T11:31:00,synthetic,SYN-015043
SES-01263,APP-00718,VAC-0093,evaluacion,EV-S3-02,2026-07-30T20:09:00,2026-08-11T23:09:00,realizada,2026-08-12T03:09:00,synthetic,SYN-015053
SES-01264,APP-00718,VAC-0093,entrevista,EV-S3-02,2026-07-30T14:00:00,2026-08-09T17:00:00,realizada,2026-08-11T20:00:00,synthetic,SYN-015062
SES-01265,APP-00719,VAC-0093,evaluacion,EV-S3-01,2026-07-25T06:17:00,2026-08-07T07:17:00,realizada,2026-08-09T10:17:00,synthetic,SYN-015068
SES-01266,APP-00719,VAC-0093,entrevista,EV-S3-03,2026-07-30T13:00:00,2026-08-09T18:00:00,realizada,2026-08-13T22:00:00,synthetic,SYN-015077
SES-01267,APP-00720,VAC-0093,evaluacion,EV-S3-02,2026-07-26T14:19:00,2026-08-01T19:19:00,realizada,2026-08-01T23:19:00,synthetic,SYN-015082
SES-01268,APP-00720,VAC-0093,entrevista,EV-S3-01,2026-08-05T14:00:00,2026-08-20T19:00:00,realizada,2026-08-20T22:00:00,synthetic,SYN-015089
SES-01269,APP-00721,VAC-0094,evaluacion,EV-S1-01,2026-07-17T11:39:00,2026-07-24T17:39:00,realizada,2026-07-25T21:39:00,synthetic,SYN-015096
SES-01270,APP-00721,VAC-0094,evaluacion,EV-S1-04,2026-07-17T13:39:00,2026-07-30T15:39:00,realizada,2026-08-02T19:39:00,synthetic,SYN-015102
SES-01271,APP-00721,VAC-0094,entrevista,EV-S1-03,2026-07-13T17:00:00,2026-07-20T23:00:00,realizada,2026-07-22T03:00:00,synthetic,SYN-015107
SES-01272,APP-00722,VAC-0094,evaluacion,EV-S1-02,2026-07-08T22:27:00,2026-07-19T00:27:00,realizada,2026-07-19T04:27:00,synthetic,SYN-015113
SES-01273,APP-00722,VAC-0094,entrevista,EV-S1-01,2026-07-19T14:00:00,2026-08-01T14:00:00,realizada,2026-08-05T15:00:00,synthetic,SYN-015121
SES-01274,APP-00723,VAC-0094,evaluacion,EV-S1-03,2026-07-13T00:00:00,2026-07-22T05:00:00,realizada,2026-07-26T06:00:00,synthetic,SYN-015126
SES-01275,APP-00723,VAC-0094,evaluacion,EV-S1-01,2026-07-11T22:11:00,2026-07-18T01:11:00,programada,,synthetic,SYN-015133
SES-01276,APP-00723,VAC-0094,entrevista,EV-S1-02,2026-07-16T16:00:00,2026-07-28T20:00:00,realizada,2026-07-31T00:00:00,synthetic,SYN-015135
SES-01277,APP-00724,VAC-0094,evaluacion,EV-S1-04,2026-06-26T23:23:00,2026-07-01T02:23:00,realizada,2026-07-03T03:23:00,synthetic,SYN-015142
SES-01278,APP-00724,VAC-0094,entrevista,EV-S1-02,2026-07-14T10:00:00,2026-07-28T11:00:00,realizada,2026-07-28T13:00:00,synthetic,SYN-015150
SES-01279,APP-00725,VAC-0094,evaluacion,EV-S1-04,2026-07-13T08:12:00,2026-07-24T10:12:00,realizada,2026-07-25T14:12:00,synthetic,SYN-015157
SES-01280,APP-00725,VAC-0094,entrevista,EV-S1-01,2026-07-16T10:00:00,2026-07-30T16:00:00,programada,,synthetic,SYN-015163
SES-01281,APP-00726,VAC-0094,evaluacion,EV-S1-03,2026-07-12T10:30:00,2026-07-25T16:30:00,realizada,2026-07-25T21:30:00,synthetic,SYN-015165
SES-01282,APP-00726,VAC-0094,entrevista,EV-S1-02,2026-07-16T12:00:00,2026-07-24T18:00:00,realizada,2026-07-26T22:00:00,synthetic,SYN-015170
SES-01283,APP-00727,VAC-0094,evaluacion,EV-S1-04,2026-07-14T12:57:00,2026-07-28T18:57:00,realizada,2026-07-30T21:57:00,synthetic,SYN-015173
SES-01284,APP-00727,VAC-0094,evaluacion,EV-S1-03,2026-07-14T13:57:00,2026-07-23T13:57:00,realizada,2026-07-23T16:57:00,synthetic,SYN-015179
SES-01285,APP-00728,VAC-0094,evaluacion,EV-S1-03,2026-07-14T04:16:00,2026-07-24T04:16:00,realizada,2026-07-27T05:16:00,synthetic,SYN-015185
SES-01286,APP-00730,VAC-0094,evaluacion,EV-S1-04,2026-07-04T18:11:00,2026-07-10T18:11:00,realizada,2026-07-14T20:11:00,synthetic,SYN-015192
SES-01287,APP-00730,VAC-0094,entrevista,EV-S1-02,2026-07-16T16:00:00,2026-07-22T19:00:00,realizada,2026-07-22T21:00:00,synthetic,SYN-015198
SES-01288,APP-00731,VAC-0094,evaluacion,EV-S1-02,2026-07-05T02:08:00,2026-07-16T04:08:00,realizada,2026-07-19T09:08:00,synthetic,SYN-015207
SES-01289,APP-00731,VAC-0094,entrevista,EV-S1-02,2026-07-19T13:00:00,2026-07-27T14:00:00,programada,,synthetic,SYN-015215
SES-01290,APP-00732,VAC-0094,evaluacion,EV-S1-03,2026-07-13T00:00:00,2026-07-22T06:00:00,realizada,2026-07-26T07:00:00,synthetic,SYN-015216
SES-01291,APP-00732,VAC-0094,entrevista,EV-S1-04,2026-07-15T11:00:00,2026-07-27T17:00:00,realizada,2026-07-31T20:00:00,synthetic,SYN-015221
SES-01292,APP-00733,VAC-0094,evaluacion,EV-S1-01,2026-07-15T06:46:00,2026-07-26T10:46:00,realizada,2026-07-30T12:46:00,synthetic,SYN-015227
SES-01293,APP-00733,VAC-0094,entrevista,EV-S1-02,2026-07-15T10:00:00,2026-07-23T13:00:00,realizada,2026-07-26T14:00:00,synthetic,SYN-015235
SES-01294,APP-00734,VAC-0095,evaluacion,EV-S2-02,2026-03-17T22:07:00,2026-03-22T00:07:00,realizada,2026-03-22T01:07:00,synthetic,SYN-015243
SES-01295,APP-00734,VAC-0095,entrevista,EV-S2-01,2026-03-28T13:00:00,2026-03-31T18:00:00,realizada,2026-04-01T23:00:00,synthetic,SYN-015251
SES-01296,APP-00735,VAC-0095,evaluacion,EV-S2-01,2026-03-20T07:39:00,2026-03-29T12:39:00,realizada,2026-04-02T17:39:00,synthetic,SYN-015263
SES-01297,APP-00736,VAC-0095,evaluacion,EV-S2-03,2026-03-16T19:49:00,2026-03-25T20:49:00,realizada,2026-03-29T22:49:00,synthetic,SYN-015272
SES-01298,APP-00737,VAC-0095,evaluacion,EV-S2-03,2026-03-12T08:33:00,2026-03-19T11:33:00,realizada,2026-03-19T13:33:00,synthetic,SYN-015280
SES-01299,APP-00737,VAC-0095,entrevista,EV-S2-02,2026-03-26T14:00:00,2026-03-31T19:00:00,realizada,2026-03-31T21:00:00,synthetic,SYN-015289
SES-01300,APP-00738,VAC-0095,evaluacion,EV-S2-02,2026-03-13T06:16:00,2026-03-19T08:16:00,realizada,2026-03-23T12:16:00,synthetic,SYN-015300
SES-01301,APP-00738,VAC-0095,entrevista,EV-S2-02,2026-03-25T12:00:00,2026-03-28T14:00:00,realizada,2026-03-30T19:00:00,synthetic,SYN-015309
SES-01302,APP-00741,VAC-0095,evaluacion,EV-S2-04,2026-03-24T23:35:00,2026-04-04T05:35:00,realizada,2026-04-04T09:35:00,synthetic,SYN-015317
SES-01303,APP-00741,VAC-0095,entrevista,EV-S2-04,2026-03-22T15:00:00,2026-04-02T15:00:00,realizada,2026-04-05T19:00:00,synthetic,SYN-015326
SES-01304,APP-00742,VAC-0095,evaluacion,EV-S2-01,2026-03-09T05:55:00,2026-03-21T11:55:00,realizada,2026-03-21T15:55:00,synthetic,SYN-015338
SES-01305,APP-00743,VAC-0095,evaluacion,EV-S2-04,2026-03-21T05:55:00,2026-03-26T07:55:00,realizada,2026-03-28T11:55:00,synthetic,SYN-015348
SES-01306,APP-00743,VAC-0095,evaluacion,EV-S2-01,2026-03-17T23:55:00,2026-03-23T03:55:00,realizada,2026-03-24T07:55:00,synthetic,SYN-015356
SES-01307,APP-00743,VAC-0095,entrevista,EV-S2-02,2026-03-23T13:00:00,2026-03-30T18:00:00,programada,,synthetic,SYN-015365
SES-01308,APP-00744,VAC-0095,evaluacion,EV-S2-01,2026-03-17T07:47:00,2026-03-29T13:47:00,realizada,2026-03-31T18:47:00,synthetic,SYN-015367
SES-01309,APP-00744,VAC-0095,entrevista,EV-S2-03,2026-03-24T11:00:00,2026-04-05T17:00:00,realizada,2026-04-06T18:00:00,synthetic,SYN-015376
SES-01310,APP-00745,VAC-0095,evaluacion,EV-S2-03,2026-03-04T20:43:00,2026-03-07T22:43:00,realizada,2026-03-09T02:43:00,synthetic,SYN-015384
SES-01311,APP-00745,VAC-0095,entrevista,EV-S2-02,2026-03-28T12:00:00,2026-04-04T18:00:00,realizada,2026-04-08T20:00:00,synthetic,SYN-015395
SES-01312,APP-00746,VAC-0095,evaluacion,EV-S2-02,2026-03-11T23:07:00,2026-03-17T01:07:00,realizada,2026-03-20T04:07:00,synthetic,SYN-015404
SES-01313,APP-00746,VAC-0095,entrevista,EV-S2-03,2026-03-27T14:00:00,2026-03-31T19:00:00,realizada,2026-04-01T21:00:00,synthetic,SYN-015415
SES-01314,APP-00747,VAC-0095,evaluacion,EV-S2-03,2026-03-06T09:13:00,2026-03-12T11:13:00,realizada,2026-03-13T12:13:00,synthetic,SYN-015423
SES-01315,APP-00747,VAC-0095,entrevista,EV-S2-03,2026-03-23T14:00:00,2026-03-31T16:00:00,realizada,2026-04-03T17:00:00,synthetic,SYN-015433
SES-01316,APP-00748,VAC-0096,evaluacion,EV-S3-03,2026-04-03T21:53:00,2026-04-06T21:53:00,realizada,2026-04-11T01:53:00,synthetic,SYN-015444
SES-01317,APP-00748,VAC-0096,entrevista,EV-S3-03,2026-04-08T10:00:00,2026-04-19T16:00:00,programada,,synthetic,SYN-015452
SES-01318,APP-00749,VAC-0096,evaluacion,EV-S3-01,2026-03-27T05:36:00,2026-04-08T05:36:00,realizada,2026-04-12T07:36:00,synthetic,SYN-015453
SES-01319,APP-00749,VAC-0096,entrevista,EV-S3-03,2026-04-09T14:00:00,2026-04-12T17:00:00,programada,,synthetic,SYN-015462
SES-01320,APP-00750,VAC-0096,evaluacion,EV-S3-03,2026-04-02T01:38:00,2026-04-06T01:38:00,realizada,2026-04-08T03:38:00,synthetic,SYN-015463
SES-01321,APP-00750,VAC-0096,entrevista,EV-S3-01,2026-04-08T14:00:00,2026-04-19T17:00:00,realizada,2026-04-20T19:00:00,synthetic,SYN-015470
SES-01322,APP-00751,VAC-0096,evaluacion,EV-S3-02,2026-04-04T00:00:00,2026-04-12T04:00:00,programada,,synthetic,SYN-015476
SES-01323,APP-00752,VAC-0096,evaluacion,EV-S3-01,2026-03-30T09:35:00,2026-04-06T15:35:00,realizada,2026-04-07T16:35:00,synthetic,SYN-015478
SES-01324,APP-00752,VAC-0096,entrevista,EV-S3-03,2026-04-09T12:00:00,2026-04-16T13:00:00,programada,,synthetic,SYN-015488
SES-01325,APP-00753,VAC-0096,evaluacion,EV-S3-01,2026-03-27T20:49:00,2026-04-09T01:49:00,realizada,2026-04-12T06:49:00,synthetic,SYN-015489
SES-01326,APP-00754,VAC-0097,evaluacion,EV-S1-03,2026-06-12T21:47:00,2026-06-20T23:47:00,realizada,2026-06-23T00:47:00,synthetic,SYN-015500
SES-01327,APP-00754,VAC-0097,entrevista,EV-S1-04,2026-06-14T11:00:00,2026-06-27T17:00:00,realizada,2026-06-27T19:00:00,synthetic,SYN-015506
SES-01328,APP-00755,VAC-0097,evaluacion,EV-S1-02,2026-06-08T04:23:00,2026-06-17T10:23:00,realizada,2026-06-17T14:23:00,synthetic,SYN-015511
SES-01329,APP-00755,VAC-0097,evaluacion,EV-S1-01,2026-06-08T03:23:00,2026-06-20T08:23:00,realizada,2026-06-22T13:23:00,synthetic,SYN-015517
SES-01330,APP-00755,VAC-0097,entrevista,EV-S1-03,2026-06-12T11:00:00,2026-06-17T12:00:00,realizada,2026-06-19T14:00:00,synthetic,SYN-015523
SES-01331,APP-00756,VAC-0097,evaluacion,EV-S1-04,2026-06-13T06:28:00,2026-06-18T12:28:00,realizada,2026-06-21T16:28:00,synthetic,SYN-015530
SES-01332,APP-00756,VAC-0097,evaluacion,EV-S1-03,2026-06-12T00:00:00,2026-06-19T04:00:00,realizada,2026-06-22T07:00:00,synthetic,SYN-015536
SES-01333,APP-00756,VAC-0097,entrevista,EV-S1-02,2026-06-13T09:00:00,2026-06-26T11:00:00,realizada,2026-06-28T14:00:00,synthetic,SYN-015544
SES-01334,APP-00757,VAC-0097,evaluacion,EV-S1-02,2026-06-05T04:02:00,2026-06-18T07:02:00,realizada,2026-06-20T12:02:00,synthetic,SYN-015551
SES-01335,APP-00757,VAC-0097,entrevista,EV-S1-04,2026-06-17T14:00:00,2026-06-29T15:00:00,realizada,2026-07-01T16:00:00,synthetic,SYN-015559
SES-01336,APP-00758,VAC-0097,evaluacion,EV-S1-01,2026-06-10T12:13:00,2026-06-21T14:13:00,realizada,2026-06-22T15:13:00,synthetic,SYN-015566
SES-01337,APP-00758,VAC-0097,entrevista,EV-S1-04,2026-06-12T15:00:00,2026-06-22T17:00:00,realizada,2026-06-23T22:00:00,synthetic,SYN-015573
SES-01338,APP-00759,VAC-0097,evaluacion,EV-S1-01,2026-06-08T16:32:00,2026-06-17T16:32:00,realizada,2026-06-21T17:32:00,synthetic,SYN-015577
SES-01339,APP-00760,VAC-0097,evaluacion,EV-S1-03,2026-06-12T00:00:00,2026-06-22T04:00:00,realizada,2026-06-23T07:00:00,synthetic,SYN-015584
SES-01340,APP-00761,VAC-0097,evaluacion,EV-S1-03,2026-06-05T14:17:00,2026-06-11T17:17:00,realizada,2026-06-15T18:17:00,synthetic,SYN-015591
SES-01341,APP-00761,VAC-0097,entrevista,EV-S1-03,2026-06-14T15:00:00,2026-06-27T17:00:00,realizada,2026-06-27T19:00:00,synthetic,SYN-015599
SES-01342,APP-00762,VAC-0097,evaluacion,EV-S1-02,2026-06-11T01:36:00,2026-06-24T05:36:00,realizada,2026-06-25T08:36:00,synthetic,SYN-015607
SES-01343,APP-00762,VAC-0097,entrevista,EV-S1-03,2026-06-18T10:00:00,2026-06-28T14:00:00,realizada,2026-06-30T18:00:00,synthetic,SYN-015615
SES-01344,APP-00764,VAC-0097,evaluacion,EV-S1-01,2026-06-08T02:35:00,2026-06-19T04:35:00,realizada,2026-06-23T08:35:00,synthetic,SYN-015620
SES-01345,APP-00764,VAC-0097,entrevista,EV-S1-01,2026-06-13T12:00:00,2026-06-22T13:00:00,realizada,2026-06-22T16:00:00,synthetic,SYN-015626
SES-01346,APP-00766,VAC-0097,evaluacion,EV-S1-04,2026-06-04T21:49:00,2026-06-10T01:49:00,realizada,2026-06-11T02:49:00,synthetic,SYN-015634
SES-01347,APP-00766,VAC-0097,entrevista,EV-S1-03,2026-06-13T15:00:00,2026-06-21T15:00:00,realizada,2026-06-25T18:00:00,synthetic,SYN-015642
SES-01348,APP-00767,VAC-0097,evaluacion,EV-S1-02,2026-06-01T08:23:00,2026-06-06T14:23:00,realizada,2026-06-08T18:23:00,synthetic,SYN-015648
SES-01349,APP-00767,VAC-0097,entrevista,EV-S1-01,2026-06-17T12:00:00,2026-06-27T12:00:00,realizada,2026-06-27T14:00:00,synthetic,SYN-015654
SES-01350,APP-00768,VAC-0098,evaluacion,EV-S2-04,2026-03-10T00:00:00,2026-03-20T03:00:00,programada,,synthetic,SYN-015661
SES-01351,APP-00768,VAC-0098,entrevista,EV-S2-03,2026-03-10T10:00:00,2026-03-20T10:00:00,realizada,2026-03-21T15:00:00,synthetic,SYN-015662
SES-01352,APP-00769,VAC-0098,evaluacion,EV-S2-01,2026-03-02T05:07:00,2026-03-12T06:07:00,programada,,synthetic,SYN-015672
SES-01353,APP-00769,VAC-0098,evaluacion,EV-S2-04,2026-02-28T22:07:00,2026-03-11T01:07:00,realizada,2026-03-13T03:07:00,synthetic,SYN-015675
SES-01354,APP-00769,VAC-0098,entrevista,EV-S2-03,2026-03-13T11:00:00,2026-03-25T15:00:00,realizada,2026-03-25T20:00:00,synthetic,SYN-015685
SES-01355,APP-00770,VAC-0098,evaluacion,EV-S2-02,2026-02-23T21:14:00,2026-03-03T02:14:00,realizada,2026-03-05T07:14:00,synthetic,SYN-015691
SES-01356,APP-00770,VAC-0098,entrevista,EV-S2-01,2026-03-10T16:00:00,2026-03-14T20:00:00,realizada,2026-03-15T22:00:00,synthetic,SYN-015698
SES-01357,APP-00771,VAC-0098,evaluacion,EV-S2-02,2026-03-03T10:40:00,2026-03-08T15:40:00,realizada,2026-03-12T19:40:00,synthetic,SYN-015706
SES-01358,APP-00771,VAC-0098,entrevista,EV-S2-03,2026-03-12T15:00:00,2026-03-22T19:00:00,realizada,2026-03-25T22:00:00,synthetic,SYN-015713
SES-01359,APP-00772,VAC-0098,evaluacion,EV-S2-01,2026-03-11T01:28:00,2026-03-23T05:28:00,realizada,2026-03-24T10:28:00,synthetic,SYN-015723
SES-01360,APP-00772,VAC-0098,evaluacion,EV-S2-04,2026-03-07T04:28:00,2026-03-19T08:28:00,realizada,2026-03-23T09:28:00,synthetic,SYN-015731
SES-01361,APP-00773,VAC-0098,evaluacion,EV-S2-04,2026-03-09T21:46:00,2026-03-19T02:46:00,realizada,2026-03-21T03:46:00,synthetic,SYN-015740
SES-01362,APP-00773,VAC-0098,entrevista,EV-S2-01,2026-03-15T10:00:00,2026-03-20T12:00:00,realizada,2026-03-21T15:00:00,synthetic,SYN-015749
SES-01363,APP-00775,VAC-0098,evaluacion,EV-S2-04,2026-02-28T17:14:00,2026-03-11T18:14:00,realizada,2026-03-14T21:14:00,synthetic,SYN-015755
SES-01364,APP-00775,VAC-0098,entrevista,EV-S2-01,2026-03-14T17:00:00,2026-03-25T19:00:00,realizada,2026-03-27T21:00:00,synthetic,SYN-015765
SES-01365,APP-00776,VAC-0098,evaluacion,EV-S2-03,2026-03-08T13:37:00,2026-03-15T14:37:00,realizada,2026-03-15T16:37:00,synthetic,SYN-015771
SES-01366,APP-00776,VAC-0098,entrevista,EV-S2-04,2026-03-15T12:00:00,2026-03-22T15:00:00,realizada,2026-03-25T20:00:00,synthetic,SYN-015782
SES-01367,APP-00777,VAC-0099,evaluacion,EV-S3-01,2026-05-21T02:53:00,2026-05-26T08:53:00,realizada,2026-05-26T10:53:00,synthetic,SYN-015791
SES-01368,APP-00777,VAC-0099,entrevista,EV-S3-04,2026-05-23T10:00:00,2026-06-05T15:00:00,realizada,2026-06-09T16:00:00,synthetic,SYN-015797
SES-01369,APP-00778,VAC-0099,evaluacion,EV-S3-04,2026-05-19T00:31:00,2026-05-31T01:31:00,realizada,2026-05-31T03:31:00,synthetic,SYN-015805
SES-01370,APP-00778,VAC-0099,evaluacion,EV-S3-03,2026-05-21T06:31:00,2026-05-29T11:31:00,realizada,2026-06-02T12:31:00,synthetic,SYN-015810
SES-01371,APP-00778,VAC-0099,entrevista,EV-S3-03,2026-05-26T12:00:00,2026-06-09T18:00:00,programada,,synthetic,SYN-015816
SES-01372,APP-00779,VAC-0099,evaluacion,EV-S3-02,2026-05-18T21:47:00,2026-05-30T21:47:00,realizada,2026-06-01T00:47:00,synthetic,SYN-015817
SES-01373,APP-00780,VAC-0100,evaluacion,EV-S1-01,2026-04-01T10:39:00,2026-04-10T16:39:00,realizada,2026-04-13T20:39:00,synthetic,SYN-015824
SES-01374,APP-00780,VAC-0100,entrevista,EV-S1-02,2026-04-06T09:00:00,2026-04-13T11:00:00,realizada,2026-04-16T14:00:00,synthetic,SYN-015831
SES-01375,APP-00781,VAC-0100,evaluacion,EV-S1-04,2026-03-31T21:15:00,2026-04-08T02:15:00,realizada,2026-04-11T03:15:00,synthetic,SYN-015838
SES-01376,APP-00781,VAC-0100,entrevista,EV-S1-03,2026-04-07T16:00:00,2026-04-15T16:00:00,realizada,2026-04-19T20:00:00,synthetic,SYN-015846
SES-01377,APP-00782,VAC-0100,evaluacion,EV-S1-01,2026-04-04T17:46:00,2026-04-15T19:46:00,realizada,2026-04-19T00:46:00,synthetic,SYN-015851
SES-01378,APP-00782,VAC-0100,entrevista,EV-S1-02,2026-04-04T09:00:00,2026-04-12T13:00:00,realizada,2026-04-13T17:00:00,synthetic,SYN-015856
SES-01379,APP-00783,VAC-0100,evaluacion,EV-S1-01,2026-03-28T17:49:00,2026-04-08T20:49:00,realizada,2026-04-09T23:49:00,synthetic,SYN-015863
SES-01380,APP-00783,VAC-0100,evaluacion,EV-S1-02,2026-03-30T18:49:00,2026-04-09T21:49:00,realizada,2026-04-12T23:49:00,synthetic,SYN-015870
SES-01381,APP-00783,VAC-0100,entrevista,EV-S1-04,2026-04-01T10:00:00,2026-04-05T13:00:00,programada,,synthetic,SYN-015877
SES-01382,APP-00784,VAC-0100,evaluacion,EV-S1-02,2026-03-28T04:49:00,2026-03-31T10:49:00,realizada,2026-04-02T14:49:00,synthetic,SYN-015878
SES-01383,APP-00784,VAC-0100,evaluacion,EV-S1-01,2026-03-27T04:49:00,2026-04-02T09:49:00,realizada,2026-04-06T13:49:00,synthetic,SYN-015885
SES-01384,APP-00784,VAC-0100,entrevista,EV-S1-04,2026-04-07T15:00:00,2026-04-18T19:00:00,realizada,2026-04-20T22:00:00,synthetic,SYN-015893
SES-01385,APP-00785,VAC-0100,evaluacion,EV-S1-03,2026-03-28T08:39:00,2026-04-03T12:39:00,realizada,2026-04-03T14:39:00,synthetic,SYN-015900
SES-01386,APP-00785,VAC-0100,entrevista,EV-S1-01,2026-04-02T14:00:00,2026-04-13T15:00:00,realizada,2026-04-17T19:00:00,synthetic,SYN-015907
SES-01387,APP-00786,VAC-0101,evaluacion,EV-S2-04,2026-07-30T04:19:00,2026-08-08T10:19:00,realizada,2026-08-12T14:19:00,synthetic,SYN-015913
SES-01388,APP-00787,VAC-0101,evaluacion,EV-S2-02,2026-07-26T03:05:00,2026-08-05T03:05:00,realizada,2026-08-05T06:05:00,synthetic,SYN-015922
SES-01389,APP-00788,VAC-0101,evaluacion,EV-S2-01,2026-07-24T12:49:00,2026-08-01T17:49:00,realizada,2026-08-05T18:49:00,synthetic,SYN-015934
SES-01390,APP-00788,VAC-0101,entrevista,EV-S2-02,2026-07-31T09:00:00,2026-08-15T13:00:00,realizada,2026-08-15T14:00:00,synthetic,SYN-015944
SES-01391,APP-00789,VAC-0101,evaluacion,EV-S2-03,2026-07-29T00:00:00,2026-08-04T06:00:00,realizada,2026-08-04T10:00:00,synthetic,SYN-015952
SES-01392,APP-00790,VAC-0101,evaluacion,EV-S2-03,2026-08-02T13:19:00,2026-08-13T13:19:00,realizada,2026-08-14T14:19:00,synthetic,SYN-015961
SES-01393,APP-00790,VAC-0101,entrevista,EV-S2-01,2026-08-03T09:00:00,2026-08-08T14:00:00,realizada,2026-08-11T19:00:00,synthetic,SYN-015970
SES-01394,APP-00791,VAC-0101,evaluacion,EV-S2-03,2026-07-26T18:02:00,2026-08-01T19:02:00,realizada,2026-08-03T22:02:00,synthetic,SYN-015980
SES-01395,APP-00791,VAC-0101,evaluacion,EV-S2-02,2026-07-29T00:00:00,2026-08-06T00:00:00,realizada,2026-08-06T05:00:00,synthetic,SYN-015991
SES-01396,APP-00791,VAC-0101,entrevista,EV-S2-01,2026-08-02T13:00:00,2026-08-13T16:00:00,realizada,2026-08-17T21:00:00,synthetic,SYN-016002
SES-01397,APP-00792,VAC-0101,evaluacion,EV-S2-04,2026-07-14T10:38:00,2026-07-29T15:38:00,realizada,2026-08-02T18:38:00,synthetic,SYN-016011
SES-01398,APP-00792,VAC-0101,entrevista,EV-S2-02,2026-08-03T16:00:00,2026-08-14T17:00:00,realizada,2026-08-16T19:00:00,synthetic,SYN-016022
SES-01399,APP-00793,VAC-0101,evaluacion,EV-S2-03,2026-07-17T23:09:00,2026-07-25T03:09:00,realizada,2026-07-27T08:09:00,synthetic,SYN-016031
SES-01400,APP-00793,VAC-0101,entrevista,EV-S2-02,2026-07-29T15:00:00,2026-08-03T15:00:00,realizada,2026-08-03T16:00:00,synthetic,SYN-016037
SES-01401,APP-00794,VAC-0101,evaluacion,EV-S2-02,2026-07-12T15:36:00,2026-07-23T19:36:00,realizada,2026-07-24T21:36:00,synthetic,SYN-016047
SES-01402,APP-00794,VAC-0101,entrevista,EV-S2-04,2026-07-31T14:00:00,2026-08-07T20:00:00,realizada,2026-08-11T01:00:00,synthetic,SYN-016055
SES-01403,APP-00795,VAC-0101,evaluacion,EV-S2-01,2026-07-30T12:27:00,2026-08-04T13:27:00,realizada,2026-08-07T14:27:00,synthetic,SYN-016066
SES-01404,APP-00795,VAC-0101,entrevista,EV-S2-03,2026-07-30T13:00:00,2026-08-08T16:00:00,realizada,2026-08-11T17:00:00,synthetic,SYN-016076
SES-01405,APP-00797,VAC-0101,evaluacion,EV-S2-03,2026-07-21T18:07:00,2026-08-04T22:07:00,realizada,2026-08-08T00:07:00,synthetic,SYN-016089
SES-01406,APP-00798,VAC-0101,evaluacion,EV-S2-03,2026-07-29T00:00:00,2026-08-08T00:00:00,realizada,2026-08-12T03:00:00,synthetic,SYN-016099
SES-01407,APP-00798,VAC-0101,evaluacion,EV-S2-04,2026-07-29T00:00:00,2026-08-07T03:00:00,realizada,2026-08-11T06:00:00,synthetic,SYN-016107
SES-01408,APP-00798,VAC-0101,entrevista,EV-S2-03,2026-07-30T15:00:00,2026-08-07T21:00:00,realizada,2026-08-08T01:00:00,synthetic,SYN-016116
SES-01409,APP-00799,VAC-0101,evaluacion,EV-S2-03,2026-07-28T17:56:00,2026-08-12T17:56:00,programada,,synthetic,SYN-016126
SES-01410,APP-00800,VAC-0102,evaluacion,EV-S3-02,2026-07-06T09:20:00,2026-07-17T15:20:00,realizada,2026-07-18T17:20:00,synthetic,SYN-016129
SES-01411,APP-00800,VAC-0102,entrevista,EV-S3-04,2026-07-13T09:00:00,2026-07-21T15:00:00,realizada,2026-07-25T18:00:00,synthetic,SYN-016140
SES-01412,APP-00801,VAC-0102,evaluacion,EV-S3-04,2026-07-06T19:00:00,2026-07-20T01:00:00,realizada,2026-07-23T05:00:00,synthetic,SYN-016146
SES-01413,APP-00801,VAC-0102,entrevista,EV-S3-03,2026-07-09T15:00:00,2026-07-15T20:00:00,realizada,2026-07-18T01:00:00,synthetic,SYN-016152
SES-01414,APP-00802,VAC-0102,evaluacion,EV-S3-04,2026-07-01T22:42:00,2026-07-09T22:42:00,realizada,2026-07-11T01:42:00,synthetic,SYN-016158
SES-01415,APP-00803,VAC-0102,evaluacion,EV-S3-01,2026-07-01T17:35:00,2026-07-15T22:35:00,realizada,2026-07-17T00:35:00,synthetic,SYN-016168
SES-01416,APP-00803,VAC-0102,entrevista,EV-S3-04,2026-07-07T14:00:00,2026-07-13T15:00:00,realizada,2026-07-15T16:00:00,synthetic,SYN-016177
SES-01417,APP-00804,VAC-0102,evaluacion,EV-S3-03,2026-07-08T11:40:00,2026-07-14T17:40:00,realizada,2026-07-16T22:40:00,synthetic,SYN-016184
SES-01418,APP-00804,VAC-0102,entrevista,EV-S3-01,2026-07-08T16:00:00,2026-07-16T20:00:00,realizada,2026-07-17T21:00:00,synthetic,SYN-016192
SES-01419,APP-00805,VAC-0102,evaluacion,EV-S3-04,2026-07-09T20:44:00,2026-07-18T01:44:00,realizada,2026-07-18T03:44:00,synthetic,SYN-016197
SES-01420,APP-00805,VAC-0102,entrevista,EV-S3-03,2026-07-08T10:00:00,2026-07-14T15:00:00,realizada,2026-07-15T17:00:00,synthetic,SYN-016204
SES-01421,APP-00806,VAC-0102,evaluacion,EV-S3-02,2026-06-29T03:28:00,2026-07-09T09:28:00,realizada,2026-07-10T14:28:00,synthetic,SYN-016210
SES-01422,APP-00806,VAC-0102,entrevista,EV-S3-04,2026-07-08T14:00:00,2026-07-13T14:00:00,realizada,2026-07-15T15:00:00,synthetic,SYN-016221
SES-01423,APP-00807,VAC-0102,evaluacion,EV-S3-04,2026-07-05T04:47:00,2026-07-11T10:47:00,realizada,2026-07-12T14:47:00,synthetic,SYN-016227
SES-01424,APP-00807,VAC-0102,entrevista,EV-S3-02,2026-07-09T11:00:00,2026-07-15T14:00:00,realizada,2026-07-16T16:00:00,synthetic,SYN-016234
SES-01425,APP-00808,VAC-0103,evaluacion,EV-S1-02,2026-04-12T23:25:00,2026-04-19T04:25:00,realizada,2026-04-19T09:25:00,synthetic,SYN-016238
SES-01426,APP-00808,VAC-0103,evaluacion,EV-S1-01,2026-04-16T01:25:00,2026-04-27T06:25:00,realizada,2026-04-28T08:25:00,synthetic,SYN-016248
SES-01427,APP-00808,VAC-0103,entrevista,EV-S1-03,2026-04-17T09:00:00,2026-04-24T11:00:00,realizada,2026-04-26T12:00:00,synthetic,SYN-016258
SES-01428,APP-00809,VAC-0103,evaluacion,EV-S1-01,2026-04-17T09:09:00,2026-04-24T11:09:00,realizada,2026-04-24T16:09:00,synthetic,SYN-016269
SES-01429,APP-00809,VAC-0103,entrevista,EV-S1-01,2026-04-22T17:00:00,2026-05-01T17:00:00,realizada,2026-05-01T20:00:00,synthetic,SYN-016277
SES-01430,APP-00810,VAC-0103,evaluacion,EV-S1-01,2026-04-10T09:25:00,2026-04-23T12:25:00,realizada,2026-04-25T16:25:00,synthetic,SYN-016288
SES-01431,APP-00810,VAC-0103,entrevista,EV-S1-03,2026-04-20T13:00:00,2026-05-02T18:00:00,realizada,2026-05-06T20:00:00,synthetic,SYN-016297
SES-01432,APP-00811,VAC-0103,evaluacion,EV-S1-02,2026-04-08T18:14:00,2026-04-18T22:14:00,realizada,2026-04-19T03:14:00,synthetic,SYN-016306
SES-01433,APP-00811,VAC-0103,evaluacion,EV-S1-01,2026-04-05T18:14:00,2026-04-10T20:14:00,realizada,2026-04-13T00:14:00,synthetic,SYN-016316
SES-01434,APP-00811,VAC-0103,entrevista,EV-S1-04,2026-04-20T13:00:00,2026-05-02T16:00:00,realizada,2026-05-04T17:00:00,synthetic,SYN-016326
SES-01435,APP-00812,VAC-0103,evaluacion,EV-S1-04,2026-04-10T08:16:00,2026-04-13T13:16:00,realizada,2026-04-13T16:16:00,synthetic,SYN-016334
SES-01436,APP-00812,VAC-0103,entrevista,EV-S1-02,2026-04-20T14:00:00,2026-04-23T16:00:00,realizada,2026-04-27T20:00:00,synthetic,SYN-016342
SES-01437,APP-00813,VAC-0103,evaluacion,EV-S1-03,2026-04-17T00:00:00,2026-04-30T03:00:00,realizada,2026-05-02T06:00:00,synthetic,SYN-016353
SES-01438,APP-00814,VAC-0103,evaluacion,EV-S1-04,2026-04-09T23:22:00,2026-04-13T02:22:00,realizada,2026-04-15T06:22:00,synthetic,SYN-016366
SES-01439,APP-00814,VAC-0103,entrevista,EV-S1-03,2026-04-20T15:00:00,2026-04-29T21:00:00,realizada,2026-04-29T22:00:00,synthetic,SYN-016374
SES-01440,APP-00815,VAC-0103,evaluacion,EV-S1-02,2026-04-11T01:04:00,2026-04-18T05:04:00,realizada,2026-04-22T07:04:00,synthetic,SYN-016385
SES-01441,APP-00815,VAC-0103,entrevista,EV-S1-01,2026-04-17T14:00:00,2026-04-25T15:00:00,realizada,2026-04-29T18:00:00,synthetic,SYN-016394
SES-01442,APP-00816,VAC-0103,evaluacion,EV-S1-04,2026-04-03T14:47:00,2026-04-15T14:47:00,realizada,2026-04-15T16:47:00,synthetic,SYN-016403
SES-01443,APP-00817,VAC-0103,evaluacion,EV-S1-02,2026-04-19T12:37:00,2026-04-25T17:37:00,realizada,2026-04-29T18:37:00,synthetic,SYN-016415
SES-01444,APP-00817,VAC-0103,entrevista,EV-S1-02,2026-04-23T09:00:00,2026-05-03T14:00:00,realizada,2026-05-04T17:00:00,synthetic,SYN-016425
SES-01445,APP-00819,VAC-0104,evaluacion,EV-S2-01,2026-03-08T19:30:00,2026-03-18T01:30:00,realizada,2026-03-20T03:30:00,synthetic,SYN-016436
SES-01446,APP-00820,VAC-0104,evaluacion,EV-S2-02,2026-03-08T19:10:00,2026-03-18T01:10:00,realizada,2026-03-22T05:10:00,synthetic,SYN-016443
SES-01447,APP-00820,VAC-0104,entrevista,EV-S2-03,2026-03-12T12:00:00,2026-03-21T18:00:00,realizada,2026-03-23T22:00:00,synthetic,SYN-016450
SES-01448,APP-00821,VAC-0104,evaluacion,EV-S2-01,2026-03-03T16:41:00,2026-03-13T16:41:00,realizada,2026-03-15T21:41:00,synthetic,SYN-016457
SES-01449,APP-00822,VAC-0104,evaluacion,EV-S2-01,2026-03-10T10:29:00,2026-03-22T15:29:00,realizada,2026-03-22T20:29:00,synthetic,SYN-016464
SES-01450,APP-00822,VAC-0104,entrevista,EV-S2-02,2026-03-08T12:00:00,2026-03-12T12:00:00,realizada,2026-03-13T17:00:00,synthetic,SYN-016471
SES-01451,APP-00823,VAC-0104,evaluacion,EV-S2-02,2026-03-01T10:51:00,2026-03-09T14:51:00,realizada,2026-03-11T15:51:00,synthetic,SYN-016479
SES-01452,APP-00823,VAC-0104,entrevista,EV-S2-01,2026-03-12T11:00:00,2026-03-15T14:00:00,realizada,2026-03-18T18:00:00,synthetic,SYN-016487
SES-01453,APP-00824,VAC-0104,evaluacion,EV-S2-03,2026-03-04T17:36:00,2026-03-08T00:00:00,realizada,2026-03-12T05:00:00,synthetic,SYN-016492
SES-01454,APP-00824,VAC-0104,entrevista,EV-S2-02,2026-03-09T10:00:00,2026-03-20T14:00:00,realizada,2026-03-22T15:00:00,synthetic,SYN-016500
SES-01455,APP-00825,VAC-0104,evaluacion,EV-S2-03,2026-03-07T03:08:00,2026-03-17T05:08:00,realizada,2026-03-18T06:08:00,synthetic,SYN-016508
SES-01456,APP-00825,VAC-0104,entrevista,EV-S2-04,2026-03-10T10:00:00,2026-03-20T13:00:00,realizada,2026-03-22T17:00:00,synthetic,SYN-016516
SES-01457,APP-00826,VAC-0105,evaluacion,EV-S3-02,2026-06-05T01:14:00,2026-06-19T07:14:00,realizada,2026-06-19T09:14:00,synthetic,SYN-016523
SES-01458,APP-00827,VAC-0105,evaluacion,EV-S3-01,2026-06-03T05:54:00,2026-06-13T09:54:00,programada,,synthetic,SYN-016529
SES-01459,APP-00827,VAC-0105,entrevista,EV-S3-03,2026-06-15T09:00:00,2026-06-20T13:00:00,realizada,2026-06-23T15:00:00,synthetic,SYN-016531
SES-01460,APP-00828,VAC-0105,evaluacion,EV-S3-03,2026-06-03T08:42:00,2026-06-14T10:42:00,realizada,2026-06-17T13:42:00,synthetic,SYN-016539
SES-01461,APP-00828,VAC-0105,entrevista,EV-S3-02,2026-06-15T14:00:00,2026-06-25T15:00:00,realizada,2026-06-27T18:00:00,synthetic,SYN-016544
SES-01462,APP-00829,VAC-0105,evaluacion,EV-S3-03,2026-06-12T03:49:00,2026-06-25T05:49:00,realizada,2026-06-25T10:49:00,synthetic,SYN-016552
SES-01463,APP-00829,VAC-0105,entrevista,EV-S3-02,2026-06-15T16:00:00,2026-06-22T21:00:00,realizada,2026-06-25T02:00:00,synthetic,SYN-016560
SES-01464,APP-00831,VAC-0106,evaluacion,EV-S1-01,2026-04-06T11:24:00,2026-04-17T17:24:00,realizada,2026-04-20T20:24:00,synthetic,SYN-016564
SES-01465,APP-00831,VAC-0106,entrevista,EV-S1-03,2026-04-08T09:00:00,2026-04-17T09:00:00,realizada,2026-04-19T10:00:00,synthetic,SYN-016570
SES-01466,APP-00832,VAC-0106,evaluacion,EV-S1-02,2026-04-05T20:46:00,2026-04-16T21:46:00,realizada,2026-04-17T22:46:00,synthetic,SYN-016578
SES-01467,APP-00832,VAC-0106,evaluacion,EV-S1-03,2026-04-07T01:46:00,2026-04-20T06:46:00,realizada,2026-04-22T09:46:00,synthetic,SYN-016583
SES-01468,APP-00832,VAC-0106,entrevista,EV-S1-04,2026-04-07T17:00:00,2026-04-10T18:00:00,realizada,2026-04-12T21:00:00,synthetic,SYN-016591
SES-01469,APP-00833,VAC-0106,evaluacion,EV-S1-04,2026-04-04T09:00:00,2026-04-08T11:00:00,realizada,2026-04-11T12:00:00,synthetic,SYN-016599
SES-01470,APP-00833,VAC-0106,entrevista,EV-S1-04,2026-04-12T15:00:00,2026-04-25T18:00:00,realizada,2026-04-25T23:00:00,synthetic,SYN-016604
SES-01471,APP-00834,VAC-0106,evaluacion,EV-S1-01,2026-04-03T22:00:00,2026-04-16T00:00:00,realizada,2026-04-17T05:00:00,synthetic,SYN-016609
SES-01472,APP-00834,VAC-0106,entrevista,EV-S1-02,2026-04-09T11:00:00,2026-04-22T11:00:00,realizada,2026-04-25T13:00:00,synthetic,SYN-016616
SES-01473,APP-00835,VAC-0106,evaluacion,EV-S1-04,2026-04-06T00:00:00,2026-04-15T06:00:00,realizada,2026-04-19T10:00:00,synthetic,SYN-016620
SES-01474,APP-00835,VAC-0106,evaluacion,EV-S1-01,2026-04-05T02:44:00,2026-04-13T02:44:00,realizada,2026-04-16T03:44:00,synthetic,SYN-016629
SES-01475,APP-00835,VAC-0106,entrevista,EV-S1-04,2026-04-07T11:00:00,2026-04-16T15:00:00,realizada,2026-04-19T17:00:00,synthetic,SYN-016635
SES-01476,APP-00836,VAC-0106,evaluacion,EV-S1-04,2026-04-10T13:13:00,2026-04-14T13:13:00,programada,,synthetic,SYN-016642
SES-01477,APP-00836,VAC-0106,entrevista,EV-S1-04,2026-04-11T16:00:00,2026-04-14T20:00:00,realizada,2026-04-16T01:00:00,synthetic,SYN-016643
SES-01478,APP-00837,VAC-0106,evaluacion,EV-S1-03,2026-04-03T00:16:00,2026-04-10T04:16:00,programada,,synthetic,SYN-016647
SES-01479,APP-00838,VAC-0106,evaluacion,EV-S1-02,2026-04-04T01:38:00,2026-04-13T04:38:00,realizada,2026-04-13T06:38:00,synthetic,SYN-016649
SES-01480,APP-00838,VAC-0106,entrevista,EV-S1-03,2026-04-07T13:00:00,2026-04-19T13:00:00,realizada,2026-04-20T16:00:00,synthetic,SYN-016654
SES-01481,APP-00839,VAC-0106,evaluacion,EV-S1-02,2026-04-04T09:18:00,2026-04-13T11:18:00,realizada,2026-04-13T14:18:00,synthetic,SYN-016661
SES-01482,APP-00839,VAC-0106,evaluacion,EV-S1-04,2026-04-03T11:18:00,2026-04-06T16:18:00,programada,,synthetic,SYN-016669
SES-01483,APP-00839,VAC-0106,entrevista,EV-S1-01,2026-04-11T10:00:00,2026-04-23T12:00:00,realizada,2026-04-26T14:00:00,synthetic,SYN-016670
SES-01484,APP-00840,VAC-0106,evaluacion,EV-S1-02,2026-04-03T11:20:00,2026-04-06T00:00:00,realizada,2026-04-06T02:00:00,synthetic,SYN-016679
SES-01485,APP-00841,VAC-0106,evaluacion,EV-S1-01,2026-04-10T05:09:00,2026-04-23T10:09:00,realizada,2026-04-24T12:09:00,synthetic,SYN-016686
SES-01486,APP-00842,VAC-0106,evaluacion,EV-S1-02,2026-04-07T00:38:00,2026-04-19T01:38:00,realizada,2026-04-21T03:38:00,synthetic,SYN-016692
SES-01487,APP-00842,VAC-0106,entrevista,EV-S1-02,2026-04-09T12:00:00,2026-04-12T15:00:00,programada,,synthetic,SYN-016698
SES-01488,APP-00843,VAC-0106,evaluacion,EV-S1-04,2026-04-09T01:44:00,2026-04-13T04:44:00,realizada,2026-04-15T05:44:00,synthetic,SYN-016700
SES-01489,APP-00844,VAC-0106,evaluacion,EV-S1-02,2026-04-08T19:33:00,2026-04-16T21:33:00,realizada,2026-04-18T22:33:00,synthetic,SYN-016708
SES-01490,APP-00844,VAC-0106,evaluacion,EV-S1-04,2026-04-10T14:33:00,2026-04-14T18:33:00,realizada,2026-04-14T20:33:00,synthetic,SYN-016716
SES-01491,APP-00845,VAC-0107,evaluacion,EV-S2-02,2026-05-07T12:45:00,2026-05-16T15:45:00,programada,,synthetic,SYN-016724
SES-01492,APP-00845,VAC-0107,entrevista,EV-S2-04,2026-05-16T13:00:00,2026-05-23T13:00:00,realizada,2026-05-25T17:00:00,synthetic,SYN-016726
SES-01493,APP-00846,VAC-0107,evaluacion,EV-S2-03,2026-05-05T05:35:00,2026-05-11T07:35:00,realizada,2026-05-13T10:35:00,synthetic,SYN-016731
SES-01494,APP-00846,VAC-0107,entrevista,EV-S2-04,2026-05-17T12:00:00,2026-05-25T16:00:00,realizada,2026-05-29T17:00:00,synthetic,SYN-016739
SES-01495,APP-00847,VAC-0108,evaluacion,EV-S3-01,2026-07-30T08:31:00,2026-08-08T10:31:00,realizada,2026-08-09T13:31:00,synthetic,SYN-016746
SES-01496,APP-00847,VAC-0108,entrevista,EV-S3-03,2026-08-14T09:00:00,2026-08-26T15:00:00,realizada,2026-08-28T18:00:00,synthetic,SYN-016751
SES-01497,APP-00848,VAC-0108,evaluacion,EV-S3-02,2026-08-08T01:51:00,2026-08-22T02:51:00,realizada,2026-08-26T04:51:00,synthetic,SYN-016758
SES-01498,APP-00848,VAC-0108,entrevista,EV-S3-01,2026-08-13T16:00:00,2026-08-21T22:00:00,realizada,2026-08-24T03:00:00,synthetic,SYN-016764
SES-01499,APP-00849,VAC-0109,evaluacion,EV-S1-03,2026-08-06T05:34:00,2026-08-16T05:34:00,realizada,2026-08-18T06:34:00,synthetic,SYN-016769
SES-01500,APP-00849,VAC-0109,entrevista,EV-S1-04,2026-08-13T16:00:00,2026-08-18T22:00:00,realizada,2026-08-19T23:00:00,synthetic,SYN-016778
SES-01501,APP-00850,VAC-0109,evaluacion,EV-S1-03,2026-07-31T23:38:00,2026-08-13T23:38:00,realizada,2026-08-18T00:38:00,synthetic,SYN-016784
SES-01502,APP-00850,VAC-0109,entrevista,EV-S1-01,2026-08-16T12:00:00,2026-08-21T14:00:00,realizada,2026-08-25T17:00:00,synthetic,SYN-016795
SES-01503,APP-00851,VAC-0109,evaluacion,EV-S1-04,2026-07-28T03:30:00,2026-08-09T05:30:00,programada,,synthetic,SYN-016800
SES-01504,APP-00851,VAC-0109,evaluacion,EV-S1-01,2026-07-27T02:30:00,2026-08-11T00:00:00,realizada,2026-08-12T01:00:00,synthetic,SYN-016801
SES-01505,APP-00851,VAC-0109,entrevista,EV-S1-02,2026-08-11T16:00:00,2026-08-22T17:00:00,realizada,2026-08-22T22:00:00,synthetic,SYN-016810
SES-01506,APP-00853,VAC-0109,evaluacion,EV-S1-04,2026-08-13T01:14:00,2026-08-18T02:14:00,realizada,2026-08-18T07:14:00,synthetic,SYN-016819
SES-01507,APP-00853,VAC-0109,entrevista,EV-S1-04,2026-08-15T14:00:00,2026-08-27T16:00:00,programada,,synthetic,SYN-016827
SES-01508,APP-00854,VAC-0109,evaluacion,EV-S1-03,2026-07-28T22:49:00,2026-08-08T00:49:00,realizada,2026-08-12T01:49:00,synthetic,SYN-016829
SES-01509,APP-00854,VAC-0109,entrevista,EV-S1-02,2026-08-13T16:00:00,2026-08-28T21:00:00,programada,,synthetic,SYN-016840
SES-01510,APP-00855,VAC-0109,evaluacion,EV-S1-04,2026-07-27T11:58:00,2026-08-05T13:58:00,realizada,2026-08-06T18:58:00,synthetic,SYN-016841
SES-01511,APP-00856,VAC-0110,evaluacion,EV-S2-01,2026-08-30T19:55:00,2026-09-13T21:55:00,realizada,2026-09-17T22:55:00,synthetic,SYN-016852
SES-01512,APP-00856,VAC-0110,entrevista,EV-S2-03,2026-09-01T16:00:00,2026-09-11T21:00:00,realizada,2026-09-14T22:00:00,synthetic,SYN-016861
SES-01513,APP-00859,VAC-0110,evaluacion,EV-S2-04,2026-08-27T06:39:00,2026-09-02T06:39:00,realizada,2026-09-06T09:39:00,synthetic,SYN-016871
SES-01514,APP-00860,VAC-0110,evaluacion,EV-S2-03,2026-08-26T06:50:00,2026-09-05T10:50:00,realizada,2026-09-07T15:50:00,synthetic,SYN-016882
SES-01515,APP-00860,VAC-0110,entrevista,EV-S2-01,2026-09-02T15:00:00,2026-09-14T19:00:00,realizada,2026-09-17T00:00:00,synthetic,SYN-016891
SES-01516,APP-00861,VAC-0110,evaluacion,EV-S2-04,2026-09-03T20:05:00,2026-09-14T23:05:00,realizada,2026-09-18T01:05:00,synthetic,SYN-016897
SES-01517,APP-00861,VAC-0110,entrevista,EV-S2-03,2026-09-01T14:00:00,2026-09-12T20:00:00,realizada,2026-09-13T23:00:00,synthetic,SYN-016907
SES-01518,APP-00862,VAC-0110,evaluacion,EV-S2-01,2026-08-27T04:27:00,2026-08-30T00:00:00,realizada,2026-09-01T02:00:00,synthetic,SYN-016912
SES-01519,APP-00862,VAC-0110,entrevista,EV-S2-01,2026-08-30T12:00:00,2026-09-14T13:00:00,realizada,2026-09-18T14:00:00,synthetic,SYN-016917
SES-01520,APP-00863,VAC-0110,evaluacion,EV-S2-01,2026-08-25T11:32:00,2026-09-08T14:32:00,realizada,2026-09-12T15:32:00,synthetic,SYN-016925
SES-01521,APP-00863,VAC-0110,evaluacion,EV-S2-04,2026-08-25T07:32:00,2026-08-30T00:00:00,realizada,2026-09-01T03:00:00,synthetic,SYN-016935
SES-01522,APP-00864,VAC-0110,evaluacion,EV-S2-04,2026-08-27T04:34:00,2026-09-04T08:34:00,realizada,2026-09-05T13:34:00,synthetic,SYN-016942
SES-01523,APP-00864,VAC-0110,entrevista,EV-S2-04,2026-09-01T11:00:00,2026-09-11T16:00:00,realizada,2026-09-13T18:00:00,synthetic,SYN-016950
SES-01524,APP-00866,VAC-0110,evaluacion,EV-S2-04,2026-09-01T06:37:00,2026-09-14T08:37:00,realizada,2026-09-17T09:37:00,synthetic,SYN-016955
SES-01525,APP-00866,VAC-0110,entrevista,EV-S2-04,2026-08-30T09:00:00,2026-09-11T13:00:00,realizada,2026-09-12T17:00:00,synthetic,SYN-016963
SES-01526,APP-00867,VAC-0111,evaluacion,EV-S3-01,2026-02-13T16:36:00,2026-02-17T22:36:00,realizada,2026-02-21T03:36:00,synthetic,SYN-016970
SES-01527,APP-00867,VAC-0111,entrevista,EV-S3-02,2026-02-19T13:00:00,2026-02-27T14:00:00,realizada,2026-03-02T16:00:00,synthetic,SYN-016976
SES-01528,APP-00868,VAC-0111,evaluacion,EV-S3-02,2026-02-13T22:58:00,2026-02-16T22:58:00,programada,,synthetic,SYN-016982
SES-01529,APP-00869,VAC-0111,evaluacion,EV-S3-03,2026-02-17T13:51:00,2026-02-19T15:51:00,realizada,2026-02-19T20:51:00,synthetic,SYN-016983
SES-01530,APP-00869,VAC-0111,evaluacion,EV-S3-02,2026-02-18T09:51:00,2026-03-01T15:51:00,realizada,2026-03-05T19:51:00,synthetic,SYN-016990
SES-01531,APP-00869,VAC-0111,entrevista,EV-S3-02,2026-02-22T15:00:00,2026-03-01T15:00:00,realizada,2026-03-03T16:00:00,synthetic,SYN-016995
SES-01532,APP-00870,VAC-0111,evaluacion,EV-S3-03,2026-02-19T14:01:00,2026-02-28T17:01:00,realizada,2026-03-04T19:01:00,synthetic,SYN-017002
SES-01533,APP-00870,VAC-0111,entrevista,EV-S3-01,2026-02-21T14:00:00,2026-03-01T17:00:00,realizada,2026-03-03T18:00:00,synthetic,SYN-017010
SES-01534,APP-00872,VAC-0112,evaluacion,EV-S1-04,2026-05-09T22:56:00,2026-05-13T02:56:00,realizada,2026-05-17T06:56:00,synthetic,SYN-017018
SES-01535,APP-00872,VAC-0112,entrevista,EV-S1-01,2026-05-13T17:00:00,2026-05-24T19:00:00,realizada,2026-05-28T00:00:00,synthetic,SYN-017026
SES-01536,APP-00873,VAC-0112,evaluacion,EV-S1-02,2026-05-05T08:59:00,2026-05-10T09:59:00,realizada,2026-05-12T12:59:00,synthetic,SYN-017032
SES-01537,APP-00873,VAC-0112,evaluacion,EV-S1-04,2026-05-06T11:59:00,2026-05-09T14:59:00,realizada,2026-05-09T16:59:00,synthetic,SYN-017040
SES-01538,APP-00874,VAC-0112,evaluacion,EV-S1-04,2026-05-08T14:13:00,2026-05-17T14:13:00,programada,,synthetic,SYN-017048
SES-01539,APP-00874,VAC-0112,entrevista,EV-S1-03,2026-05-13T15:00:00,2026-05-21T19:00:00,realizada,2026-05-23T22:00:00,synthetic,SYN-017050
SES-01540,APP-00875,VAC-0112,evaluacion,EV-S1-02,2026-05-05T05:53:00,2026-05-18T08:53:00,realizada,2026-05-19T09:53:00,synthetic,SYN-017058
SES-01541,APP-00875,VAC-0112,entrevista,EV-S1-04,2026-05-14T17:00:00,2026-05-20T17:00:00,realizada,2026-05-21T19:00:00,synthetic,SYN-017063
SES-01542,APP-00876,VAC-0112,evaluacion,EV-S1-04,2026-05-12T17:25:00,2026-05-21T17:25:00,realizada,2026-05-22T21:25:00,synthetic,SYN-017069
SES-01543,APP-00876,VAC-0112,entrevista,EV-S1-03,2026-05-18T09:00:00,2026-05-22T10:00:00,realizada,2026-05-26T15:00:00,synthetic,SYN-017073
SES-01544,APP-00877,VAC-0112,evaluacion,EV-S1-03,2026-05-09T10:12:00,2026-05-21T13:12:00,realizada,2026-05-24T18:12:00,synthetic,SYN-017081
SES-01545,APP-00877,VAC-0112,entrevista,EV-S1-04,2026-05-16T15:00:00,2026-05-19T18:00:00,realizada,2026-05-19T19:00:00,synthetic,SYN-017088
SES-01546,APP-00878,VAC-0112,evaluacion,EV-S1-03,2026-05-15T13:10:00,2026-05-18T18:10:00,realizada,2026-05-21T21:10:00,synthetic,SYN-017095
SES-01547,APP-00878,VAC-0112,entrevista,EV-S1-02,2026-05-17T17:00:00,2026-05-29T23:00:00,realizada,2026-05-31T04:00:00,synthetic,SYN-017100
SES-01548,APP-00879,VAC-0112,evaluacion,EV-S1-01,2026-05-04T07:07:00,2026-05-12T08:07:00,realizada,2026-05-14T11:07:00,synthetic,SYN-017105
SES-01549,APP-00879,VAC-0112,entrevista,EV-S1-02,2026-05-16T13:00:00,2026-05-19T15:00:00,realizada,2026-05-19T19:00:00,synthetic,SYN-017112
SES-01550,APP-00880,VAC-0112,evaluacion,EV-S1-04,2026-05-13T07:16:00,2026-05-24T08:16:00,realizada,2026-05-24T11:16:00,synthetic,SYN-017119
SES-01551,APP-00880,VAC-0112,evaluacion,EV-S1-01,2026-05-15T06:16:00,2026-05-25T12:16:00,realizada,2026-05-26T15:16:00,synthetic,SYN-017125
SES-01552,APP-00881,VAC-0113,evaluacion,EV-S2-02,2026-09-04T20:08:00,2026-09-16T22:08:00,realizada,2026-09-21T03:08:00,synthetic,SYN-017132
SES-01553,APP-00882,VAC-0113,evaluacion,EV-S2-03,2026-09-05T23:05:00,2026-09-14T03:05:00,programada,,synthetic,SYN-017140
SES-01554,APP-00882,VAC-0113,entrevista,EV-S2-04,2026-09-09T16:00:00,2026-09-14T18:00:00,realizada,2026-09-16T22:00:00,synthetic,SYN-017142
SES-01555,APP-00883,VAC-0113,evaluacion,EV-S2-02,2026-09-07T15:32:00,2026-09-15T15:32:00,realizada,2026-09-19T17:32:00,synthetic,SYN-017151
SES-01556,APP-00883,VAC-0113,entrevista,EV-S2-03,2026-09-09T14:00:00,2026-09-19T15:00:00,realizada,2026-09-21T17:00:00,synthetic,SYN-017162
SES-01557,APP-00884,VAC-0113,evaluacion,EV-S2-02,2026-09-08T09:24:00,2026-09-13T13:24:00,realizada,2026-09-13T18:24:00,synthetic,SYN-017169
SES-01558,APP-00884,VAC-0113,entrevista,EV-S2-01,2026-09-10T14:00:00,2026-09-25T16:00:00,realizada,2026-09-29T20:00:00,synthetic,SYN-017178
SES-01559,APP-00885,VAC-0113,evaluacion,EV-S2-02,2026-09-03T14:32:00,2026-09-13T18:32:00,programada,,synthetic,SYN-017186
SES-01560,APP-00885,VAC-0113,entrevista,EV-S2-04,2026-09-11T11:00:00,2026-09-26T17:00:00,realizada,2026-09-28T20:00:00,synthetic,SYN-017188
SES-01561,APP-00886,VAC-0113,evaluacion,EV-S2-03,2026-09-08T07:59:00,2026-09-23T09:59:00,programada,,synthetic,SYN-017195
SES-01562,APP-00886,VAC-0113,entrevista,EV-S2-04,2026-09-12T17:00:00,2026-09-21T20:00:00,realizada,2026-09-26T00:00:00,synthetic,SYN-017198
SES-01563,APP-00887,VAC-0113,evaluacion,EV-S2-02,2026-09-08T14:56:00,2026-09-20T17:56:00,realizada,2026-09-24T20:56:00,synthetic,SYN-017206
SES-01564,APP-00888,VAC-0113,evaluacion,EV-S2-01,2026-09-07T00:00:00,2026-09-17T03:00:00,realizada,2026-09-17T08:00:00,synthetic,SYN-017215
SES-01565,APP-00888,VAC-0113,entrevista,EV-S2-02,2026-09-07T13:00:00,2026-09-21T14:00:00,realizada,2026-09-22T19:00:00,synthetic,SYN-017225
SES-01566,APP-00889,VAC-0113,evaluacion,EV-S2-01,2026-09-03T23:32:00,2026-09-11T03:32:00,realizada,2026-09-12T08:32:00,synthetic,SYN-017231
SES-01567,APP-00889,VAC-0113,entrevista,EV-S2-01,2026-09-13T09:00:00,2026-09-19T12:00:00,realizada,2026-09-23T14:00:00,synthetic,SYN-017242
SES-01568,APP-00890,VAC-0113,evaluacion,EV-S2-04,2026-09-03T12:17:00,2026-09-08T17:17:00,realizada,2026-09-11T19:17:00,synthetic,SYN-017250
SES-01569,APP-00890,VAC-0113,evaluacion,EV-S2-02,2026-09-03T13:17:00,2026-09-13T19:17:00,realizada,2026-09-15T22:17:00,synthetic,SYN-017261
SES-01570,APP-00891,VAC-0113,evaluacion,EV-S2-04,2026-09-08T01:53:00,2026-09-17T04:53:00,programada,,synthetic,SYN-017272
SES-01571,APP-00891,VAC-0113,entrevista,EV-S2-02,2026-09-09T13:00:00,2026-09-19T14:00:00,realizada,2026-09-19T19:00:00,synthetic,SYN-017273
SES-01572,APP-00892,VAC-0113,evaluacion,EV-S2-01,2026-09-09T07:28:00,2026-09-22T07:28:00,realizada,2026-09-25T12:28:00,synthetic,SYN-017280
SES-01573,APP-00892,VAC-0113,entrevista,EV-S2-01,2026-09-08T16:00:00,2026-09-16T22:00:00,realizada,2026-09-20T02:00:00,synthetic,SYN-017290
SES-01574,APP-00893,VAC-0113,evaluacion,EV-S2-02,2026-09-03T13:28:00,2026-09-10T14:28:00,realizada,2026-09-13T16:28:00,synthetic,SYN-017294
SES-01575,APP-00893,VAC-0113,entrevista,EV-S2-01,2026-09-13T09:00:00,2026-09-27T11:00:00,realizada,2026-09-27T14:00:00,synthetic,SYN-017305
SES-01576,APP-00894,VAC-0114,evaluacion,EV-S3-01,2026-01-31T21:04:00,2026-02-05T22:04:00,realizada,2026-02-06T03:04:00,synthetic,SYN-017310
SES-01577,APP-00894,VAC-0114,evaluacion,EV-S3-02,2026-01-30T20:04:00,2026-02-08T00:04:00,realizada,2026-02-11T01:04:00,synthetic,SYN-017316
SES-01578,APP-00894,VAC-0114,entrevista,EV-S3-02,2026-02-02T14:00:00,2026-02-12T16:00:00,realizada,2026-02-15T20:00:00,synthetic,SYN-017323
SES-01579,APP-00895,VAC-0114,evaluacion,EV-S3-03,2026-01-29T23:41:00,2026-02-11T03:41:00,realizada,2026-02-13T07:41:00,synthetic,SYN-017327
SES-01580,APP-00895,VAC-0114,evaluacion,EV-S3-02,2026-01-27T02:41:00,2026-01-29T04:41:00,realizada,2026-02-01T06:41:00,synthetic,SYN-017336
SES-01581,APP-00895,VAC-0114,entrevista,EV-S3-04,2026-01-30T14:00:00,2026-02-03T14:00:00,realizada,2026-02-03T16:00:00,synthetic,SYN-017343
SES-01582,APP-00896,VAC-0114,evaluacion,EV-S3-03,2026-01-27T00:00:00,2026-02-05T04:00:00,realizada,2026-02-08T05:00:00,synthetic,SYN-017348
SES-01583,APP-00896,VAC-0114,evaluacion,EV-S3-02,2026-01-27T17:02:00,2026-02-08T18:02:00,realizada,2026-02-11T19:02:00,synthetic,SYN-017355
SES-01584,APP-00896,VAC-0114,entrevista,EV-S3-01,2026-01-27T16:00:00,2026-02-07T21:00:00,realizada,2026-02-10T01:00:00,synthetic,SYN-017361
SES-01585,APP-00897,VAC-0114,evaluacion,EV-S3-01,2026-01-26T05:24:00,2026-02-03T09:24:00,realizada,2026-02-05T14:24:00,synthetic,SYN-017368
SES-01586,APP-00897,VAC-0114,entrevista,EV-S3-01,2026-01-29T17:00:00,2026-02-03T17:00:00,realizada,2026-02-04T19:00:00,synthetic,SYN-017376
SES-01587,APP-00898,VAC-0114,evaluacion,EV-S3-01,2026-01-28T10:12:00,2026-02-05T10:12:00,realizada,2026-02-06T13:12:00,synthetic,SYN-017382
SES-01588,APP-00898,VAC-0114,entrevista,EV-S3-04,2026-01-30T17:00:00,2026-02-05T18:00:00,realizada,2026-02-06T19:00:00,synthetic,SYN-017388
SES-01589,APP-00899,VAC-0115,evaluacion,EV-S1-03,2026-08-17T00:10:00,2026-08-30T02:10:00,programada,,synthetic,SYN-017395
SES-01590,APP-00899,VAC-0115,entrevista,EV-S1-01,2026-08-20T17:00:00,2026-08-30T21:00:00,realizada,2026-09-01T23:00:00,synthetic,SYN-017396
SES-01591,APP-00900,VAC-0115,evaluacion,EV-S1-02,2026-08-19T06:12:00,2026-08-26T06:12:00,realizada,2026-08-27T08:12:00,synthetic,SYN-017406
SES-01592,APP-00900,VAC-0115,entrevista,EV-S1-02,2026-08-24T11:00:00,2026-08-29T16:00:00,realizada,2026-09-01T20:00:00,synthetic,SYN-017416
SES-01593,APP-00901,VAC-0115,evaluacion,EV-S1-01,2026-08-18T08:42:00,2026-08-30T11:42:00,realizada,2026-08-31T13:42:00,synthetic,SYN-017426
SES-01594,APP-00902,VAC-0115,evaluacion,EV-S1-04,2026-08-19T07:32:00,2026-08-27T12:32:00,realizada,2026-08-30T14:32:00,synthetic,SYN-017433
SES-01595,APP-00902,VAC-0115,entrevista,EV-S1-03,2026-08-23T10:00:00,2026-08-28T15:00:00,realizada,2026-08-29T19:00:00,synthetic,SYN-017443
SES-01596,APP-00903,VAC-0115,evaluacion,EV-S1-01,2026-08-17T06:14:00,2026-08-28T09:14:00,realizada,2026-08-29T11:14:00,synthetic,SYN-017453
SES-01597,APP-00903,VAC-0115,entrevista,EV-S1-02,2026-08-21T13:00:00,2026-08-26T17:00:00,programada,,synthetic,SYN-017464
SES-01598,APP-00904,VAC-0115,evaluacion,EV-S1-02,2026-08-07T06:28:00,2026-08-20T07:28:00,realizada,2026-08-24T12:28:00,synthetic,SYN-017466
SES-01599,APP-00905,VAC-0115,evaluacion,EV-S1-03,2026-08-16T13:24:00,2026-08-22T14:24:00,realizada,2026-08-24T19:24:00,synthetic,SYN-017476
SES-01600,APP-00906,VAC-0115,evaluacion,EV-S1-01,2026-08-20T08:52:00,2026-09-02T13:52:00,realizada,2026-09-04T17:52:00,synthetic,SYN-017488
SES-01601,APP-00907,VAC-0115,evaluacion,EV-S1-01,2026-08-18T00:00:00,2026-08-26T06:00:00,realizada,2026-08-30T07:00:00,synthetic,SYN-017496
SES-01602,APP-00907,VAC-0115,entrevista,EV-S1-01,2026-08-21T16:00:00,2026-09-05T16:00:00,realizada,2026-09-05T18:00:00,synthetic,SYN-017507
SES-01603,APP-00908,VAC-0115,evaluacion,EV-S1-04,2026-08-15T10:36:00,2026-08-18T00:00:00,realizada,2026-08-20T05:00:00,synthetic,SYN-017514
SES-01604,APP-00909,VAC-0115,evaluacion,EV-S1-01,2026-08-17T16:28:00,2026-08-27T17:28:00,realizada,2026-08-27T19:28:00,synthetic,SYN-017525
SES-01605,APP-00910,VAC-0116,evaluacion,EV-S2-04,2026-05-01T23:11:00,2026-05-10T01:11:00,realizada,2026-05-12T03:11:00,synthetic,SYN-017534
SES-01606,APP-00910,VAC-0116,entrevista,EV-S2-01,2026-05-05T09:00:00,2026-05-10T10:00:00,realizada,2026-05-14T13:00:00,synthetic,SYN-017539
SES-01607,APP-00911,VAC-0116,evaluacion,EV-S2-02,2026-04-26T23:46:00,2026-05-03T03:46:00,realizada,2026-05-05T04:46:00,synthetic,SYN-017546
SES-01608,APP-00913,VAC-0117,evaluacion,EV-S3-04,2026-03-23T10:29:00,2026-04-05T13:29:00,realizada,2026-04-06T16:29:00,synthetic,SYN-017553
SES-01609,APP-00913,VAC-0117,evaluacion,EV-S3-03,2026-03-23T07:29:00,2026-03-26T13:29:00,realizada,2026-03-27T17:29:00,synthetic,SYN-017560
SES-01610,APP-00914,VAC-0117,evaluacion,EV-S3-01,2026-03-16T06:43:00,2026-03-23T12:43:00,realizada,2026-03-26T13:43:00,synthetic,SYN-017568
SES-01611,APP-00914,VAC-0117,entrevista,EV-S3-01,2026-04-04T11:00:00,2026-04-07T16:00:00,realizada,2026-04-11T19:00:00,synthetic,SYN-017573
SES-01612,APP-00915,VAC-0117,evaluacion,EV-S3-01,2026-03-21T19:27:00,2026-03-28T22:27:00,realizada,2026-04-02T00:27:00,synthetic,SYN-017582
SES-01613,APP-00915,VAC-0117,entrevista,EV-S3-04,2026-04-02T13:00:00,2026-04-11T19:00:00,realizada,2026-04-11T20:00:00,synthetic,SYN-017590
SES-01614,APP-00916,VAC-0117,evaluacion,EV-S3-01,2026-03-20T11:25:00,2026-03-25T16:25:00,realizada,2026-03-29T20:25:00,synthetic,SYN-017599
SES-01615,APP-00916,VAC-0117,evaluacion,EV-S3-04,2026-03-20T07:25:00,2026-03-30T12:25:00,realizada,2026-03-30T15:25:00,synthetic,SYN-017606
SES-01616,APP-00916,VAC-0117,entrevista,EV-S3-03,2026-03-31T14:00:00,2026-04-12T15:00:00,realizada,2026-04-14T16:00:00,synthetic,SYN-017613
SES-01617,APP-00917,VAC-0117,evaluacion,EV-S3-01,2026-03-25T22:29:00,2026-03-29T01:29:00,realizada,2026-03-29T06:29:00,synthetic,SYN-017620
SES-01618,APP-00918,VAC-0117,evaluacion,EV-S3-03,2026-03-24T04:02:00,2026-03-28T09:02:00,realizada,2026-03-29T10:02:00,synthetic,SYN-017627
SES-01619,APP-00918,VAC-0117,entrevista,EV-S3-03,2026-04-04T12:00:00,2026-04-12T15:00:00,realizada,2026-04-14T17:00:00,synthetic,SYN-017633
SES-01620,APP-00919,VAC-0117,evaluacion,EV-S3-04,2026-03-24T22:38:00,2026-03-28T22:38:00,realizada,2026-03-29T23:38:00,synthetic,SYN-017640
SES-01621,APP-00919,VAC-0117,entrevista,EV-S3-01,2026-04-05T14:00:00,2026-04-16T19:00:00,realizada,2026-04-16T21:00:00,synthetic,SYN-017646
SES-01622,APP-00920,VAC-0117,evaluacion,EV-S3-03,2026-03-28T02:35:00,2026-04-03T04:35:00,realizada,2026-04-04T09:35:00,synthetic,SYN-017654
SES-01623,APP-00920,VAC-0117,entrevista,EV-S3-03,2026-04-04T13:00:00,2026-04-15T17:00:00,realizada,2026-04-15T22:00:00,synthetic,SYN-017662
SES-01624,APP-00921,VAC-0117,evaluacion,EV-S3-04,2026-03-30T00:00:00,2026-04-03T03:00:00,realizada,2026-04-06T06:00:00,synthetic,SYN-017667
SES-01625,APP-00921,VAC-0117,entrevista,EV-S3-03,2026-04-01T17:00:00,2026-04-14T18:00:00,realizada,2026-04-17T20:00:00,synthetic,SYN-017676
SES-01626,APP-00923,VAC-0117,evaluacion,EV-S3-01,2026-03-22T15:31:00,2026-04-04T18:31:00,realizada,2026-04-07T19:31:00,synthetic,SYN-017685
SES-01627,APP-00923,VAC-0117,entrevista,EV-S3-03,2026-03-30T17:00:00,2026-04-06T23:00:00,realizada,2026-04-07T02:00:00,synthetic,SYN-017693
SES-01628,APP-00924,VAC-0117,evaluacion,EV-S3-01,2026-03-26T08:14:00,2026-03-31T14:14:00,realizada,2026-03-31T17:14:00,synthetic,SYN-017699
SES-01629,APP-00924,VAC-0117,entrevista,EV-S3-01,2026-04-01T15:00:00,2026-04-04T21:00:00,realizada,2026-04-05T01:00:00,synthetic,SYN-017707
SES-01630,APP-00925,VAC-0118,evaluacion,EV-S1-02,2026-01-21T12:19:00,2026-02-01T13:19:00,programada,,synthetic,SYN-017712
SES-01631,APP-00927,VAC-0118,evaluacion,EV-S1-04,2026-01-23T11:18:00,2026-02-04T14:18:00,realizada,2026-02-05T19:18:00,synthetic,SYN-017713
SES-01632,APP-00927,VAC-0118,entrevista,EV-S1-02,2026-01-31T15:00:00,2026-02-03T19:00:00,realizada,2026-02-03T21:00:00,synthetic,SYN-017723
SES-01633,APP-00928,VAC-0119,evaluacion,EV-S2-04,2026-04-17T05:26:00,2026-04-25T06:26:00,realizada,2026-04-29T11:26:00,synthetic,SYN-017731
SES-01634,APP-00928,VAC-0119,evaluacion,EV-S2-03,2026-04-18T07:26:00,2026-04-21T11:26:00,realizada,2026-04-23T16:26:00,synthetic,SYN-017740
SES-01635,APP-00930,VAC-0119,evaluacion,EV-S2-03,2026-04-25T05:45:00,2026-05-01T09:45:00,realizada,2026-05-02T10:45:00,synthetic,SYN-017748
SES-01636,APP-00931,VAC-0119,evaluacion,EV-S2-01,2026-04-24T11:05:00,2026-05-03T17:05:00,realizada,2026-05-04T20:05:00,synthetic,SYN-017759
SES-01637,APP-00931,VAC-0119,entrevista,EV-S2-01,2026-04-30T11:00:00,2026-05-05T11:00:00,realizada,2026-05-08T15:00:00,synthetic,SYN-017770
SES-01638,APP-00933,VAC-0120,evaluacion,EV-S3-02,2026-07-06T04:06:00,2026-07-17T05:06:00,realizada,2026-07-20T06:06:00,synthetic,SYN-017774
SES-01639,APP-00933,VAC-0120,entrevista,EV-S3-02,2026-07-17T10:00:00,2026-07-24T12:00:00,realizada,2026-07-25T14:00:00,synthetic,SYN-017783
SES-01640,APP-00934,VAC-0120,evaluacion,EV-S3-04,2026-07-15T03:17:00,2026-07-21T07:17:00,realizada,2026-07-25T08:17:00,synthetic,SYN-017791
SES-01641,APP-00934,VAC-0120,evaluacion,EV-S3-02,2026-07-15T00:17:00,2026-07-28T04:17:00,programada,,synthetic,SYN-017799
SES-01642,APP-00934,VAC-0120,entrevista,EV-S3-01,2026-07-14T09:00:00,2026-07-24T12:00:00,realizada,2026-07-24T15:00:00,synthetic,SYN-017801
SES-01643,APP-00936,VAC-0120,evaluacion,EV-S3-02,2026-07-03T08:10:00,2026-07-17T13:10:00,realizada,2026-07-21T17:10:00,synthetic,SYN-017808
SES-01644,APP-00936,VAC-0120,entrevista,EV-S3-03,2026-07-14T15:00:00,2026-07-18T16:00:00,programada,,synthetic,SYN-017814
SES-01645,APP-00937,VAC-0120,evaluacion,EV-S3-02,2026-07-13T09:55:00,2026-07-27T12:55:00,realizada,2026-07-29T15:55:00,synthetic,SYN-017816
SES-01646,APP-00938,VAC-0120,evaluacion,EV-S3-03,2026-07-04T01:52:00,2026-07-14T01:52:00,realizada,2026-07-16T05:52:00,synthetic,SYN-017820
SES-01647,APP-00938,VAC-0120,entrevista,EV-S3-01,2026-07-13T17:00:00,2026-07-22T22:00:00,realizada,2026-07-23T03:00:00,synthetic,SYN-017829
SES-01648,APP-00939,VAC-0120,evaluacion,EV-S3-04,2026-07-07T18:56:00,2026-07-13T22:56:00,realizada,2026-07-16T23:56:00,synthetic,SYN-017835
SES-01649,APP-00939,VAC-0120,entrevista,EV-S3-03,2026-07-13T17:00:00,2026-07-23T19:00:00,realizada,2026-07-23T22:00:00,synthetic,SYN-017841
SES-01650,APP-00940,VAC-0120,evaluacion,EV-S3-04,2026-07-08T17:02:00,2026-07-19T23:02:00,realizada,2026-07-22T02:02:00,synthetic,SYN-017847
SES-01651,APP-00940,VAC-0120,entrevista,EV-S3-02,2026-07-11T16:00:00,2026-07-24T18:00:00,realizada,2026-07-28T20:00:00,synthetic,SYN-017854
